OMNeT++ Discrete Event Simulation  (C) 1992-2019 Andras Varga, OpenSim Ltd.
Version: 5.6.2, build: 200518-aa79d0918f, edition: Academic Public License -- NOT FOR COMMERCIAL USE
See the license for distribution terms and warranty disclaimer

Setting up Cmdenv...

Loading NED files from ..:  17
Loading NED files from ../../src:  11
Loading NED files from ../../../inet/src:  831
Loading NED files from ../../../inet/examples:  174
Loading NED files from ../../../inet/tutorials:  10
Loading NED files from ../../../inet/showcases:  46
Loading NED files from ../../../../veins/examples/veins:  1
Loading NED files from ../../../../veins/src/veins:  44

Preparing for running configuration General, run #0...
Assigned runID=General-0-20260302-21:04:17-327609
Setting up network "IntersectionScenarioInet"...
Initializing...

Running simulation...
** Event #0   t=0   Elapsed: 8e-06s (0m 00s)  0% completed  (0% total)
     Speed:     ev/sec=0   simsec/sec=0   ev/simsec=0
     Messages:  created: 3   present: 3   in FES: 3
Vehicle RAFT (UDP) starting application.
Vehicle 0 edge config: 4 approach, 4 exit edges
Opened results file: raft_results.json
100.0ms Vehicle 0 RAFT started single-node V0
Vehicle RAFT (UDP) starting application.
Vehicle 1 edge config: 4 approach, 4 exit edges
100.0ms Vehicle 1 RAFT started single-node V1
Vehicle RAFT (UDP) starting application.
Vehicle 2 edge config: 4 approach, 4 exit edges
100.0ms Vehicle 2 RAFT started single-node V2
Vehicle RAFT (UDP) starting application.
Vehicle 3 edge config: 4 approach, 4 exit edges
100.0ms Vehicle 3 RAFT started single-node V3
Vehicle RAFT (UDP) starting application.
Vehicle 4 edge config: 4 approach, 4 exit edges
100.0ms Vehicle 4 RAFT started single-node V4
Vehicle RAFT (UDP) starting application.
Vehicle 5 edge config: 4 approach, 4 exit edges
100.0ms Vehicle 5 RAFT started single-node V5
Vehicle RAFT (UDP) starting application.
Vehicle 6 edge config: 4 approach, 4 exit edges
100.0ms Vehicle 6 RAFT started single-node V6
Vehicle RAFT (UDP) starting application.
Vehicle 7 edge config: 4 approach, 4 exit edges
100.0ms Vehicle 7 RAFT started single-node V7
0.100316066713 [DBG][V3] MERGE (invitation): theirTs=0.1 theirId=2 -> merging into 2 members
0.100316066713 [DBG][V3] MERGE_INTO_LARGER: reinitializing with 2 members [2 3 ]
0.100316066713 [DBG][V3] FORM_CLUSTER 2 members: [2 3 ] electionBase=500ms
0.127848430166 [DBG][V7] MERGE (invitation): theirTs=0.1 theirId=5 -> merging into 2 members
0.127848430166 [DBG][V7] MERGE_INTO_LARGER: reinitializing with 2 members [5 7 ]
0.127848430166 [DBG][V7] FORM_CLUSTER 2 members: [5 7 ] electionBase=500ms
0.128084496879 [DBG][V6] MERGE: incoming=2 mine=1 -> merging into 3 members
0.128084496879 [DBG][V6] MERGE_INTO_LARGER: reinitializing with 3 members [5 6 7 ]
0.128084496879 [DBG][V6] FORM_CLUSTER 3 members: [5 6 7 ] electionBase=500ms
140.0ms Vehicle 0 processRaftPeriodic executes! delta=0.02, msecElapsed=20
140.0ms Vehicle 0 RAFT STATE CHANGED from 1 to 3
0.14 [DBG][V0] BECAME LEADER term=0 stopped=0 committed=0 activeVehicles=[0 ]
140.0ms Vehicle 0 BECAME LEADER (term=0)
140.0ms Vehicle 1 processRaftPeriodic executes! delta=0.02, msecElapsed=20
140.0ms Vehicle 1 RAFT STATE CHANGED from 1 to 3
0.14 [DBG][V1] BECAME LEADER term=0 stopped=0 committed=0 activeVehicles=[1 2 3 ]
140.0ms Vehicle 1 BECAME LEADER (term=0)
140.0ms Vehicle 2 processRaftPeriodic executes! delta=0.02, msecElapsed=20
140.0ms Vehicle 2 RAFT STATE CHANGED from 1 to 3
0.14 [DBG][V2] BECAME LEADER term=0 stopped=0 committed=0 activeVehicles=[2 3 5 7 ]
140.0ms Vehicle 2 BECAME LEADER (term=0)
140.0ms Vehicle 3 processRaftPeriodic executes! delta=0.02, msecElapsed=20
140.0ms Vehicle 4 processRaftPeriodic executes! delta=0.02, msecElapsed=20
140.0ms Vehicle 4 RAFT STATE CHANGED from 1 to 3
0.14 [DBG][V4] BECAME LEADER term=0 stopped=0 committed=0 activeVehicles=[4 5 ]
140.0ms Vehicle 4 BECAME LEADER (term=0)
140.0ms Vehicle 5 processRaftPeriodic executes! delta=0.02, msecElapsed=20
140.0ms Vehicle 5 RAFT STATE CHANGED from 1 to 3
0.14 [DBG][V5] BECAME LEADER term=0 stopped=0 committed=0 activeVehicles=[5 ]
140.0ms Vehicle 5 BECAME LEADER (term=0)
0.144176834478 [DBG][V5] MERGE (invitation): theirTs=0.1 theirId=4 -> merging into 2 members
0.144176834478 [DBG][V5] MERGE_INTO_LARGER: reinitializing with 2 members [4 5 ]
0.144176834478 [DBG][V5] FORM_CLUSTER 2 members: [4 5 ] electionBase=500ms
0.15 [DBG][V0] ROAD_CHANGE -> W2C dist=192.8m speed=15.5m/s onApproach=YES
0.15 [DBG][V1] ROAD_CHANGE -> N2C dist=192.8m speed=12.9m/s onApproach=YES
0.15 [DBG][V2] ROAD_CHANGE -> N2C dist=172.8m speed=13.7m/s onApproach=YES
0.15 [DBG][V3] ROAD_CHANGE -> N2C dist=152.8m speed=14.4m/s onApproach=YES
0.15 [DBG][V4] ROAD_CHANGE -> S2C dist=192.8m speed=12.3m/s onApproach=YES
0.15 [DBG][V5] ROAD_CHANGE -> S2C dist=172.8m speed=16.1m/s onApproach=YES
0.15 [DBG][V6] ROAD_CHANGE -> E2C dist=192.8m speed=14.6m/s onApproach=YES
0.15 [DBG][V7] ROAD_CHANGE -> E2C dist=172.8m speed=17.6m/s onApproach=YES
160.0ms Vehicle 0 processRaftPeriodic executes! delta=0.02, msecElapsed=20
160.0ms Vehicle 1 processRaftPeriodic executes! delta=0.02, msecElapsed=20
160.0ms Vehicle 2 processRaftPeriodic executes! delta=0.02, msecElapsed=20
160.0ms Vehicle 3 processRaftPeriodic executes! delta=0.02, msecElapsed=20
0.225261489827 [DBG][V2] MERGE (invitation): theirTs=0.1 theirId=0 -> merging into 7 members
0.225261489827 [DBG][V2] MERGE_INTO_LARGER: reinitializing with 7 members [0 2 3 4 5 6 7 ]
0.225261489827 [DBG][V2] FORM_CLUSTER 7 members: [0 2 3 4 5 6 7 ] electionBase=500ms
0.22580155677 [DBG][V1] MERGE: incoming=7 mine=7 -> merging into 8 members
0.22580155677 [DBG][V1] MERGE_INTO_LARGER: reinitializing with 8 members [0 1 2 3 4 5 6 7 ]
0.22580155677 [DBG][V1] FORM_CLUSTER 8 members: [0 1 2 3 4 5 6 7 ] electionBase=500ms
1460.0ms Vehicle 3 sendRequestVote called for node 3
1460.0ms Vehicle 3 RAFT STATE CHANGED from 1 to 2
1460.0ms Vehicle 3 I am a candidate now! Starting election...
1460.6ms Leader 3 SENDING AppendEntries to vehicle 2 (n_entries=0, leader_commit=0)
1461.1ms Vehicle 2 RECEIVED AppendEntries from vehicle 3 (n_entries=0, leader_commit=0)
1.48 [DBG][V3] BECAME LEADER term=1 stopped=0 committed=0 activeVehicles=[0 1 2 3 4 5 6 7 ]
1480.0ms Vehicle 3 BECAME LEADER (term=1)
1500.0ms Vehicle 6 sendRequestVote called for node 6
1500.0ms Vehicle 6 sendRequestVote called for node 8
1500.0ms Vehicle 6 RAFT STATE CHANGED from 1 to 2
1500.0ms Vehicle 6 I am a candidate now! Starting election...
1520.0ms Vehicle 1 sendRequestVote called for node 1
1520.0ms Vehicle 1 sendRequestVote called for node 3
1520.0ms Vehicle 1 sendRequestVote called for node 4
1520.0ms Vehicle 1 sendRequestVote called for node 5
1520.0ms Vehicle 1 sendRequestVote called for node 6
1520.0ms Vehicle 1 sendRequestVote called for node 7
1520.0ms Vehicle 1 sendRequestVote called for node 8
1520.0ms Vehicle 1 RAFT STATE CHANGED from 1 to 2
1520.0ms Vehicle 1 I am a candidate now! Starting election...
1660.0ms Leader 3 SENDING AppendEntries to vehicle 2 (n_entries=0, leader_commit=0)
1660.2ms Vehicle 2 RECEIVED AppendEntries from vehicle 3 (n_entries=0, leader_commit=0)
1860.0ms Leader 3 SENDING AppendEntries to vehicle 2 (n_entries=0, leader_commit=0)
1860.2ms Vehicle 2 RECEIVED AppendEntries from vehicle 3 (n_entries=0, leader_commit=0)
Vehicle RAFT (UDP) starting application.
Vehicle 8 edge config: 4 approach, 4 exit edges
1900.0ms Vehicle 8 RAFT started single-node V8
1940.0ms Vehicle 8 RAFT STATE CHANGED from 1 to 3
1.94 [DBG][V8] BECAME LEADER term=0 stopped=0 committed=0 activeVehicles=[8 ]
1940.0ms Vehicle 8 BECAME LEADER (term=0)
1.95 [DBG][V8] ROAD_CHANGE -> W2C dist=172.8m speed=11.7m/s onApproach=YES
2.025444276745 [DBG][V8] MERGE: incoming=9 mine=1 -> merging into 9 members
2.025444276745 [DBG][V8] MERGE_INTO_LARGER: reinitializing with 9 members [0 1 2 3 4 5 6 7 8 ]
2.025444276745 [DBG][V8] FORM_CLUSTER 9 members: [0 1 2 3 4 5 6 7 8 ] electionBase=500ms
2060.0ms Leader 3 SENDING AppendEntries to vehicle 2 (n_entries=0, leader_commit=0)
2060.2ms Vehicle 2 RECEIVED AppendEntries from vehicle 3 (n_entries=0, leader_commit=0)
2140.0ms Vehicle 7 sendRequestVote called for node 6
2140.0ms Vehicle 7 RAFT STATE CHANGED from 1 to 2
2140.0ms Vehicle 7 I am a candidate now! Starting election...
2260.0ms Leader 3 SENDING AppendEntries to vehicle 2 (n_entries=0, leader_commit=0)
2260.2ms Vehicle 2 RECEIVED AppendEntries from vehicle 3 (n_entries=0, leader_commit=0)
2460.0ms Leader 3 SENDING AppendEntries to vehicle 2 (n_entries=0, leader_commit=0)
2460.2ms Vehicle 2 RECEIVED AppendEntries from vehicle 3 (n_entries=0, leader_commit=0)
2500.0ms Vehicle 5 sendRequestVote called for node 5
2500.0ms Vehicle 5 RAFT STATE CHANGED from 1 to 2
2500.0ms Vehicle 5 I am a candidate now! Starting election...
2520.0ms Vehicle 1 sendRequestVote called for node 1
2520.0ms Vehicle 1 sendRequestVote called for node 3
2520.0ms Vehicle 1 sendRequestVote called for node 4
2520.0ms Vehicle 1 sendRequestVote called for node 5
2520.0ms Vehicle 1 sendRequestVote called for node 6
2520.0ms Vehicle 1 sendRequestVote called for node 7
2520.0ms Vehicle 1 sendRequestVote called for node 8
2660.0ms Leader 3 SENDING AppendEntries to vehicle 2 (n_entries=0, leader_commit=0)
2660.2ms Vehicle 2 RECEIVED AppendEntries from vehicle 3 (n_entries=0, leader_commit=0)
2860.0ms Leader 3 SENDING AppendEntries to vehicle 2 (n_entries=0, leader_commit=0)
2860.2ms Vehicle 2 RECEIVED AppendEntries from vehicle 3 (n_entries=0, leader_commit=0)
3060.0ms Leader 3 SENDING AppendEntries to vehicle 2 (n_entries=0, leader_commit=0)
3060.2ms Vehicle 2 RECEIVED AppendEntries from vehicle 3 (n_entries=0, leader_commit=0)
3080.0ms Vehicle 6 sendRequestVote called for node 6
3080.0ms Vehicle 6 sendRequestVote called for node 8
3260.0ms Leader 3 SENDING AppendEntries to vehicle 2 (n_entries=0, leader_commit=0)
3260.2ms Vehicle 2 RECEIVED AppendEntries from vehicle 3 (n_entries=0, leader_commit=0)
3320.0ms Vehicle 8 sendRequestVote called for node 1
3320.0ms Vehicle 8 sendRequestVote called for node 2
3320.0ms Vehicle 8 sendRequestVote called for node 3
3320.0ms Vehicle 8 sendRequestVote called for node 4
3320.0ms Vehicle 8 sendRequestVote called for node 5
3320.0ms Vehicle 8 sendRequestVote called for node 6
3320.0ms Vehicle 8 sendRequestVote called for node 7
3320.0ms Vehicle 8 sendRequestVote called for node 8
3320.0ms Vehicle 8 RAFT STATE CHANGED from 1 to 2
3320.0ms Vehicle 8 I am a candidate now! Starting election...
Vehicle RAFT (UDP) starting application.
Vehicle 9 edge config: 4 approach, 4 exit edges
3400.0ms Vehicle 9 RAFT started single-node V9
3440.0ms Vehicle 9 RAFT STATE CHANGED from 1 to 3
3.44 [DBG][V9] BECAME LEADER term=0 stopped=0 committed=0 activeVehicles=[9 ]
3440.0ms Vehicle 9 BECAME LEADER (term=0)
3.45 [DBG][V9] ROAD_CHANGE -> E2C dist=152.8m speed=11.0m/s onApproach=YES
3460.0ms Vehicle 1 sendRequestVote called for node 1
3460.0ms Vehicle 1 sendRequestVote called for node 3
3460.0ms Vehicle 1 sendRequestVote called for node 4
3460.0ms Vehicle 1 sendRequestVote called for node 5
3460.0ms Vehicle 1 sendRequestVote called for node 6
3460.0ms Vehicle 1 sendRequestVote called for node 7
3460.0ms Vehicle 1 sendRequestVote called for node 8
3460.0ms Leader 3 SENDING AppendEntries to vehicle 2 (n_entries=0, leader_commit=0)
3540.0ms Vehicle 7 sendRequestVote called for node 6
3660.0ms Leader 3 SENDING AppendEntries to vehicle 2 (n_entries=0, leader_commit=0)
3660.2ms Vehicle 2 RECEIVED AppendEntries from vehicle 3 (n_entries=0, leader_commit=0)
3860.0ms Leader 3 SENDING AppendEntries to vehicle 2 (n_entries=0, leader_commit=0)
3860.2ms Vehicle 2 RECEIVED AppendEntries from vehicle 3 (n_entries=0, leader_commit=0)
Vehicle RAFT (UDP) starting application.
Vehicle 10 edge config: 4 approach, 4 exit edges
4000.0ms Vehicle 10 RAFT started single-node V10
4040.0ms Vehicle 10 RAFT STATE CHANGED from 1 to 3
4.04 [DBG][V10] BECAME LEADER term=0 stopped=0 committed=0 activeVehicles=[10 ]
4040.0ms Vehicle 10 BECAME LEADER (term=0)
4.05 [DBG][V10] ROAD_CHANGE -> S2C dist=152.8m speed=8.7m/s onApproach=YES
4060.0ms Leader 3 SENDING AppendEntries to vehicle 2 (n_entries=0, leader_commit=0)
4060.2ms Vehicle 2 RECEIVED AppendEntries from vehicle 3 (n_entries=0, leader_commit=0)
Vehicle RAFT (UDP) starting application.
Vehicle 11 edge config: 4 approach, 4 exit edges
4100.0ms Vehicle 11 RAFT started single-node V11
4.100232390594 [DBG][V3] MERGE (invitation): theirTs=0.1 theirId=0 -> merging into 11 members
4.100232390594 [DBG][V3] MERGE_INTO_LARGER: reinitializing with 11 members [0 1 2 3 4 5 6 7 8 9 10 ]
4.100232390594 [DBG][V3] FORM_CLUSTER 11 members: [0 1 2 3 4 5 6 7 8 9 10 ] electionBase=500ms
4.100232870125 [DBG][V7] MERGE (invitation): theirTs=0.1 theirId=0 -> merging into 11 members
4.100232870125 [DBG][V7] MERGE_INTO_LARGER: reinitializing with 11 members [0 1 2 3 4 5 6 7 8 9 10 ]
4.100232870125 [DBG][V7] FORM_CLUSTER 11 members: [0 1 2 3 4 5 6 7 8 9 10 ] electionBase=500ms
4.10023294624 [DBG][V6] MERGE (invitation): theirTs=0.1 theirId=0 -> merging into 11 members
4.10023294624 [DBG][V6] MERGE_INTO_LARGER: reinitializing with 11 members [0 1 2 3 4 5 6 7 8 9 10 ]
4.10023294624 [DBG][V6] FORM_CLUSTER 11 members: [0 1 2 3 4 5 6 7 8 9 10 ] electionBase=500ms
4.10047701126 [DBG][V9] MERGE: incoming=11 mine=2 -> merging into 11 members
4.10047701126 [DBG][V9] MERGE_INTO_LARGER: reinitializing with 11 members [0 1 2 3 4 5 6 7 8 9 10 ]
4.10047701126 [DBG][V9] FORM_CLUSTER 11 members: [0 1 2 3 4 5 6 7 8 9 10 ] electionBase=500ms
4.100477516493 [DBG][V10] MERGE: incoming=11 mine=1 -> merging into 11 members
4.100477516493 [DBG][V10] MERGE_INTO_LARGER: reinitializing with 11 members [0 1 2 3 4 5 6 7 8 9 10 ]
4.100477516493 [DBG][V10] FORM_CLUSTER 11 members: [0 1 2 3 4 5 6 7 8 9 10 ] electionBase=500ms
4.101610347029 [DBG][V11] MERGE: incoming=11 mine=1 -> merging into 12 members
4.101610347029 [DBG][V11] MERGE_INTO_LARGER: reinitializing with 12 members [0 1 2 3 4 5 6 7 8 9 10 11 ]
4.101610347029 [DBG][V11] FORM_CLUSTER 12 members: [0 1 2 3 4 5 6 7 8 9 10 11 ] electionBase=500ms
4.15 [DBG][V11] ROAD_CHANGE -> W2C dist=152.8m speed=9.8m/s onApproach=YES
4.190902499775 [DBG][V5] MERGE (invitation): theirTs=0.1 theirId=0 -> merging into 12 members
4.190902499775 [DBG][V5] MERGE_INTO_LARGER: reinitializing with 12 members [0 1 2 3 4 5 6 7 8 9 10 11 ]
4.190902499775 [DBG][V5] FORM_CLUSTER 12 members: [0 1 2 3 4 5 6 7 8 9 10 11 ] electionBase=500ms
4.190902617015 [DBG][V4] MERGE (invitation): theirTs=0.1 theirId=0 -> merging into 12 members
4.190902617015 [DBG][V4] MERGE_INTO_LARGER: reinitializing with 12 members [0 1 2 3 4 5 6 7 8 9 10 11 ]
4.190902617015 [DBG][V4] FORM_CLUSTER 12 members: [0 1 2 3 4 5 6 7 8 9 10 11 ] electionBase=500ms
4520.0ms Vehicle 1 sendRequestVote called for node 1
4520.0ms Vehicle 1 sendRequestVote called for node 3
4520.0ms Vehicle 1 sendRequestVote called for node 4
4520.0ms Vehicle 1 sendRequestVote called for node 5
4520.0ms Vehicle 1 sendRequestVote called for node 6
4520.0ms Vehicle 1 sendRequestVote called for node 7
4520.0ms Vehicle 1 sendRequestVote called for node 8
4640.0ms Vehicle 8 sendRequestVote called for node 1
4640.0ms Vehicle 8 sendRequestVote called for node 2
4640.0ms Vehicle 8 sendRequestVote called for node 3
4640.0ms Vehicle 8 sendRequestVote called for node 4
4640.0ms Vehicle 8 sendRequestVote called for node 5
4640.0ms Vehicle 8 sendRequestVote called for node 6
4640.0ms Vehicle 8 sendRequestVote called for node 7
4640.0ms Vehicle 8 sendRequestVote called for node 8
4740.0ms Vehicle 11 sendRequestVote called for node 1
4740.0ms Vehicle 11 sendRequestVote called for node 2
4740.0ms Vehicle 11 sendRequestVote called for node 3
4740.0ms Vehicle 11 sendRequestVote called for node 4
4740.0ms Vehicle 11 sendRequestVote called for node 5
4740.0ms Vehicle 11 sendRequestVote called for node 6
4740.0ms Vehicle 11 sendRequestVote called for node 7
4740.0ms Vehicle 11 sendRequestVote called for node 8
4740.0ms Vehicle 11 sendRequestVote called for node 9
4740.0ms Vehicle 11 sendRequestVote called for node 10
4740.0ms Vehicle 11 sendRequestVote called for node 11
4740.0ms Vehicle 11 RAFT STATE CHANGED from 1 to 2
4740.0ms Vehicle 11 I am a candidate now! Starting election...
5.05 [DBG][V11] POS roadId=W2C dist=143.6m speed=10.8m/s onApproach=YES stopped=0 phase=2 leader=0 committed=0 myBatch=-1 curBatch=0
5.05 [DBG][V10] POS roadId=S2C dist=143.7m speed=9.5m/s onApproach=YES stopped=0 phase=2 leader=0 committed=0 myBatch=-1 curBatch=0
5.05 [DBG][V9] POS roadId=E2C dist=134.2m speed=12.2m/s onApproach=YES stopped=0 phase=2 leader=0 committed=0 myBatch=-1 curBatch=0
5.05 [DBG][V8] POS roadId=W2C dist=132.9m speed=13.7m/s onApproach=YES stopped=0 phase=2 leader=0 committed=0 myBatch=-1 curBatch=0
5.05 [DBG][V0] POS roadId=W2C dist=117.1m speed=15.4m/s onApproach=YES stopped=0 phase=2 leader=1 committed=0 myBatch=-1 curBatch=0
5.05 [DBG][V1] POS roadId=N2C dist=129.7m speed=12.8m/s onApproach=YES stopped=0 phase=2 leader=0 committed=0 myBatch=-1 curBatch=0
5.05 [DBG][V2] POS roadId=N2C dist=106.0m speed=13.6m/s onApproach=YES stopped=0 phase=2 leader=0 committed=0 myBatch=-1 curBatch=0
5.05 [DBG][V3] POS roadId=N2C dist=82.5m speed=14.3m/s onApproach=YES stopped=0 phase=2 leader=0 committed=0 myBatch=-1 curBatch=0
5.05 [DBG][V4] POS roadId=S2C dist=133.0m speed=12.2m/s onApproach=YES stopped=0 phase=2 leader=0 committed=0 myBatch=-1 curBatch=0
5.05 [DBG][V5] POS roadId=S2C dist=94.4m speed=16.0m/s onApproach=YES stopped=0 phase=2 leader=0 committed=0 myBatch=-1 curBatch=0
5.05 [DBG][V6] POS roadId=E2C dist=121.4m speed=14.5m/s onApproach=YES stopped=0 phase=2 leader=0 committed=0 myBatch=-1 curBatch=0
5.05 [DBG][V7] POS roadId=E2C dist=86.8m speed=17.5m/s onApproach=YES stopped=0 phase=2 leader=0 committed=0 myBatch=-1 curBatch=0
5260.0ms Vehicle 6 sendRequestVote called for node 1
5260.0ms Vehicle 6 sendRequestVote called for node 2
5260.0ms Vehicle 6 sendRequestVote called for node 3
5260.0ms Vehicle 6 sendRequestVote called for node 4
5260.0ms Vehicle 6 sendRequestVote called for node 5
5260.0ms Vehicle 6 sendRequestVote called for node 6
5260.0ms Vehicle 6 sendRequestVote called for node 8
5260.0ms Vehicle 6 sendRequestVote called for node 9
5260.0ms Vehicle 6 sendRequestVote called for node 10
5260.0ms Vehicle 6 sendRequestVote called for node 11
5260.0ms Vehicle 6 RAFT STATE CHANGED from 1 to 2
5260.0ms Vehicle 6 I am a candidate now! Starting election...
Vehicle RAFT (UDP) starting application.
Vehicle 12 edge config: 4 approach, 4 exit edges
5400.0ms Vehicle 12 RAFT started single-node V12
5400.0ms Vehicle 8 sendRequestVote called for node 1
5400.0ms Vehicle 8 sendRequestVote called for node 2
5400.0ms Vehicle 8 sendRequestVote called for node 3
5400.0ms Vehicle 8 sendRequestVote called for node 4
5400.0ms Vehicle 8 sendRequestVote called for node 5
5400.0ms Vehicle 8 sendRequestVote called for node 6
5400.0ms Vehicle 8 sendRequestVote called for node 7
5400.0ms Vehicle 8 sendRequestVote called for node 8
5400.0ms Vehicle 8 RAFT STATE CHANGED from 1 to 2
5400.0ms Vehicle 8 I am a candidate now! Starting election...
5440.0ms Vehicle 12 RAFT STATE CHANGED from 1 to 3
5.44 [DBG][V12] BECAME LEADER term=0 stopped=0 committed=0 activeVehicles=[12 ]
5440.0ms Vehicle 12 BECAME LEADER (term=0)
5.45 [DBG][V12] ROAD_CHANGE -> N2C dist=132.8m speed=9.6m/s onApproach=YES
5.45 [DBG][V12] POS roadId=N2C dist=132.8m speed=9.6m/s onApproach=YES stopped=0 phase=2 leader=1 committed=0 myBatch=-1 curBatch=0
5580.0ms Vehicle 2 sendRequestVote called for node 1
5580.0ms Vehicle 2 sendRequestVote called for node 4
5580.0ms Vehicle 2 sendRequestVote called for node 5
5580.0ms Vehicle 2 sendRequestVote called for node 6
5580.0ms Vehicle 2 sendRequestVote called for node 7
5580.0ms Vehicle 2 sendRequestVote called for node 8
5580.0ms Vehicle 2 RAFT STATE CHANGED from 1 to 2
5580.0ms Vehicle 2 I am a candidate now! Starting election...
5660.0ms Vehicle 1 sendRequestVote called for node 1
5660.0ms Vehicle 1 sendRequestVote called for node 3
5660.0ms Vehicle 1 sendRequestVote called for node 4
5660.0ms Vehicle 1 sendRequestVote called for node 5
5660.0ms Vehicle 1 sendRequestVote called for node 6
5660.0ms Vehicle 1 sendRequestVote called for node 7
5660.0ms Vehicle 1 sendRequestVote called for node 8
Vehicle RAFT (UDP) starting application.
Vehicle 13 edge config: 4 approach, 4 exit edges
5700.0ms Vehicle 13 RAFT started single-node V13
5740.0ms Vehicle 13 RAFT STATE CHANGED from 1 to 3
5.74 [DBG][V13] BECAME LEADER term=0 stopped=0 committed=0 activeVehicles=[13 ]
5740.0ms Vehicle 13 BECAME LEADER (term=0)
5.75 [DBG][V13] ROAD_CHANGE -> E2C dist=132.8m speed=9.0m/s onApproach=YES
5.75 [DBG][V13] POS roadId=E2C dist=132.8m speed=9.0m/s onApproach=YES stopped=0 phase=2 leader=1 committed=0 myBatch=-1 curBatch=0
5800.0ms Vehicle 11 sendRequestVote called for node 1
5800.0ms Vehicle 11 sendRequestVote called for node 2
5800.0ms Vehicle 11 sendRequestVote called for node 3
5800.0ms Vehicle 11 sendRequestVote called for node 4
5800.0ms Vehicle 11 sendRequestVote called for node 5
5800.0ms Vehicle 11 sendRequestVote called for node 6
5800.0ms Vehicle 11 sendRequestVote called for node 7
5800.0ms Vehicle 11 sendRequestVote called for node 8
5800.0ms Vehicle 11 sendRequestVote called for node 9
5800.0ms Vehicle 11 sendRequestVote called for node 10
5800.0ms Vehicle 11 sendRequestVote called for node 11
5800.0ms Vehicle 10 sendRequestVote called for node 1
5800.0ms Vehicle 10 sendRequestVote called for node 2
5800.0ms Vehicle 10 sendRequestVote called for node 3
5800.0ms Vehicle 10 sendRequestVote called for node 4
5800.0ms Vehicle 10 sendRequestVote called for node 5
5800.0ms Vehicle 10 sendRequestVote called for node 6
5800.0ms Vehicle 10 sendRequestVote called for node 7
5800.0ms Vehicle 10 sendRequestVote called for node 8
5800.0ms Vehicle 10 sendRequestVote called for node 9
5800.0ms Vehicle 10 sendRequestVote called for node 10
5800.0ms Vehicle 10 RAFT STATE CHANGED from 1 to 2
5800.0ms Vehicle 10 I am a candidate now! Starting election...
5.900442585309 [DBG][V12] MERGE: incoming=14 mine=2 -> merging into 14 members
5.900442585309 [DBG][V12] MERGE_INTO_LARGER: reinitializing with 14 members [0 1 2 3 4 5 6 7 8 9 10 11 12 13 ]
5.900442585309 [DBG][V12] FORM_CLUSTER 14 members: [0 1 2 3 4 5 6 7 8 9 10 11 12 13 ] electionBase=500ms
5.900882923458 [DBG][V13] MERGE: incoming=14 mine=1 -> merging into 14 members
5.900882923458 [DBG][V13] MERGE_INTO_LARGER: reinitializing with 14 members [0 1 2 3 4 5 6 7 8 9 10 11 12 13 ]
5.900882923458 [DBG][V13] FORM_CLUSTER 14 members: [0 1 2 3 4 5 6 7 8 9 10 11 12 13 ] electionBase=500ms
6140.0ms Vehicle 7 sendRequestVote called for node 1
6140.0ms Vehicle 7 sendRequestVote called for node 2
6140.0ms Vehicle 7 sendRequestVote called for node 3
6140.0ms Vehicle 7 sendRequestVote called for node 4
6140.0ms Vehicle 7 sendRequestVote called for node 5
6140.0ms Vehicle 7 sendRequestVote called for node 6
6140.0ms Vehicle 7 sendRequestVote called for node 7
6140.0ms Vehicle 7 sendRequestVote called for node 9
6140.0ms Vehicle 7 sendRequestVote called for node 10
6140.0ms Vehicle 7 sendRequestVote called for node 11
6140.0ms Vehicle 7 RAFT STATE CHANGED from 1 to 2
6140.0ms Vehicle 7 I am a candidate now! Starting election...
6144.0ms Leader 7 SENDING AppendEntries to vehicle 0 (n_entries=0, leader_commit=0)
6144.0ms Leader 7 SENDING AppendEntries to vehicle 1 (n_entries=0, leader_commit=0)
6144.0ms Leader 7 SENDING AppendEntries to vehicle 2 (n_entries=0, leader_commit=0)
6144.0ms Leader 7 SENDING AppendEntries to vehicle 3 (n_entries=0, leader_commit=0)
6144.0ms Leader 7 SENDING AppendEntries to vehicle 4 (n_entries=0, leader_commit=0)
6144.0ms Leader 7 SENDING AppendEntries to vehicle 5 (n_entries=0, leader_commit=0)
6144.0ms Leader 7 SENDING AppendEntries to vehicle 6 (n_entries=0, leader_commit=0)
6144.0ms Leader 7 SENDING AppendEntries to vehicle 8 (n_entries=0, leader_commit=0)
6144.0ms Leader 7 SENDING AppendEntries to vehicle 9 (n_entries=0, leader_commit=0)
6144.0ms Leader 7 SENDING AppendEntries to vehicle 10 (n_entries=0, leader_commit=0)
6145.3ms Vehicle 1 RECEIVED AppendEntries from vehicle 7 (n_entries=0, leader_commit=0)
6146.2ms Vehicle 3 RECEIVED AppendEntries from vehicle 7 (n_entries=0, leader_commit=0)
6146.5ms Vehicle 4 RECEIVED AppendEntries from vehicle 7 (n_entries=0, leader_commit=0)
6147.5ms Vehicle 6 RECEIVED AppendEntries from vehicle 7 (n_entries=0, leader_commit=0)
6147.8ms Vehicle 8 RECEIVED AppendEntries from vehicle 7 (n_entries=0, leader_commit=0)
6148.4ms Vehicle 9 RECEIVED AppendEntries from vehicle 7 (n_entries=0, leader_commit=0)
6.16 [DBG][V7] BECAME LEADER term=6 stopped=0 committed=0 activeVehicles=[0 1 2 3 4 5 6 7 8 9 10 11 12 13 ]
6160.0ms Vehicle 7 BECAME LEADER (term=6)
6340.0ms Leader 7 SENDING AppendEntries to vehicle 0 (n_entries=0, leader_commit=0)
6340.0ms Leader 7 SENDING AppendEntries to vehicle 1 (n_entries=0, leader_commit=0)
6340.0ms Leader 7 SENDING AppendEntries to vehicle 2 (n_entries=0, leader_commit=0)
6340.0ms Leader 7 SENDING AppendEntries to vehicle 3 (n_entries=0, leader_commit=0)
6340.0ms Leader 7 SENDING AppendEntries to vehicle 4 (n_entries=0, leader_commit=0)
6340.0ms Leader 7 SENDING AppendEntries to vehicle 5 (n_entries=0, leader_commit=0)
6340.0ms Leader 7 SENDING AppendEntries to vehicle 6 (n_entries=0, leader_commit=0)
6340.0ms Leader 7 SENDING AppendEntries to vehicle 8 (n_entries=0, leader_commit=0)
6340.0ms Leader 7 SENDING AppendEntries to vehicle 9 (n_entries=0, leader_commit=0)
6340.0ms Leader 7 SENDING AppendEntries to vehicle 10 (n_entries=0, leader_commit=0)
6340.2ms Vehicle 0 RECEIVED AppendEntries from vehicle 7 (n_entries=0, leader_commit=0)
6340.6ms Vehicle 1 RECEIVED AppendEntries from vehicle 7 (n_entries=0, leader_commit=0)
6341.2ms Vehicle 2 RECEIVED AppendEntries from vehicle 7 (n_entries=0, leader_commit=0)
6341.4ms Vehicle 3 RECEIVED AppendEntries from vehicle 7 (n_entries=0, leader_commit=0)
6341.7ms Vehicle 4 RECEIVED AppendEntries from vehicle 7 (n_entries=0, leader_commit=0)
6342.7ms Vehicle 5 RECEIVED AppendEntries from vehicle 7 (n_entries=0, leader_commit=0)
6343.3ms Vehicle 6 RECEIVED AppendEntries from vehicle 7 (n_entries=0, leader_commit=0)
6344.3ms Vehicle 9 RECEIVED AppendEntries from vehicle 7 (n_entries=0, leader_commit=0)
6344.5ms Vehicle 10 RECEIVED AppendEntries from vehicle 7 (n_entries=0, leader_commit=0)
6540.0ms Leader 7 SENDING AppendEntries to vehicle 0 (n_entries=0, leader_commit=0)
6540.0ms Leader 7 SENDING AppendEntries to vehicle 1 (n_entries=0, leader_commit=0)
6540.0ms Leader 7 SENDING AppendEntries to vehicle 2 (n_entries=0, leader_commit=0)
6540.0ms Leader 7 SENDING AppendEntries to vehicle 3 (n_entries=0, leader_commit=0)
6540.0ms Leader 7 SENDING AppendEntries to vehicle 4 (n_entries=0, leader_commit=0)
6540.0ms Leader 7 SENDING AppendEntries to vehicle 5 (n_entries=0, leader_commit=0)
6540.0ms Leader 7 SENDING AppendEntries to vehicle 6 (n_entries=0, leader_commit=0)
6540.0ms Leader 7 SENDING AppendEntries to vehicle 8 (n_entries=0, leader_commit=0)
6540.0ms Leader 7 SENDING AppendEntries to vehicle 9 (n_entries=0, leader_commit=0)
6540.0ms Leader 7 SENDING AppendEntries to vehicle 10 (n_entries=0, leader_commit=0)
6540.2ms Vehicle 0 RECEIVED AppendEntries from vehicle 7 (n_entries=0, leader_commit=0)
6540.6ms Vehicle 1 RECEIVED AppendEntries from vehicle 7 (n_entries=0, leader_commit=0)
6541.3ms Vehicle 2 RECEIVED AppendEntries from vehicle 7 (n_entries=0, leader_commit=0)
6542.0ms Vehicle 3 RECEIVED AppendEntries from vehicle 7 (n_entries=0, leader_commit=0)
6542.7ms Vehicle 4 RECEIVED AppendEntries from vehicle 7 (n_entries=0, leader_commit=0)
6543.1ms Vehicle 5 RECEIVED AppendEntries from vehicle 7 (n_entries=0, leader_commit=0)
6543.6ms Vehicle 6 RECEIVED AppendEntries from vehicle 7 (n_entries=0, leader_commit=0)
6544.7ms Vehicle 9 RECEIVED AppendEntries from vehicle 7 (n_entries=0, leader_commit=0)
6545.0ms Vehicle 10 RECEIVED AppendEntries from vehicle 7 (n_entries=0, leader_commit=0)
Vehicle RAFT (UDP) starting application.
Vehicle 14 edge config: 4 approach, 4 exit edges
6600.0ms Vehicle 14 RAFT started single-node V14
6.600653216459 [DBG][V14] MERGE: incoming=14 mine=1 -> merging into 15 members
6.600653216459 [DBG][V14] MERGE_INTO_LARGER: reinitializing with 15 members [0 1 2 3 4 5 6 7 8 9 10 11 12 13 14 ]
6.600653216459 [DBG][V14] FORM_CLUSTER 15 members: [0 1 2 3 4 5 6 7 8 9 10 11 12 13 14 ] electionBase=500ms
6.65 [DBG][V14] ROAD_CHANGE -> W2C dist=132.8m speed=8.9m/s onApproach=YES
6.65 [DBG][V14] POS roadId=W2C dist=132.8m speed=8.9m/s onApproach=YES stopped=0 phase=2 leader=0 committed=0 myBatch=-1 curBatch=0
6740.0ms Leader 7 SENDING AppendEntries to vehicle 0 (n_entries=0, leader_commit=0)
6740.0ms Leader 7 SENDING AppendEntries to vehicle 1 (n_entries=0, leader_commit=0)
6740.0ms Leader 7 SENDING AppendEntries to vehicle 2 (n_entries=0, leader_commit=0)
6740.0ms Leader 7 SENDING AppendEntries to vehicle 3 (n_entries=0, leader_commit=0)
6740.0ms Leader 7 SENDING AppendEntries to vehicle 4 (n_entries=0, leader_commit=0)
6740.0ms Leader 7 SENDING AppendEntries to vehicle 5 (n_entries=0, leader_commit=0)
6740.0ms Leader 7 SENDING AppendEntries to vehicle 6 (n_entries=0, leader_commit=0)
6740.0ms Leader 7 SENDING AppendEntries to vehicle 8 (n_entries=0, leader_commit=0)
6740.0ms Leader 7 SENDING AppendEntries to vehicle 9 (n_entries=0, leader_commit=0)
6740.0ms Leader 7 SENDING AppendEntries to vehicle 10 (n_entries=0, leader_commit=0)
6740.5ms Vehicle 1 RECEIVED AppendEntries from vehicle 7 (n_entries=0, leader_commit=0)
6741.3ms Vehicle 3 RECEIVED AppendEntries from vehicle 7 (n_entries=0, leader_commit=0)
6741.5ms Vehicle 4 RECEIVED AppendEntries from vehicle 7 (n_entries=0, leader_commit=0)
6741.8ms Vehicle 5 RECEIVED AppendEntries from vehicle 7 (n_entries=0, leader_commit=0)
6742.8ms Vehicle 6 RECEIVED AppendEntries from vehicle 7 (n_entries=0, leader_commit=0)
6743.1ms Vehicle 8 RECEIVED AppendEntries from vehicle 7 (n_entries=0, leader_commit=0)
6743.6ms Vehicle 9 RECEIVED AppendEntries from vehicle 7 (n_entries=0, leader_commit=0)
6743.9ms Vehicle 10 RECEIVED AppendEntries from vehicle 7 (n_entries=0, leader_commit=0)
Vehicle RAFT (UDP) starting application.
Vehicle 15 edge config: 4 approach, 4 exit edges
6800.0ms Vehicle 15 RAFT started single-node V15
6840.0ms Vehicle 15 RAFT STATE CHANGED from 1 to 3
6.84 [DBG][V15] BECAME LEADER term=0 stopped=0 committed=0 activeVehicles=[15 ]
6840.0ms Vehicle 15 BECAME LEADER (term=0)
6840.0ms Vehicle 11 sendRequestVote called for node 1
6840.0ms Vehicle 11 sendRequestVote called for node 2
6840.0ms Vehicle 11 sendRequestVote called for node 3
6840.0ms Vehicle 11 sendRequestVote called for node 4
6840.0ms Vehicle 11 sendRequestVote called for node 5
6840.0ms Vehicle 11 sendRequestVote called for node 6
6840.0ms Vehicle 11 sendRequestVote called for node 7
6840.0ms Vehicle 11 sendRequestVote called for node 8
6840.0ms Vehicle 11 sendRequestVote called for node 9
6840.0ms Vehicle 11 sendRequestVote called for node 10
6840.0ms Vehicle 11 sendRequestVote called for node 11
6840.0ms Vehicle 11 RAFT STATE CHANGED from 1 to 2
6840.0ms Vehicle 11 I am a candidate now! Starting election...
6.85 [DBG][V15] ROAD_CHANGE -> S2C dist=132.8m speed=7.2m/s onApproach=YES
6.85 [DBG][V15] POS roadId=S2C dist=132.8m speed=7.2m/s onApproach=YES stopped=0 phase=2 leader=1 committed=0 myBatch=-1 curBatch=0
6.900867868753 [DBG][V15] MERGE: incoming=15 mine=1 -> merging into 16 members
6.900867868753 [DBG][V15] MERGE_INTO_LARGER: reinitializing with 16 members [0 1 2 3 4 5 6 7 8 9 10 11 12 13 14 15 ]
6.900867868753 [DBG][V15] FORM_CLUSTER 16 members: [0 1 2 3 4 5 6 7 8 9 10 11 12 13 14 15 ] electionBase=500ms
6940.0ms Leader 7 SENDING AppendEntries to vehicle 0 (n_entries=0, leader_commit=0)
6940.0ms Leader 7 SENDING AppendEntries to vehicle 1 (n_entries=0, leader_commit=0)
6940.0ms Leader 7 SENDING AppendEntries to vehicle 2 (n_entries=0, leader_commit=0)
6940.0ms Leader 7 SENDING AppendEntries to vehicle 3 (n_entries=0, leader_commit=0)
6940.0ms Leader 7 SENDING AppendEntries to vehicle 4 (n_entries=0, leader_commit=0)
6940.0ms Leader 7 SENDING AppendEntries to vehicle 5 (n_entries=0, leader_commit=0)
6940.0ms Leader 7 SENDING AppendEntries to vehicle 6 (n_entries=0, leader_commit=0)
6940.0ms Leader 7 SENDING AppendEntries to vehicle 8 (n_entries=0, leader_commit=0)
6940.0ms Leader 7 SENDING AppendEntries to vehicle 9 (n_entries=0, leader_commit=0)
6940.0ms Leader 7 SENDING AppendEntries to vehicle 10 (n_entries=0, leader_commit=0)
6940.2ms Vehicle 0 RECEIVED AppendEntries from vehicle 7 (n_entries=0, leader_commit=0)
6940.7ms Vehicle 1 RECEIVED AppendEntries from vehicle 7 (n_entries=0, leader_commit=0)
6941.4ms Vehicle 2 RECEIVED AppendEntries from vehicle 7 (n_entries=0, leader_commit=0)
6941.7ms Vehicle 3 RECEIVED AppendEntries from vehicle 7 (n_entries=0, leader_commit=0)
6942.5ms Vehicle 4 RECEIVED AppendEntries from vehicle 7 (n_entries=0, leader_commit=0)
6943.2ms Vehicle 5 RECEIVED AppendEntries from vehicle 7 (n_entries=0, leader_commit=0)
6943.4ms Vehicle 6 RECEIVED AppendEntries from vehicle 7 (n_entries=0, leader_commit=0)
6944.0ms Vehicle 8 RECEIVED AppendEntries from vehicle 7 (n_entries=0, leader_commit=0)
6944.8ms Vehicle 9 RECEIVED AppendEntries from vehicle 7 (n_entries=0, leader_commit=0)
6945.0ms Vehicle 10 RECEIVED AppendEntries from vehicle 7 (n_entries=0, leader_commit=0)
7000.0ms Vehicle 13 sendRequestVote called for node 1
7000.0ms Vehicle 13 sendRequestVote called for node 2
7000.0ms Vehicle 13 sendRequestVote called for node 3
7000.0ms Vehicle 13 sendRequestVote called for node 4
7000.0ms Vehicle 13 sendRequestVote called for node 5
7000.0ms Vehicle 13 sendRequestVote called for node 6
7000.0ms Vehicle 13 sendRequestVote called for node 7
7000.0ms Vehicle 13 sendRequestVote called for node 8
7000.0ms Vehicle 13 sendRequestVote called for node 9
7000.0ms Vehicle 13 sendRequestVote called for node 10
7000.0ms Vehicle 13 sendRequestVote called for node 11
7000.0ms Vehicle 13 sendRequestVote called for node 12
7000.0ms Vehicle 13 sendRequestVote called for node 13
7000.0ms Vehicle 13 RAFT STATE CHANGED from 1 to 2
7000.0ms Vehicle 13 I am a candidate now! Starting election...
7140.0ms Leader 7 SENDING AppendEntries to vehicle 0 (n_entries=0, leader_commit=0)
7140.0ms Leader 7 SENDING AppendEntries to vehicle 1 (n_entries=0, leader_commit=0)
7140.0ms Leader 7 SENDING AppendEntries to vehicle 2 (n_entries=0, leader_commit=0)
7140.0ms Leader 7 SENDING AppendEntries to vehicle 3 (n_entries=0, leader_commit=0)
7140.0ms Leader 7 SENDING AppendEntries to vehicle 4 (n_entries=0, leader_commit=0)
7140.0ms Leader 7 SENDING AppendEntries to vehicle 5 (n_entries=0, leader_commit=0)
7140.0ms Leader 7 SENDING AppendEntries to vehicle 6 (n_entries=0, leader_commit=0)
7140.0ms Leader 7 SENDING AppendEntries to vehicle 8 (n_entries=0, leader_commit=0)
7140.0ms Leader 7 SENDING AppendEntries to vehicle 9 (n_entries=0, leader_commit=0)
7140.0ms Leader 7 SENDING AppendEntries to vehicle 10 (n_entries=0, leader_commit=0)
7140.4ms Vehicle 1 RECEIVED AppendEntries from vehicle 7 (n_entries=0, leader_commit=0)
7140.9ms Vehicle 2 RECEIVED AppendEntries from vehicle 7 (n_entries=0, leader_commit=0)
7141.4ms Vehicle 3 RECEIVED AppendEntries from vehicle 7 (n_entries=0, leader_commit=0)
7141.7ms Vehicle 4 RECEIVED AppendEntries from vehicle 7 (n_entries=0, leader_commit=0)
7142.8ms Vehicle 5 RECEIVED AppendEntries from vehicle 7 (n_entries=0, leader_commit=0)
7143.6ms Vehicle 6 RECEIVED AppendEntries from vehicle 7 (n_entries=0, leader_commit=0)
7143.8ms Vehicle 8 RECEIVED AppendEntries from vehicle 7 (n_entries=0, leader_commit=0)
7144.7ms Vehicle 9 RECEIVED AppendEntries from vehicle 7 (n_entries=0, leader_commit=0)
7145.7ms Vehicle 10 RECEIVED AppendEntries from vehicle 7 (n_entries=0, leader_commit=0)
7340.0ms Leader 7 SENDING AppendEntries to vehicle 0 (n_entries=0, leader_commit=0)
7340.0ms Leader 7 SENDING AppendEntries to vehicle 1 (n_entries=0, leader_commit=0)
7340.0ms Leader 7 SENDING AppendEntries to vehicle 2 (n_entries=0, leader_commit=0)
7340.0ms Leader 7 SENDING AppendEntries to vehicle 3 (n_entries=0, leader_commit=0)
7340.0ms Leader 7 SENDING AppendEntries to vehicle 4 (n_entries=0, leader_commit=0)
7340.0ms Leader 7 SENDING AppendEntries to vehicle 5 (n_entries=0, leader_commit=0)
7340.0ms Leader 7 SENDING AppendEntries to vehicle 6 (n_entries=0, leader_commit=0)
7340.0ms Leader 7 SENDING AppendEntries to vehicle 8 (n_entries=0, leader_commit=0)
7340.0ms Leader 7 SENDING AppendEntries to vehicle 9 (n_entries=0, leader_commit=0)
7340.0ms Leader 7 SENDING AppendEntries to vehicle 10 (n_entries=0, leader_commit=0)
7340.5ms Vehicle 1 RECEIVED AppendEntries from vehicle 7 (n_entries=0, leader_commit=0)
7341.3ms Vehicle 3 RECEIVED AppendEntries from vehicle 7 (n_entries=0, leader_commit=0)
7341.5ms Vehicle 4 RECEIVED AppendEntries from vehicle 7 (n_entries=0, leader_commit=0)
7341.8ms Vehicle 5 RECEIVED AppendEntries from vehicle 7 (n_entries=0, leader_commit=0)
7342.5ms Vehicle 6 RECEIVED AppendEntries from vehicle 7 (n_entries=0, leader_commit=0)
7342.7ms Vehicle 8 RECEIVED AppendEntries from vehicle 7 (n_entries=0, leader_commit=0)
7342.9ms Vehicle 9 RECEIVED AppendEntries from vehicle 7 (n_entries=0, leader_commit=0)
7344.3ms Vehicle 10 RECEIVED AppendEntries from vehicle 7 (n_entries=0, leader_commit=0)
7540.0ms Leader 7 SENDING AppendEntries to vehicle 0 (n_entries=0, leader_commit=0)
7540.0ms Leader 7 SENDING AppendEntries to vehicle 1 (n_entries=0, leader_commit=0)
7540.0ms Leader 7 SENDING AppendEntries to vehicle 2 (n_entries=0, leader_commit=0)
7540.0ms Leader 7 SENDING AppendEntries to vehicle 3 (n_entries=0, leader_commit=0)
7540.0ms Leader 7 SENDING AppendEntries to vehicle 4 (n_entries=0, leader_commit=0)
7540.0ms Leader 7 SENDING AppendEntries to vehicle 5 (n_entries=0, leader_commit=0)
7540.0ms Leader 7 SENDING AppendEntries to vehicle 6 (n_entries=0, leader_commit=0)
7540.0ms Leader 7 SENDING AppendEntries to vehicle 8 (n_entries=0, leader_commit=0)
7540.0ms Leader 7 SENDING AppendEntries to vehicle 9 (n_entries=0, leader_commit=0)
7540.0ms Leader 7 SENDING AppendEntries to vehicle 10 (n_entries=0, leader_commit=0)
7540.2ms Vehicle 0 RECEIVED AppendEntries from vehicle 7 (n_entries=0, leader_commit=0)
7540.6ms Vehicle 1 RECEIVED AppendEntries from vehicle 7 (n_entries=0, leader_commit=0)
7540.9ms Vehicle 2 RECEIVED AppendEntries from vehicle 7 (n_entries=0, leader_commit=0)
7541.2ms Vehicle 3 RECEIVED AppendEntries from vehicle 7 (n_entries=0, leader_commit=0)
7542.3ms Vehicle 4 RECEIVED AppendEntries from vehicle 7 (n_entries=0, leader_commit=0)
7542.6ms Vehicle 5 RECEIVED AppendEntries from vehicle 7 (n_entries=0, leader_commit=0)
7543.3ms Vehicle 6 RECEIVED AppendEntries from vehicle 7 (n_entries=0, leader_commit=0)
7543.8ms Vehicle 8 RECEIVED AppendEntries from vehicle 7 (n_entries=0, leader_commit=0)
7544.6ms Vehicle 9 RECEIVED AppendEntries from vehicle 7 (n_entries=0, leader_commit=0)
7545.3ms Vehicle 10 RECEIVED AppendEntries from vehicle 7 (n_entries=0, leader_commit=0)
7740.0ms Leader 7 SENDING AppendEntries to vehicle 0 (n_entries=0, leader_commit=0)
7740.0ms Leader 7 SENDING AppendEntries to vehicle 1 (n_entries=0, leader_commit=0)
7740.0ms Leader 7 SENDING AppendEntries to vehicle 2 (n_entries=0, leader_commit=0)
7740.0ms Leader 7 SENDING AppendEntries to vehicle 3 (n_entries=0, leader_commit=0)
7740.0ms Leader 7 SENDING AppendEntries to vehicle 4 (n_entries=0, leader_commit=0)
7740.0ms Leader 7 SENDING AppendEntries to vehicle 5 (n_entries=0, leader_commit=0)
7740.0ms Leader 7 SENDING AppendEntries to vehicle 6 (n_entries=0, leader_commit=0)
7740.0ms Leader 7 SENDING AppendEntries to vehicle 8 (n_entries=0, leader_commit=0)
7740.0ms Leader 7 SENDING AppendEntries to vehicle 9 (n_entries=0, leader_commit=0)
7740.0ms Leader 7 SENDING AppendEntries to vehicle 10 (n_entries=0, leader_commit=0)
7740.2ms Vehicle 0 RECEIVED AppendEntries from vehicle 7 (n_entries=0, leader_commit=0)
7740.4ms Vehicle 1 RECEIVED AppendEntries from vehicle 7 (n_entries=0, leader_commit=0)
7741.0ms Vehicle 2 RECEIVED AppendEntries from vehicle 7 (n_entries=0, leader_commit=0)
7741.3ms Vehicle 3 RECEIVED AppendEntries from vehicle 7 (n_entries=0, leader_commit=0)
7742.1ms Vehicle 4 RECEIVED AppendEntries from vehicle 7 (n_entries=0, leader_commit=0)
7742.6ms Vehicle 5 RECEIVED AppendEntries from vehicle 7 (n_entries=0, leader_commit=0)
7742.8ms Vehicle 6 RECEIVED AppendEntries from vehicle 7 (n_entries=0, leader_commit=0)
7743.1ms Vehicle 8 RECEIVED AppendEntries from vehicle 7 (n_entries=0, leader_commit=0)
7744.1ms Vehicle 9 RECEIVED AppendEntries from vehicle 7 (n_entries=0, leader_commit=0)
7744.6ms Vehicle 10 RECEIVED AppendEntries from vehicle 7 (n_entries=0, leader_commit=0)
7760.0ms Vehicle 11 sendRequestVote called for node 1
7760.0ms Vehicle 11 sendRequestVote called for node 2
7760.0ms Vehicle 11 sendRequestVote called for node 3
7760.0ms Vehicle 11 sendRequestVote called for node 4
7760.0ms Vehicle 11 sendRequestVote called for node 5
7760.0ms Vehicle 11 sendRequestVote called for node 6
7760.0ms Vehicle 11 sendRequestVote called for node 7
7760.0ms Vehicle 11 sendRequestVote called for node 8
7760.0ms Vehicle 11 sendRequestVote called for node 9
7760.0ms Vehicle 11 sendRequestVote called for node 10
7760.0ms Vehicle 11 sendRequestVote called for node 11
7860.0ms Vehicle 14 sendRequestVote called for node 1
7860.0ms Vehicle 14 sendRequestVote called for node 2
7860.0ms Vehicle 14 sendRequestVote called for node 3
7860.0ms Vehicle 14 sendRequestVote called for node 4
7860.0ms Vehicle 14 sendRequestVote called for node 5
7860.0ms Vehicle 14 sendRequestVote called for node 6
7860.0ms Vehicle 14 sendRequestVote called for node 7
7860.0ms Vehicle 14 sendRequestVote called for node 8
7860.0ms Vehicle 14 sendRequestVote called for node 9
7860.0ms Vehicle 14 sendRequestVote called for node 10
7860.0ms Vehicle 14 sendRequestVote called for node 11
7860.0ms Vehicle 14 sendRequestVote called for node 12
7860.0ms Vehicle 14 sendRequestVote called for node 13
7860.0ms Vehicle 14 sendRequestVote called for node 14
7860.0ms Vehicle 14 RAFT STATE CHANGED from 1 to 2
7860.0ms Vehicle 14 I am a candidate now! Starting election...
7940.0ms Leader 7 SENDING AppendEntries to vehicle 0 (n_entries=0, leader_commit=0)
7940.0ms Leader 7 SENDING AppendEntries to vehicle 1 (n_entries=0, leader_commit=0)
7940.0ms Leader 7 SENDING AppendEntries to vehicle 2 (n_entries=0, leader_commit=0)
7940.0ms Leader 7 SENDING AppendEntries to vehicle 3 (n_entries=0, leader_commit=0)
7940.0ms Leader 7 SENDING AppendEntries to vehicle 4 (n_entries=0, leader_commit=0)
7940.0ms Leader 7 SENDING AppendEntries to vehicle 5 (n_entries=0, leader_commit=0)
7940.0ms Leader 7 SENDING AppendEntries to vehicle 6 (n_entries=0, leader_commit=0)
7940.0ms Leader 7 SENDING AppendEntries to vehicle 8 (n_entries=0, leader_commit=0)
7940.0ms Leader 7 SENDING AppendEntries to vehicle 9 (n_entries=0, leader_commit=0)
7940.0ms Leader 7 SENDING AppendEntries to vehicle 10 (n_entries=0, leader_commit=0)
7940.2ms Vehicle 0 RECEIVED AppendEntries from vehicle 7 (n_entries=0, leader_commit=0)
7940.5ms Vehicle 1 RECEIVED AppendEntries from vehicle 7 (n_entries=0, leader_commit=0)
7940.7ms Vehicle 2 RECEIVED AppendEntries from vehicle 7 (n_entries=0, leader_commit=0)
7941.3ms Vehicle 3 RECEIVED AppendEntries from vehicle 7 (n_entries=0, leader_commit=0)
7942.1ms Vehicle 4 RECEIVED AppendEntries from vehicle 7 (n_entries=0, leader_commit=0)
7942.7ms Vehicle 5 RECEIVED AppendEntries from vehicle 7 (n_entries=0, leader_commit=0)
7943.3ms Vehicle 6 RECEIVED AppendEntries from vehicle 7 (n_entries=0, leader_commit=0)
7943.8ms Vehicle 8 RECEIVED AppendEntries from vehicle 7 (n_entries=0, leader_commit=0)
7944.3ms Vehicle 9 RECEIVED AppendEntries from vehicle 7 (n_entries=0, leader_commit=0)
7944.6ms Vehicle 10 RECEIVED AppendEntries from vehicle 7 (n_entries=0, leader_commit=0)
8140.0ms Leader 7 SENDING AppendEntries to vehicle 0 (n_entries=0, leader_commit=0)
8140.0ms Leader 7 SENDING AppendEntries to vehicle 1 (n_entries=0, leader_commit=0)
8140.0ms Leader 7 SENDING AppendEntries to vehicle 2 (n_entries=0, leader_commit=0)
8140.0ms Leader 7 SENDING AppendEntries to vehicle 3 (n_entries=0, leader_commit=0)
8140.0ms Leader 7 SENDING AppendEntries to vehicle 4 (n_entries=0, leader_commit=0)
8140.0ms Leader 7 SENDING AppendEntries to vehicle 5 (n_entries=0, leader_commit=0)
8140.0ms Leader 7 SENDING AppendEntries to vehicle 6 (n_entries=0, leader_commit=0)
8140.0ms Leader 7 SENDING AppendEntries to vehicle 8 (n_entries=0, leader_commit=0)
8140.0ms Leader 7 SENDING AppendEntries to vehicle 9 (n_entries=0, leader_commit=0)
8140.0ms Leader 7 SENDING AppendEntries to vehicle 10 (n_entries=0, leader_commit=0)
8140.2ms Vehicle 0 RECEIVED AppendEntries from vehicle 7 (n_entries=0, leader_commit=0)
8140.5ms Vehicle 1 RECEIVED AppendEntries from vehicle 7 (n_entries=0, leader_commit=0)
8140.8ms Vehicle 2 RECEIVED AppendEntries from vehicle 7 (n_entries=0, leader_commit=0)
8141.7ms Vehicle 3 RECEIVED AppendEntries from vehicle 7 (n_entries=0, leader_commit=0)
8142.3ms Vehicle 4 RECEIVED AppendEntries from vehicle 7 (n_entries=0, leader_commit=0)
8142.9ms Vehicle 5 RECEIVED AppendEntries from vehicle 7 (n_entries=0, leader_commit=0)
8143.4ms Vehicle 6 RECEIVED AppendEntries from vehicle 7 (n_entries=0, leader_commit=0)
8144.0ms Vehicle 8 RECEIVED AppendEntries from vehicle 7 (n_entries=0, leader_commit=0)
8144.3ms Vehicle 9 RECEIVED AppendEntries from vehicle 7 (n_entries=0, leader_commit=0)
8145.8ms Vehicle 10 RECEIVED AppendEntries from vehicle 7 (n_entries=0, leader_commit=0)
8340.0ms Leader 7 SENDING AppendEntries to vehicle 0 (n_entries=0, leader_commit=0)
8340.0ms Leader 7 SENDING AppendEntries to vehicle 1 (n_entries=0, leader_commit=0)
8340.0ms Leader 7 SENDING AppendEntries to vehicle 2 (n_entries=0, leader_commit=0)
8340.0ms Leader 7 SENDING AppendEntries to vehicle 3 (n_entries=0, leader_commit=0)
8340.0ms Leader 7 SENDING AppendEntries to vehicle 4 (n_entries=0, leader_commit=0)
8340.0ms Leader 7 SENDING AppendEntries to vehicle 5 (n_entries=0, leader_commit=0)
8340.0ms Leader 7 SENDING AppendEntries to vehicle 6 (n_entries=0, leader_commit=0)
8340.0ms Leader 7 SENDING AppendEntries to vehicle 8 (n_entries=0, leader_commit=0)
8340.0ms Leader 7 SENDING AppendEntries to vehicle 9 (n_entries=0, leader_commit=0)
8340.0ms Leader 7 SENDING AppendEntries to vehicle 10 (n_entries=0, leader_commit=0)
8340.2ms Vehicle 0 RECEIVED AppendEntries from vehicle 7 (n_entries=0, leader_commit=0)
8340.6ms Vehicle 1 RECEIVED AppendEntries from vehicle 7 (n_entries=0, leader_commit=0)
8341.0ms Vehicle 2 RECEIVED AppendEntries from vehicle 7 (n_entries=0, leader_commit=0)
8341.9ms Vehicle 3 RECEIVED AppendEntries from vehicle 7 (n_entries=0, leader_commit=0)
8342.5ms Vehicle 4 RECEIVED AppendEntries from vehicle 7 (n_entries=0, leader_commit=0)
8342.8ms Vehicle 5 RECEIVED AppendEntries from vehicle 7 (n_entries=0, leader_commit=0)
8343.3ms Vehicle 6 RECEIVED AppendEntries from vehicle 7 (n_entries=0, leader_commit=0)
8343.6ms Vehicle 8 RECEIVED AppendEntries from vehicle 7 (n_entries=0, leader_commit=0)
8344.5ms Vehicle 9 RECEIVED AppendEntries from vehicle 7 (n_entries=0, leader_commit=0)
8344.9ms Vehicle 10 RECEIVED AppendEntries from vehicle 7 (n_entries=0, leader_commit=0)
8540.0ms Leader 7 SENDING AppendEntries to vehicle 0 (n_entries=0, leader_commit=0)
8540.0ms Leader 7 SENDING AppendEntries to vehicle 1 (n_entries=0, leader_commit=0)
8540.0ms Leader 7 SENDING AppendEntries to vehicle 2 (n_entries=0, leader_commit=0)
8540.0ms Leader 7 SENDING AppendEntries to vehicle 3 (n_entries=0, leader_commit=0)
8540.0ms Leader 7 SENDING AppendEntries to vehicle 4 (n_entries=0, leader_commit=0)
8540.0ms Leader 7 SENDING AppendEntries to vehicle 5 (n_entries=0, leader_commit=0)
8540.0ms Leader 7 SENDING AppendEntries to vehicle 6 (n_entries=0, leader_commit=0)
8540.0ms Leader 7 SENDING AppendEntries to vehicle 8 (n_entries=0, leader_commit=0)
8540.0ms Leader 7 SENDING AppendEntries to vehicle 9 (n_entries=0, leader_commit=0)
8540.0ms Leader 7 SENDING AppendEntries to vehicle 10 (n_entries=0, leader_commit=0)
8540.2ms Vehicle 0 RECEIVED AppendEntries from vehicle 7 (n_entries=0, leader_commit=0)
8540.5ms Vehicle 1 RECEIVED AppendEntries from vehicle 7 (n_entries=0, leader_commit=0)
8541.1ms Vehicle 2 RECEIVED AppendEntries from vehicle 7 (n_entries=0, leader_commit=0)
8541.5ms Vehicle 3 RECEIVED AppendEntries from vehicle 7 (n_entries=0, leader_commit=0)
8541.7ms Vehicle 4 RECEIVED AppendEntries from vehicle 7 (n_entries=0, leader_commit=0)
8542.6ms Vehicle 5 RECEIVED AppendEntries from vehicle 7 (n_entries=0, leader_commit=0)
8542.9ms Vehicle 6 RECEIVED AppendEntries from vehicle 7 (n_entries=0, leader_commit=0)
8543.8ms Vehicle 8 RECEIVED AppendEntries from vehicle 7 (n_entries=0, leader_commit=0)
8544.1ms Vehicle 9 RECEIVED AppendEntries from vehicle 7 (n_entries=0, leader_commit=0)
8544.3ms Vehicle 10 RECEIVED AppendEntries from vehicle 7 (n_entries=0, leader_commit=0)
8.6 [STOP_CHECK][V7] road=E2C dist=24.5m (lanePos=168.3 laneLen=192.8) stopDist=5.0m speed=15.0m/s
8.65 [STOP_CHECK][V7] road=E2C dist=24.5m (lanePos=168.3 laneLen=192.8) stopDist=5.0m speed=15.0m/s
8.7 [STOP_CHECK][V7] road=E2C dist=23.1m (lanePos=169.7 laneLen=192.8) stopDist=5.0m speed=14.6m/s
8700.0ms Vehicle 11 sendRequestVote called for node 1
8700.0ms Vehicle 11 sendRequestVote called for node 2
8700.0ms Vehicle 11 sendRequestVote called for node 3
8700.0ms Vehicle 11 sendRequestVote called for node 4
8700.0ms Vehicle 11 sendRequestVote called for node 5
8700.0ms Vehicle 11 sendRequestVote called for node 6
8700.0ms Vehicle 11 sendRequestVote called for node 7
8700.0ms Vehicle 11 sendRequestVote called for node 8
8700.0ms Vehicle 11 sendRequestVote called for node 9
8700.0ms Vehicle 11 sendRequestVote called for node 10
8700.0ms Vehicle 11 sendRequestVote called for node 11
8740.0ms Leader 7 SENDING AppendEntries to vehicle 0 (n_entries=0, leader_commit=0)
8740.0ms Leader 7 SENDING AppendEntries to vehicle 1 (n_entries=0, leader_commit=0)
8740.0ms Leader 7 SENDING AppendEntries to vehicle 2 (n_entries=0, leader_commit=0)
8740.0ms Leader 7 SENDING AppendEntries to vehicle 3 (n_entries=0, leader_commit=0)
8740.0ms Leader 7 SENDING AppendEntries to vehicle 4 (n_entries=0, leader_commit=0)
8740.0ms Leader 7 SENDING AppendEntries to vehicle 5 (n_entries=0, leader_commit=0)
8740.0ms Leader 7 SENDING AppendEntries to vehicle 6 (n_entries=0, leader_commit=0)
8740.0ms Leader 7 SENDING AppendEntries to vehicle 8 (n_entries=0, leader_commit=0)
8740.0ms Leader 7 SENDING AppendEntries to vehicle 9 (n_entries=0, leader_commit=0)
8740.0ms Leader 7 SENDING AppendEntries to vehicle 10 (n_entries=0, leader_commit=0)
8740.2ms Vehicle 0 RECEIVED AppendEntries from vehicle 7 (n_entries=0, leader_commit=0)
8740.6ms Vehicle 1 RECEIVED AppendEntries from vehicle 7 (n_entries=0, leader_commit=0)
8741.0ms Vehicle 2 RECEIVED AppendEntries from vehicle 7 (n_entries=0, leader_commit=0)
8741.4ms Vehicle 3 RECEIVED AppendEntries from vehicle 7 (n_entries=0, leader_commit=0)
8742.1ms Vehicle 4 RECEIVED AppendEntries from vehicle 7 (n_entries=0, leader_commit=0)
8742.9ms Vehicle 5 RECEIVED AppendEntries from vehicle 7 (n_entries=0, leader_commit=0)
8743.1ms Vehicle 6 RECEIVED AppendEntries from vehicle 7 (n_entries=0, leader_commit=0)
8743.6ms Vehicle 8 RECEIVED AppendEntries from vehicle 7 (n_entries=0, leader_commit=0)
8744.2ms Vehicle 9 RECEIVED AppendEntries from vehicle 7 (n_entries=0, leader_commit=0)
8744.7ms Vehicle 10 RECEIVED AppendEntries from vehicle 7 (n_entries=0, leader_commit=0)
8.75 [STOP_CHECK][V7] road=E2C dist=23.1m (lanePos=169.7 laneLen=192.8) stopDist=5.0m speed=14.6m/s
8.8 [STOP_CHECK][V7] road=E2C dist=21.7m (lanePos=171.1 laneLen=192.8) stopDist=5.0m speed=14.1m/s
8.85 [STOP_CHECK][V7] road=E2C dist=21.7m (lanePos=171.1 laneLen=192.8) stopDist=5.0m speed=14.1m/s
8860.0ms Vehicle 13 sendRequestVote called for node 1
8860.0ms Vehicle 13 sendRequestVote called for node 2
8860.0ms Vehicle 13 sendRequestVote called for node 3
8860.0ms Vehicle 13 sendRequestVote called for node 4
8860.0ms Vehicle 13 sendRequestVote called for node 5
8860.0ms Vehicle 13 sendRequestVote called for node 6
8860.0ms Vehicle 13 sendRequestVote called for node 7
8860.0ms Vehicle 13 sendRequestVote called for node 8
8860.0ms Vehicle 13 sendRequestVote called for node 9
8860.0ms Vehicle 13 sendRequestVote called for node 10
8860.0ms Vehicle 13 sendRequestVote called for node 11
8860.0ms Vehicle 13 sendRequestVote called for node 12
8860.0ms Vehicle 13 sendRequestVote called for node 13
8.9 [STOP_CHECK][V7] road=E2C dist=20.3m (lanePos=172.5 laneLen=192.8) stopDist=5.0m speed=13.7m/s
8940.0ms Leader 7 SENDING AppendEntries to vehicle 0 (n_entries=0, leader_commit=0)
8940.0ms Leader 7 SENDING AppendEntries to vehicle 1 (n_entries=0, leader_commit=0)
8940.0ms Leader 7 SENDING AppendEntries to vehicle 2 (n_entries=0, leader_commit=0)
8940.0ms Leader 7 SENDING AppendEntries to vehicle 3 (n_entries=0, leader_commit=0)
8940.0ms Leader 7 SENDING AppendEntries to vehicle 4 (n_entries=0, leader_commit=0)
8940.0ms Leader 7 SENDING AppendEntries to vehicle 5 (n_entries=0, leader_commit=0)
8940.0ms Leader 7 SENDING AppendEntries to vehicle 6 (n_entries=0, leader_commit=0)
8940.0ms Leader 7 SENDING AppendEntries to vehicle 8 (n_entries=0, leader_commit=0)
8940.0ms Leader 7 SENDING AppendEntries to vehicle 9 (n_entries=0, leader_commit=0)
8940.0ms Leader 7 SENDING AppendEntries to vehicle 10 (n_entries=0, leader_commit=0)
8940.2ms Vehicle 0 RECEIVED AppendEntries from vehicle 7 (n_entries=0, leader_commit=0)
8940.4ms Vehicle 1 RECEIVED AppendEntries from vehicle 7 (n_entries=0, leader_commit=0)
8941.0ms Vehicle 2 RECEIVED AppendEntries from vehicle 7 (n_entries=0, leader_commit=0)
8941.2ms Vehicle 3 RECEIVED AppendEntries from vehicle 7 (n_entries=0, leader_commit=0)
8941.5ms Vehicle 4 RECEIVED AppendEntries from vehicle 7 (n_entries=0, leader_commit=0)
8942.3ms Vehicle 5 RECEIVED AppendEntries from vehicle 7 (n_entries=0, leader_commit=0)
8942.8ms Vehicle 6 RECEIVED AppendEntries from vehicle 7 (n_entries=0, leader_commit=0)
8943.4ms Vehicle 8 RECEIVED AppendEntries from vehicle 7 (n_entries=0, leader_commit=0)
8943.8ms Vehicle 9 RECEIVED AppendEntries from vehicle 7 (n_entries=0, leader_commit=0)
8944.7ms Vehicle 10 RECEIVED AppendEntries from vehicle 7 (n_entries=0, leader_commit=0)
8.95 [STOP_CHECK][V7] road=E2C dist=20.3m (lanePos=172.5 laneLen=192.8) stopDist=5.0m speed=13.7m/s
8960.0ms Vehicle 14 sendRequestVote called for node 1
8960.0ms Vehicle 14 sendRequestVote called for node 2
8960.0ms Vehicle 14 sendRequestVote called for node 3
8960.0ms Vehicle 14 sendRequestVote called for node 4
8960.0ms Vehicle 14 sendRequestVote called for node 5
8960.0ms Vehicle 14 sendRequestVote called for node 6
8960.0ms Vehicle 14 sendRequestVote called for node 7
8960.0ms Vehicle 14 sendRequestVote called for node 8
8960.0ms Vehicle 14 sendRequestVote called for node 9
8960.0ms Vehicle 14 sendRequestVote called for node 10
8960.0ms Vehicle 14 sendRequestVote called for node 11
8960.0ms Vehicle 14 sendRequestVote called for node 12
8960.0ms Vehicle 14 sendRequestVote called for node 13
8960.0ms Vehicle 14 sendRequestVote called for node 14
9 [STOP_CHECK][V7] road=E2C dist=19.0m (lanePos=173.8 laneLen=192.8) stopDist=5.0m speed=13.2m/s
9.05 [STOP_CHECK][V7] road=E2C dist=19.0m (lanePos=173.8 laneLen=192.8) stopDist=5.0m speed=13.2m/s
9.1 [STOP_CHECK][V3] road=N2C dist=23.7m (lanePos=169.1 laneLen=192.8) stopDist=5.0m speed=14.3m/s
9.1 [STOP_CHECK][V7] road=E2C dist=17.7m (lanePos=175.1 laneLen=192.8) stopDist=5.0m speed=12.8m/s
9100.0ms Vehicle 15 sendRequestVote called for node 1
9100.0ms Vehicle 15 sendRequestVote called for node 2
9100.0ms Vehicle 15 sendRequestVote called for node 3
9100.0ms Vehicle 15 sendRequestVote called for node 4
9100.0ms Vehicle 15 sendRequestVote called for node 5
9100.0ms Vehicle 15 sendRequestVote called for node 6
9100.0ms Vehicle 15 sendRequestVote called for node 7
9100.0ms Vehicle 15 sendRequestVote called for node 8
9100.0ms Vehicle 15 sendRequestVote called for node 9
9100.0ms Vehicle 15 sendRequestVote called for node 10
9100.0ms Vehicle 15 sendRequestVote called for node 11
9100.0ms Vehicle 15 sendRequestVote called for node 12
9100.0ms Vehicle 15 sendRequestVote called for node 13
9100.0ms Vehicle 15 sendRequestVote called for node 14
9100.0ms Vehicle 15 sendRequestVote called for node 15
9100.0ms Vehicle 15 RAFT STATE CHANGED from 1 to 2
9100.0ms Vehicle 15 I am a candidate now! Starting election...
9140.0ms Leader 7 SENDING AppendEntries to vehicle 0 (n_entries=0, leader_commit=0)
9140.0ms Leader 7 SENDING AppendEntries to vehicle 1 (n_entries=0, leader_commit=0)
9140.0ms Leader 7 SENDING AppendEntries to vehicle 2 (n_entries=0, leader_commit=0)
9140.0ms Leader 7 SENDING AppendEntries to vehicle 3 (n_entries=0, leader_commit=0)
9140.0ms Leader 7 SENDING AppendEntries to vehicle 4 (n_entries=0, leader_commit=0)
9140.0ms Leader 7 SENDING AppendEntries to vehicle 5 (n_entries=0, leader_commit=0)
9140.0ms Leader 7 SENDING AppendEntries to vehicle 6 (n_entries=0, leader_commit=0)
9140.0ms Leader 7 SENDING AppendEntries to vehicle 8 (n_entries=0, leader_commit=0)
9140.0ms Leader 7 SENDING AppendEntries to vehicle 9 (n_entries=0, leader_commit=0)
9140.0ms Leader 7 SENDING AppendEntries to vehicle 10 (n_entries=0, leader_commit=0)
9140.2ms Vehicle 0 RECEIVED AppendEntries from vehicle 7 (n_entries=0, leader_commit=0)
9140.6ms Vehicle 1 RECEIVED AppendEntries from vehicle 7 (n_entries=0, leader_commit=0)
9141.1ms Vehicle 2 RECEIVED AppendEntries from vehicle 7 (n_entries=0, leader_commit=0)
9141.3ms Vehicle 3 RECEIVED AppendEntries from vehicle 7 (n_entries=0, leader_commit=0)
9141.8ms Vehicle 4 RECEIVED AppendEntries from vehicle 7 (n_entries=0, leader_commit=0)
9142.8ms Vehicle 5 RECEIVED AppendEntries from vehicle 7 (n_entries=0, leader_commit=0)
9143.2ms Vehicle 6 RECEIVED AppendEntries from vehicle 7 (n_entries=0, leader_commit=0)
9143.8ms Vehicle 8 RECEIVED AppendEntries from vehicle 7 (n_entries=0, leader_commit=0)
9144.5ms Vehicle 9 RECEIVED AppendEntries from vehicle 7 (n_entries=0, leader_commit=0)
9145.2ms Vehicle 10 RECEIVED AppendEntries from vehicle 7 (n_entries=0, leader_commit=0)
9.15 [STOP_CHECK][V3] road=N2C dist=23.7m (lanePos=169.1 laneLen=192.8) stopDist=5.0m speed=14.3m/s
9.15 [STOP_CHECK][V7] road=E2C dist=17.7m (lanePos=175.1 laneLen=192.8) stopDist=5.0m speed=12.8m/s
9.2 [STOP_CHECK][V3] road=N2C dist=22.3m (lanePos=170.5 laneLen=192.8) stopDist=5.0m speed=14.3m/s
9.2 [STOP_CHECK][V7] road=E2C dist=16.4m (lanePos=176.4 laneLen=192.8) stopDist=5.0m speed=12.3m/s
9.25 [STOP_CHECK][V3] road=N2C dist=22.3m (lanePos=170.5 laneLen=192.8) stopDist=5.0m speed=14.3m/s
9.25 [STOP_CHECK][V7] road=E2C dist=16.4m (lanePos=176.4 laneLen=192.8) stopDist=5.0m speed=12.3m/s
9.3 [STOP_CHECK][V3] road=N2C dist=20.8m (lanePos=172.0 laneLen=192.8) stopDist=5.0m speed=14.3m/s
9.3 [STOP_CHECK][V7] road=E2C dist=15.3m (lanePos=177.5 laneLen=192.8) stopDist=5.0m speed=11.9m/s
9340.0ms Leader 7 SENDING AppendEntries to vehicle 0 (n_entries=0, leader_commit=0)
9340.0ms Leader 7 SENDING AppendEntries to vehicle 1 (n_entries=0, leader_commit=0)
9340.0ms Leader 7 SENDING AppendEntries to vehicle 2 (n_entries=0, leader_commit=0)
9340.0ms Leader 7 SENDING AppendEntries to vehicle 3 (n_entries=0, leader_commit=0)
9340.0ms Leader 7 SENDING AppendEntries to vehicle 4 (n_entries=0, leader_commit=0)
9340.0ms Leader 7 SENDING AppendEntries to vehicle 5 (n_entries=0, leader_commit=0)
9340.0ms Leader 7 SENDING AppendEntries to vehicle 6 (n_entries=0, leader_commit=0)
9340.0ms Leader 7 SENDING AppendEntries to vehicle 8 (n_entries=0, leader_commit=0)
9340.0ms Leader 7 SENDING AppendEntries to vehicle 9 (n_entries=0, leader_commit=0)
9340.0ms Leader 7 SENDING AppendEntries to vehicle 10 (n_entries=0, leader_commit=0)
9340.2ms Vehicle 0 RECEIVED AppendEntries from vehicle 7 (n_entries=0, leader_commit=0)
9340.4ms Vehicle 1 RECEIVED AppendEntries from vehicle 7 (n_entries=0, leader_commit=0)
9340.8ms Vehicle 2 RECEIVED AppendEntries from vehicle 7 (n_entries=0, leader_commit=0)
9341.4ms Vehicle 3 RECEIVED AppendEntries from vehicle 7 (n_entries=0, leader_commit=0)
9342.4ms Vehicle 4 RECEIVED AppendEntries from vehicle 7 (n_entries=0, leader_commit=0)
9342.9ms Vehicle 5 RECEIVED AppendEntries from vehicle 7 (n_entries=0, leader_commit=0)
9343.6ms Vehicle 6 RECEIVED AppendEntries from vehicle 7 (n_entries=0, leader_commit=0)
9344.2ms Vehicle 8 RECEIVED AppendEntries from vehicle 7 (n_entries=0, leader_commit=0)
9344.5ms Vehicle 9 RECEIVED AppendEntries from vehicle 7 (n_entries=0, leader_commit=0)
9344.8ms Vehicle 10 RECEIVED AppendEntries from vehicle 7 (n_entries=0, leader_commit=0)
9.35 [STOP_CHECK][V3] road=N2C dist=20.8m (lanePos=172.0 laneLen=192.8) stopDist=5.0m speed=14.3m/s
9.35 [STOP_CHECK][V7] road=E2C dist=15.3m (lanePos=177.5 laneLen=192.8) stopDist=5.0m speed=11.9m/s
9.4 [STOP_CHECK][V3] road=N2C dist=19.4m (lanePos=173.4 laneLen=192.8) stopDist=5.0m speed=14.3m/s
9.4 [STOP_CHECK][V5] road=S2C dist=24.1m (lanePos=168.7 laneLen=192.8) stopDist=5.0m speed=16.0m/s
9.4 [STOP_CHECK][V7] road=E2C dist=14.1m (lanePos=178.7 laneLen=192.8) stopDist=5.0m speed=11.4m/s
9.45 [STOP_CHECK][V3] road=N2C dist=19.4m (lanePos=173.4 laneLen=192.8) stopDist=5.0m speed=14.3m/s
9.45 [STOP_CHECK][V5] road=S2C dist=24.1m (lanePos=168.7 laneLen=192.8) stopDist=5.0m speed=16.0m/s
9.45 [STOP_CHECK][V7] road=E2C dist=14.1m (lanePos=178.7 laneLen=192.8) stopDist=5.0m speed=11.4m/s
9.5 [STOP_CHECK][V3] road=N2C dist=18.0m (lanePos=174.8 laneLen=192.8) stopDist=5.0m speed=14.3m/s
9.5 [STOP_CHECK][V5] road=S2C dist=22.5m (lanePos=170.3 laneLen=192.8) stopDist=5.0m speed=15.9m/s
9.5 [STOP_CHECK][V7] road=E2C dist=13.0m (lanePos=179.8 laneLen=192.8) stopDist=5.0m speed=11.0m/s
9540.0ms Leader 7 SENDING AppendEntries to vehicle 0 (n_entries=0, leader_commit=0)
9540.0ms Leader 7 SENDING AppendEntries to vehicle 1 (n_entries=0, leader_commit=0)
9540.0ms Leader 7 SENDING AppendEntries to vehicle 2 (n_entries=0, leader_commit=0)
9540.0ms Leader 7 SENDING AppendEntries to vehicle 3 (n_entries=0, leader_commit=0)
9540.0ms Leader 7 SENDING AppendEntries to vehicle 4 (n_entries=0, leader_commit=0)
9540.0ms Leader 7 SENDING AppendEntries to vehicle 5 (n_entries=0, leader_commit=0)
9540.0ms Leader 7 SENDING AppendEntries to vehicle 6 (n_entries=0, leader_commit=0)
9540.0ms Leader 7 SENDING AppendEntries to vehicle 8 (n_entries=0, leader_commit=0)
9540.0ms Leader 7 SENDING AppendEntries to vehicle 9 (n_entries=0, leader_commit=0)
9540.0ms Leader 7 SENDING AppendEntries to vehicle 10 (n_entries=0, leader_commit=0)
9540.2ms Vehicle 0 RECEIVED AppendEntries from vehicle 7 (n_entries=0, leader_commit=0)
9540.4ms Vehicle 1 RECEIVED AppendEntries from vehicle 7 (n_entries=0, leader_commit=0)
9540.8ms Vehicle 2 RECEIVED AppendEntries from vehicle 7 (n_entries=0, leader_commit=0)
9541.4ms Vehicle 3 RECEIVED AppendEntries from vehicle 7 (n_entries=0, leader_commit=0)
9541.6ms Vehicle 4 RECEIVED AppendEntries from vehicle 7 (n_entries=0, leader_commit=0)
9542.6ms Vehicle 5 RECEIVED AppendEntries from vehicle 7 (n_entries=0, leader_commit=0)
9542.9ms Vehicle 6 RECEIVED AppendEntries from vehicle 7 (n_entries=0, leader_commit=0)
9543.1ms Vehicle 8 RECEIVED AppendEntries from vehicle 7 (n_entries=0, leader_commit=0)
9543.9ms Vehicle 9 RECEIVED AppendEntries from vehicle 7 (n_entries=0, leader_commit=0)
9544.4ms Vehicle 10 RECEIVED AppendEntries from vehicle 7 (n_entries=0, leader_commit=0)
9.55 [STOP_CHECK][V3] road=N2C dist=18.0m (lanePos=174.8 laneLen=192.8) stopDist=5.0m speed=14.3m/s
9.55 [STOP_CHECK][V5] road=S2C dist=22.5m (lanePos=170.3 laneLen=192.8) stopDist=5.0m speed=15.9m/s
9.55 [STOP_CHECK][V7] road=E2C dist=13.0m (lanePos=179.8 laneLen=192.8) stopDist=5.0m speed=11.0m/s
9.6 [STOP_CHECK][V3] road=N2C dist=16.5m (lanePos=176.3 laneLen=192.8) stopDist=5.0m speed=14.4m/s
9.6 [STOP_CHECK][V5] road=S2C dist=20.9m (lanePos=171.9 laneLen=192.8) stopDist=5.0m speed=16.0m/s
9.6 [STOP_CHECK][V7] road=E2C dist=12.0m (lanePos=180.8 laneLen=192.8) stopDist=5.0m speed=10.5m/s
9.65 [STOP_CHECK][V3] road=N2C dist=16.5m (lanePos=176.3 laneLen=192.8) stopDist=5.0m speed=14.4m/s
9.65 [STOP_CHECK][V5] road=S2C dist=20.9m (lanePos=171.9 laneLen=192.8) stopDist=5.0m speed=16.0m/s
9.65 [STOP_CHECK][V7] road=E2C dist=12.0m (lanePos=180.8 laneLen=192.8) stopDist=5.0m speed=10.5m/s
9.7 [STOP_CHECK][V3] road=N2C dist=15.1m (lanePos=177.7 laneLen=192.8) stopDist=5.0m speed=14.3m/s
9.7 [STOP_CHECK][V5] road=S2C dist=19.3m (lanePos=173.5 laneLen=192.8) stopDist=5.0m speed=15.9m/s
9.7 [STOP_CHECK][V7] road=E2C dist=10.9m (lanePos=181.9 laneLen=192.8) stopDist=5.0m speed=10.1m/s
9720.0ms Vehicle 11 sendRequestVote called for node 1
9720.0ms Vehicle 11 sendRequestVote called for node 2
9720.0ms Vehicle 11 sendRequestVote called for node 3
9720.0ms Vehicle 11 sendRequestVote called for node 4
9720.0ms Vehicle 11 sendRequestVote called for node 5
9720.0ms Vehicle 11 sendRequestVote called for node 6
9720.0ms Vehicle 11 sendRequestVote called for node 7
9720.0ms Vehicle 11 sendRequestVote called for node 8
9720.0ms Vehicle 11 sendRequestVote called for node 9
9720.0ms Vehicle 11 sendRequestVote called for node 10
9720.0ms Vehicle 11 sendRequestVote called for node 11
9740.0ms Leader 7 SENDING AppendEntries to vehicle 0 (n_entries=0, leader_commit=0)
9740.0ms Leader 7 SENDING AppendEntries to vehicle 1 (n_entries=0, leader_commit=0)
9740.0ms Leader 7 SENDING AppendEntries to vehicle 2 (n_entries=0, leader_commit=0)
9740.0ms Leader 7 SENDING AppendEntries to vehicle 3 (n_entries=0, leader_commit=0)
9740.0ms Leader 7 SENDING AppendEntries to vehicle 4 (n_entries=0, leader_commit=0)
9740.0ms Leader 7 SENDING AppendEntries to vehicle 5 (n_entries=0, leader_commit=0)
9740.0ms Leader 7 SENDING AppendEntries to vehicle 6 (n_entries=0, leader_commit=0)
9740.0ms Leader 7 SENDING AppendEntries to vehicle 8 (n_entries=0, leader_commit=0)
9740.0ms Leader 7 SENDING AppendEntries to vehicle 9 (n_entries=0, leader_commit=0)
9740.0ms Leader 7 SENDING AppendEntries to vehicle 10 (n_entries=0, leader_commit=0)
9740.2ms Vehicle 0 RECEIVED AppendEntries from vehicle 7 (n_entries=0, leader_commit=0)
9740.6ms Vehicle 1 RECEIVED AppendEntries from vehicle 7 (n_entries=0, leader_commit=0)
9741.2ms Vehicle 2 RECEIVED AppendEntries from vehicle 7 (n_entries=0, leader_commit=0)
9741.4ms Vehicle 3 RECEIVED AppendEntries from vehicle 7 (n_entries=0, leader_commit=0)
9741.7ms Vehicle 4 RECEIVED AppendEntries from vehicle 7 (n_entries=0, leader_commit=0)
9742.3ms Vehicle 5 RECEIVED AppendEntries from vehicle 7 (n_entries=0, leader_commit=0)
9742.8ms Vehicle 6 RECEIVED AppendEntries from vehicle 7 (n_entries=0, leader_commit=0)
9743.0ms Vehicle 8 RECEIVED AppendEntries from vehicle 7 (n_entries=0, leader_commit=0)
9743.3ms Vehicle 9 RECEIVED AppendEntries from vehicle 7 (n_entries=0, leader_commit=0)
9.75 [STOP_CHECK][V3] road=N2C dist=15.1m (lanePos=177.7 laneLen=192.8) stopDist=5.0m speed=14.3m/s
9.75 [STOP_CHECK][V5] road=S2C dist=19.3m (lanePos=173.5 laneLen=192.8) stopDist=5.0m speed=15.9m/s
9.75 [STOP_CHECK][V7] road=E2C dist=10.9m (lanePos=181.9 laneLen=192.8) stopDist=5.0m speed=10.1m/s
9.8 [STOP_CHECK][V3] road=N2C dist=13.7m (lanePos=179.1 laneLen=192.8) stopDist=5.0m speed=14.4m/s
9.8 [STOP_CHECK][V5] road=S2C dist=17.7m (lanePos=175.1 laneLen=192.8) stopDist=5.0m speed=15.9m/s
9.8 [STOP_CHECK][V7] road=E2C dist=10.0m (lanePos=182.8 laneLen=192.8) stopDist=5.0m speed=9.6m/s
9.85 [STOP_CHECK][V3] road=N2C dist=13.7m (lanePos=179.1 laneLen=192.8) stopDist=5.0m speed=14.4m/s
9.85 [STOP_CHECK][V5] road=S2C dist=17.7m (lanePos=175.1 laneLen=192.8) stopDist=5.0m speed=15.9m/s
9.85 [STOP_CHECK][V7] road=E2C dist=10.0m (lanePos=182.8 laneLen=192.8) stopDist=5.0m speed=9.6m/s
9.9 [STOP_CHECK][V3] road=N2C dist=12.2m (lanePos=180.6 laneLen=192.8) stopDist=5.0m speed=14.3m/s
9.9 [STOP_CHECK][V5] road=S2C dist=16.1m (lanePos=176.7 laneLen=192.8) stopDist=5.0m speed=16.0m/s
9.9 [STOP_CHECK][V7] road=E2C dist=9.1m (lanePos=183.7 laneLen=192.8) stopDist=5.0m speed=9.2m/s
9940.0ms Leader 7 SENDING AppendEntries to vehicle 0 (n_entries=0, leader_commit=0)
9940.0ms Leader 7 SENDING AppendEntries to vehicle 1 (n_entries=0, leader_commit=0)
9940.0ms Leader 7 SENDING AppendEntries to vehicle 2 (n_entries=0, leader_commit=0)
9940.0ms Leader 7 SENDING AppendEntries to vehicle 3 (n_entries=0, leader_commit=0)
9940.0ms Leader 7 SENDING AppendEntries to vehicle 4 (n_entries=0, leader_commit=0)
9940.0ms Leader 7 SENDING AppendEntries to vehicle 5 (n_entries=0, leader_commit=0)
9940.0ms Leader 7 SENDING AppendEntries to vehicle 6 (n_entries=0, leader_commit=0)
9940.0ms Leader 7 SENDING AppendEntries to vehicle 8 (n_entries=0, leader_commit=0)
9940.0ms Leader 7 SENDING AppendEntries to vehicle 9 (n_entries=0, leader_commit=0)
9940.0ms Leader 7 SENDING AppendEntries to vehicle 10 (n_entries=0, leader_commit=0)
9940.2ms Vehicle 0 RECEIVED AppendEntries from vehicle 7 (n_entries=0, leader_commit=0)
9940.6ms Vehicle 1 RECEIVED AppendEntries from vehicle 7 (n_entries=0, leader_commit=0)
9941.0ms Vehicle 2 RECEIVED AppendEntries from vehicle 7 (n_entries=0, leader_commit=0)
9941.7ms Vehicle 3 RECEIVED AppendEntries from vehicle 7 (n_entries=0, leader_commit=0)
9942.2ms Vehicle 4 RECEIVED AppendEntries from vehicle 7 (n_entries=0, leader_commit=0)
9942.7ms Vehicle 5 RECEIVED AppendEntries from vehicle 7 (n_entries=0, leader_commit=0)
9943.4ms Vehicle 6 RECEIVED AppendEntries from vehicle 7 (n_entries=0, leader_commit=0)
9944.1ms Vehicle 8 RECEIVED AppendEntries from vehicle 7 (n_entries=0, leader_commit=0)
9944.3ms Vehicle 9 RECEIVED AppendEntries from vehicle 7 (n_entries=0, leader_commit=0)
9944.8ms Vehicle 10 RECEIVED AppendEntries from vehicle 7 (n_entries=0, leader_commit=0)
9.95 [STOP_CHECK][V3] road=N2C dist=12.2m (lanePos=180.6 laneLen=192.8) stopDist=5.0m speed=14.3m/s
9.95 [STOP_CHECK][V5] road=S2C dist=16.1m (lanePos=176.7 laneLen=192.8) stopDist=5.0m speed=16.0m/s
9.95 [STOP_CHECK][V7] road=E2C dist=9.1m (lanePos=183.7 laneLen=192.8) stopDist=5.0m speed=9.2m/s
10 [STOP_CHECK][V3] road=N2C dist=10.8m (lanePos=182.0 laneLen=192.8) stopDist=5.0m speed=14.4m/s
10 [STOP_CHECK][V5] road=S2C dist=14.5m (lanePos=178.3 laneLen=192.8) stopDist=5.0m speed=16.0m/s
10 [STOP_CHECK][V7] road=E2C dist=8.2m (lanePos=184.6 laneLen=192.8) stopDist=5.0m speed=8.7m/s
10.05 [STOP_CHECK][V3] road=N2C dist=10.8m (lanePos=182.0 laneLen=192.8) stopDist=5.0m speed=14.4m/s
10.05 [STOP_CHECK][V5] road=S2C dist=14.5m (lanePos=178.3 laneLen=192.8) stopDist=5.0m speed=16.0m/s
10.05 [STOP_CHECK][V7] road=E2C dist=8.2m (lanePos=184.6 laneLen=192.8) stopDist=5.0m speed=8.7m/s
10.1 [DBG][V11] POS roadId=W2C dist=78.4m speed=13.7m/s onApproach=YES stopped=0 phase=2 leader=0 committed=0 myBatch=-1 curBatch=0
10.1 [DBG][V10] POS roadId=S2C dist=88.2m speed=11.6m/s onApproach=YES stopped=0 phase=2 leader=0 committed=0 myBatch=-1 curBatch=0
10.1 [DBG][V9] POS roadId=E2C dist=66.3m speed=14.0m/s onApproach=YES stopped=0 phase=2 leader=0 committed=0 myBatch=-1 curBatch=0
10.1 [DBG][V8] POS roadId=W2C dist=59.7m speed=14.5m/s onApproach=YES stopped=0 phase=2 leader=0 committed=0 myBatch=-1 curBatch=0
10.1 [DBG][V0] POS roadId=W2C dist=38.3m speed=15.5m/s onApproach=YES stopped=0 phase=2 leader=1 committed=0 myBatch=-1 curBatch=0
10.1 [DBG][V1] POS roadId=N2C dist=64.0m speed=12.8m/s onApproach=YES stopped=0 phase=2 leader=0 committed=0 myBatch=-1 curBatch=0
10.1 [DBG][V2] POS roadId=N2C dist=36.5m speed=13.6m/s onApproach=YES stopped=0 phase=2 leader=0 committed=0 myBatch=-1 curBatch=0
10.1 [DBG][V3] POS roadId=N2C dist=9.4m speed=14.4m/s onApproach=YES stopped=0 phase=2 leader=0 committed=0 myBatch=-1 curBatch=0
10.1 [STOP_CHECK][V3] road=N2C dist=9.4m (lanePos=183.4 laneLen=192.8) stopDist=5.0m speed=14.4m/s
10.1 [DBG][V4] POS roadId=S2C dist=70.8m speed=12.3m/s onApproach=YES stopped=0 phase=2 leader=0 committed=0 myBatch=-1 curBatch=0
10.1 [DBG][V5] POS roadId=S2C dist=12.9m speed=16.0m/s onApproach=YES stopped=0 phase=2 leader=0 committed=0 myBatch=-1 curBatch=0
10.1 [STOP_CHECK][V5] road=S2C dist=12.9m (lanePos=179.9 laneLen=192.8) stopDist=5.0m speed=16.0m/s
10.1 [DBG][V6] POS roadId=E2C dist=47.0m speed=14.5m/s onApproach=YES stopped=0 phase=2 leader=0 committed=0 myBatch=-1 curBatch=0
10.1 [DBG][V7] POS roadId=E2C dist=7.4m speed=8.3m/s onApproach=YES stopped=0 phase=2 leader=1 committed=0 myBatch=-1 curBatch=0
10.1 [STOP_CHECK][V7] road=E2C dist=7.4m (lanePos=185.4 laneLen=192.8) stopDist=5.0m speed=8.3m/s
10140.0ms Leader 7 SENDING AppendEntries to vehicle 0 (n_entries=0, leader_commit=0)
10140.0ms Leader 7 SENDING AppendEntries to vehicle 1 (n_entries=0, leader_commit=0)
10140.0ms Leader 7 SENDING AppendEntries to vehicle 2 (n_entries=0, leader_commit=0)
10140.0ms Leader 7 SENDING AppendEntries to vehicle 3 (n_entries=0, leader_commit=0)
10140.0ms Leader 7 SENDING AppendEntries to vehicle 4 (n_entries=0, leader_commit=0)
10140.0ms Leader 7 SENDING AppendEntries to vehicle 5 (n_entries=0, leader_commit=0)
10140.0ms Leader 7 SENDING AppendEntries to vehicle 6 (n_entries=0, leader_commit=0)
10140.0ms Leader 7 SENDING AppendEntries to vehicle 8 (n_entries=0, leader_commit=0)
10140.0ms Leader 7 SENDING AppendEntries to vehicle 9 (n_entries=0, leader_commit=0)
10140.0ms Leader 7 SENDING AppendEntries to vehicle 10 (n_entries=0, leader_commit=0)
10140.2ms Vehicle 0 RECEIVED AppendEntries from vehicle 7 (n_entries=0, leader_commit=0)
10140.5ms Vehicle 1 RECEIVED AppendEntries from vehicle 7 (n_entries=0, leader_commit=0)
10140.9ms Vehicle 2 RECEIVED AppendEntries from vehicle 7 (n_entries=0, leader_commit=0)
10141.7ms Vehicle 4 RECEIVED AppendEntries from vehicle 7 (n_entries=0, leader_commit=0)
10141.9ms Vehicle 5 RECEIVED AppendEntries from vehicle 7 (n_entries=0, leader_commit=0)
10142.2ms Vehicle 6 RECEIVED AppendEntries from vehicle 7 (n_entries=0, leader_commit=0)
10142.5ms Vehicle 8 RECEIVED AppendEntries from vehicle 7 (n_entries=0, leader_commit=0)
10142.7ms Vehicle 9 RECEIVED AppendEntries from vehicle 7 (n_entries=0, leader_commit=0)
10.15 [STOP_CHECK][V3] road=N2C dist=9.4m (lanePos=183.4 laneLen=192.8) stopDist=5.0m speed=14.4m/s
10.15 [STOP_CHECK][V5] road=S2C dist=12.9m (lanePos=179.9 laneLen=192.8) stopDist=5.0m speed=16.0m/s
10.15 [STOP_CHECK][V7] road=E2C dist=7.4m (lanePos=185.4 laneLen=192.8) stopDist=5.0m speed=8.3m/s
10.2 [STOP_CHECK][V3] road=N2C dist=7.9m (lanePos=184.9 laneLen=192.8) stopDist=5.0m speed=14.4m/s
10.2 [STOP_CHECK][V5] road=S2C dist=11.3m (lanePos=181.5 laneLen=192.8) stopDist=5.0m speed=16.1m/s
10.2 [STOP_CHECK][V7] road=E2C dist=6.6m (lanePos=186.2 laneLen=192.8) stopDist=5.0m speed=7.8m/s
10.25 [STOP_CHECK][V3] road=N2C dist=7.9m (lanePos=184.9 laneLen=192.8) stopDist=5.0m speed=14.4m/s
10.25 [STOP_CHECK][V5] road=S2C dist=11.3m (lanePos=181.5 laneLen=192.8) stopDist=5.0m speed=16.1m/s
10.25 [STOP_CHECK][V7] road=E2C dist=6.6m (lanePos=186.2 laneLen=192.8) stopDist=5.0m speed=7.8m/s
10.3 [STOP_CHECK][V3] road=N2C dist=6.5m (lanePos=186.3 laneLen=192.8) stopDist=5.0m speed=14.4m/s
10.3 [STOP_CHECK][V5] road=S2C dist=9.7m (lanePos=183.1 laneLen=192.8) stopDist=5.0m speed=16.0m/s
10.3 [STOP_CHECK][V7] road=E2C dist=5.8m (lanePos=187.0 laneLen=192.8) stopDist=5.0m speed=7.4m/s
10320.0ms Vehicle 11 sendRequestVote called for node 1
10320.0ms Vehicle 11 sendRequestVote called for node 2
10320.0ms Vehicle 11 sendRequestVote called for node 3
10320.0ms Vehicle 11 sendRequestVote called for node 4
10320.0ms Vehicle 11 sendRequestVote called for node 5
10320.0ms Vehicle 11 sendRequestVote called for node 6
10320.0ms Vehicle 11 sendRequestVote called for node 7
10320.0ms Vehicle 11 sendRequestVote called for node 8
10320.0ms Vehicle 11 sendRequestVote called for node 9
10320.0ms Vehicle 11 sendRequestVote called for node 10
10320.0ms Vehicle 11 sendRequestVote called for node 11
10340.0ms Leader 7 SENDING AppendEntries to vehicle 0 (n_entries=0, leader_commit=0)
10340.0ms Leader 7 SENDING AppendEntries to vehicle 1 (n_entries=0, leader_commit=0)
10340.0ms Leader 7 SENDING AppendEntries to vehicle 2 (n_entries=0, leader_commit=0)
10340.0ms Leader 7 SENDING AppendEntries to vehicle 3 (n_entries=0, leader_commit=0)
10340.0ms Leader 7 SENDING AppendEntries to vehicle 4 (n_entries=0, leader_commit=0)
10340.0ms Leader 7 SENDING AppendEntries to vehicle 5 (n_entries=0, leader_commit=0)
10340.0ms Leader 7 SENDING AppendEntries to vehicle 6 (n_entries=0, leader_commit=0)
10340.0ms Leader 7 SENDING AppendEntries to vehicle 8 (n_entries=0, leader_commit=0)
10340.0ms Leader 7 SENDING AppendEntries to vehicle 9 (n_entries=0, leader_commit=0)
10340.0ms Leader 7 SENDING AppendEntries to vehicle 10 (n_entries=0, leader_commit=0)
10340.2ms Vehicle 0 RECEIVED AppendEntries from vehicle 7 (n_entries=0, leader_commit=0)
10340.6ms Vehicle 1 RECEIVED AppendEntries from vehicle 7 (n_entries=0, leader_commit=0)
10341.3ms Vehicle 2 RECEIVED AppendEntries from vehicle 7 (n_entries=0, leader_commit=0)
10341.6ms Vehicle 3 RECEIVED AppendEntries from vehicle 7 (n_entries=0, leader_commit=0)
10342.3ms Vehicle 4 RECEIVED AppendEntries from vehicle 7 (n_entries=0, leader_commit=0)
10342.8ms Vehicle 5 RECEIVED AppendEntries from vehicle 7 (n_entries=0, leader_commit=0)
10343.9ms Vehicle 8 RECEIVED AppendEntries from vehicle 7 (n_entries=0, leader_commit=0)
10344.6ms Vehicle 9 RECEIVED AppendEntries from vehicle 7 (n_entries=0, leader_commit=0)
10344.8ms Vehicle 10 RECEIVED AppendEntries from vehicle 7 (n_entries=0, leader_commit=0)
10.35 [STOP_CHECK][V3] road=N2C dist=6.5m (lanePos=186.3 laneLen=192.8) stopDist=5.0m speed=14.4m/s
10.35 [STOP_CHECK][V5] road=S2C dist=9.7m (lanePos=183.1 laneLen=192.8) stopDist=5.0m speed=16.0m/s
10.35 [STOP_CHECK][V7] road=E2C dist=5.8m (lanePos=187.0 laneLen=192.8) stopDist=5.0m speed=7.4m/s
10.4 [STOP_CHECK][V3] road=N2C dist=5.1m (lanePos=187.7 laneLen=192.8) stopDist=5.0m speed=14.3m/s
10.4 [STOP_CHECK][V5] road=S2C dist=8.1m (lanePos=184.7 laneLen=192.8) stopDist=5.0m speed=16.0m/s
10.4 [STOP_CHECK][V7] road=E2C dist=5.1m (lanePos=187.7 laneLen=192.8) stopDist=5.0m speed=6.9m/s
10.45 [STOP_CHECK][V3] road=N2C dist=5.1m (lanePos=187.7 laneLen=192.8) stopDist=5.0m speed=14.3m/s
10.45 [STOP_CHECK][V5] road=S2C dist=8.1m (lanePos=184.7 laneLen=192.8) stopDist=5.0m speed=16.0m/s
10.45 [STOP_CHECK][V7] road=E2C dist=5.1m (lanePos=187.7 laneLen=192.8) stopDist=5.0m speed=6.9m/s
10.5 [DBG][V12] POS roadId=N2C dist=76.2m speed=12.0m/s onApproach=YES stopped=0 phase=2 leader=0 committed=0 myBatch=-1 curBatch=0
10.5 [STOP_CHECK][V3] road=N2C dist=3.6m (lanePos=189.2 laneLen=192.8) stopDist=5.0m speed=14.3m/s
10.5 [DBG][V3] WOS_CALC laneIdx=3 wos=1 traciLeader=NONE gap=-1.0
10.5 [STOP_CHECK][V3] STOPPED (front, hard stop) dist=3.6m road=N2C wos=1 frontVeh=-1 isLeader=0
10500.0ms Vehicle 3 STOPPED (front) at dist=3.6m
10.5 [STOP_CHECK][V5] road=S2C dist=6.5m (lanePos=186.3 laneLen=192.8) stopDist=5.0m speed=15.9m/s
10.5 [STOP_CHECK][V7] road=E2C dist=4.5m (lanePos=188.3 laneLen=192.8) stopDist=5.0m speed=6.5m/s
10.5 [DBG][V7] WOS_CALC laneIdx=2 wos=1 traciLeader=NONE gap=-1.0
10.5 [STOP_CHECK][V7] STOPPED (front, hard stop) dist=4.5m road=E2C wos=1 frontVeh=-1 isLeader=1
10500.0ms Vehicle 7 STOPPED (front) at dist=4.5m
10540.0ms Leader 7 SENDING AppendEntries to vehicle 0 (n_entries=0, leader_commit=0)
10540.0ms Leader 7 SENDING AppendEntries to vehicle 1 (n_entries=0, leader_commit=0)
10540.0ms Leader 7 SENDING AppendEntries to vehicle 2 (n_entries=0, leader_commit=0)
10540.0ms Leader 7 SENDING AppendEntries to vehicle 3 (n_entries=0, leader_commit=0)
10540.0ms Leader 7 SENDING AppendEntries to vehicle 4 (n_entries=0, leader_commit=0)
10540.0ms Leader 7 SENDING AppendEntries to vehicle 5 (n_entries=0, leader_commit=0)
10540.0ms Leader 7 SENDING AppendEntries to vehicle 6 (n_entries=0, leader_commit=0)
10540.0ms Leader 7 SENDING AppendEntries to vehicle 8 (n_entries=0, leader_commit=0)
10540.0ms Leader 7 SENDING AppendEntries to vehicle 9 (n_entries=0, leader_commit=0)
10540.0ms Leader 7 SENDING AppendEntries to vehicle 10 (n_entries=0, leader_commit=0)
10540.2ms Vehicle 0 RECEIVED AppendEntries from vehicle 7 (n_entries=0, leader_commit=0)
10540.4ms Vehicle 1 RECEIVED AppendEntries from vehicle 7 (n_entries=0, leader_commit=0)
10541.1ms Vehicle 2 RECEIVED AppendEntries from vehicle 7 (n_entries=0, leader_commit=0)
10541.5ms Vehicle 3 RECEIVED AppendEntries from vehicle 7 (n_entries=0, leader_commit=0)
10542.3ms Vehicle 4 RECEIVED AppendEntries from vehicle 7 (n_entries=0, leader_commit=0)
10543.0ms Vehicle 5 RECEIVED AppendEntries from vehicle 7 (n_entries=0, leader_commit=0)
10543.8ms Vehicle 6 RECEIVED AppendEntries from vehicle 7 (n_entries=0, leader_commit=0)
10544.0ms Vehicle 8 RECEIVED AppendEntries from vehicle 7 (n_entries=0, leader_commit=0)
10544.9ms Vehicle 9 RECEIVED AppendEntries from vehicle 7 (n_entries=0, leader_commit=0)
10545.4ms Vehicle 10 RECEIVED AppendEntries from vehicle 7 (n_entries=0, leader_commit=0)
10.55 [STOP_CHECK][V5] road=S2C dist=6.5m (lanePos=186.3 laneLen=192.8) stopDist=5.0m speed=15.9m/s
10560.0ms Vehicle 13 sendRequestVote called for node 1
10560.0ms Vehicle 13 sendRequestVote called for node 2
10560.0ms Vehicle 13 sendRequestVote called for node 3
10560.0ms Vehicle 13 sendRequestVote called for node 4
10560.0ms Vehicle 13 sendRequestVote called for node 5
10560.0ms Vehicle 13 sendRequestVote called for node 6
10560.0ms Vehicle 13 sendRequestVote called for node 7
10560.0ms Vehicle 13 sendRequestVote called for node 8
10560.0ms Vehicle 13 sendRequestVote called for node 9
10560.0ms Vehicle 13 sendRequestVote called for node 10
10560.0ms Vehicle 13 sendRequestVote called for node 11
10560.0ms Vehicle 13 sendRequestVote called for node 12
10560.0ms Vehicle 13 sendRequestVote called for node 13
10580.0ms Vehicle 14 sendRequestVote called for node 1
10580.0ms Vehicle 14 sendRequestVote called for node 2
10580.0ms Vehicle 14 sendRequestVote called for node 3
10580.0ms Vehicle 14 sendRequestVote called for node 4
10580.0ms Vehicle 14 sendRequestVote called for node 5
10580.0ms Vehicle 14 sendRequestVote called for node 6
10580.0ms Vehicle 14 sendRequestVote called for node 7
10580.0ms Vehicle 14 sendRequestVote called for node 8
10580.0ms Vehicle 14 sendRequestVote called for node 9
10580.0ms Vehicle 14 sendRequestVote called for node 10
10580.0ms Vehicle 14 sendRequestVote called for node 11
10580.0ms Vehicle 14 sendRequestVote called for node 12
10580.0ms Vehicle 14 sendRequestVote called for node 13
10580.0ms Vehicle 14 sendRequestVote called for node 14
10.6 [STOP_CHECK][V5] road=S2C dist=4.9m (lanePos=187.9 laneLen=192.8) stopDist=5.0m speed=16.0m/s
10.6 [DBG][V5] WOS_CALC laneIdx=1 wos=1 traciLeader=NONE gap=-1.0
10.6 [STOP_CHECK][V5] STOPPED (front, hard stop) dist=4.9m road=S2C wos=1 frontVeh=-1 isLeader=0
10600.0ms Vehicle 5 STOPPED (front) at dist=4.9m
10740.0ms Leader 7 SENDING AppendEntries to vehicle 0 (n_entries=0, leader_commit=0)
10740.0ms Leader 7 SENDING AppendEntries to vehicle 1 (n_entries=0, leader_commit=0)
10740.0ms Leader 7 SENDING AppendEntries to vehicle 2 (n_entries=0, leader_commit=0)
10740.0ms Leader 7 SENDING AppendEntries to vehicle 3 (n_entries=0, leader_commit=0)
10740.0ms Leader 7 SENDING AppendEntries to vehicle 4 (n_entries=0, leader_commit=0)
10740.0ms Leader 7 SENDING AppendEntries to vehicle 5 (n_entries=0, leader_commit=0)
10740.0ms Leader 7 SENDING AppendEntries to vehicle 6 (n_entries=0, leader_commit=0)
10740.0ms Leader 7 SENDING AppendEntries to vehicle 8 (n_entries=0, leader_commit=0)
10740.0ms Leader 7 SENDING AppendEntries to vehicle 9 (n_entries=0, leader_commit=0)
10740.0ms Leader 7 SENDING AppendEntries to vehicle 10 (n_entries=0, leader_commit=0)
10740.2ms Vehicle 0 RECEIVED AppendEntries from vehicle 7 (n_entries=0, leader_commit=0)
10740.5ms Vehicle 1 RECEIVED AppendEntries from vehicle 7 (n_entries=0, leader_commit=0)
10741.1ms Vehicle 2 RECEIVED AppendEntries from vehicle 7 (n_entries=0, leader_commit=0)
10741.4ms Vehicle 3 RECEIVED AppendEntries from vehicle 7 (n_entries=0, leader_commit=0)
10742.4ms Vehicle 4 RECEIVED AppendEntries from vehicle 7 (n_entries=0, leader_commit=0)
10742.8ms Vehicle 5 RECEIVED AppendEntries from vehicle 7 (n_entries=0, leader_commit=0)
10743.3ms Vehicle 6 RECEIVED AppendEntries from vehicle 7 (n_entries=0, leader_commit=0)
10743.5ms Vehicle 8 RECEIVED AppendEntries from vehicle 7 (n_entries=0, leader_commit=0)
10744.5ms Vehicle 9 RECEIVED AppendEntries from vehicle 7 (n_entries=0, leader_commit=0)
10744.7ms Vehicle 10 RECEIVED AppendEntries from vehicle 7 (n_entries=0, leader_commit=0)
10.8 [DBG][V13] POS roadId=E2C dist=74.2m speed=12.6m/s onApproach=YES stopped=0 phase=2 leader=0 committed=0 myBatch=-1 curBatch=0
10940.0ms Leader 7 SENDING AppendEntries to vehicle 0 (n_entries=0, leader_commit=0)
10940.0ms Leader 7 SENDING AppendEntries to vehicle 1 (n_entries=0, leader_commit=0)
10940.0ms Leader 7 SENDING AppendEntries to vehicle 2 (n_entries=0, leader_commit=0)
10940.0ms Leader 7 SENDING AppendEntries to vehicle 3 (n_entries=0, leader_commit=0)
10940.0ms Leader 7 SENDING AppendEntries to vehicle 4 (n_entries=0, leader_commit=0)
10940.0ms Leader 7 SENDING AppendEntries to vehicle 5 (n_entries=0, leader_commit=0)
10940.0ms Leader 7 SENDING AppendEntries to vehicle 6 (n_entries=0, leader_commit=0)
10940.0ms Leader 7 SENDING AppendEntries to vehicle 8 (n_entries=0, leader_commit=0)
10940.0ms Leader 7 SENDING AppendEntries to vehicle 9 (n_entries=0, leader_commit=0)
10940.0ms Leader 7 SENDING AppendEntries to vehicle 10 (n_entries=0, leader_commit=0)
10940.2ms Vehicle 0 RECEIVED AppendEntries from vehicle 7 (n_entries=0, leader_commit=0)
10940.5ms Vehicle 1 RECEIVED AppendEntries from vehicle 7 (n_entries=0, leader_commit=0)
10941.2ms Vehicle 2 RECEIVED AppendEntries from vehicle 7 (n_entries=0, leader_commit=0)
10941.4ms Vehicle 3 RECEIVED AppendEntries from vehicle 7 (n_entries=0, leader_commit=0)
10942.4ms Vehicle 4 RECEIVED AppendEntries from vehicle 7 (n_entries=0, leader_commit=0)
10942.7ms Vehicle 5 RECEIVED AppendEntries from vehicle 7 (n_entries=0, leader_commit=0)
10943.3ms Vehicle 6 RECEIVED AppendEntries from vehicle 7 (n_entries=0, leader_commit=0)
10944.1ms Vehicle 8 RECEIVED AppendEntries from vehicle 7 (n_entries=0, leader_commit=0)
10944.8ms Vehicle 9 RECEIVED AppendEntries from vehicle 7 (n_entries=0, leader_commit=0)
10945.1ms Vehicle 10 RECEIVED AppendEntries from vehicle 7 (n_entries=0, leader_commit=0)
11 [STOP_CHECK][V0] road=W2C dist=24.5m (lanePos=168.3 laneLen=192.8) stopDist=5.0m speed=15.0m/s
11 [STOP_CHECK][V2] road=N2C dist=24.8m (lanePos=168.0 laneLen=192.8) stopDist=5.0m speed=11.4m/s
11000.0ms Vehicle 15 sendRequestVote called for node 1
11000.0ms Vehicle 15 sendRequestVote called for node 2
11000.0ms Vehicle 15 sendRequestVote called for node 3
11000.0ms Vehicle 15 sendRequestVote called for node 4
11000.0ms Vehicle 15 sendRequestVote called for node 5
11000.0ms Vehicle 15 sendRequestVote called for node 6
11000.0ms Vehicle 15 sendRequestVote called for node 7
11000.0ms Vehicle 15 sendRequestVote called for node 8
11000.0ms Vehicle 15 sendRequestVote called for node 9
11000.0ms Vehicle 15 sendRequestVote called for node 10
11000.0ms Vehicle 15 sendRequestVote called for node 11
11000.0ms Vehicle 15 sendRequestVote called for node 12
11000.0ms Vehicle 15 sendRequestVote called for node 13
11000.0ms Vehicle 15 sendRequestVote called for node 14
11000.0ms Vehicle 15 sendRequestVote called for node 15
11.05 [STOP_CHECK][V0] road=W2C dist=24.5m (lanePos=168.3 laneLen=192.8) stopDist=5.0m speed=15.0m/s
11.05 [STOP_CHECK][V2] road=N2C dist=24.8m (lanePos=168.0 laneLen=192.8) stopDist=5.0m speed=11.4m/s
11.1 [STOP_CHECK][V0] road=W2C dist=23.0m (lanePos=169.8 laneLen=192.8) stopDist=5.0m speed=14.5m/s
11.1 [STOP_CHECK][V2] road=N2C dist=23.7m (lanePos=169.1 laneLen=192.8) stopDist=5.0m speed=10.8m/s
11120.0ms Vehicle 11 sendRequestVote called for node 1
11120.0ms Vehicle 11 sendRequestVote called for node 2
11120.0ms Vehicle 11 sendRequestVote called for node 3
11120.0ms Vehicle 11 sendRequestVote called for node 4
11120.0ms Vehicle 11 sendRequestVote called for node 5
11120.0ms Vehicle 11 sendRequestVote called for node 6
11120.0ms Vehicle 11 sendRequestVote called for node 7
11120.0ms Vehicle 11 sendRequestVote called for node 8
11120.0ms Vehicle 11 sendRequestVote called for node 9
11120.0ms Vehicle 11 sendRequestVote called for node 10
11120.0ms Vehicle 11 sendRequestVote called for node 11
11140.0ms Leader 7 SENDING AppendEntries to vehicle 0 (n_entries=0, leader_commit=0)
11140.0ms Leader 7 SENDING AppendEntries to vehicle 1 (n_entries=0, leader_commit=0)
11140.0ms Leader 7 SENDING AppendEntries to vehicle 2 (n_entries=0, leader_commit=0)
11140.0ms Leader 7 SENDING AppendEntries to vehicle 3 (n_entries=0, leader_commit=0)
11140.0ms Leader 7 SENDING AppendEntries to vehicle 4 (n_entries=0, leader_commit=0)
11140.0ms Leader 7 SENDING AppendEntries to vehicle 5 (n_entries=0, leader_commit=0)
11140.0ms Leader 7 SENDING AppendEntries to vehicle 6 (n_entries=0, leader_commit=0)
11140.0ms Leader 7 SENDING AppendEntries to vehicle 8 (n_entries=0, leader_commit=0)
11140.0ms Leader 7 SENDING AppendEntries to vehicle 9 (n_entries=0, leader_commit=0)
11140.0ms Leader 7 SENDING AppendEntries to vehicle 10 (n_entries=0, leader_commit=0)
11140.2ms Vehicle 0 RECEIVED AppendEntries from vehicle 7 (n_entries=0, leader_commit=0)
11140.7ms Vehicle 1 RECEIVED AppendEntries from vehicle 7 (n_entries=0, leader_commit=0)
11141.3ms Vehicle 2 RECEIVED AppendEntries from vehicle 7 (n_entries=0, leader_commit=0)
11142.0ms Vehicle 3 RECEIVED AppendEntries from vehicle 7 (n_entries=0, leader_commit=0)
11142.3ms Vehicle 4 RECEIVED AppendEntries from vehicle 7 (n_entries=0, leader_commit=0)
11143.0ms Vehicle 5 RECEIVED AppendEntries from vehicle 7 (n_entries=0, leader_commit=0)
11144.0ms Vehicle 8 RECEIVED AppendEntries from vehicle 7 (n_entries=0, leader_commit=0)
11144.3ms Vehicle 9 RECEIVED AppendEntries from vehicle 7 (n_entries=0, leader_commit=0)
11145.0ms Vehicle 10 RECEIVED AppendEntries from vehicle 7 (n_entries=0, leader_commit=0)
11.15 [STOP_CHECK][V0] road=W2C dist=23.0m (lanePos=169.8 laneLen=192.8) stopDist=5.0m speed=14.5m/s
11.15 [STOP_CHECK][V2] road=N2C dist=23.7m (lanePos=169.1 laneLen=192.8) stopDist=5.0m speed=10.8m/s
11.2 [STOP_CHECK][V0] road=W2C dist=21.6m (lanePos=171.2 laneLen=192.8) stopDist=5.0m speed=14.1m/s
11.2 [STOP_CHECK][V2] road=N2C dist=22.7m (lanePos=170.1 laneLen=192.8) stopDist=5.0m speed=10.3m/s
11.25 [STOP_CHECK][V0] road=W2C dist=21.6m (lanePos=171.2 laneLen=192.8) stopDist=5.0m speed=14.1m/s
11.25 [STOP_CHECK][V2] road=N2C dist=22.7m (lanePos=170.1 laneLen=192.8) stopDist=5.0m speed=10.3m/s
11.3 [STOP_CHECK][V0] road=W2C dist=20.3m (lanePos=172.5 laneLen=192.8) stopDist=5.0m speed=13.7m/s
11.3 [STOP_CHECK][V2] road=N2C dist=21.7m (lanePos=171.1 laneLen=192.8) stopDist=5.0m speed=9.8m/s
11340.0ms Leader 7 SENDING AppendEntries to vehicle 0 (n_entries=0, leader_commit=0)
11340.0ms Leader 7 SENDING AppendEntries to vehicle 1 (n_entries=0, leader_commit=0)
11340.0ms Leader 7 SENDING AppendEntries to vehicle 2 (n_entries=0, leader_commit=0)
11340.0ms Leader 7 SENDING AppendEntries to vehicle 3 (n_entries=0, leader_commit=0)
11340.0ms Leader 7 SENDING AppendEntries to vehicle 4 (n_entries=0, leader_commit=0)
11340.0ms Leader 7 SENDING AppendEntries to vehicle 5 (n_entries=0, leader_commit=0)
11340.0ms Leader 7 SENDING AppendEntries to vehicle 6 (n_entries=0, leader_commit=0)
11340.0ms Leader 7 SENDING AppendEntries to vehicle 8 (n_entries=0, leader_commit=0)
11340.0ms Leader 7 SENDING AppendEntries to vehicle 9 (n_entries=0, leader_commit=0)
11340.0ms Leader 7 SENDING AppendEntries to vehicle 10 (n_entries=0, leader_commit=0)
11340.2ms Vehicle 0 RECEIVED AppendEntries from vehicle 7 (n_entries=0, leader_commit=0)
11340.7ms Vehicle 1 RECEIVED AppendEntries from vehicle 7 (n_entries=0, leader_commit=0)
11340.9ms Vehicle 2 RECEIVED AppendEntries from vehicle 7 (n_entries=0, leader_commit=0)
11341.7ms Vehicle 3 RECEIVED AppendEntries from vehicle 7 (n_entries=0, leader_commit=0)
11342.0ms Vehicle 4 RECEIVED AppendEntries from vehicle 7 (n_entries=0, leader_commit=0)
11342.2ms Vehicle 5 RECEIVED AppendEntries from vehicle 7 (n_entries=0, leader_commit=0)
11343.1ms Vehicle 6 RECEIVED AppendEntries from vehicle 7 (n_entries=0, leader_commit=0)
11343.6ms Vehicle 8 RECEIVED AppendEntries from vehicle 7 (n_entries=0, leader_commit=0)
11344.5ms Vehicle 9 RECEIVED AppendEntries from vehicle 7 (n_entries=0, leader_commit=0)
11345.1ms Vehicle 10 RECEIVED AppendEntries from vehicle 7 (n_entries=0, leader_commit=0)
11.35 [STOP_CHECK][V0] road=W2C dist=20.3m (lanePos=172.5 laneLen=192.8) stopDist=5.0m speed=13.7m/s
11.35 [STOP_CHECK][V2] road=N2C dist=21.7m (lanePos=171.1 laneLen=192.8) stopDist=5.0m speed=9.8m/s
11.4 [STOP_CHECK][V0] road=W2C dist=18.9m (lanePos=173.9 laneLen=192.8) stopDist=5.0m speed=13.2m/s
11.4 [STOP_CHECK][V2] road=N2C dist=20.8m (lanePos=172.0 laneLen=192.8) stopDist=5.0m speed=9.2m/s
11.45 [STOP_CHECK][V0] road=W2C dist=18.9m (lanePos=173.9 laneLen=192.8) stopDist=5.0m speed=13.2m/s
11.45 [STOP_CHECK][V2] road=N2C dist=20.8m (lanePos=172.0 laneLen=192.8) stopDist=5.0m speed=9.2m/s
11.5 [STOP_CHECK][V0] road=W2C dist=17.7m (lanePos=175.1 laneLen=192.8) stopDist=5.0m speed=12.8m/s
11.5 [STOP_CHECK][V2] road=N2C dist=19.9m (lanePos=172.9 laneLen=192.8) stopDist=5.0m speed=8.7m/s
11540.0ms Leader 7 SENDING AppendEntries to vehicle 0 (n_entries=0, leader_commit=0)
11540.0ms Leader 7 SENDING AppendEntries to vehicle 1 (n_entries=0, leader_commit=0)
11540.0ms Leader 7 SENDING AppendEntries to vehicle 2 (n_entries=0, leader_commit=0)
11540.0ms Leader 7 SENDING AppendEntries to vehicle 3 (n_entries=0, leader_commit=0)
11540.0ms Leader 7 SENDING AppendEntries to vehicle 4 (n_entries=0, leader_commit=0)
11540.0ms Leader 7 SENDING AppendEntries to vehicle 5 (n_entries=0, leader_commit=0)
11540.0ms Leader 7 SENDING AppendEntries to vehicle 6 (n_entries=0, leader_commit=0)
11540.0ms Leader 7 SENDING AppendEntries to vehicle 8 (n_entries=0, leader_commit=0)
11540.0ms Leader 7 SENDING AppendEntries to vehicle 9 (n_entries=0, leader_commit=0)
11540.0ms Leader 7 SENDING AppendEntries to vehicle 10 (n_entries=0, leader_commit=0)
11540.2ms Vehicle 0 RECEIVED AppendEntries from vehicle 7 (n_entries=0, leader_commit=0)
11540.6ms Vehicle 1 RECEIVED AppendEntries from vehicle 7 (n_entries=0, leader_commit=0)
11541.0ms Vehicle 2 RECEIVED AppendEntries from vehicle 7 (n_entries=0, leader_commit=0)
11541.3ms Vehicle 3 RECEIVED AppendEntries from vehicle 7 (n_entries=0, leader_commit=0)
11541.5ms Vehicle 4 RECEIVED AppendEntries from vehicle 7 (n_entries=0, leader_commit=0)
11541.7ms Vehicle 5 RECEIVED AppendEntries from vehicle 7 (n_entries=0, leader_commit=0)
11542.8ms Vehicle 6 RECEIVED AppendEntries from vehicle 7 (n_entries=0, leader_commit=0)
11543.1ms Vehicle 8 RECEIVED AppendEntries from vehicle 7 (n_entries=0, leader_commit=0)
11544.3ms Vehicle 10 RECEIVED AppendEntries from vehicle 7 (n_entries=0, leader_commit=0)
11.55 [STOP_CHECK][V0] road=W2C dist=17.7m (lanePos=175.1 laneLen=192.8) stopDist=5.0m speed=12.8m/s
11.55 [STOP_CHECK][V2] road=N2C dist=19.9m (lanePos=172.9 laneLen=192.8) stopDist=5.0m speed=8.7m/s
11.6 [STOP_CHECK][V0] road=W2C dist=16.4m (lanePos=176.4 laneLen=192.8) stopDist=5.0m speed=12.3m/s
11.6 [STOP_CHECK][V2] road=N2C dist=19.1m (lanePos=173.7 laneLen=192.8) stopDist=5.0m speed=8.2m/s
11.65 [STOP_CHECK][V0] road=W2C dist=16.4m (lanePos=176.4 laneLen=192.8) stopDist=5.0m speed=12.3m/s
11.65 [STOP_CHECK][V2] road=N2C dist=19.1m (lanePos=173.7 laneLen=192.8) stopDist=5.0m speed=8.2m/s
11.7 [DBG][V14] POS roadId=W2C dist=74.0m speed=12.4m/s onApproach=YES stopped=0 phase=2 leader=0 committed=0 myBatch=-1 curBatch=0
11.7 [STOP_CHECK][V0] road=W2C dist=15.2m (lanePos=177.6 laneLen=192.8) stopDist=5.0m speed=11.9m/s
11.7 [STOP_CHECK][V2] road=N2C dist=18.3m (lanePos=174.5 laneLen=192.8) stopDist=5.0m speed=7.8m/s
11740.0ms Leader 7 SENDING AppendEntries to vehicle 0 (n_entries=0, leader_commit=0)
11740.0ms Leader 7 SENDING AppendEntries to vehicle 1 (n_entries=0, leader_commit=0)
11740.0ms Leader 7 SENDING AppendEntries to vehicle 2 (n_entries=0, leader_commit=0)
11740.0ms Leader 7 SENDING AppendEntries to vehicle 3 (n_entries=0, leader_commit=0)
11740.0ms Leader 7 SENDING AppendEntries to vehicle 4 (n_entries=0, leader_commit=0)
11740.0ms Leader 7 SENDING AppendEntries to vehicle 5 (n_entries=0, leader_commit=0)
11740.0ms Leader 7 SENDING AppendEntries to vehicle 6 (n_entries=0, leader_commit=0)
11740.0ms Leader 7 SENDING AppendEntries to vehicle 8 (n_entries=0, leader_commit=0)
11740.0ms Leader 7 SENDING AppendEntries to vehicle 9 (n_entries=0, leader_commit=0)
11740.0ms Leader 7 SENDING AppendEntries to vehicle 10 (n_entries=0, leader_commit=0)
11740.2ms Vehicle 0 RECEIVED AppendEntries from vehicle 7 (n_entries=0, leader_commit=0)
11740.7ms Vehicle 1 RECEIVED AppendEntries from vehicle 7 (n_entries=0, leader_commit=0)
11740.9ms Vehicle 2 RECEIVED AppendEntries from vehicle 7 (n_entries=0, leader_commit=0)
11741.6ms Vehicle 3 RECEIVED AppendEntries from vehicle 7 (n_entries=0, leader_commit=0)
11742.2ms Vehicle 4 RECEIVED AppendEntries from vehicle 7 (n_entries=0, leader_commit=0)
11742.4ms Vehicle 5 RECEIVED AppendEntries from vehicle 7 (n_entries=0, leader_commit=0)
11743.5ms Vehicle 6 RECEIVED AppendEntries from vehicle 7 (n_entries=0, leader_commit=0)
11744.0ms Vehicle 8 RECEIVED AppendEntries from vehicle 7 (n_entries=0, leader_commit=0)
11744.8ms Vehicle 9 RECEIVED AppendEntries from vehicle 7 (n_entries=0, leader_commit=0)
11745.2ms Vehicle 10 RECEIVED AppendEntries from vehicle 7 (n_entries=0, leader_commit=0)
11.75 [STOP_CHECK][V0] road=W2C dist=15.2m (lanePos=177.6 laneLen=192.8) stopDist=5.0m speed=11.9m/s
11.75 [STOP_CHECK][V2] road=N2C dist=18.3m (lanePos=174.5 laneLen=192.8) stopDist=5.0m speed=7.8m/s
11760.0ms Vehicle 13 sendRequestVote called for node 1
11760.0ms Vehicle 13 sendRequestVote called for node 2
11760.0ms Vehicle 13 sendRequestVote called for node 3
11760.0ms Vehicle 13 sendRequestVote called for node 4
11760.0ms Vehicle 13 sendRequestVote called for node 5
11760.0ms Vehicle 13 sendRequestVote called for node 6
11760.0ms Vehicle 13 sendRequestVote called for node 7
11760.0ms Vehicle 13 sendRequestVote called for node 8
11760.0ms Vehicle 13 sendRequestVote called for node 9
11760.0ms Vehicle 13 sendRequestVote called for node 10
11760.0ms Vehicle 13 sendRequestVote called for node 11
11760.0ms Vehicle 13 sendRequestVote called for node 12
11760.0ms Vehicle 13 sendRequestVote called for node 13
11.8 [STOP_CHECK][V0] road=W2C dist=14.1m (lanePos=178.7 laneLen=192.8) stopDist=5.0m speed=11.4m/s
11.8 [STOP_CHECK][V2] road=N2C dist=17.6m (lanePos=175.2 laneLen=192.8) stopDist=5.0m speed=7.3m/s
11.85 [STOP_CHECK][V0] road=W2C dist=14.1m (lanePos=178.7 laneLen=192.8) stopDist=5.0m speed=11.4m/s
11.85 [STOP_CHECK][V2] road=N2C dist=17.6m (lanePos=175.2 laneLen=192.8) stopDist=5.0m speed=7.3m/s
11860.0ms Vehicle 14 sendRequestVote called for node 1
11860.0ms Vehicle 14 sendRequestVote called for node 2
11860.0ms Vehicle 14 sendRequestVote called for node 3
11860.0ms Vehicle 14 sendRequestVote called for node 4
11860.0ms Vehicle 14 sendRequestVote called for node 5
11860.0ms Vehicle 14 sendRequestVote called for node 6
11860.0ms Vehicle 14 sendRequestVote called for node 7
11860.0ms Vehicle 14 sendRequestVote called for node 8
11860.0ms Vehicle 14 sendRequestVote called for node 9
11860.0ms Vehicle 14 sendRequestVote called for node 10
11860.0ms Vehicle 14 sendRequestVote called for node 11
11860.0ms Vehicle 14 sendRequestVote called for node 12
11860.0ms Vehicle 14 sendRequestVote called for node 13
11860.0ms Vehicle 14 sendRequestVote called for node 14
11.9 [DBG][V15] POS roadId=S2C dist=83.9m speed=10.5m/s onApproach=YES stopped=0 phase=2 leader=0 committed=0 myBatch=-1 curBatch=0
11.9 [STOP_CHECK][V0] road=W2C dist=13.0m (lanePos=179.8 laneLen=192.8) stopDist=5.0m speed=11.0m/s
11.9 [STOP_CHECK][V2] road=N2C dist=16.9m (lanePos=175.9 laneLen=192.8) stopDist=5.0m speed=6.8m/s
11940.0ms Leader 7 SENDING AppendEntries to vehicle 0 (n_entries=0, leader_commit=0)
11940.0ms Leader 7 SENDING AppendEntries to vehicle 1 (n_entries=0, leader_commit=0)
11940.0ms Leader 7 SENDING AppendEntries to vehicle 2 (n_entries=0, leader_commit=0)
11940.0ms Leader 7 SENDING AppendEntries to vehicle 3 (n_entries=0, leader_commit=0)
11940.0ms Leader 7 SENDING AppendEntries to vehicle 4 (n_entries=0, leader_commit=0)
11940.0ms Leader 7 SENDING AppendEntries to vehicle 5 (n_entries=0, leader_commit=0)
11940.0ms Leader 7 SENDING AppendEntries to vehicle 6 (n_entries=0, leader_commit=0)
11940.0ms Leader 7 SENDING AppendEntries to vehicle 8 (n_entries=0, leader_commit=0)
11940.0ms Leader 7 SENDING AppendEntries to vehicle 9 (n_entries=0, leader_commit=0)
11940.0ms Leader 7 SENDING AppendEntries to vehicle 10 (n_entries=0, leader_commit=0)
11940.2ms Vehicle 0 RECEIVED AppendEntries from vehicle 7 (n_entries=0, leader_commit=0)
11940.5ms Vehicle 1 RECEIVED AppendEntries from vehicle 7 (n_entries=0, leader_commit=0)
11940.8ms Vehicle 2 RECEIVED AppendEntries from vehicle 7 (n_entries=0, leader_commit=0)
11941.2ms Vehicle 3 RECEIVED AppendEntries from vehicle 7 (n_entries=0, leader_commit=0)
11941.9ms Vehicle 4 RECEIVED AppendEntries from vehicle 7 (n_entries=0, leader_commit=0)
11942.5ms Vehicle 5 RECEIVED AppendEntries from vehicle 7 (n_entries=0, leader_commit=0)
11942.8ms Vehicle 6 RECEIVED AppendEntries from vehicle 7 (n_entries=0, leader_commit=0)
11943.9ms Vehicle 9 RECEIVED AppendEntries from vehicle 7 (n_entries=0, leader_commit=0)
11944.1ms Vehicle 10 RECEIVED AppendEntries from vehicle 7 (n_entries=0, leader_commit=0)
11.95 [STOP_CHECK][V0] road=W2C dist=13.0m (lanePos=179.8 laneLen=192.8) stopDist=5.0m speed=11.0m/s
11.95 [STOP_CHECK][V2] road=N2C dist=16.9m (lanePos=175.9 laneLen=192.8) stopDist=5.0m speed=6.8m/s
12 [STOP_CHECK][V0] road=W2C dist=11.9m (lanePos=180.9 laneLen=192.8) stopDist=5.0m speed=10.5m/s
12 [STOP_CHECK][V2] road=N2C dist=16.2m (lanePos=176.6 laneLen=192.8) stopDist=5.0m speed=6.4m/s
12.05 [STOP_CHECK][V0] road=W2C dist=11.9m (lanePos=180.9 laneLen=192.8) stopDist=5.0m speed=10.5m/s
12.05 [STOP_CHECK][V2] road=N2C dist=16.2m (lanePos=176.6 laneLen=192.8) stopDist=5.0m speed=6.4m/s
12.1 [STOP_CHECK][V0] road=W2C dist=10.9m (lanePos=181.9 laneLen=192.8) stopDist=5.0m speed=10.1m/s
12.1 [STOP_CHECK][V2] road=N2C dist=15.6m (lanePos=177.2 laneLen=192.8) stopDist=5.0m speed=5.9m/s
12.1 [STOP_CHECK][V6] road=E2C dist=24.6m (lanePos=168.2 laneLen=192.8) stopDist=5.0m speed=7.6m/s
12100.0ms Vehicle 11 sendRequestVote called for node 1
12100.0ms Vehicle 11 sendRequestVote called for node 2
12100.0ms Vehicle 11 sendRequestVote called for node 3
12100.0ms Vehicle 11 sendRequestVote called for node 4
12100.0ms Vehicle 11 sendRequestVote called for node 5
12100.0ms Vehicle 11 sendRequestVote called for node 6
12100.0ms Vehicle 11 sendRequestVote called for node 7
12100.0ms Vehicle 11 sendRequestVote called for node 8
12100.0ms Vehicle 11 sendRequestVote called for node 9
12100.0ms Vehicle 11 sendRequestVote called for node 10
12100.0ms Vehicle 11 sendRequestVote called for node 11
12140.0ms Leader 7 SENDING AppendEntries to vehicle 0 (n_entries=0, leader_commit=0)
12140.0ms Leader 7 SENDING AppendEntries to vehicle 1 (n_entries=0, leader_commit=0)
12140.0ms Leader 7 SENDING AppendEntries to vehicle 2 (n_entries=0, leader_commit=0)
12140.0ms Leader 7 SENDING AppendEntries to vehicle 3 (n_entries=0, leader_commit=0)
12140.0ms Leader 7 SENDING AppendEntries to vehicle 4 (n_entries=0, leader_commit=0)
12140.0ms Leader 7 SENDING AppendEntries to vehicle 5 (n_entries=0, leader_commit=0)
12140.0ms Leader 7 SENDING AppendEntries to vehicle 6 (n_entries=0, leader_commit=0)
12140.0ms Leader 7 SENDING AppendEntries to vehicle 8 (n_entries=0, leader_commit=0)
12140.0ms Leader 7 SENDING AppendEntries to vehicle 9 (n_entries=0, leader_commit=0)
12140.0ms Leader 7 SENDING AppendEntries to vehicle 10 (n_entries=0, leader_commit=0)
12140.2ms Vehicle 0 RECEIVED AppendEntries from vehicle 7 (n_entries=0, leader_commit=0)
12140.5ms Vehicle 1 RECEIVED AppendEntries from vehicle 7 (n_entries=0, leader_commit=0)
12141.1ms Vehicle 2 RECEIVED AppendEntries from vehicle 7 (n_entries=0, leader_commit=0)
12142.3ms Vehicle 3 RECEIVED AppendEntries from vehicle 7 (n_entries=0, leader_commit=0)
12142.5ms Vehicle 4 RECEIVED AppendEntries from vehicle 7 (n_entries=0, leader_commit=0)
12143.1ms Vehicle 5 RECEIVED AppendEntries from vehicle 7 (n_entries=0, leader_commit=0)
12143.9ms Vehicle 6 RECEIVED AppendEntries from vehicle 7 (n_entries=0, leader_commit=0)
12144.2ms Vehicle 8 RECEIVED AppendEntries from vehicle 7 (n_entries=0, leader_commit=0)
12145.4ms Vehicle 9 RECEIVED AppendEntries from vehicle 7 (n_entries=0, leader_commit=0)
12146.0ms Vehicle 10 RECEIVED AppendEntries from vehicle 7 (n_entries=0, leader_commit=0)
12.15 [STOP_CHECK][V0] road=W2C dist=10.9m (lanePos=181.9 laneLen=192.8) stopDist=5.0m speed=10.1m/s
12.15 [STOP_CHECK][V2] road=N2C dist=15.6m (lanePos=177.2 laneLen=192.8) stopDist=5.0m speed=5.9m/s
12.15 [STOP_CHECK][V6] road=E2C dist=24.6m (lanePos=168.2 laneLen=192.8) stopDist=5.0m speed=7.6m/s
12.2 [STOP_CHECK][V0] road=W2C dist=10.0m (lanePos=182.8 laneLen=192.8) stopDist=5.0m speed=9.6m/s
12.2 [STOP_CHECK][V2] road=N2C dist=15.1m (lanePos=177.7 laneLen=192.8) stopDist=5.0m speed=5.5m/s
12.2 [STOP_CHECK][V6] road=E2C dist=23.8m (lanePos=169.0 laneLen=192.8) stopDist=5.0m speed=7.3m/s
12.25 [STOP_CHECK][V0] road=W2C dist=10.0m (lanePos=182.8 laneLen=192.8) stopDist=5.0m speed=9.6m/s
12.25 [STOP_CHECK][V2] road=N2C dist=15.1m (lanePos=177.7 laneLen=192.8) stopDist=5.0m speed=5.5m/s
12.25 [STOP_CHECK][V6] road=E2C dist=23.8m (lanePos=169.0 laneLen=192.8) stopDist=5.0m speed=7.3m/s
12.3 [STOP_CHECK][V0] road=W2C dist=9.0m (lanePos=183.8 laneLen=192.8) stopDist=5.0m speed=9.2m/s
12.3 [STOP_CHECK][V2] road=N2C dist=14.6m (lanePos=178.2 laneLen=192.8) stopDist=5.0m speed=5.0m/s
12.3 [STOP_CHECK][V6] road=E2C dist=23.1m (lanePos=169.7 laneLen=192.8) stopDist=5.0m speed=7.1m/s
12340.0ms Leader 7 SENDING AppendEntries to vehicle 0 (n_entries=0, leader_commit=0)
12340.0ms Leader 7 SENDING AppendEntries to vehicle 1 (n_entries=0, leader_commit=0)
12340.0ms Leader 7 SENDING AppendEntries to vehicle 2 (n_entries=0, leader_commit=0)
12340.0ms Leader 7 SENDING AppendEntries to vehicle 3 (n_entries=0, leader_commit=0)
12340.0ms Leader 7 SENDING AppendEntries to vehicle 4 (n_entries=0, leader_commit=0)
12340.0ms Leader 7 SENDING AppendEntries to vehicle 5 (n_entries=0, leader_commit=0)
12340.0ms Leader 7 SENDING AppendEntries to vehicle 6 (n_entries=0, leader_commit=0)
12340.0ms Leader 7 SENDING AppendEntries to vehicle 8 (n_entries=0, leader_commit=0)
12340.0ms Leader 7 SENDING AppendEntries to vehicle 9 (n_entries=0, leader_commit=0)
12340.0ms Leader 7 SENDING AppendEntries to vehicle 10 (n_entries=0, leader_commit=0)
12340.2ms Vehicle 0 RECEIVED AppendEntries from vehicle 7 (n_entries=0, leader_commit=0)
12340.5ms Vehicle 1 RECEIVED AppendEntries from vehicle 7 (n_entries=0, leader_commit=0)
12341.1ms Vehicle 2 RECEIVED AppendEntries from vehicle 7 (n_entries=0, leader_commit=0)
12341.3ms Vehicle 3 RECEIVED AppendEntries from vehicle 7 (n_entries=0, leader_commit=0)
12342.3ms Vehicle 5 RECEIVED AppendEntries from vehicle 7 (n_entries=0, leader_commit=0)
12343.2ms Vehicle 6 RECEIVED AppendEntries from vehicle 7 (n_entries=0, leader_commit=0)
12344.5ms Vehicle 8 RECEIVED AppendEntries from vehicle 7 (n_entries=0, leader_commit=0)
12345.1ms Vehicle 9 RECEIVED AppendEntries from vehicle 7 (n_entries=0, leader_commit=0)
12345.3ms Vehicle 10 RECEIVED AppendEntries from vehicle 7 (n_entries=0, leader_commit=0)
12.35 [STOP_CHECK][V0] road=W2C dist=9.0m (lanePos=183.8 laneLen=192.8) stopDist=5.0m speed=9.2m/s
12.35 [STOP_CHECK][V2] road=N2C dist=14.6m (lanePos=178.2 laneLen=192.8) stopDist=5.0m speed=5.0m/s
12.35 [STOP_CHECK][V6] road=E2C dist=23.1m (lanePos=169.7 laneLen=192.8) stopDist=5.0m speed=7.1m/s
12.4 [STOP_CHECK][V0] road=W2C dist=8.2m (lanePos=184.6 laneLen=192.8) stopDist=5.0m speed=8.7m/s
12.4 [STOP_CHECK][V2] road=N2C dist=14.1m (lanePos=178.7 laneLen=192.8) stopDist=5.0m speed=4.6m/s
12.4 [STOP_CHECK][V6] road=E2C dist=22.5m (lanePos=170.3 laneLen=192.8) stopDist=5.0m speed=6.7m/s
12.45 [STOP_CHECK][V0] road=W2C dist=8.2m (lanePos=184.6 laneLen=192.8) stopDist=5.0m speed=8.7m/s
12.45 [STOP_CHECK][V2] road=N2C dist=14.1m (lanePos=178.7 laneLen=192.8) stopDist=5.0m speed=4.6m/s
12.45 [STOP_CHECK][V6] road=E2C dist=22.5m (lanePos=170.3 laneLen=192.8) stopDist=5.0m speed=6.7m/s
12.5 [STOP_CHECK][V0] road=W2C dist=7.3m (lanePos=185.5 laneLen=192.8) stopDist=5.0m speed=8.3m/s
12.5 [STOP_CHECK][V2] road=N2C dist=13.7m (lanePos=179.1 laneLen=192.8) stopDist=5.0m speed=4.1m/s
12.5 [STOP_CHECK][V6] road=E2C dist=21.8m (lanePos=171.0 laneLen=192.8) stopDist=5.0m speed=6.5m/s
** Event #161280   t=12.516090671074   Elapsed: 2.00076s (0m 02s)  4% completed  (4% total)
     Speed:     ev/sec=80609.9   simsec/sec=6.25567   ev/simsec=12885.9
     Messages:  created: 125381   present: 591   in FES: 110
12540.0ms Leader 7 SENDING AppendEntries to vehicle 0 (n_entries=0, leader_commit=0)
12540.0ms Leader 7 SENDING AppendEntries to vehicle 1 (n_entries=0, leader_commit=0)
12540.0ms Leader 7 SENDING AppendEntries to vehicle 2 (n_entries=0, leader_commit=0)
12540.0ms Leader 7 SENDING AppendEntries to vehicle 3 (n_entries=0, leader_commit=0)
12540.0ms Leader 7 SENDING AppendEntries to vehicle 4 (n_entries=0, leader_commit=0)
12540.0ms Leader 7 SENDING AppendEntries to vehicle 5 (n_entries=0, leader_commit=0)
12540.0ms Leader 7 SENDING AppendEntries to vehicle 6 (n_entries=0, leader_commit=0)
12540.0ms Leader 7 SENDING AppendEntries to vehicle 8 (n_entries=0, leader_commit=0)
12540.0ms Leader 7 SENDING AppendEntries to vehicle 9 (n_entries=0, leader_commit=0)
12540.0ms Leader 7 SENDING AppendEntries to vehicle 10 (n_entries=0, leader_commit=0)
12540.2ms Vehicle 0 RECEIVED AppendEntries from vehicle 7 (n_entries=0, leader_commit=0)
12540.5ms Vehicle 1 RECEIVED AppendEntries from vehicle 7 (n_entries=0, leader_commit=0)
12540.8ms Vehicle 2 RECEIVED AppendEntries from vehicle 7 (n_entries=0, leader_commit=0)
12541.7ms Vehicle 3 RECEIVED AppendEntries from vehicle 7 (n_entries=0, leader_commit=0)
12542.0ms Vehicle 4 RECEIVED AppendEntries from vehicle 7 (n_entries=0, leader_commit=0)
12542.7ms Vehicle 5 RECEIVED AppendEntries from vehicle 7 (n_entries=0, leader_commit=0)
12543.6ms Vehicle 6 RECEIVED AppendEntries from vehicle 7 (n_entries=0, leader_commit=0)
12544.1ms Vehicle 8 RECEIVED AppendEntries from vehicle 7 (n_entries=0, leader_commit=0)
12544.4ms Vehicle 9 RECEIVED AppendEntries from vehicle 7 (n_entries=0, leader_commit=0)
12.55 [STOP_CHECK][V0] road=W2C dist=7.3m (lanePos=185.5 laneLen=192.8) stopDist=5.0m speed=8.3m/s
12.55 [STOP_CHECK][V2] road=N2C dist=13.7m (lanePos=179.1 laneLen=192.8) stopDist=5.0m speed=4.1m/s
12.55 [STOP_CHECK][V6] road=E2C dist=21.8m (lanePos=171.0 laneLen=192.8) stopDist=5.0m speed=6.5m/s
12.6 [STOP_CHECK][V0] road=W2C dist=6.6m (lanePos=186.2 laneLen=192.8) stopDist=5.0m speed=7.8m/s
12.6 [STOP_CHECK][V2] road=N2C dist=13.4m (lanePos=179.4 laneLen=192.8) stopDist=5.0m speed=3.7m/s
12.6 [STOP_CHECK][V6] road=E2C dist=21.2m (lanePos=171.6 laneLen=192.8) stopDist=5.0m speed=6.2m/s
12.65 [STOP_CHECK][V0] road=W2C dist=6.6m (lanePos=186.2 laneLen=192.8) stopDist=5.0m speed=7.8m/s
12.65 [STOP_CHECK][V2] road=N2C dist=13.4m (lanePos=179.4 laneLen=192.8) stopDist=5.0m speed=3.7m/s
12.65 [STOP_CHECK][V6] road=E2C dist=21.2m (lanePos=171.6 laneLen=192.8) stopDist=5.0m speed=6.2m/s
12.7 [STOP_CHECK][V0] road=W2C dist=5.8m (lanePos=187.0 laneLen=192.8) stopDist=5.0m speed=7.4m/s
12.7 [STOP_CHECK][V2] road=N2C dist=13.0m (lanePos=179.8 laneLen=192.8) stopDist=5.0m speed=3.2m/s
12.7 [STOP_CHECK][V6] road=E2C dist=20.6m (lanePos=172.2 laneLen=192.8) stopDist=5.0m speed=5.9m/s
12740.0ms Leader 7 SENDING AppendEntries to vehicle 0 (n_entries=0, leader_commit=0)
12740.0ms Leader 7 SENDING AppendEntries to vehicle 1 (n_entries=0, leader_commit=0)
12740.0ms Leader 7 SENDING AppendEntries to vehicle 2 (n_entries=0, leader_commit=0)
12740.0ms Leader 7 SENDING AppendEntries to vehicle 3 (n_entries=0, leader_commit=0)
12740.0ms Leader 7 SENDING AppendEntries to vehicle 4 (n_entries=0, leader_commit=0)
12740.0ms Leader 7 SENDING AppendEntries to vehicle 5 (n_entries=0, leader_commit=0)
12740.0ms Leader 7 SENDING AppendEntries to vehicle 6 (n_entries=0, leader_commit=0)
12740.0ms Leader 7 SENDING AppendEntries to vehicle 8 (n_entries=0, leader_commit=0)
12740.0ms Leader 7 SENDING AppendEntries to vehicle 9 (n_entries=0, leader_commit=0)
12740.0ms Leader 7 SENDING AppendEntries to vehicle 10 (n_entries=0, leader_commit=0)
12740.2ms Vehicle 0 RECEIVED AppendEntries from vehicle 7 (n_entries=0, leader_commit=0)
12740.5ms Vehicle 1 RECEIVED AppendEntries from vehicle 7 (n_entries=0, leader_commit=0)
12741.2ms Vehicle 2 RECEIVED AppendEntries from vehicle 7 (n_entries=0, leader_commit=0)
12741.8ms Vehicle 3 RECEIVED AppendEntries from vehicle 7 (n_entries=0, leader_commit=0)
12742.5ms Vehicle 4 RECEIVED AppendEntries from vehicle 7 (n_entries=0, leader_commit=0)
12743.1ms Vehicle 5 RECEIVED AppendEntries from vehicle 7 (n_entries=0, leader_commit=0)
12743.5ms Vehicle 6 RECEIVED AppendEntries from vehicle 7 (n_entries=0, leader_commit=0)
12744.6ms Vehicle 8 RECEIVED AppendEntries from vehicle 7 (n_entries=0, leader_commit=0)
12745.4ms Vehicle 9 RECEIVED AppendEntries from vehicle 7 (n_entries=0, leader_commit=0)
12745.7ms Vehicle 10 RECEIVED AppendEntries from vehicle 7 (n_entries=0, leader_commit=0)
12.75 [STOP_CHECK][V0] road=W2C dist=5.8m (lanePos=187.0 laneLen=192.8) stopDist=5.0m speed=7.4m/s
12.75 [STOP_CHECK][V2] road=N2C dist=13.0m (lanePos=179.8 laneLen=192.8) stopDist=5.0m speed=3.2m/s
12.75 [STOP_CHECK][V6] road=E2C dist=20.6m (lanePos=172.2 laneLen=192.8) stopDist=5.0m speed=5.9m/s
12.8 [STOP_CHECK][V8] road=W2C dist=24.9m (lanePos=167.9 laneLen=192.8) stopDist=5.0m speed=9.4m/s
12.8 [STOP_CHECK][V0] road=W2C dist=5.1m (lanePos=187.7 laneLen=192.8) stopDist=5.0m speed=6.9m/s
12.8 [STOP_CHECK][V2] road=N2C dist=12.8m (lanePos=180.0 laneLen=192.8) stopDist=5.0m speed=2.8m/s
12.8 [STOP_CHECK][V6] road=E2C dist=20.0m (lanePos=172.8 laneLen=192.8) stopDist=5.0m speed=5.7m/s
12.85 [STOP_CHECK][V8] road=W2C dist=24.9m (lanePos=167.9 laneLen=192.8) stopDist=5.0m speed=9.4m/s
12.85 [STOP_CHECK][V0] road=W2C dist=5.1m (lanePos=187.7 laneLen=192.8) stopDist=5.0m speed=6.9m/s
12.85 [STOP_CHECK][V2] road=N2C dist=12.8m (lanePos=180.0 laneLen=192.8) stopDist=5.0m speed=2.8m/s
12.85 [STOP_CHECK][V6] road=E2C dist=20.0m (lanePos=172.8 laneLen=192.8) stopDist=5.0m speed=5.7m/s
12.9 [STOP_CHECK][V8] road=W2C dist=24.0m (lanePos=168.8 laneLen=192.8) stopDist=5.0m speed=9.1m/s
12.9 [STOP_CHECK][V0] road=W2C dist=4.5m (lanePos=188.3 laneLen=192.8) stopDist=5.0m speed=6.5m/s
12.9 [DBG][V0] WOS_CALC laneIdx=0 wos=1 traciLeader=NONE gap=-1.0
12.9 [STOP_CHECK][V0] STOPPED (front, hard stop) dist=4.5m road=W2C wos=1 frontVeh=-1 isLeader=1
12900.0ms Vehicle 0 STOPPED (front) at dist=4.5m
12.9 [STOP_CHECK][V2] road=N2C dist=12.5m (lanePos=180.3 laneLen=192.8) stopDist=5.0m speed=2.3m/s
12.9 [STOP_CHECK][V6] road=E2C dist=19.5m (lanePos=173.3 laneLen=192.8) stopDist=5.0m speed=5.4m/s
12940.0ms Leader 7 SENDING AppendEntries to vehicle 0 (n_entries=0, leader_commit=0)
12940.0ms Leader 7 SENDING AppendEntries to vehicle 1 (n_entries=0, leader_commit=0)
12940.0ms Leader 7 SENDING AppendEntries to vehicle 2 (n_entries=0, leader_commit=0)
12940.0ms Leader 7 SENDING AppendEntries to vehicle 3 (n_entries=0, leader_commit=0)
12940.0ms Leader 7 SENDING AppendEntries to vehicle 4 (n_entries=0, leader_commit=0)
12940.0ms Leader 7 SENDING AppendEntries to vehicle 5 (n_entries=0, leader_commit=0)
12940.0ms Leader 7 SENDING AppendEntries to vehicle 6 (n_entries=0, leader_commit=0)
12940.0ms Leader 7 SENDING AppendEntries to vehicle 8 (n_entries=0, leader_commit=0)
12940.0ms Leader 7 SENDING AppendEntries to vehicle 9 (n_entries=0, leader_commit=0)
12940.0ms Leader 7 SENDING AppendEntries to vehicle 10 (n_entries=0, leader_commit=0)
12940.9ms Vehicle 0 RECEIVED AppendEntries from vehicle 7 (n_entries=0, leader_commit=0)
12941.3ms Vehicle 1 RECEIVED AppendEntries from vehicle 7 (n_entries=0, leader_commit=0)
12941.9ms Vehicle 2 RECEIVED AppendEntries from vehicle 7 (n_entries=0, leader_commit=0)
12942.6ms Vehicle 3 RECEIVED AppendEntries from vehicle 7 (n_entries=0, leader_commit=0)
12943.1ms Vehicle 4 RECEIVED AppendEntries from vehicle 7 (n_entries=0, leader_commit=0)
12943.7ms Vehicle 5 RECEIVED AppendEntries from vehicle 7 (n_entries=0, leader_commit=0)
12944.1ms Vehicle 6 RECEIVED AppendEntries from vehicle 7 (n_entries=0, leader_commit=0)
12944.3ms Vehicle 8 RECEIVED AppendEntries from vehicle 7 (n_entries=0, leader_commit=0)
12944.6ms Vehicle 9 RECEIVED AppendEntries from vehicle 7 (n_entries=0, leader_commit=0)
12945.8ms Vehicle 10 RECEIVED AppendEntries from vehicle 7 (n_entries=0, leader_commit=0)
12.95 [STOP_CHECK][V8] road=W2C dist=24.0m (lanePos=168.8 laneLen=192.8) stopDist=5.0m speed=9.1m/s
12.95 [STOP_CHECK][V2] road=N2C dist=12.5m (lanePos=180.3 laneLen=192.8) stopDist=5.0m speed=2.3m/s
12.95 [STOP_CHECK][V6] road=E2C dist=19.5m (lanePos=173.3 laneLen=192.8) stopDist=5.0m speed=5.4m/s
12960.0ms Vehicle 11 sendRequestVote called for node 1
12960.0ms Vehicle 11 sendRequestVote called for node 2
12960.0ms Vehicle 11 sendRequestVote called for node 3
12960.0ms Vehicle 11 sendRequestVote called for node 4
12960.0ms Vehicle 11 sendRequestVote called for node 5
12960.0ms Vehicle 11 sendRequestVote called for node 6
12960.0ms Vehicle 11 sendRequestVote called for node 7
12960.0ms Vehicle 11 sendRequestVote called for node 8
12960.0ms Vehicle 11 sendRequestVote called for node 9
12960.0ms Vehicle 11 sendRequestVote called for node 10
12960.0ms Vehicle 11 sendRequestVote called for node 11
13 [STOP_CHECK][V8] road=W2C dist=23.1m (lanePos=169.7 laneLen=192.8) stopDist=5.0m speed=8.7m/s
13 [STOP_CHECK][V2] road=N2C dist=12.3m (lanePos=180.5 laneLen=192.8) stopDist=5.0m speed=1.9m/s
13 [STOP_CHECK][V6] road=E2C dist=19.0m (lanePos=173.8 laneLen=192.8) stopDist=5.0m speed=5.2m/s
13040.0ms Vehicle 15 sendRequestVote called for node 1
13040.0ms Vehicle 15 sendRequestVote called for node 2
13040.0ms Vehicle 15 sendRequestVote called for node 3
13040.0ms Vehicle 15 sendRequestVote called for node 4
13040.0ms Vehicle 15 sendRequestVote called for node 5
13040.0ms Vehicle 15 sendRequestVote called for node 6
13040.0ms Vehicle 15 sendRequestVote called for node 7
13040.0ms Vehicle 15 sendRequestVote called for node 8
13040.0ms Vehicle 15 sendRequestVote called for node 9
13040.0ms Vehicle 15 sendRequestVote called for node 10
13040.0ms Vehicle 15 sendRequestVote called for node 11
13040.0ms Vehicle 15 sendRequestVote called for node 12
13040.0ms Vehicle 15 sendRequestVote called for node 13
13040.0ms Vehicle 15 sendRequestVote called for node 14
13040.0ms Vehicle 15 sendRequestVote called for node 15
13.05 [STOP_CHECK][V8] road=W2C dist=23.1m (lanePos=169.7 laneLen=192.8) stopDist=5.0m speed=8.7m/s
13.05 [STOP_CHECK][V2] road=N2C dist=12.3m (lanePos=180.5 laneLen=192.8) stopDist=5.0m speed=1.9m/s
13.05 [STOP_CHECK][V6] road=E2C dist=19.0m (lanePos=173.8 laneLen=192.8) stopDist=5.0m speed=5.2m/s
13.1 [STOP_CHECK][V8] road=W2C dist=22.3m (lanePos=170.5 laneLen=192.8) stopDist=5.0m speed=8.2m/s
13.1 [STOP_CHECK][V2] road=N2C dist=12.2m (lanePos=180.6 laneLen=192.8) stopDist=5.0m speed=1.5m/s
13.1 [DBG][V2] WOS_CALC laneIdx=3 wos=0 traciLeader=veh14 gap=1.6
13.1 [STOP_CHECK][V2] QUEUED (no hard stop) dist=12.2m speed=1.5m/s road=N2C wos=0 frontVeh=-1 isLeader=0
13100.0ms Vehicle 2 QUEUED at dist=12.2m speed=1.5m/s
13.1 [STOP_CHECK][V6] road=E2C dist=18.5m (lanePos=174.3 laneLen=192.8) stopDist=5.0m speed=4.9m/s
13140.0ms Leader 7 SENDING AppendEntries to vehicle 0 (n_entries=0, leader_commit=0)
13140.0ms Leader 7 SENDING AppendEntries to vehicle 1 (n_entries=0, leader_commit=0)
13140.0ms Leader 7 SENDING AppendEntries to vehicle 2 (n_entries=0, leader_commit=0)
13140.0ms Leader 7 SENDING AppendEntries to vehicle 3 (n_entries=0, leader_commit=0)
13140.0ms Leader 7 SENDING AppendEntries to vehicle 4 (n_entries=0, leader_commit=0)
13140.0ms Leader 7 SENDING AppendEntries to vehicle 5 (n_entries=0, leader_commit=0)
13140.0ms Leader 7 SENDING AppendEntries to vehicle 6 (n_entries=0, leader_commit=0)
13140.0ms Leader 7 SENDING AppendEntries to vehicle 8 (n_entries=0, leader_commit=0)
13140.0ms Leader 7 SENDING AppendEntries to vehicle 9 (n_entries=0, leader_commit=0)
13140.0ms Leader 7 SENDING AppendEntries to vehicle 10 (n_entries=0, leader_commit=0)
13140.2ms Vehicle 0 RECEIVED AppendEntries from vehicle 7 (n_entries=0, leader_commit=0)
13140.5ms Vehicle 1 RECEIVED AppendEntries from vehicle 7 (n_entries=0, leader_commit=0)
13140.9ms Vehicle 2 RECEIVED AppendEntries from vehicle 7 (n_entries=0, leader_commit=0)
13141.2ms Vehicle 3 RECEIVED AppendEntries from vehicle 7 (n_entries=0, leader_commit=0)
13141.7ms Vehicle 4 RECEIVED AppendEntries from vehicle 7 (n_entries=0, leader_commit=0)
13142.0ms Vehicle 5 RECEIVED AppendEntries from vehicle 7 (n_entries=0, leader_commit=0)
13143.6ms Vehicle 6 RECEIVED AppendEntries from vehicle 7 (n_entries=0, leader_commit=0)
13144.1ms Vehicle 8 RECEIVED AppendEntries from vehicle 7 (n_entries=0, leader_commit=0)
13145.0ms Vehicle 9 RECEIVED AppendEntries from vehicle 7 (n_entries=0, leader_commit=0)
13145.7ms Vehicle 10 RECEIVED AppendEntries from vehicle 7 (n_entries=0, leader_commit=0)
13.15 [STOP_CHECK][V8] road=W2C dist=22.3m (lanePos=170.5 laneLen=192.8) stopDist=5.0m speed=8.2m/s
13.15 [STOP_CHECK][V6] road=E2C dist=18.5m (lanePos=174.3 laneLen=192.8) stopDist=5.0m speed=4.9m/s
13.2 [STOP_CHECK][V8] road=W2C dist=21.5m (lanePos=171.3 laneLen=192.8) stopDist=5.0m speed=7.8m/s
13.2 [STOP_CHECK][V6] road=E2C dist=18.0m (lanePos=174.8 laneLen=192.8) stopDist=5.0m speed=4.7m/s
13.25 [STOP_CHECK][V8] road=W2C dist=21.5m (lanePos=171.3 laneLen=192.8) stopDist=5.0m speed=7.8m/s
13.25 [STOP_CHECK][V6] road=E2C dist=18.0m (lanePos=174.8 laneLen=192.8) stopDist=5.0m speed=4.7m/s
13260.0ms Vehicle 13 sendRequestVote called for node 1
13260.0ms Vehicle 13 sendRequestVote called for node 2
13260.0ms Vehicle 13 sendRequestVote called for node 3
13260.0ms Vehicle 13 sendRequestVote called for node 4
13260.0ms Vehicle 13 sendRequestVote called for node 5
13260.0ms Vehicle 13 sendRequestVote called for node 6
13260.0ms Vehicle 13 sendRequestVote called for node 7
13260.0ms Vehicle 13 sendRequestVote called for node 8
13260.0ms Vehicle 13 sendRequestVote called for node 9
13260.0ms Vehicle 13 sendRequestVote called for node 10
13260.0ms Vehicle 13 sendRequestVote called for node 11
13260.0ms Vehicle 13 sendRequestVote called for node 12
13260.0ms Vehicle 13 sendRequestVote called for node 13
13280.0ms Vehicle 14 sendRequestVote called for node 1
13280.0ms Vehicle 14 sendRequestVote called for node 2
13280.0ms Vehicle 14 sendRequestVote called for node 3
13280.0ms Vehicle 14 sendRequestVote called for node 4
13280.0ms Vehicle 14 sendRequestVote called for node 5
13280.0ms Vehicle 14 sendRequestVote called for node 6
13280.0ms Vehicle 14 sendRequestVote called for node 7
13280.0ms Vehicle 14 sendRequestVote called for node 8
13280.0ms Vehicle 14 sendRequestVote called for node 9
13280.0ms Vehicle 14 sendRequestVote called for node 10
13280.0ms Vehicle 14 sendRequestVote called for node 11
13280.0ms Vehicle 14 sendRequestVote called for node 12
13280.0ms Vehicle 14 sendRequestVote called for node 13
13280.0ms Vehicle 14 sendRequestVote called for node 14
13.3 [STOP_CHECK][V8] road=W2C dist=20.8m (lanePos=172.0 laneLen=192.8) stopDist=5.0m speed=7.3m/s
13.3 [STOP_CHECK][V6] road=E2C dist=17.6m (lanePos=175.2 laneLen=192.8) stopDist=5.0m speed=4.4m/s
13340.0ms Leader 7 SENDING AppendEntries to vehicle 0 (n_entries=0, leader_commit=0)
13340.0ms Leader 7 SENDING AppendEntries to vehicle 1 (n_entries=0, leader_commit=0)
13340.0ms Leader 7 SENDING AppendEntries to vehicle 2 (n_entries=0, leader_commit=0)
13340.0ms Leader 7 SENDING AppendEntries to vehicle 3 (n_entries=0, leader_commit=0)
13340.0ms Leader 7 SENDING AppendEntries to vehicle 4 (n_entries=0, leader_commit=0)
13340.0ms Leader 7 SENDING AppendEntries to vehicle 5 (n_entries=0, leader_commit=0)
13340.0ms Leader 7 SENDING AppendEntries to vehicle 6 (n_entries=0, leader_commit=0)
13340.0ms Leader 7 SENDING AppendEntries to vehicle 8 (n_entries=0, leader_commit=0)
13340.0ms Leader 7 SENDING AppendEntries to vehicle 9 (n_entries=0, leader_commit=0)
13340.0ms Leader 7 SENDING AppendEntries to vehicle 10 (n_entries=0, leader_commit=0)
13340.2ms Vehicle 0 RECEIVED AppendEntries from vehicle 7 (n_entries=0, leader_commit=0)
13340.7ms Vehicle 1 RECEIVED AppendEntries from vehicle 7 (n_entries=0, leader_commit=0)
13341.2ms Vehicle 2 RECEIVED AppendEntries from vehicle 7 (n_entries=0, leader_commit=0)
13341.9ms Vehicle 3 RECEIVED AppendEntries from vehicle 7 (n_entries=0, leader_commit=0)
13342.5ms Vehicle 4 RECEIVED AppendEntries from vehicle 7 (n_entries=0, leader_commit=0)
13343.2ms Vehicle 5 RECEIVED AppendEntries from vehicle 7 (n_entries=0, leader_commit=0)
13343.9ms Vehicle 6 RECEIVED AppendEntries from vehicle 7 (n_entries=0, leader_commit=0)
13344.9ms Vehicle 8 RECEIVED AppendEntries from vehicle 7 (n_entries=0, leader_commit=0)
13345.4ms Vehicle 9 RECEIVED AppendEntries from vehicle 7 (n_entries=0, leader_commit=0)
13345.9ms Vehicle 10 RECEIVED AppendEntries from vehicle 7 (n_entries=0, leader_commit=0)
13.35 [STOP_CHECK][V8] road=W2C dist=20.8m (lanePos=172.0 laneLen=192.8) stopDist=5.0m speed=7.3m/s
13.35 [STOP_CHECK][V6] road=E2C dist=17.6m (lanePos=175.2 laneLen=192.8) stopDist=5.0m speed=4.4m/s
13.4 [STOP_CHECK][V8] road=W2C dist=20.1m (lanePos=172.7 laneLen=192.8) stopDist=5.0m speed=6.9m/s
13.4 [STOP_CHECK][V6] road=E2C dist=17.2m (lanePos=175.6 laneLen=192.8) stopDist=5.0m speed=4.2m/s
13.45 [STOP_CHECK][V8] road=W2C dist=20.1m (lanePos=172.7 laneLen=192.8) stopDist=5.0m speed=6.9m/s
13.45 [STOP_CHECK][V6] road=E2C dist=17.2m (lanePos=175.6 laneLen=192.8) stopDist=5.0m speed=4.2m/s
13.5 [STOP_CHECK][V8] road=W2C dist=19.4m (lanePos=173.4 laneLen=192.8) stopDist=5.0m speed=6.4m/s
13.5 [STOP_CHECK][V6] road=E2C dist=16.8m (lanePos=176.0 laneLen=192.8) stopDist=5.0m speed=4.0m/s
13540.0ms Leader 7 SENDING AppendEntries to vehicle 0 (n_entries=0, leader_commit=0)
13540.0ms Leader 7 SENDING AppendEntries to vehicle 1 (n_entries=0, leader_commit=0)
13540.0ms Leader 7 SENDING AppendEntries to vehicle 2 (n_entries=0, leader_commit=0)
13540.0ms Leader 7 SENDING AppendEntries to vehicle 3 (n_entries=0, leader_commit=0)
13540.0ms Leader 7 SENDING AppendEntries to vehicle 4 (n_entries=0, leader_commit=0)
13540.0ms Leader 7 SENDING AppendEntries to vehicle 5 (n_entries=0, leader_commit=0)
13540.0ms Leader 7 SENDING AppendEntries to vehicle 6 (n_entries=0, leader_commit=0)
13540.0ms Leader 7 SENDING AppendEntries to vehicle 8 (n_entries=0, leader_commit=0)
13540.0ms Leader 7 SENDING AppendEntries to vehicle 9 (n_entries=0, leader_commit=0)
13540.0ms Leader 7 SENDING AppendEntries to vehicle 10 (n_entries=0, leader_commit=0)
13540.6ms Vehicle 0 RECEIVED AppendEntries from vehicle 7 (n_entries=0, leader_commit=0)
13540.9ms Vehicle 1 RECEIVED AppendEntries from vehicle 7 (n_entries=0, leader_commit=0)
13541.6ms Vehicle 2 RECEIVED AppendEntries from vehicle 7 (n_entries=0, leader_commit=0)
13542.0ms Vehicle 3 RECEIVED AppendEntries from vehicle 7 (n_entries=0, leader_commit=0)
13542.7ms Vehicle 4 RECEIVED AppendEntries from vehicle 7 (n_entries=0, leader_commit=0)
13543.9ms Vehicle 5 RECEIVED AppendEntries from vehicle 7 (n_entries=0, leader_commit=0)
13544.5ms Vehicle 6 RECEIVED AppendEntries from vehicle 7 (n_entries=0, leader_commit=0)
13544.8ms Vehicle 8 RECEIVED AppendEntries from vehicle 7 (n_entries=0, leader_commit=0)
13545.9ms Vehicle 10 RECEIVED AppendEntries from vehicle 7 (n_entries=0, leader_commit=0)
13.55 [STOP_CHECK][V8] road=W2C dist=19.4m (lanePos=173.4 laneLen=192.8) stopDist=5.0m speed=6.4m/s
13.55 [STOP_CHECK][V6] road=E2C dist=16.8m (lanePos=176.0 laneLen=192.8) stopDist=5.0m speed=4.0m/s
13.6 [STOP_CHECK][V8] road=W2C dist=18.8m (lanePos=174.0 laneLen=192.8) stopDist=5.0m speed=6.0m/s
13.6 [STOP_CHECK][V6] road=E2C dist=16.4m (lanePos=176.4 laneLen=192.8) stopDist=5.0m speed=3.7m/s
13.65 [STOP_CHECK][V8] road=W2C dist=18.8m (lanePos=174.0 laneLen=192.8) stopDist=5.0m speed=6.0m/s
13.65 [STOP_CHECK][V6] road=E2C dist=16.4m (lanePos=176.4 laneLen=192.8) stopDist=5.0m speed=3.7m/s
13.7 [STOP_CHECK][V8] road=W2C dist=18.3m (lanePos=174.5 laneLen=192.8) stopDist=5.0m speed=5.5m/s
13.7 [STOP_CHECK][V6] road=E2C dist=16.0m (lanePos=176.8 laneLen=192.8) stopDist=5.0m speed=3.5m/s
13740.0ms Leader 7 SENDING AppendEntries to vehicle 0 (n_entries=0, leader_commit=0)
13740.0ms Leader 7 SENDING AppendEntries to vehicle 1 (n_entries=0, leader_commit=0)
13740.0ms Leader 7 SENDING AppendEntries to vehicle 2 (n_entries=0, leader_commit=0)
13740.0ms Leader 7 SENDING AppendEntries to vehicle 3 (n_entries=0, leader_commit=0)
13740.0ms Leader 7 SENDING AppendEntries to vehicle 4 (n_entries=0, leader_commit=0)
13740.0ms Leader 7 SENDING AppendEntries to vehicle 5 (n_entries=0, leader_commit=0)
13740.0ms Leader 7 SENDING AppendEntries to vehicle 6 (n_entries=0, leader_commit=0)
13740.0ms Leader 7 SENDING AppendEntries to vehicle 8 (n_entries=0, leader_commit=0)
13740.0ms Leader 7 SENDING AppendEntries to vehicle 9 (n_entries=0, leader_commit=0)
13740.0ms Leader 7 SENDING AppendEntries to vehicle 10 (n_entries=0, leader_commit=0)
13740.2ms Vehicle 0 RECEIVED AppendEntries from vehicle 7 (n_entries=0, leader_commit=0)
13740.4ms Vehicle 1 RECEIVED AppendEntries from vehicle 7 (n_entries=0, leader_commit=0)
13740.7ms Vehicle 2 RECEIVED AppendEntries from vehicle 7 (n_entries=0, leader_commit=0)
13741.3ms Vehicle 3 RECEIVED AppendEntries from vehicle 7 (n_entries=0, leader_commit=0)
13742.1ms Vehicle 4 RECEIVED AppendEntries from vehicle 7 (n_entries=0, leader_commit=0)
13743.3ms Vehicle 5 RECEIVED AppendEntries from vehicle 7 (n_entries=0, leader_commit=0)
13743.8ms Vehicle 6 RECEIVED AppendEntries from vehicle 7 (n_entries=0, leader_commit=0)
13744.5ms Vehicle 8 RECEIVED AppendEntries from vehicle 7 (n_entries=0, leader_commit=0)
13745.0ms Vehicle 9 RECEIVED AppendEntries from vehicle 7 (n_entries=0, leader_commit=0)
13746.2ms Vehicle 10 RECEIVED AppendEntries from vehicle 7 (n_entries=0, leader_commit=0)
13.75 [STOP_CHECK][V8] road=W2C dist=18.3m (lanePos=174.5 laneLen=192.8) stopDist=5.0m speed=5.5m/s
13.75 [STOP_CHECK][V6] road=E2C dist=16.0m (lanePos=176.8 laneLen=192.8) stopDist=5.0m speed=3.5m/s
13780.0ms Vehicle 11 sendRequestVote called for node 1
13780.0ms Vehicle 11 sendRequestVote called for node 2
13780.0ms Vehicle 11 sendRequestVote called for node 3
13780.0ms Vehicle 11 sendRequestVote called for node 4
13780.0ms Vehicle 11 sendRequestVote called for node 5
13780.0ms Vehicle 11 sendRequestVote called for node 6
13780.0ms Vehicle 11 sendRequestVote called for node 7
13780.0ms Vehicle 11 sendRequestVote called for node 8
13780.0ms Vehicle 11 sendRequestVote called for node 9
13780.0ms Vehicle 11 sendRequestVote called for node 10
13780.0ms Vehicle 11 sendRequestVote called for node 11
13.8 [STOP_CHECK][V8] road=W2C dist=17.8m (lanePos=175.0 laneLen=192.8) stopDist=5.0m speed=5.1m/s
13.8 [STOP_CHECK][V6] road=E2C dist=15.7m (lanePos=177.1 laneLen=192.8) stopDist=5.0m speed=3.3m/s
13.85 [STOP_CHECK][V8] road=W2C dist=17.8m (lanePos=175.0 laneLen=192.8) stopDist=5.0m speed=5.1m/s
13.85 [STOP_CHECK][V6] road=E2C dist=15.7m (lanePos=177.1 laneLen=192.8) stopDist=5.0m speed=3.3m/s
13.9 [STOP_CHECK][V8] road=W2C dist=17.3m (lanePos=175.5 laneLen=192.8) stopDist=5.0m speed=4.6m/s
13.9 [STOP_CHECK][V6] road=E2C dist=15.4m (lanePos=177.4 laneLen=192.8) stopDist=5.0m speed=3.2m/s
13940.0ms Leader 7 SENDING AppendEntries to vehicle 0 (n_entries=0, leader_commit=0)
13940.0ms Leader 7 SENDING AppendEntries to vehicle 1 (n_entries=0, leader_commit=0)
13940.0ms Leader 7 SENDING AppendEntries to vehicle 2 (n_entries=0, leader_commit=0)
13940.0ms Leader 7 SENDING AppendEntries to vehicle 3 (n_entries=0, leader_commit=0)
13940.0ms Leader 7 SENDING AppendEntries to vehicle 4 (n_entries=0, leader_commit=0)
13940.0ms Leader 7 SENDING AppendEntries to vehicle 5 (n_entries=0, leader_commit=0)
13940.0ms Leader 7 SENDING AppendEntries to vehicle 6 (n_entries=0, leader_commit=0)
13940.0ms Leader 7 SENDING AppendEntries to vehicle 8 (n_entries=0, leader_commit=0)
13940.0ms Leader 7 SENDING AppendEntries to vehicle 9 (n_entries=0, leader_commit=0)
13940.0ms Leader 7 SENDING AppendEntries to vehicle 10 (n_entries=0, leader_commit=0)
13940.2ms Vehicle 0 RECEIVED AppendEntries from vehicle 7 (n_entries=0, leader_commit=0)
13940.4ms Vehicle 1 RECEIVED AppendEntries from vehicle 7 (n_entries=0, leader_commit=0)
13940.9ms Vehicle 2 RECEIVED AppendEntries from vehicle 7 (n_entries=0, leader_commit=0)
13941.6ms Vehicle 3 RECEIVED AppendEntries from vehicle 7 (n_entries=0, leader_commit=0)
13942.2ms Vehicle 4 RECEIVED AppendEntries from vehicle 7 (n_entries=0, leader_commit=0)
13942.8ms Vehicle 5 RECEIVED AppendEntries from vehicle 7 (n_entries=0, leader_commit=0)
13943.0ms Vehicle 6 RECEIVED AppendEntries from vehicle 7 (n_entries=0, leader_commit=0)
13943.4ms Vehicle 8 RECEIVED AppendEntries from vehicle 7 (n_entries=0, leader_commit=0)
13944.8ms Vehicle 9 RECEIVED AppendEntries from vehicle 7 (n_entries=0, leader_commit=0)
13945.5ms Vehicle 10 RECEIVED AppendEntries from vehicle 7 (n_entries=0, leader_commit=0)
13.95 [STOP_CHECK][V8] road=W2C dist=17.3m (lanePos=175.5 laneLen=192.8) stopDist=5.0m speed=4.6m/s
13.95 [STOP_CHECK][V6] road=E2C dist=15.4m (lanePos=177.4 laneLen=192.8) stopDist=5.0m speed=3.2m/s
14 [STOP_CHECK][V8] road=W2C dist=16.9m (lanePos=175.9 laneLen=192.8) stopDist=5.0m speed=4.2m/s
14 [STOP_CHECK][V6] road=E2C dist=15.1m (lanePos=177.7 laneLen=192.8) stopDist=5.0m speed=2.9m/s
14.05 [STOP_CHECK][V8] road=W2C dist=16.9m (lanePos=175.9 laneLen=192.8) stopDist=5.0m speed=4.2m/s
14.05 [STOP_CHECK][V6] road=E2C dist=15.1m (lanePos=177.7 laneLen=192.8) stopDist=5.0m speed=2.9m/s
14.1 [STOP_CHECK][V8] road=W2C dist=16.5m (lanePos=176.3 laneLen=192.8) stopDist=5.0m speed=3.8m/s
14.1 [STOP_CHECK][V6] road=E2C dist=14.8m (lanePos=178.0 laneLen=192.8) stopDist=5.0m speed=2.8m/s
14140.0ms Leader 7 SENDING AppendEntries to vehicle 0 (n_entries=0, leader_commit=0)
14140.0ms Leader 7 SENDING AppendEntries to vehicle 1 (n_entries=0, leader_commit=0)
14140.0ms Leader 7 SENDING AppendEntries to vehicle 2 (n_entries=0, leader_commit=0)
14140.0ms Leader 7 SENDING AppendEntries to vehicle 3 (n_entries=0, leader_commit=0)
14140.0ms Leader 7 SENDING AppendEntries to vehicle 4 (n_entries=0, leader_commit=0)
14140.0ms Leader 7 SENDING AppendEntries to vehicle 5 (n_entries=0, leader_commit=0)
14140.0ms Leader 7 SENDING AppendEntries to vehicle 6 (n_entries=0, leader_commit=0)
14140.0ms Leader 7 SENDING AppendEntries to vehicle 8 (n_entries=0, leader_commit=0)
14140.0ms Leader 7 SENDING AppendEntries to vehicle 9 (n_entries=0, leader_commit=0)
14140.0ms Leader 7 SENDING AppendEntries to vehicle 10 (n_entries=0, leader_commit=0)
14140.4ms Vehicle 0 RECEIVED AppendEntries from vehicle 7 (n_entries=0, leader_commit=0)
14140.9ms Vehicle 1 RECEIVED AppendEntries from vehicle 7 (n_entries=0, leader_commit=0)
14141.2ms Vehicle 2 RECEIVED AppendEntries from vehicle 7 (n_entries=0, leader_commit=0)
14141.7ms Vehicle 3 RECEIVED AppendEntries from vehicle 7 (n_entries=0, leader_commit=0)
14142.2ms Vehicle 4 RECEIVED AppendEntries from vehicle 7 (n_entries=0, leader_commit=0)
14142.7ms Vehicle 5 RECEIVED AppendEntries from vehicle 7 (n_entries=0, leader_commit=0)
14143.3ms Vehicle 6 RECEIVED AppendEntries from vehicle 7 (n_entries=0, leader_commit=0)
14144.0ms Vehicle 8 RECEIVED AppendEntries from vehicle 7 (n_entries=0, leader_commit=0)
14145.0ms Vehicle 9 RECEIVED AppendEntries from vehicle 7 (n_entries=0, leader_commit=0)
14145.3ms Vehicle 10 RECEIVED AppendEntries from vehicle 7 (n_entries=0, leader_commit=0)
14.15 [STOP_CHECK][V8] road=W2C dist=16.5m (lanePos=176.3 laneLen=192.8) stopDist=5.0m speed=3.8m/s
14.15 [STOP_CHECK][V6] road=E2C dist=14.8m (lanePos=178.0 laneLen=192.8) stopDist=5.0m speed=2.8m/s
14.2 [STOP_CHECK][V8] road=W2C dist=16.2m (lanePos=176.6 laneLen=192.8) stopDist=5.0m speed=3.6m/s
14.2 [STOP_CHECK][V1] road=N2C dist=24.7m (lanePos=168.1 laneLen=192.8) stopDist=5.0m speed=4.6m/s
14.2 [STOP_CHECK][V4] road=S2C dist=24.6m (lanePos=168.2 laneLen=192.8) stopDist=5.0m speed=7.4m/s
14.2 [STOP_CHECK][V6] road=E2C dist=14.6m (lanePos=178.2 laneLen=192.8) stopDist=5.0m speed=2.6m/s
14.25 [STOP_CHECK][V8] road=W2C dist=16.2m (lanePos=176.6 laneLen=192.8) stopDist=5.0m speed=3.6m/s
14.25 [STOP_CHECK][V1] road=N2C dist=24.7m (lanePos=168.1 laneLen=192.8) stopDist=5.0m speed=4.6m/s
14.25 [STOP_CHECK][V4] road=S2C dist=24.6m (lanePos=168.2 laneLen=192.8) stopDist=5.0m speed=7.4m/s
14.25 [STOP_CHECK][V6] road=E2C dist=14.6m (lanePos=178.2 laneLen=192.8) stopDist=5.0m speed=2.6m/s
14.3 [STOP_CHECK][V8] road=W2C dist=15.8m (lanePos=177.0 laneLen=192.8) stopDist=5.0m speed=3.4m/s
14.3 [STOP_CHECK][V1] road=N2C dist=24.2m (lanePos=168.6 laneLen=192.8) stopDist=5.0m speed=4.4m/s
14.3 [STOP_CHECK][V4] road=S2C dist=23.9m (lanePos=168.9 laneLen=192.8) stopDist=5.0m speed=7.1m/s
14.3 [STOP_CHECK][V6] road=E2C dist=14.3m (lanePos=178.5 laneLen=192.8) stopDist=5.0m speed=2.4m/s
14300.0ms Vehicle 13 sendRequestVote called for node 1
14300.0ms Vehicle 13 sendRequestVote called for node 2
14300.0ms Vehicle 13 sendRequestVote called for node 3
14300.0ms Vehicle 13 sendRequestVote called for node 4
14300.0ms Vehicle 13 sendRequestVote called for node 5
14300.0ms Vehicle 13 sendRequestVote called for node 6
14300.0ms Vehicle 13 sendRequestVote called for node 7
14300.0ms Vehicle 13 sendRequestVote called for node 8
14300.0ms Vehicle 13 sendRequestVote called for node 9
14300.0ms Vehicle 13 sendRequestVote called for node 10
14300.0ms Vehicle 13 sendRequestVote called for node 11
14300.0ms Vehicle 13 sendRequestVote called for node 12
14300.0ms Vehicle 13 sendRequestVote called for node 13
14340.0ms Leader 7 SENDING AppendEntries to vehicle 0 (n_entries=0, leader_commit=0)
14340.0ms Leader 7 SENDING AppendEntries to vehicle 1 (n_entries=0, leader_commit=0)
14340.0ms Leader 7 SENDING AppendEntries to vehicle 2 (n_entries=0, leader_commit=0)
14340.0ms Leader 7 SENDING AppendEntries to vehicle 3 (n_entries=0, leader_commit=0)
14340.0ms Leader 7 SENDING AppendEntries to vehicle 4 (n_entries=0, leader_commit=0)
14340.0ms Leader 7 SENDING AppendEntries to vehicle 5 (n_entries=0, leader_commit=0)
14340.0ms Leader 7 SENDING AppendEntries to vehicle 6 (n_entries=0, leader_commit=0)
14340.0ms Leader 7 SENDING AppendEntries to vehicle 8 (n_entries=0, leader_commit=0)
14340.0ms Leader 7 SENDING AppendEntries to vehicle 9 (n_entries=0, leader_commit=0)
14340.0ms Leader 7 SENDING AppendEntries to vehicle 10 (n_entries=0, leader_commit=0)
14340.3ms Vehicle 0 RECEIVED AppendEntries from vehicle 7 (n_entries=0, leader_commit=0)
14341.6ms Vehicle 1 RECEIVED AppendEntries from vehicle 7 (n_entries=0, leader_commit=0)
14342.1ms Vehicle 2 RECEIVED AppendEntries from vehicle 7 (n_entries=0, leader_commit=0)
14342.6ms Vehicle 3 RECEIVED AppendEntries from vehicle 7 (n_entries=0, leader_commit=0)
14343.7ms Vehicle 5 RECEIVED AppendEntries from vehicle 7 (n_entries=0, leader_commit=0)
14343.9ms Vehicle 6 RECEIVED AppendEntries from vehicle 7 (n_entries=0, leader_commit=0)
14344.2ms Vehicle 8 RECEIVED AppendEntries from vehicle 7 (n_entries=0, leader_commit=0)
14345.0ms Vehicle 9 RECEIVED AppendEntries from vehicle 7 (n_entries=0, leader_commit=0)
14346.1ms Vehicle 10 RECEIVED AppendEntries from vehicle 7 (n_entries=0, leader_commit=0)
14.35 [STOP_CHECK][V8] road=W2C dist=15.8m (lanePos=177.0 laneLen=192.8) stopDist=5.0m speed=3.4m/s
14.35 [STOP_CHECK][V1] road=N2C dist=24.2m (lanePos=168.6 laneLen=192.8) stopDist=5.0m speed=4.4m/s
14.35 [STOP_CHECK][V4] road=S2C dist=23.9m (lanePos=168.9 laneLen=192.8) stopDist=5.0m speed=7.1m/s
14.35 [STOP_CHECK][V6] road=E2C dist=14.3m (lanePos=178.5 laneLen=192.8) stopDist=5.0m speed=2.4m/s
14.4 [STOP_CHECK][V8] road=W2C dist=15.5m (lanePos=177.3 laneLen=192.8) stopDist=5.0m speed=3.3m/s
14.4 [STOP_CHECK][V1] road=N2C dist=23.8m (lanePos=169.0 laneLen=192.8) stopDist=5.0m speed=4.3m/s
14.4 [QUEUE_ADV][V2] dist=11.1m speed=0.5 leader=veh14 gap=0.4m gapOpened=0 (need gap>5.0m) myBatch=-1 curBatch=0
14.4 [STOP_CHECK][V4] road=S2C dist=23.2m (lanePos=169.6 laneLen=192.8) stopDist=5.0m speed=6.9m/s
14.4 [STOP_CHECK][V6] road=E2C dist=14.1m (lanePos=178.7 laneLen=192.8) stopDist=5.0m speed=2.3m/s
14420.0ms Vehicle 14 sendRequestVote called for node 1
14420.0ms Vehicle 14 sendRequestVote called for node 2
14420.0ms Vehicle 14 sendRequestVote called for node 3
14420.0ms Vehicle 14 sendRequestVote called for node 4
14420.0ms Vehicle 14 sendRequestVote called for node 5
14420.0ms Vehicle 14 sendRequestVote called for node 6
14420.0ms Vehicle 14 sendRequestVote called for node 7
14420.0ms Vehicle 14 sendRequestVote called for node 8
14420.0ms Vehicle 14 sendRequestVote called for node 9
14420.0ms Vehicle 14 sendRequestVote called for node 10
14420.0ms Vehicle 14 sendRequestVote called for node 11
14420.0ms Vehicle 14 sendRequestVote called for node 12
14420.0ms Vehicle 14 sendRequestVote called for node 13
14420.0ms Vehicle 14 sendRequestVote called for node 14
14.45 [STOP_CHECK][V8] road=W2C dist=15.5m (lanePos=177.3 laneLen=192.8) stopDist=5.0m speed=3.3m/s
14.45 [STOP_CHECK][V1] road=N2C dist=23.8m (lanePos=169.0 laneLen=192.8) stopDist=5.0m speed=4.3m/s
14.45 [STOP_CHECK][V4] road=S2C dist=23.2m (lanePos=169.6 laneLen=192.8) stopDist=5.0m speed=6.9m/s
14.45 [STOP_CHECK][V6] road=E2C dist=14.1m (lanePos=178.7 laneLen=192.8) stopDist=5.0m speed=2.3m/s
14.5 [STOP_CHECK][V8] road=W2C dist=15.2m (lanePos=177.6 laneLen=192.8) stopDist=5.0m speed=3.1m/s
14.5 [STOP_CHECK][V1] road=N2C dist=23.4m (lanePos=169.4 laneLen=192.8) stopDist=5.0m speed=4.1m/s
14.5 [STOP_CHECK][V4] road=S2C dist=22.6m (lanePos=170.2 laneLen=192.8) stopDist=5.0m speed=6.6m/s
14.5 [STOP_CHECK][V6] road=E2C dist=13.9m (lanePos=178.9 laneLen=192.8) stopDist=5.0m speed=2.1m/s
14540.0ms Leader 7 SENDING AppendEntries to vehicle 0 (n_entries=0, leader_commit=0)
14540.0ms Leader 7 SENDING AppendEntries to vehicle 1 (n_entries=0, leader_commit=0)
14540.0ms Leader 7 SENDING AppendEntries to vehicle 2 (n_entries=0, leader_commit=0)
14540.0ms Leader 7 SENDING AppendEntries to vehicle 3 (n_entries=0, leader_commit=0)
14540.0ms Leader 7 SENDING AppendEntries to vehicle 4 (n_entries=0, leader_commit=0)
14540.0ms Leader 7 SENDING AppendEntries to vehicle 5 (n_entries=0, leader_commit=0)
14540.0ms Leader 7 SENDING AppendEntries to vehicle 6 (n_entries=0, leader_commit=0)
14540.0ms Leader 7 SENDING AppendEntries to vehicle 8 (n_entries=0, leader_commit=0)
14540.0ms Leader 7 SENDING AppendEntries to vehicle 9 (n_entries=0, leader_commit=0)
14540.0ms Leader 7 SENDING AppendEntries to vehicle 10 (n_entries=0, leader_commit=0)
14540.2ms Vehicle 0 RECEIVED AppendEntries from vehicle 7 (n_entries=0, leader_commit=0)
14540.6ms Vehicle 1 RECEIVED AppendEntries from vehicle 7 (n_entries=0, leader_commit=0)
14541.2ms Vehicle 2 RECEIVED AppendEntries from vehicle 7 (n_entries=0, leader_commit=0)
14541.5ms Vehicle 3 RECEIVED AppendEntries from vehicle 7 (n_entries=0, leader_commit=0)
14542.8ms Vehicle 4 RECEIVED AppendEntries from vehicle 7 (n_entries=0, leader_commit=0)
14543.4ms Vehicle 5 RECEIVED AppendEntries from vehicle 7 (n_entries=0, leader_commit=0)
14544.4ms Vehicle 6 RECEIVED AppendEntries from vehicle 7 (n_entries=0, leader_commit=0)
14544.9ms Vehicle 8 RECEIVED AppendEntries from vehicle 7 (n_entries=0, leader_commit=0)
14545.4ms Vehicle 9 RECEIVED AppendEntries from vehicle 7 (n_entries=0, leader_commit=0)
14546.1ms Vehicle 10 RECEIVED AppendEntries from vehicle 7 (n_entries=0, leader_commit=0)
14.55 [STOP_CHECK][V8] road=W2C dist=15.2m (lanePos=177.6 laneLen=192.8) stopDist=5.0m speed=3.1m/s
14.55 [STOP_CHECK][V1] road=N2C dist=23.4m (lanePos=169.4 laneLen=192.8) stopDist=5.0m speed=4.1m/s
14.55 [STOP_CHECK][V4] road=S2C dist=22.6m (lanePos=170.2 laneLen=192.8) stopDist=5.0m speed=6.6m/s
14.55 [STOP_CHECK][V6] road=E2C dist=13.9m (lanePos=178.9 laneLen=192.8) stopDist=5.0m speed=2.1m/s
14.6 [STOP_CHECK][V8] road=W2C dist=14.9m (lanePos=177.9 laneLen=192.8) stopDist=5.0m speed=2.8m/s
14.6 [STOP_CHECK][V1] road=N2C dist=23.0m (lanePos=169.8 laneLen=192.8) stopDist=5.0m speed=3.8m/s
14.6 [STOP_CHECK][V4] road=S2C dist=21.9m (lanePos=170.9 laneLen=192.8) stopDist=5.0m speed=6.3m/s
14.6 [STOP_CHECK][V6] road=E2C dist=13.7m (lanePos=179.1 laneLen=192.8) stopDist=5.0m speed=2.0m/s
14640.0ms Vehicle 11 sendRequestVote called for node 1
14640.0ms Vehicle 11 sendRequestVote called for node 2
14640.0ms Vehicle 11 sendRequestVote called for node 3
14640.0ms Vehicle 11 sendRequestVote called for node 4
14640.0ms Vehicle 11 sendRequestVote called for node 5
14640.0ms Vehicle 11 sendRequestVote called for node 6
14640.0ms Vehicle 11 sendRequestVote called for node 7
14640.0ms Vehicle 11 sendRequestVote called for node 8
14640.0ms Vehicle 11 sendRequestVote called for node 9
14640.0ms Vehicle 11 sendRequestVote called for node 10
14640.0ms Vehicle 11 sendRequestVote called for node 11
14.65 [STOP_CHECK][V8] road=W2C dist=14.9m (lanePos=177.9 laneLen=192.8) stopDist=5.0m speed=2.8m/s
14.65 [STOP_CHECK][V1] road=N2C dist=23.0m (lanePos=169.8 laneLen=192.8) stopDist=5.0m speed=3.8m/s
14.65 [STOP_CHECK][V4] road=S2C dist=21.9m (lanePos=170.9 laneLen=192.8) stopDist=5.0m speed=6.3m/s
14.65 [STOP_CHECK][V6] road=E2C dist=13.7m (lanePos=179.1 laneLen=192.8) stopDist=5.0m speed=2.0m/s
14.7 [STOP_CHECK][V8] road=W2C dist=14.7m (lanePos=178.1 laneLen=192.8) stopDist=5.0m speed=2.7m/s
14.7 [STOP_CHECK][V1] road=N2C dist=22.7m (lanePos=170.1 laneLen=192.8) stopDist=5.0m speed=3.6m/s
14.7 [STOP_CHECK][V4] road=S2C dist=21.3m (lanePos=171.5 laneLen=192.8) stopDist=5.0m speed=6.1m/s
14.7 [STOP_CHECK][V6] road=E2C dist=13.5m (lanePos=179.3 laneLen=192.8) stopDist=5.0m speed=1.9m/s
14740.0ms Leader 7 SENDING AppendEntries to vehicle 0 (n_entries=0, leader_commit=0)
14740.0ms Leader 7 SENDING AppendEntries to vehicle 1 (n_entries=0, leader_commit=0)
14740.0ms Leader 7 SENDING AppendEntries to vehicle 2 (n_entries=0, leader_commit=0)
14740.0ms Leader 7 SENDING AppendEntries to vehicle 3 (n_entries=0, leader_commit=0)
14740.0ms Leader 7 SENDING AppendEntries to vehicle 4 (n_entries=0, leader_commit=0)
14740.0ms Leader 7 SENDING AppendEntries to vehicle 5 (n_entries=0, leader_commit=0)
14740.0ms Leader 7 SENDING AppendEntries to vehicle 6 (n_entries=0, leader_commit=0)
14740.0ms Leader 7 SENDING AppendEntries to vehicle 8 (n_entries=0, leader_commit=0)
14740.0ms Leader 7 SENDING AppendEntries to vehicle 9 (n_entries=0, leader_commit=0)
14740.0ms Leader 7 SENDING AppendEntries to vehicle 10 (n_entries=0, leader_commit=0)
14740.5ms Vehicle 0 RECEIVED AppendEntries from vehicle 7 (n_entries=0, leader_commit=0)
14740.8ms Vehicle 1 RECEIVED AppendEntries from vehicle 7 (n_entries=0, leader_commit=0)
14741.4ms Vehicle 2 RECEIVED AppendEntries from vehicle 7 (n_entries=0, leader_commit=0)
14741.7ms Vehicle 3 RECEIVED AppendEntries from vehicle 7 (n_entries=0, leader_commit=0)
14742.7ms Vehicle 4 RECEIVED AppendEntries from vehicle 7 (n_entries=0, leader_commit=0)
14742.9ms Vehicle 5 RECEIVED AppendEntries from vehicle 7 (n_entries=0, leader_commit=0)
14744.0ms Vehicle 6 RECEIVED AppendEntries from vehicle 7 (n_entries=0, leader_commit=0)
14744.7ms Vehicle 8 RECEIVED AppendEntries from vehicle 7 (n_entries=0, leader_commit=0)
14746.1ms Vehicle 9 RECEIVED AppendEntries from vehicle 7 (n_entries=0, leader_commit=0)
14746.7ms Vehicle 10 RECEIVED AppendEntries from vehicle 7 (n_entries=0, leader_commit=0)
14.75 [STOP_CHECK][V8] road=W2C dist=14.7m (lanePos=178.1 laneLen=192.8) stopDist=5.0m speed=2.7m/s
14.75 [STOP_CHECK][V1] road=N2C dist=22.7m (lanePos=170.1 laneLen=192.8) stopDist=5.0m speed=3.6m/s
14.75 [STOP_CHECK][V4] road=S2C dist=21.3m (lanePos=171.5 laneLen=192.8) stopDist=5.0m speed=6.1m/s
14.75 [STOP_CHECK][V6] road=E2C dist=13.5m (lanePos=179.3 laneLen=192.8) stopDist=5.0m speed=1.9m/s
14.8 [STOP_CHECK][V8] road=W2C dist=14.4m (lanePos=178.4 laneLen=192.8) stopDist=5.0m speed=2.5m/s
14.8 [STOP_CHECK][V1] road=N2C dist=22.3m (lanePos=170.5 laneLen=192.8) stopDist=5.0m speed=3.5m/s
14.8 [STOP_CHECK][V4] road=S2C dist=20.7m (lanePos=172.1 laneLen=192.8) stopDist=5.0m speed=5.7m/s
14.8 [STOP_CHECK][V6] road=E2C dist=13.3m (lanePos=179.5 laneLen=192.8) stopDist=5.0m speed=1.7m/s
14.85 [STOP_CHECK][V8] road=W2C dist=14.4m (lanePos=178.4 laneLen=192.8) stopDist=5.0m speed=2.5m/s
14.85 [STOP_CHECK][V1] road=N2C dist=22.3m (lanePos=170.5 laneLen=192.8) stopDist=5.0m speed=3.5m/s
14.85 [STOP_CHECK][V4] road=S2C dist=20.7m (lanePos=172.1 laneLen=192.8) stopDist=5.0m speed=5.7m/s
14.85 [STOP_CHECK][V6] road=E2C dist=13.3m (lanePos=179.5 laneLen=192.8) stopDist=5.0m speed=1.7m/s
14.9 [STOP_CHECK][V8] road=W2C dist=14.2m (lanePos=178.6 laneLen=192.8) stopDist=5.0m speed=2.3m/s
14.9 [STOP_CHECK][V1] road=N2C dist=22.0m (lanePos=170.8 laneLen=192.8) stopDist=5.0m speed=3.2m/s
14.9 [STOP_CHECK][V4] road=S2C dist=20.2m (lanePos=172.6 laneLen=192.8) stopDist=5.0m speed=5.5m/s
14.9 [STOP_CHECK][V6] road=E2C dist=13.2m (lanePos=179.6 laneLen=192.8) stopDist=5.0m speed=1.6m/s
14940.0ms Leader 7 SENDING AppendEntries to vehicle 0 (n_entries=0, leader_commit=0)
14940.0ms Leader 7 SENDING AppendEntries to vehicle 1 (n_entries=0, leader_commit=0)
14940.0ms Leader 7 SENDING AppendEntries to vehicle 2 (n_entries=0, leader_commit=0)
14940.0ms Leader 7 SENDING AppendEntries to vehicle 3 (n_entries=0, leader_commit=0)
14940.0ms Leader 7 SENDING AppendEntries to vehicle 4 (n_entries=0, leader_commit=0)
14940.0ms Leader 7 SENDING AppendEntries to vehicle 5 (n_entries=0, leader_commit=0)
14940.0ms Leader 7 SENDING AppendEntries to vehicle 6 (n_entries=0, leader_commit=0)
14940.0ms Leader 7 SENDING AppendEntries to vehicle 8 (n_entries=0, leader_commit=0)
14940.0ms Leader 7 SENDING AppendEntries to vehicle 9 (n_entries=0, leader_commit=0)
14940.0ms Leader 7 SENDING AppendEntries to vehicle 10 (n_entries=0, leader_commit=0)
14940.2ms Vehicle 0 RECEIVED AppendEntries from vehicle 7 (n_entries=0, leader_commit=0)
14940.7ms Vehicle 1 RECEIVED AppendEntries from vehicle 7 (n_entries=0, leader_commit=0)
14941.3ms Vehicle 2 RECEIVED AppendEntries from vehicle 7 (n_entries=0, leader_commit=0)
14941.7ms Vehicle 3 RECEIVED AppendEntries from vehicle 7 (n_entries=0, leader_commit=0)
14942.3ms Vehicle 4 RECEIVED AppendEntries from vehicle 7 (n_entries=0, leader_commit=0)
14943.1ms Vehicle 5 RECEIVED AppendEntries from vehicle 7 (n_entries=0, leader_commit=0)
14943.6ms Vehicle 6 RECEIVED AppendEntries from vehicle 7 (n_entries=0, leader_commit=0)
14944.3ms Vehicle 8 RECEIVED AppendEntries from vehicle 7 (n_entries=0, leader_commit=0)
14945.0ms Vehicle 9 RECEIVED AppendEntries from vehicle 7 (n_entries=0, leader_commit=0)
14945.6ms Vehicle 10 RECEIVED AppendEntries from vehicle 7 (n_entries=0, leader_commit=0)
14.95 [STOP_CHECK][V8] road=W2C dist=14.2m (lanePos=178.6 laneLen=192.8) stopDist=5.0m speed=2.3m/s
14.95 [STOP_CHECK][V1] road=N2C dist=22.0m (lanePos=170.8 laneLen=192.8) stopDist=5.0m speed=3.2m/s
14.95 [STOP_CHECK][V4] road=S2C dist=20.2m (lanePos=172.6 laneLen=192.8) stopDist=5.0m speed=5.5m/s
14.95 [STOP_CHECK][V6] road=E2C dist=13.2m (lanePos=179.6 laneLen=192.8) stopDist=5.0m speed=1.6m/s
15 [STOP_CHECK][V9] road=E2C dist=24.9m (lanePos=167.9 laneLen=192.8) stopDist=5.0m speed=3.8m/s
15 [STOP_CHECK][V8] road=W2C dist=14.0m (lanePos=178.8 laneLen=192.8) stopDist=5.0m speed=2.2m/s
15 [STOP_CHECK][V1] road=N2C dist=21.7m (lanePos=171.1 laneLen=192.8) stopDist=5.0m speed=3.1m/s
15 [STOP_CHECK][V4] road=S2C dist=19.7m (lanePos=173.1 laneLen=192.8) stopDist=5.0m speed=5.3m/s
15 [STOP_CHECK][V6] road=E2C dist=13.0m (lanePos=179.8 laneLen=192.8) stopDist=5.0m speed=1.4m/s
15 [DBG][V6] WOS_CALC laneIdx=2 wos=0 traciLeader=veh9 gap=1.5
15 [STOP_CHECK][V6] QUEUED (no hard stop) dist=13.0m speed=1.4m/s road=E2C wos=0 frontVeh=-1 isLeader=0
15000.0ms Vehicle 6 QUEUED at dist=13.0m speed=1.4m/s
15.05 [STOP_CHECK][V9] road=E2C dist=24.9m (lanePos=167.9 laneLen=192.8) stopDist=5.0m speed=3.8m/s
15.05 [STOP_CHECK][V8] road=W2C dist=14.0m (lanePos=178.8 laneLen=192.8) stopDist=5.0m speed=2.2m/s
15.05 [STOP_CHECK][V1] road=N2C dist=21.7m (lanePos=171.1 laneLen=192.8) stopDist=5.0m speed=3.1m/s
15.05 [STOP_CHECK][V4] road=S2C dist=19.7m (lanePos=173.1 laneLen=192.8) stopDist=5.0m speed=5.3m/s
15.1 [STOP_CHECK][V9] road=E2C dist=24.6m (lanePos=168.2 laneLen=192.8) stopDist=5.0m speed=3.6m/s
15.1 [STOP_CHECK][V8] road=W2C dist=13.7m (lanePos=179.1 laneLen=192.8) stopDist=5.0m speed=2.1m/s
15.1 [STOP_CHECK][V1] road=N2C dist=21.4m (lanePos=171.4 laneLen=192.8) stopDist=5.0m speed=2.9m/s
15.1 [STOP_CHECK][V4] road=S2C dist=19.2m (lanePos=173.6 laneLen=192.8) stopDist=5.0m speed=5.0m/s
15140.0ms Leader 7 SENDING AppendEntries to vehicle 0 (n_entries=0, leader_commit=0)
15140.0ms Leader 7 SENDING AppendEntries to vehicle 1 (n_entries=0, leader_commit=0)
15140.0ms Leader 7 SENDING AppendEntries to vehicle 2 (n_entries=0, leader_commit=0)
15140.0ms Leader 7 SENDING AppendEntries to vehicle 3 (n_entries=0, leader_commit=0)
15140.0ms Leader 7 SENDING AppendEntries to vehicle 4 (n_entries=0, leader_commit=0)
15140.0ms Leader 7 SENDING AppendEntries to vehicle 5 (n_entries=0, leader_commit=0)
15140.0ms Leader 7 SENDING AppendEntries to vehicle 6 (n_entries=0, leader_commit=0)
15140.0ms Leader 7 SENDING AppendEntries to vehicle 8 (n_entries=0, leader_commit=0)
15140.0ms Leader 7 SENDING AppendEntries to vehicle 9 (n_entries=0, leader_commit=0)
15140.0ms Leader 7 SENDING AppendEntries to vehicle 10 (n_entries=0, leader_commit=0)
15140.2ms Vehicle 0 RECEIVED AppendEntries from vehicle 7 (n_entries=0, leader_commit=0)
15140.4ms Vehicle 1 RECEIVED AppendEntries from vehicle 7 (n_entries=0, leader_commit=0)
15140.8ms Vehicle 2 RECEIVED AppendEntries from vehicle 7 (n_entries=0, leader_commit=0)
15141.7ms Vehicle 3 RECEIVED AppendEntries from vehicle 7 (n_entries=0, leader_commit=0)
15142.3ms Vehicle 4 RECEIVED AppendEntries from vehicle 7 (n_entries=0, leader_commit=0)
15142.6ms Vehicle 5 RECEIVED AppendEntries from vehicle 7 (n_entries=0, leader_commit=0)
15143.5ms Vehicle 6 RECEIVED AppendEntries from vehicle 7 (n_entries=0, leader_commit=0)
15144.2ms Vehicle 8 RECEIVED AppendEntries from vehicle 7 (n_entries=0, leader_commit=0)
15144.9ms Vehicle 9 RECEIVED AppendEntries from vehicle 7 (n_entries=0, leader_commit=0)
15145.2ms Vehicle 10 RECEIVED AppendEntries from vehicle 7 (n_entries=0, leader_commit=0)
15.15 [DBG][V11] POS roadId=W2C dist=27.3m speed=4.7m/s onApproach=YES stopped=0 phase=2 leader=0 committed=0 myBatch=-1 curBatch=0
15.15 [DBG][V10] POS roadId=S2C dist=35.2m speed=6.9m/s onApproach=YES stopped=0 phase=2 leader=0 committed=0 myBatch=-1 curBatch=0
15.15 [DBG][V9] POS roadId=E2C dist=24.6m speed=3.6m/s onApproach=YES stopped=0 phase=2 leader=0 committed=0 myBatch=-1 curBatch=0
15.15 [STOP_CHECK][V9] road=E2C dist=24.6m (lanePos=168.2 laneLen=192.8) stopDist=5.0m speed=3.6m/s
15.15 [DBG][V8] POS roadId=W2C dist=13.7m speed=2.1m/s onApproach=YES stopped=0 phase=2 leader=0 committed=0 myBatch=-1 curBatch=0
15.15 [STOP_CHECK][V8] road=W2C dist=13.7m (lanePos=179.1 laneLen=192.8) stopDist=5.0m speed=2.1m/s
15.15 [DBG][V0] POS roadId=W2C dist=4.5m speed=0.0m/s onApproach=YES stopped=1 phase=2 leader=1 committed=0 myBatch=-1 curBatch=0
15.15 [DBG][V1] POS roadId=N2C dist=21.4m speed=2.9m/s onApproach=YES stopped=0 phase=2 leader=0 committed=0 myBatch=-1 curBatch=0
15.15 [STOP_CHECK][V1] road=N2C dist=21.4m (lanePos=171.4 laneLen=192.8) stopDist=5.0m speed=2.9m/s
15.15 [DBG][V2] POS roadId=N2C dist=10.8m speed=0.2m/s onApproach=YES stopped=1 phase=2 leader=0 committed=0 myBatch=-1 curBatch=0
15.15 [DBG][V3] POS roadId=N2C dist=3.6m speed=0.0m/s onApproach=YES stopped=1 phase=2 leader=0 committed=0 myBatch=-1 curBatch=0
15.15 [DBG][V4] POS roadId=S2C dist=19.2m speed=5.0m/s onApproach=YES stopped=0 phase=2 leader=0 committed=0 myBatch=-1 curBatch=0
15.15 [STOP_CHECK][V4] road=S2C dist=19.2m (lanePos=173.6 laneLen=192.8) stopDist=5.0m speed=5.0m/s
15.15 [DBG][V5] POS roadId=S2C dist=4.9m speed=0.0m/s onApproach=YES stopped=1 phase=2 leader=0 committed=0 myBatch=-1 curBatch=0
15.15 [DBG][V6] POS roadId=E2C dist=12.9m speed=1.4m/s onApproach=YES stopped=1 phase=2 leader=0 committed=0 myBatch=-1 curBatch=0
15.15 [DBG][V7] POS roadId=E2C dist=4.5m speed=0.0m/s onApproach=YES stopped=1 phase=2 leader=1 committed=0 myBatch=-1 curBatch=0
15.2 [STOP_CHECK][V9] road=E2C dist=24.2m (lanePos=168.6 laneLen=192.8) stopDist=5.0m speed=3.5m/s
15.2 [STOP_CHECK][V8] road=W2C dist=13.6m (lanePos=179.2 laneLen=192.8) stopDist=5.0m speed=1.9m/s
15.2 [STOP_CHECK][V1] road=N2C dist=21.1m (lanePos=171.7 laneLen=192.8) stopDist=5.0m speed=2.7m/s
15.2 [STOP_CHECK][V4] road=S2C dist=18.7m (lanePos=174.1 laneLen=192.8) stopDist=5.0m speed=4.8m/s
15220.0ms Vehicle 11 sendRequestVote called for node 1
15220.0ms Vehicle 11 sendRequestVote called for node 2
15220.0ms Vehicle 11 sendRequestVote called for node 3
15220.0ms Vehicle 11 sendRequestVote called for node 4
15220.0ms Vehicle 11 sendRequestVote called for node 5
15220.0ms Vehicle 11 sendRequestVote called for node 6
15220.0ms Vehicle 11 sendRequestVote called for node 7
15220.0ms Vehicle 11 sendRequestVote called for node 8
15220.0ms Vehicle 11 sendRequestVote called for node 9
15220.0ms Vehicle 11 sendRequestVote called for node 10
15220.0ms Vehicle 11 sendRequestVote called for node 11
15.25 [STOP_CHECK][V9] road=E2C dist=24.2m (lanePos=168.6 laneLen=192.8) stopDist=5.0m speed=3.5m/s
15.25 [STOP_CHECK][V8] road=W2C dist=13.6m (lanePos=179.2 laneLen=192.8) stopDist=5.0m speed=1.9m/s
15.25 [STOP_CHECK][V1] road=N2C dist=21.1m (lanePos=171.7 laneLen=192.8) stopDist=5.0m speed=2.7m/s
15.25 [STOP_CHECK][V4] road=S2C dist=18.7m (lanePos=174.1 laneLen=192.8) stopDist=5.0m speed=4.8m/s
15.3 [STOP_CHECK][V9] road=E2C dist=23.9m (lanePos=168.9 laneLen=192.8) stopDist=5.0m speed=3.4m/s
15.3 [STOP_CHECK][V8] road=W2C dist=13.4m (lanePos=179.4 laneLen=192.8) stopDist=5.0m speed=1.7m/s
15.3 [STOP_CHECK][V1] road=N2C dist=20.9m (lanePos=171.9 laneLen=192.8) stopDist=5.0m speed=2.6m/s
15.3 [STOP_CHECK][V4] road=S2C dist=18.2m (lanePos=174.6 laneLen=192.8) stopDist=5.0m speed=4.5m/s
15340.0ms Leader 7 SENDING AppendEntries to vehicle 0 (n_entries=0, leader_commit=0)
15340.0ms Leader 7 SENDING AppendEntries to vehicle 1 (n_entries=0, leader_commit=0)
15340.0ms Leader 7 SENDING AppendEntries to vehicle 2 (n_entries=0, leader_commit=0)
15340.0ms Leader 7 SENDING AppendEntries to vehicle 3 (n_entries=0, leader_commit=0)
15340.0ms Leader 7 SENDING AppendEntries to vehicle 4 (n_entries=0, leader_commit=0)
15340.0ms Leader 7 SENDING AppendEntries to vehicle 5 (n_entries=0, leader_commit=0)
15340.0ms Leader 7 SENDING AppendEntries to vehicle 6 (n_entries=0, leader_commit=0)
15340.0ms Leader 7 SENDING AppendEntries to vehicle 8 (n_entries=0, leader_commit=0)
15340.0ms Leader 7 SENDING AppendEntries to vehicle 9 (n_entries=0, leader_commit=0)
15340.0ms Leader 7 SENDING AppendEntries to vehicle 10 (n_entries=0, leader_commit=0)
15340.2ms Vehicle 0 RECEIVED AppendEntries from vehicle 7 (n_entries=0, leader_commit=0)
15340.6ms Vehicle 1 RECEIVED AppendEntries from vehicle 7 (n_entries=0, leader_commit=0)
15341.1ms Vehicle 2 RECEIVED AppendEntries from vehicle 7 (n_entries=0, leader_commit=0)
15341.3ms Vehicle 3 RECEIVED AppendEntries from vehicle 7 (n_entries=0, leader_commit=0)
15341.5ms Vehicle 4 RECEIVED AppendEntries from vehicle 7 (n_entries=0, leader_commit=0)
15342.4ms Vehicle 5 RECEIVED AppendEntries from vehicle 7 (n_entries=0, leader_commit=0)
15343.0ms Vehicle 6 RECEIVED AppendEntries from vehicle 7 (n_entries=0, leader_commit=0)
15344.5ms Vehicle 8 RECEIVED AppendEntries from vehicle 7 (n_entries=0, leader_commit=0)
15344.8ms Vehicle 9 RECEIVED AppendEntries from vehicle 7 (n_entries=0, leader_commit=0)
15346.0ms Vehicle 10 RECEIVED AppendEntries from vehicle 7 (n_entries=0, leader_commit=0)
15.35 [STOP_CHECK][V9] road=E2C dist=23.9m (lanePos=168.9 laneLen=192.8) stopDist=5.0m speed=3.4m/s
15.35 [STOP_CHECK][V8] road=W2C dist=13.4m (lanePos=179.4 laneLen=192.8) stopDist=5.0m speed=1.7m/s
15.35 [STOP_CHECK][V1] road=N2C dist=20.9m (lanePos=171.9 laneLen=192.8) stopDist=5.0m speed=2.6m/s
15.35 [STOP_CHECK][V4] road=S2C dist=18.2m (lanePos=174.6 laneLen=192.8) stopDist=5.0m speed=4.5m/s
15.4 [STOP_CHECK][V9] road=E2C dist=23.6m (lanePos=169.2 laneLen=192.8) stopDist=5.0m speed=3.2m/s
15.4 [STOP_CHECK][V8] road=W2C dist=13.2m (lanePos=179.6 laneLen=192.8) stopDist=5.0m speed=1.6m/s
15.4 [STOP_CHECK][V1] road=N2C dist=20.6m (lanePos=172.2 laneLen=192.8) stopDist=5.0m speed=2.4m/s
15.4 [STOP_CHECK][V4] road=S2C dist=17.8m (lanePos=175.0 laneLen=192.8) stopDist=5.0m speed=4.4m/s
15.45 [STOP_CHECK][V9] road=E2C dist=23.6m (lanePos=169.2 laneLen=192.8) stopDist=5.0m speed=3.2m/s
15.45 [STOP_CHECK][V8] road=W2C dist=13.2m (lanePos=179.6 laneLen=192.8) stopDist=5.0m speed=1.6m/s
15.45 [STOP_CHECK][V1] road=N2C dist=20.6m (lanePos=172.2 laneLen=192.8) stopDist=5.0m speed=2.4m/s
15.45 [QUEUE_ADV][V2] dist=10.8m speed=0.2 leader=veh14 gap=0.2m gapOpened=0 (need gap>5.0m) myBatch=-1 curBatch=0
15.45 [STOP_CHECK][V4] road=S2C dist=17.8m (lanePos=175.0 laneLen=192.8) stopDist=5.0m speed=4.4m/s
15.5 [DBG][V7] SEND_STATUS_REQUEST to 16 active vehicles, timeout=800ms
15500.0ms Leader 7 sending STATUS_REQUEST (timeout=800ms)
15.5 [DBG][V7] WOS_CALC laneIdx=2 wos=1 traciLeader=NONE gap=-1.0
15.5 [STOP_CHECK][V9] road=E2C dist=23.2m (lanePos=169.6 laneLen=192.8) stopDist=5.0m speed=3.0m/s
15.5 [STOP_CHECK][V8] road=W2C dist=13.1m (lanePos=179.7 laneLen=192.8) stopDist=5.0m speed=1.5m/s
15.5 [STOP_CHECK][V1] road=N2C dist=20.4m (lanePos=172.4 laneLen=192.8) stopDist=5.0m speed=2.3m/s
15.5 [STOP_CHECK][V4] road=S2C dist=17.4m (lanePos=175.4 laneLen=192.8) stopDist=5.0m speed=4.1m/s
15.500122026521 [DBG][V6] WOS_CALC laneIdx=2 wos=0 traciLeader=veh9 gap=1.0
15.500122053965 [DBG][V3] WOS_CALC laneIdx=3 wos=1 traciLeader=NONE gap=-1.0
15.500122056781 [DBG][V5] WOS_CALC laneIdx=1 wos=1 traciLeader=NONE gap=-1.0
15.500122062584 [DBG][V9] WOS_CALC laneIdx=2 wos=0 traciLeader=veh8 gap=3.8
15.500122070334 [DBG][V2] WOS_CALC laneIdx=3 wos=0 traciLeader=veh14 gap=0.1
15.500122078667 [DBG][V0] WOS_CALC laneIdx=0 wos=1 traciLeader=NONE gap=-1.0
15.500122093598 [DBG][V4] WOS_CALC laneIdx=1 wos=0 traciLeader=veh5 gap=5.5
15.500122097375 [DBG][V1] WOS_CALC laneIdx=3 wos=0 traciLeader=veh13 gap=2.6
15.500122106021 [DBG][V13] WOS_CALC laneIdx=2 wos=0 traciLeader=veh10 gap=6.0
15.500122107104 [DBG][V8] WOS_CALC laneIdx=0 wos=0 traciLeader=veh0 gap=1.6
15.500122136335 [DBG][V12] WOS_CALC laneIdx=3 wos=0 traciLeader=veh12 gap=5.7
15.500122142118 [DBG][V10] WOS_CALC laneIdx=1 wos=0 traciLeader=veh4 gap=8.2
15.500122148561 [DBG][V11] WOS_CALC laneIdx=0 wos=0 traciLeader=veh1 gap=5.5
15.500122195707 [DBG][V15] WOS_CALC laneIdx=1 wos=0 traciLeader=veh6 gap=9.4
15.500122196808 [DBG][V14] WOS_CALC laneIdx=0 wos=0 traciLeader=veh2 gap=7.5
15.50087863684 [DBG][V7] STATUS_RESPONSE from V14 isLeader=1 waitingForStatus=1 count=0/15 wos=1 dist=40.0m
15.50087863684 [DBG][V7] STATUS collected 1/15 (need 15)
15.501226788932 [DBG][V7] STATUS_RESPONSE from V10 isLeader=1 waitingForStatus=1 count=1/15 wos=1 dist=32.6m
15.501226788932 [DBG][V7] STATUS collected 2/15 (need 15)
15.501594795934 [DBG][V7] STATUS_RESPONSE from V5 isLeader=1 waitingForStatus=1 count=2/15 wos=1 dist=4.9m
15.501594795934 [DBG][V7] STATUS collected 3/15 (need 15)
15.501942910404 [DBG][V7] STATUS_RESPONSE from V2 isLeader=1 waitingForStatus=1 count=3/15 wos=1 dist=10.8m
15.501942910404 [DBG][V7] STATUS collected 4/15 (need 15)
15.502330980109 [DBG][V7] STATUS_RESPONSE from V6 isLeader=1 waitingForStatus=1 count=4/15 wos=1 dist=12.4m
15.502330980109 [DBG][V7] STATUS collected 5/15 (need 15)
15.502679236358 [DBG][V7] STATUS_RESPONSE from V9 isLeader=1 waitingForStatus=1 count=5/15 wos=1 dist=23.2m
15.502679236358 [DBG][V7] STATUS collected 6/15 (need 15)
15.503831580288 [DBG][V7] STATUS_RESPONSE from V4 isLeader=1 waitingForStatus=1 count=6/15 wos=1 dist=17.4m
15.503831580288 [DBG][V7] STATUS collected 7/15 (need 15)
15540.0ms Leader 7 SENDING AppendEntries to vehicle 0 (n_entries=0, leader_commit=0)
15540.0ms Leader 7 SENDING AppendEntries to vehicle 1 (n_entries=0, leader_commit=0)
15540.0ms Leader 7 SENDING AppendEntries to vehicle 2 (n_entries=0, leader_commit=0)
15540.0ms Leader 7 SENDING AppendEntries to vehicle 3 (n_entries=0, leader_commit=0)
15540.0ms Leader 7 SENDING AppendEntries to vehicle 4 (n_entries=0, leader_commit=0)
15540.0ms Leader 7 SENDING AppendEntries to vehicle 5 (n_entries=0, leader_commit=0)
15540.0ms Leader 7 SENDING AppendEntries to vehicle 6 (n_entries=0, leader_commit=0)
15540.0ms Leader 7 SENDING AppendEntries to vehicle 8 (n_entries=0, leader_commit=0)
15540.0ms Leader 7 SENDING AppendEntries to vehicle 9 (n_entries=0, leader_commit=0)
15540.0ms Leader 7 SENDING AppendEntries to vehicle 10 (n_entries=0, leader_commit=0)
15540.2ms Vehicle 0 RECEIVED AppendEntries from vehicle 7 (n_entries=0, leader_commit=0)
15540.7ms Vehicle 1 RECEIVED AppendEntries from vehicle 7 (n_entries=0, leader_commit=0)
15541.2ms Vehicle 2 RECEIVED AppendEntries from vehicle 7 (n_entries=0, leader_commit=0)
15541.8ms Vehicle 3 RECEIVED AppendEntries from vehicle 7 (n_entries=0, leader_commit=0)
15542.1ms Vehicle 4 RECEIVED AppendEntries from vehicle 7 (n_entries=0, leader_commit=0)
15542.3ms Vehicle 5 RECEIVED AppendEntries from vehicle 7 (n_entries=0, leader_commit=0)
15543.4ms Vehicle 6 RECEIVED AppendEntries from vehicle 7 (n_entries=0, leader_commit=0)
15544.0ms Vehicle 8 RECEIVED AppendEntries from vehicle 7 (n_entries=0, leader_commit=0)
15544.2ms Vehicle 9 RECEIVED AppendEntries from vehicle 7 (n_entries=0, leader_commit=0)
15545.3ms Vehicle 10 RECEIVED AppendEntries from vehicle 7 (n_entries=0, leader_commit=0)
15.55 [DBG][V12] POS roadId=N2C dist=33.1m speed=4.4m/s onApproach=YES stopped=0 phase=2 leader=0 committed=0 myBatch=-1 curBatch=0
15.55 [STOP_CHECK][V9] road=E2C dist=23.2m (lanePos=169.6 laneLen=192.8) stopDist=5.0m speed=3.0m/s
15.55 [STOP_CHECK][V8] road=W2C dist=13.1m (lanePos=179.7 laneLen=192.8) stopDist=5.0m speed=1.5m/s
15.55 [STOP_CHECK][V1] road=N2C dist=20.4m (lanePos=172.4 laneLen=192.8) stopDist=5.0m speed=2.3m/s
15.55 [STOP_CHECK][V4] road=S2C dist=17.4m (lanePos=175.4 laneLen=192.8) stopDist=5.0m speed=4.1m/s
15.6 [STOP_CHECK][V9] road=E2C dist=23.0m (lanePos=169.8 laneLen=192.8) stopDist=5.0m speed=3.0m/s
15.6 [STOP_CHECK][V8] road=W2C dist=12.9m (lanePos=179.9 laneLen=192.8) stopDist=5.0m speed=1.4m/s
15.6 [DBG][V8] WOS_CALC laneIdx=0 wos=0 traciLeader=veh0 gap=1.4
15.6 [STOP_CHECK][V8] QUEUED (no hard stop) dist=12.9m speed=1.4m/s road=W2C wos=0 frontVeh=-1 isLeader=0
15600.0ms Vehicle 8 QUEUED at dist=12.9m speed=1.4m/s
15.6 [STOP_CHECK][V1] road=N2C dist=20.2m (lanePos=172.6 laneLen=192.8) stopDist=5.0m speed=2.2m/s
15.6 [STOP_CHECK][V4] road=S2C dist=17.0m (lanePos=175.8 laneLen=192.8) stopDist=5.0m speed=3.9m/s
15.65 [STOP_CHECK][V9] road=E2C dist=23.0m (lanePos=169.8 laneLen=192.8) stopDist=5.0m speed=3.0m/s
15.65 [STOP_CHECK][V1] road=N2C dist=20.2m (lanePos=172.6 laneLen=192.8) stopDist=5.0m speed=2.2m/s
15.65 [STOP_CHECK][V4] road=S2C dist=17.0m (lanePos=175.8 laneLen=192.8) stopDist=5.0m speed=3.9m/s
15660.0ms Vehicle 15 sendRequestVote called for node 1
15660.0ms Vehicle 15 sendRequestVote called for node 2
15660.0ms Vehicle 15 sendRequestVote called for node 3
15660.0ms Vehicle 15 sendRequestVote called for node 4
15660.0ms Vehicle 15 sendRequestVote called for node 5
15660.0ms Vehicle 15 sendRequestVote called for node 6
15660.0ms Vehicle 15 sendRequestVote called for node 7
15660.0ms Vehicle 15 sendRequestVote called for node 8
15660.0ms Vehicle 15 sendRequestVote called for node 9
15660.0ms Vehicle 15 sendRequestVote called for node 10
15660.0ms Vehicle 15 sendRequestVote called for node 11
15660.0ms Vehicle 15 sendRequestVote called for node 12
15660.0ms Vehicle 15 sendRequestVote called for node 13
15660.0ms Vehicle 15 sendRequestVote called for node 14
15660.0ms Vehicle 15 sendRequestVote called for node 15
15660.0ms Vehicle 12 sendRequestVote called for node 1
15660.0ms Vehicle 12 sendRequestVote called for node 2
15660.0ms Vehicle 12 sendRequestVote called for node 3
15660.0ms Vehicle 12 sendRequestVote called for node 4
15660.0ms Vehicle 12 sendRequestVote called for node 5
15660.0ms Vehicle 12 sendRequestVote called for node 6
15660.0ms Vehicle 12 sendRequestVote called for node 7
15660.0ms Vehicle 12 sendRequestVote called for node 8
15660.0ms Vehicle 12 sendRequestVote called for node 9
15660.0ms Vehicle 12 sendRequestVote called for node 10
15660.0ms Vehicle 12 sendRequestVote called for node 11
15660.0ms Vehicle 12 sendRequestVote called for node 12
15660.0ms Vehicle 12 sendRequestVote called for node 14
15660.0ms Vehicle 12 RAFT STATE CHANGED from 1 to 2
15660.0ms Vehicle 12 I am a candidate now! Starting election...
15.7 [STOP_CHECK][V11] road=W2C dist=24.7m (lanePos=168.1 laneLen=192.8) stopDist=5.0m speed=3.9m/s
15.7 [STOP_CHECK][V9] road=E2C dist=22.7m (lanePos=170.1 laneLen=192.8) stopDist=5.0m speed=2.9m/s
15.7 [STOP_CHECK][V1] road=N2C dist=20.0m (lanePos=172.8 laneLen=192.8) stopDist=5.0m speed=2.0m/s
15.7 [STOP_CHECK][V4] road=S2C dist=16.6m (lanePos=176.2 laneLen=192.8) stopDist=5.0m speed=3.7m/s
15740.0ms Leader 7 SENDING AppendEntries to vehicle 0 (n_entries=0, leader_commit=0)
15740.0ms Leader 7 SENDING AppendEntries to vehicle 1 (n_entries=0, leader_commit=0)
15740.0ms Leader 7 SENDING AppendEntries to vehicle 2 (n_entries=0, leader_commit=0)
15740.0ms Leader 7 SENDING AppendEntries to vehicle 3 (n_entries=0, leader_commit=0)
15740.0ms Leader 7 SENDING AppendEntries to vehicle 4 (n_entries=0, leader_commit=0)
15740.0ms Leader 7 SENDING AppendEntries to vehicle 5 (n_entries=0, leader_commit=0)
15740.0ms Leader 7 SENDING AppendEntries to vehicle 6 (n_entries=0, leader_commit=0)
15740.0ms Leader 7 SENDING AppendEntries to vehicle 8 (n_entries=0, leader_commit=0)
15740.0ms Leader 7 SENDING AppendEntries to vehicle 9 (n_entries=0, leader_commit=0)
15740.0ms Leader 7 SENDING AppendEntries to vehicle 10 (n_entries=0, leader_commit=0)
15740.4ms Vehicle 0 RECEIVED AppendEntries from vehicle 7 (n_entries=0, leader_commit=0)
15740.7ms Vehicle 1 RECEIVED AppendEntries from vehicle 7 (n_entries=0, leader_commit=0)
15741.2ms Vehicle 2 RECEIVED AppendEntries from vehicle 7 (n_entries=0, leader_commit=0)
15741.9ms Vehicle 3 RECEIVED AppendEntries from vehicle 7 (n_entries=0, leader_commit=0)
15742.2ms Vehicle 4 RECEIVED AppendEntries from vehicle 7 (n_entries=0, leader_commit=0)
15743.1ms Vehicle 5 RECEIVED AppendEntries from vehicle 7 (n_entries=0, leader_commit=0)
15743.4ms Vehicle 6 RECEIVED AppendEntries from vehicle 7 (n_entries=0, leader_commit=0)
15744.2ms Vehicle 8 RECEIVED AppendEntries from vehicle 7 (n_entries=0, leader_commit=0)
15745.0ms Vehicle 9 RECEIVED AppendEntries from vehicle 7 (n_entries=0, leader_commit=0)
15745.8ms Vehicle 10 RECEIVED AppendEntries from vehicle 7 (n_entries=0, leader_commit=0)
15.75 [STOP_CHECK][V11] road=W2C dist=24.7m (lanePos=168.1 laneLen=192.8) stopDist=5.0m speed=3.9m/s
15.75 [STOP_CHECK][V9] road=E2C dist=22.7m (lanePos=170.1 laneLen=192.8) stopDist=5.0m speed=2.9m/s
15.75 [STOP_CHECK][V1] road=N2C dist=20.0m (lanePos=172.8 laneLen=192.8) stopDist=5.0m speed=2.0m/s
15.75 [STOP_CHECK][V4] road=S2C dist=16.6m (lanePos=176.2 laneLen=192.8) stopDist=5.0m speed=3.7m/s
15.8 [STOP_CHECK][V11] road=W2C dist=24.4m (lanePos=168.4 laneLen=192.8) stopDist=5.0m speed=3.6m/s
15.8 [STOP_CHECK][V9] road=E2C dist=22.4m (lanePos=170.4 laneLen=192.8) stopDist=5.0m speed=2.6m/s
15.8 [STOP_CHECK][V1] road=N2C dist=19.8m (lanePos=173.0 laneLen=192.8) stopDist=5.0m speed=1.9m/s
15.8 [STOP_CHECK][V4] road=S2C dist=16.3m (lanePos=176.5 laneLen=192.8) stopDist=5.0m speed=3.5m/s
15.85 [DBG][V13] POS roadId=E2C dist=34.9m speed=4.4m/s onApproach=YES stopped=0 phase=2 leader=0 committed=0 myBatch=-1 curBatch=0
15.85 [STOP_CHECK][V11] road=W2C dist=24.4m (lanePos=168.4 laneLen=192.8) stopDist=5.0m speed=3.6m/s
15.85 [STOP_CHECK][V9] road=E2C dist=22.4m (lanePos=170.4 laneLen=192.8) stopDist=5.0m speed=2.6m/s
15.85 [STOP_CHECK][V1] road=N2C dist=19.8m (lanePos=173.0 laneLen=192.8) stopDist=5.0m speed=1.9m/s
15.85 [STOP_CHECK][V4] road=S2C dist=16.3m (lanePos=176.5 laneLen=192.8) stopDist=5.0m speed=3.5m/s
15.9 [STOP_CHECK][V11] road=W2C dist=24.0m (lanePos=168.8 laneLen=192.8) stopDist=5.0m speed=3.5m/s
15.9 [STOP_CHECK][V9] road=E2C dist=22.1m (lanePos=170.7 laneLen=192.8) stopDist=5.0m speed=2.5m/s
15.9 [STOP_CHECK][V1] road=N2C dist=19.6m (lanePos=173.2 laneLen=192.8) stopDist=5.0m speed=1.7m/s
15.9 [STOP_CHECK][V4] road=S2C dist=15.9m (lanePos=176.9 laneLen=192.8) stopDist=5.0m speed=3.2m/s
15940.0ms Leader 7 SENDING AppendEntries to vehicle 0 (n_entries=0, leader_commit=0)
15940.0ms Leader 7 SENDING AppendEntries to vehicle 1 (n_entries=0, leader_commit=0)
15940.0ms Leader 7 SENDING AppendEntries to vehicle 2 (n_entries=0, leader_commit=0)
15940.0ms Leader 7 SENDING AppendEntries to vehicle 3 (n_entries=0, leader_commit=0)
15940.0ms Leader 7 SENDING AppendEntries to vehicle 4 (n_entries=0, leader_commit=0)
15940.0ms Leader 7 SENDING AppendEntries to vehicle 5 (n_entries=0, leader_commit=0)
15940.0ms Leader 7 SENDING AppendEntries to vehicle 6 (n_entries=0, leader_commit=0)
15940.0ms Leader 7 SENDING AppendEntries to vehicle 8 (n_entries=0, leader_commit=0)
15940.0ms Leader 7 SENDING AppendEntries to vehicle 9 (n_entries=0, leader_commit=0)
15940.0ms Leader 7 SENDING AppendEntries to vehicle 10 (n_entries=0, leader_commit=0)
15940.6ms Vehicle 0 RECEIVED AppendEntries from vehicle 7 (n_entries=0, leader_commit=0)
15940.9ms Vehicle 1 RECEIVED AppendEntries from vehicle 7 (n_entries=0, leader_commit=0)
15941.3ms Vehicle 2 RECEIVED AppendEntries from vehicle 7 (n_entries=0, leader_commit=0)
15942.0ms Vehicle 3 RECEIVED AppendEntries from vehicle 7 (n_entries=0, leader_commit=0)
15942.7ms Vehicle 4 RECEIVED AppendEntries from vehicle 7 (n_entries=0, leader_commit=0)
15943.3ms Vehicle 5 RECEIVED AppendEntries from vehicle 7 (n_entries=0, leader_commit=0)
15943.6ms Vehicle 6 RECEIVED AppendEntries from vehicle 7 (n_entries=0, leader_commit=0)
15944.2ms Vehicle 8 RECEIVED AppendEntries from vehicle 7 (n_entries=0, leader_commit=0)
15945.0ms Vehicle 9 RECEIVED AppendEntries from vehicle 7 (n_entries=0, leader_commit=0)
15945.3ms Vehicle 10 RECEIVED AppendEntries from vehicle 7 (n_entries=0, leader_commit=0)
15.95 [STOP_CHECK][V11] road=W2C dist=24.0m (lanePos=168.8 laneLen=192.8) stopDist=5.0m speed=3.5m/s
15.95 [STOP_CHECK][V9] road=E2C dist=22.1m (lanePos=170.7 laneLen=192.8) stopDist=5.0m speed=2.5m/s
15.95 [STOP_CHECK][V1] road=N2C dist=19.6m (lanePos=173.2 laneLen=192.8) stopDist=5.0m speed=1.7m/s
15.95 [STOP_CHECK][V4] road=S2C dist=15.9m (lanePos=176.9 laneLen=192.8) stopDist=5.0m speed=3.2m/s
** Event #501248   t=15.986994378924   Elapsed: 4.00176s (0m 04s)  5% completed  (5% total)
     Speed:     ev/sec=169900   simsec/sec=1.73459   ev/simsec=97948
     Messages:  created: 396927   present: 587   in FES: 94
16 [STOP_CHECK][V11] road=W2C dist=23.7m (lanePos=169.1 laneLen=192.8) stopDist=5.0m speed=3.4m/s
16 [STOP_CHECK][V9] road=E2C dist=21.9m (lanePos=170.9 laneLen=192.8) stopDist=5.0m speed=2.4m/s
16 [STOP_CHECK][V1] road=N2C dist=19.5m (lanePos=173.3 laneLen=192.8) stopDist=5.0m speed=1.6m/s
16 [STOP_CHECK][V4] road=S2C dist=15.6m (lanePos=177.2 laneLen=192.8) stopDist=5.0m speed=3.0m/s
16.05 [STOP_CHECK][V11] road=W2C dist=23.7m (lanePos=169.1 laneLen=192.8) stopDist=5.0m speed=3.4m/s
16.05 [STOP_CHECK][V9] road=E2C dist=21.9m (lanePos=170.9 laneLen=192.8) stopDist=5.0m speed=2.4m/s
16.05 [STOP_CHECK][V1] road=N2C dist=19.5m (lanePos=173.3 laneLen=192.8) stopDist=5.0m speed=1.6m/s
16.05 [STOP_CHECK][V4] road=S2C dist=15.6m (lanePos=177.2 laneLen=192.8) stopDist=5.0m speed=3.0m/s
16080.0ms Vehicle 11 sendRequestVote called for node 1
16080.0ms Vehicle 11 sendRequestVote called for node 2
16080.0ms Vehicle 11 sendRequestVote called for node 3
16080.0ms Vehicle 11 sendRequestVote called for node 4
16080.0ms Vehicle 11 sendRequestVote called for node 5
16080.0ms Vehicle 11 sendRequestVote called for node 6
16080.0ms Vehicle 11 sendRequestVote called for node 7
16080.0ms Vehicle 11 sendRequestVote called for node 8
16080.0ms Vehicle 11 sendRequestVote called for node 9
16080.0ms Vehicle 11 sendRequestVote called for node 10
16080.0ms Vehicle 11 sendRequestVote called for node 11
16.1 [STOP_CHECK][V11] road=W2C dist=23.4m (lanePos=169.4 laneLen=192.8) stopDist=5.0m speed=3.2m/s
16.1 [STOP_CHECK][V9] road=E2C dist=21.7m (lanePos=171.1 laneLen=192.8) stopDist=5.0m speed=2.3m/s
16.1 [STOP_CHECK][V1] road=N2C dist=19.3m (lanePos=173.5 laneLen=192.8) stopDist=5.0m speed=1.5m/s
16.1 [DBG][V1] WOS_CALC laneIdx=3 wos=0 traciLeader=veh13 gap=1.6
16.1 [STOP_CHECK][V1] QUEUED (no hard stop) dist=19.3m speed=1.5m/s road=N2C wos=0 frontVeh=-1 isLeader=0
16100.0ms Vehicle 1 QUEUED at dist=19.3m speed=1.5m/s
16.1 [STOP_CHECK][V4] road=S2C dist=15.4m (lanePos=177.4 laneLen=192.8) stopDist=5.0m speed=2.9m/s
16140.0ms Leader 7 SENDING AppendEntries to vehicle 0 (n_entries=0, leader_commit=0)
16140.0ms Leader 7 SENDING AppendEntries to vehicle 1 (n_entries=0, leader_commit=0)
16140.0ms Leader 7 SENDING AppendEntries to vehicle 2 (n_entries=0, leader_commit=0)
16140.0ms Leader 7 SENDING AppendEntries to vehicle 3 (n_entries=0, leader_commit=0)
16140.0ms Leader 7 SENDING AppendEntries to vehicle 4 (n_entries=0, leader_commit=0)
16140.0ms Leader 7 SENDING AppendEntries to vehicle 5 (n_entries=0, leader_commit=0)
16140.0ms Leader 7 SENDING AppendEntries to vehicle 6 (n_entries=0, leader_commit=0)
16140.0ms Leader 7 SENDING AppendEntries to vehicle 8 (n_entries=0, leader_commit=0)
16140.0ms Leader 7 SENDING AppendEntries to vehicle 9 (n_entries=0, leader_commit=0)
16140.0ms Leader 7 SENDING AppendEntries to vehicle 10 (n_entries=0, leader_commit=0)
16140.2ms Vehicle 0 RECEIVED AppendEntries from vehicle 7 (n_entries=0, leader_commit=0)
16140.4ms Vehicle 1 RECEIVED AppendEntries from vehicle 7 (n_entries=0, leader_commit=0)
16140.9ms Vehicle 2 RECEIVED AppendEntries from vehicle 7 (n_entries=0, leader_commit=0)
16141.3ms Vehicle 3 RECEIVED AppendEntries from vehicle 7 (n_entries=0, leader_commit=0)
16142.2ms Vehicle 4 RECEIVED AppendEntries from vehicle 7 (n_entries=0, leader_commit=0)
16142.9ms Vehicle 5 RECEIVED AppendEntries from vehicle 7 (n_entries=0, leader_commit=0)
16143.3ms Vehicle 6 RECEIVED AppendEntries from vehicle 7 (n_entries=0, leader_commit=0)
16144.8ms Vehicle 8 RECEIVED AppendEntries from vehicle 7 (n_entries=0, leader_commit=0)
16145.9ms Vehicle 9 RECEIVED AppendEntries from vehicle 7 (n_entries=0, leader_commit=0)
16146.2ms Vehicle 10 RECEIVED AppendEntries from vehicle 7 (n_entries=0, leader_commit=0)
16.15 [STOP_CHECK][V11] road=W2C dist=23.4m (lanePos=169.4 laneLen=192.8) stopDist=5.0m speed=3.2m/s
16.15 [STOP_CHECK][V9] road=E2C dist=21.7m (lanePos=171.1 laneLen=192.8) stopDist=5.0m speed=2.3m/s
16.15 [STOP_CHECK][V4] road=S2C dist=15.4m (lanePos=177.4 laneLen=192.8) stopDist=5.0m speed=2.9m/s
16.2 [STOP_CHECK][V11] road=W2C dist=23.1m (lanePos=169.7 laneLen=192.8) stopDist=5.0m speed=3.1m/s
16.2 [STOP_CHECK][V9] road=E2C dist=21.5m (lanePos=171.3 laneLen=192.8) stopDist=5.0m speed=2.2m/s
16.2 [STOP_CHECK][V4] road=S2C dist=15.1m (lanePos=177.7 laneLen=192.8) stopDist=5.0m speed=2.6m/s
16200.0ms Vehicle 14 sendRequestVote called for node 1
16200.0ms Vehicle 14 sendRequestVote called for node 2
16200.0ms Vehicle 14 sendRequestVote called for node 3
16200.0ms Vehicle 14 sendRequestVote called for node 4
16200.0ms Vehicle 14 sendRequestVote called for node 5
16200.0ms Vehicle 14 sendRequestVote called for node 6
16200.0ms Vehicle 14 sendRequestVote called for node 7
16200.0ms Vehicle 14 sendRequestVote called for node 8
16200.0ms Vehicle 14 sendRequestVote called for node 9
16200.0ms Vehicle 14 sendRequestVote called for node 10
16200.0ms Vehicle 14 sendRequestVote called for node 11
16200.0ms Vehicle 14 sendRequestVote called for node 12
16200.0ms Vehicle 14 sendRequestVote called for node 13
16200.0ms Vehicle 14 sendRequestVote called for node 14
16.25 [STOP_CHECK][V11] road=W2C dist=23.1m (lanePos=169.7 laneLen=192.8) stopDist=5.0m speed=3.1m/s
16.25 [STOP_CHECK][V9] road=E2C dist=21.5m (lanePos=171.3 laneLen=192.8) stopDist=5.0m speed=2.2m/s
16.25 [STOP_CHECK][V4] road=S2C dist=15.1m (lanePos=177.7 laneLen=192.8) stopDist=5.0m speed=2.6m/s
16300.0ms Leader 7 collected status from 8 vehicles
16300.0ms Leader 7 PROPOSING STATUS_REPORT to quorum
16300.0ms Vehicle 7 doLogOffer entry #1 (len=2565)
16300.0ms Leader 7 SENDING AppendEntries to vehicle 0 (n_entries=1, leader_commit=0)
16300.0ms Leader 7 SENDING AppendEntries to vehicle 1 (n_entries=1, leader_commit=0)
16300.0ms Leader 7 SENDING AppendEntries to vehicle 2 (n_entries=1, leader_commit=0)
16300.0ms Leader 7 SENDING AppendEntries to vehicle 3 (n_entries=1, leader_commit=0)
16300.0ms Leader 7 SENDING AppendEntries to vehicle 4 (n_entries=1, leader_commit=0)
16300.0ms Leader 7 SENDING AppendEntries to vehicle 5 (n_entries=1, leader_commit=0)
16300.0ms Leader 7 SENDING AppendEntries to vehicle 6 (n_entries=1, leader_commit=0)
16300.0ms Leader 7 SENDING AppendEntries to vehicle 8 (n_entries=1, leader_commit=0)
16300.0ms Leader 7 SENDING AppendEntries to vehicle 9 (n_entries=1, leader_commit=0)
16300.0ms Leader 7 SENDING AppendEntries to vehicle 10 (n_entries=1, leader_commit=0)
16300.0ms Leader 7 submitted STATUS_REPORT entry #1
16.3 [STOP_CHECK][V11] road=W2C dist=22.8m (lanePos=170.0 laneLen=192.8) stopDist=5.0m speed=3.0m/s
16.3 [STOP_CHECK][V9] road=E2C dist=21.3m (lanePos=171.5 laneLen=192.8) stopDist=5.0m speed=2.1m/s
16.3 [STOP_CHECK][V4] road=S2C dist=14.8m (lanePos=178.0 laneLen=192.8) stopDist=5.0m speed=2.5m/s
16.3 [QUEUE_ADV][V6] dist=11.9m speed=0.4 leader=veh9 gap=0.4m gapOpened=0 (need gap>5.0m) myBatch=-1 curBatch=0
16305.4ms Vehicle 0 RECEIVED AppendEntries from vehicle 7 (n_entries=1, leader_commit=0)
16317.8ms Vehicle 2 RECEIVED AppendEntries from vehicle 7 (n_entries=1, leader_commit=0)
16317.8ms Vehicle 2 doLogOffer entry #1 (len=2565)
16322.8ms Vehicle 3 RECEIVED AppendEntries from vehicle 7 (n_entries=1, leader_commit=0)
16322.8ms Vehicle 3 doLogOffer entry #1 (len=2565)
16335.3ms Vehicle 5 RECEIVED AppendEntries from vehicle 7 (n_entries=1, leader_commit=0)
16335.3ms Vehicle 5 doLogOffer entry #1 (len=2565)
16340.0ms Leader 7 SENDING AppendEntries to vehicle 0 (n_entries=1, leader_commit=0)
16340.0ms Leader 7 SENDING AppendEntries to vehicle 1 (n_entries=1, leader_commit=0)
16340.0ms Leader 7 SENDING AppendEntries to vehicle 4 (n_entries=1, leader_commit=0)
16340.0ms Leader 7 SENDING AppendEntries to vehicle 6 (n_entries=1, leader_commit=0)
16340.0ms Leader 7 SENDING AppendEntries to vehicle 8 (n_entries=1, leader_commit=0)
16340.0ms Leader 7 SENDING AppendEntries to vehicle 9 (n_entries=1, leader_commit=0)
16340.0ms Leader 7 SENDING AppendEntries to vehicle 10 (n_entries=1, leader_commit=0)
16341.4ms Vehicle 6 RECEIVED AppendEntries from vehicle 7 (n_entries=1, leader_commit=0)
16341.4ms Vehicle 6 doLogOffer entry #1 (len=2565)
16.35 [STOP_CHECK][V11] road=W2C dist=22.8m (lanePos=170.0 laneLen=192.8) stopDist=5.0m speed=3.0m/s
16.35 [STOP_CHECK][V9] road=E2C dist=21.3m (lanePos=171.5 laneLen=192.8) stopDist=5.0m speed=2.1m/s
16.35 [STOP_CHECK][V4] road=S2C dist=14.8m (lanePos=178.0 laneLen=192.8) stopDist=5.0m speed=2.5m/s
16353.4ms Vehicle 9 RECEIVED AppendEntries from vehicle 7 (n_entries=1, leader_commit=0)
16353.4ms Vehicle 9 doLogOffer entry #1 (len=2565)
16358.9ms Vehicle 10 RECEIVED AppendEntries from vehicle 7 (n_entries=1, leader_commit=0)
16358.9ms Vehicle 10 doLogOffer entry #1 (len=2565)
16360.0ms Vehicle 7 doApplyLog entry #1 (lastApplied=0, len=2565)
16368.7ms Vehicle 0 RECEIVED AppendEntries from vehicle 7 (n_entries=1, leader_commit=0)
16374.1ms Vehicle 1 RECEIVED AppendEntries from vehicle 7 (n_entries=1, leader_commit=0)
16374.1ms Vehicle 1 doLogOffer entry #1 (len=2565)
16381.0ms Vehicle 4 RECEIVED AppendEntries from vehicle 7 (n_entries=1, leader_commit=0)
16381.0ms Vehicle 4 doLogOffer entry #1 (len=2565)
16387.4ms Vehicle 6 RECEIVED AppendEntries from vehicle 7 (n_entries=1, leader_commit=0)
16392.8ms Vehicle 8 RECEIVED AppendEntries from vehicle 7 (n_entries=1, leader_commit=0)
16392.8ms Vehicle 8 doLogOffer entry #1 (len=2565)
16.4 [DBG][V7] WOS_CALC laneIdx=2 wos=1 traciLeader=NONE gap=-1.0
16400.0ms Leader 7 vehicle 0 response lost — using default proposal
16400.0ms Leader 7 vehicle 1 response lost — using default proposal
16400.0ms Leader 7 vehicle 3 response lost — using default proposal
16400.0ms Leader 7 vehicle 8 response lost — using default proposal
16400.0ms Leader 7 vehicle 11 response lost — using default proposal
16400.0ms Leader 7 vehicle 12 response lost — using default proposal
16400.0ms Leader 7 vehicle 13 response lost — using default proposal
16400.0ms Leader 7 vehicle 15 response lost — using default proposal
16400.0ms Leader 7 PROPOSING PASS_SCHEDULE with 9 batches:
  Batch 0: [0,8]
  Batch 1: [1,11]
  Batch 2: [3,7]
  Batch 3: [12,5]
  Batch 4: [13,4]
  Batch 5: [15,10]
  Batch 6: [2]
  Batch 7: [6,14]
  Batch 8: [9]
16400.0ms Vehicle 7 doLogOffer entry #2 (len=581)
16400.0ms Leader 7 SENDING AppendEntries to vehicle 2 (n_entries=1, leader_commit=1)
16400.0ms Leader 7 SENDING AppendEntries to vehicle 3 (n_entries=1, leader_commit=1)
16400.0ms Leader 7 SENDING AppendEntries to vehicle 4 (n_entries=1, leader_commit=1)
16400.0ms Leader 7 SENDING AppendEntries to vehicle 5 (n_entries=1, leader_commit=1)
16400.0ms Leader 7 SENDING AppendEntries to vehicle 6 (n_entries=1, leader_commit=1)
16400.0ms Leader 7 SENDING AppendEntries to vehicle 8 (n_entries=1, leader_commit=1)
16400.0ms Leader 7 SENDING AppendEntries to vehicle 9 (n_entries=1, leader_commit=1)
16400.0ms Leader 7 SENDING AppendEntries to vehicle 10 (n_entries=1, leader_commit=1)
16400.0ms Leader 7 submitted PASS_SCHEDULE entry #2
16.4 [STOP_CHECK][V11] road=W2C dist=22.5m (lanePos=170.3 laneLen=192.8) stopDist=5.0m speed=2.8m/s
16.4 [STOP_CHECK][V9] road=E2C dist=21.1m (lanePos=171.7 laneLen=192.8) stopDist=5.0m speed=2.0m/s
16.4 [STOP_CHECK][V4] road=S2C dist=14.6m (lanePos=178.2 laneLen=192.8) stopDist=5.0m speed=2.4m/s
16403.6ms Vehicle 10 RECEIVED AppendEntries from vehicle 7 (n_entries=1, leader_commit=0)
16411.8ms Vehicle 2 RECEIVED AppendEntries from vehicle 7 (n_entries=1, leader_commit=1)
16411.8ms Vehicle 2 doLogOffer entry #2 (len=581)
16413.5ms Vehicle 3 RECEIVED AppendEntries from vehicle 7 (n_entries=1, leader_commit=1)
16413.5ms Vehicle 3 doLogOffer entry #2 (len=581)
16415.8ms Vehicle 4 RECEIVED AppendEntries from vehicle 7 (n_entries=1, leader_commit=1)
16415.8ms Vehicle 4 doLogOffer entry #2 (len=581)
16419.9ms Vehicle 6 RECEIVED AppendEntries from vehicle 7 (n_entries=1, leader_commit=1)
16419.9ms Vehicle 6 doLogOffer entry #2 (len=581)
16420.0ms Vehicle 2 doApplyLog entry #1 (lastApplied=0, len=2565)
16420.0ms Vehicle 2 APPLYING STATUS_REPORT entry #1 (16 vehicles)
16420.0ms Vehicle 3 doApplyLog entry #1 (lastApplied=0, len=2565)
16420.0ms Vehicle 3 APPLYING STATUS_REPORT entry #1 (16 vehicles)
16420.0ms Vehicle 4 doApplyLog entry #1 (lastApplied=0, len=2565)
16420.0ms Vehicle 6 doApplyLog entry #1 (lastApplied=0, len=2565)
16420.0ms Vehicle 6 APPLYING STATUS_REPORT entry #1 (16 vehicles)
16421.0ms Vehicle 8 RECEIVED AppendEntries from vehicle 7 (n_entries=1, leader_commit=1)
16421.0ms Vehicle 8 doLogOffer entry #2 (len=581)
16423.2ms Vehicle 9 RECEIVED AppendEntries from vehicle 7 (n_entries=1, leader_commit=1)
16423.2ms Vehicle 9 doLogOffer entry #2 (len=581)
16425.7ms Vehicle 10 RECEIVED AppendEntries from vehicle 7 (n_entries=1, leader_commit=1)
16425.7ms Vehicle 10 doLogOffer entry #2 (len=581)
16440.0ms Vehicle 10 doApplyLog entry #1 (lastApplied=0, len=2565)
16440.0ms Vehicle 10 APPLYING STATUS_REPORT entry #1 (16 vehicles)
16440.0ms Vehicle 9 doApplyLog entry #1 (lastApplied=0, len=2565)
16440.0ms Vehicle 9 APPLYING STATUS_REPORT entry #1 (16 vehicles)
16440.0ms Vehicle 8 doApplyLog entry #1 (lastApplied=0, len=2565)
16440.0ms Vehicle 7 doApplyLog entry #2 (lastApplied=0, len=581)
16440.0ms Vehicle 7 APPLYING PASS_ORDER entry #2 (9 batches)
16.44 [DBG][V7] PASS_ORDER COMMITTED: numBatches=9 myBatch=2
  [DBG] Batch 0: [0,8]
  [DBG] Batch 1: [1,11]
  [DBG] Batch 2: [3,7]
  [DBG] Batch 3: [12,5]
  [DBG] Batch 4: [13,4]
  [DBG] Batch 5: [15,10]
  [DBG] Batch 6: [2]
  [DBG] Batch 7: [6,14]
  [DBG] Batch 8: [9]
16440.0ms Vehicle 7 assigned to batch 2 (current batch: 0)
16.44 [DBG][V7] ASSIGNED batch=2 currentBatch=0 hasCommitted=1 hasStopped=1
16.44 [DBG][V7] WAITING for batch 2 (safetyFallback in 12000ms)
16440.0ms Vehicle 7 waiting for batch 2 via checkBatchAdvance
16.45 [STOP_CHECK][V11] road=W2C dist=22.5m (lanePos=170.3 laneLen=192.8) stopDist=5.0m speed=2.8m/s
16.45 [STOP_CHECK][V9] road=E2C dist=21.1m (lanePos=171.7 laneLen=192.8) stopDist=5.0m speed=2.0m/s
16.45 [STOP_CHECK][V4] road=S2C dist=14.6m (lanePos=178.2 laneLen=192.8) stopDist=5.0m speed=2.4m/s
16.5 [STOP_CHECK][V11] road=W2C dist=22.2m (lanePos=170.6 laneLen=192.8) stopDist=5.0m speed=2.7m/s
16.5 [STOP_CHECK][V9] road=E2C dist=20.9m (lanePos=171.9 laneLen=192.8) stopDist=5.0m speed=1.8m/s
16.5 [QUEUE_ADV][V2] dist=10.7m speed=0.1 leader=veh14 gap=0.1m gapOpened=0 (need gap>5.0m) myBatch=-1 curBatch=0
16.5 [STOP_CHECK][V4] road=S2C dist=14.4m (lanePos=178.4 laneLen=192.8) stopDist=5.0m speed=2.1m/s
16540.0ms Leader 7 SENDING AppendEntries to vehicle 0 (n_entries=2, leader_commit=2)
16540.0ms Leader 7 SENDING AppendEntries to vehicle 1 (n_entries=2, leader_commit=2)
16540.0ms Leader 7 SENDING AppendEntries to vehicle 2 (n_entries=0, leader_commit=2)
16540.0ms Leader 7 SENDING AppendEntries to vehicle 3 (n_entries=0, leader_commit=2)
16540.0ms Leader 7 SENDING AppendEntries to vehicle 4 (n_entries=0, leader_commit=2)
16540.0ms Leader 7 SENDING AppendEntries to vehicle 5 (n_entries=1, leader_commit=2)
16540.0ms Leader 7 SENDING AppendEntries to vehicle 6 (n_entries=0, leader_commit=2)
16540.0ms Leader 7 SENDING AppendEntries to vehicle 8 (n_entries=0, leader_commit=2)
16540.0ms Leader 7 SENDING AppendEntries to vehicle 9 (n_entries=0, leader_commit=2)
16540.0ms Leader 7 SENDING AppendEntries to vehicle 10 (n_entries=0, leader_commit=2)
16.55 [STOP_CHECK][V11] road=W2C dist=22.2m (lanePos=170.6 laneLen=192.8) stopDist=5.0m speed=2.7m/s
16.55 [STOP_CHECK][V9] road=E2C dist=20.9m (lanePos=171.9 laneLen=192.8) stopDist=5.0m speed=1.8m/s
16.55 [STOP_CHECK][V4] road=S2C dist=14.4m (lanePos=178.4 laneLen=192.8) stopDist=5.0m speed=2.1m/s
16554.3ms Vehicle 2 RECEIVED AppendEntries from vehicle 7 (n_entries=0, leader_commit=2)
16555.6ms Vehicle 3 RECEIVED AppendEntries from vehicle 7 (n_entries=0, leader_commit=2)
16556.8ms Vehicle 4 RECEIVED AppendEntries from vehicle 7 (n_entries=0, leader_commit=2)
16557.8ms Vehicle 5 RECEIVED AppendEntries from vehicle 7 (n_entries=1, leader_commit=2)
16557.8ms Vehicle 5 doLogOffer entry #2 (len=581)
16558.4ms Vehicle 6 RECEIVED AppendEntries from vehicle 7 (n_entries=0, leader_commit=2)
16558.7ms Vehicle 8 RECEIVED AppendEntries from vehicle 7 (n_entries=0, leader_commit=2)
16558.9ms Vehicle 9 RECEIVED AppendEntries from vehicle 7 (n_entries=0, leader_commit=2)
16560.0ms Vehicle 9 doApplyLog entry #2 (lastApplied=1, len=581)
16560.0ms Vehicle 9 APPLYING PASS_ORDER entry #2 (9 batches)
16.56 [DBG][V9] PASS_ORDER COMMITTED: numBatches=9 myBatch=8
  [DBG] Batch 0: [0,8]
  [DBG] Batch 1: [1,11]
  [DBG] Batch 2: [3,7]
  [DBG] Batch 3: [12,5]
  [DBG] Batch 4: [13,4]
  [DBG] Batch 5: [15,10]
  [DBG] Batch 6: [2]
  [DBG] Batch 7: [6,14]
  [DBG] Batch 8: [9]
16560.0ms Vehicle 9 assigned to batch 8 (current batch: 0)
16.56 [DBG][V9] ASSIGNED batch=8 currentBatch=0 hasCommitted=1 hasStopped=0
16.56 [DBG][V9] WAITING for batch 8 (safetyFallback in 48000ms)
16560.0ms Vehicle 9 waiting for batch 8 via checkBatchAdvance
16560.0ms Vehicle 8 doApplyLog entry #2 (lastApplied=0, len=581)
16560.0ms Vehicle 8 APPLYING PASS_ORDER entry #2 (9 batches)
16.56 [DBG][V8] PASS_ORDER COMMITTED: numBatches=9 myBatch=0
  [DBG] Batch 0: [0,8]
  [DBG] Batch 1: [1,11]
  [DBG] Batch 2: [3,7]
  [DBG] Batch 3: [12,5]
  [DBG] Batch 4: [13,4]
  [DBG] Batch 5: [15,10]
  [DBG] Batch 6: [2]
  [DBG] Batch 7: [6,14]
  [DBG] Batch 8: [9]
16560.0ms Vehicle 8 assigned to batch 0 (current batch: 0)
16.56 [DBG][V8] ASSIGNED batch=0 currentBatch=0 hasCommitted=1 hasStopped=1
16.56 [DBG][V8] BATCH 0 -> calling resumeMovement immediately
16.56 [DBG][V8] RESUME_MOVEMENT called hasStopped=1 myBatch=0 curBatch=0 isLeader=0 fallback=0
16560.0ms Vehicle 8 RESUMING movement
16560.0ms Vehicle 2 doApplyLog entry #2 (lastApplied=1, len=581)
16560.0ms Vehicle 2 APPLYING PASS_ORDER entry #2 (9 batches)
16.56 [DBG][V2] PASS_ORDER COMMITTED: numBatches=9 myBatch=6
  [DBG] Batch 0: [0,8]
  [DBG] Batch 1: [1,11]
  [DBG] Batch 2: [3,7]
  [DBG] Batch 3: [12,5]
  [DBG] Batch 4: [13,4]
  [DBG] Batch 5: [15,10]
  [DBG] Batch 6: [2]
  [DBG] Batch 7: [6,14]
  [DBG] Batch 8: [9]
16560.0ms Vehicle 2 assigned to batch 6 (current batch: 0)
16.56 [DBG][V2] ASSIGNED batch=6 currentBatch=0 hasCommitted=1 hasStopped=1
16.56 [DBG][V2] WAITING for batch 6 (safetyFallback in 36000ms)
16560.0ms Vehicle 2 waiting for batch 6 via checkBatchAdvance
16560.0ms Vehicle 3 doApplyLog entry #2 (lastApplied=1, len=581)
16560.0ms Vehicle 3 APPLYING PASS_ORDER entry #2 (9 batches)
16.56 [DBG][V3] PASS_ORDER COMMITTED: numBatches=9 myBatch=2
  [DBG] Batch 0: [0,8]
  [DBG] Batch 1: [1,11]
  [DBG] Batch 2: [3,7]
  [DBG] Batch 3: [12,5]
  [DBG] Batch 4: [13,4]
  [DBG] Batch 5: [15,10]
  [DBG] Batch 6: [2]
  [DBG] Batch 7: [6,14]
  [DBG] Batch 8: [9]
16560.0ms Vehicle 3 assigned to batch 2 (current batch: 0)
16.56 [DBG][V3] ASSIGNED batch=2 currentBatch=0 hasCommitted=1 hasStopped=1
16.56 [DBG][V3] WAITING for batch 2 (safetyFallback in 12000ms)
16560.0ms Vehicle 3 waiting for batch 2 via checkBatchAdvance
16560.0ms Vehicle 4 doApplyLog entry #2 (lastApplied=0, len=581)
16560.0ms Vehicle 4 APPLYING PASS_ORDER entry #2 (9 batches)
16.56 [DBG][V4] PASS_ORDER COMMITTED: numBatches=9 myBatch=4
  [DBG] Batch 0: [0,8]
  [DBG] Batch 1: [1,11]
  [DBG] Batch 2: [3,7]
  [DBG] Batch 3: [12,5]
  [DBG] Batch 4: [13,4]
  [DBG] Batch 5: [15,10]
  [DBG] Batch 6: [2]
  [DBG] Batch 7: [6,14]
  [DBG] Batch 8: [9]
16560.0ms Vehicle 4 assigned to batch 4 (current batch: 0)
16.56 [DBG][V4] ASSIGNED batch=4 currentBatch=0 hasCommitted=1 hasStopped=0
16.56 [DBG][V4] WAITING for batch 4 (safetyFallback in 24000ms)
16560.0ms Vehicle 4 waiting for batch 4 via checkBatchAdvance
16560.0ms Vehicle 5 doApplyLog entry #1 (lastApplied=0, len=2565)
16560.0ms Vehicle 5 APPLYING STATUS_REPORT entry #1 (16 vehicles)
16560.0ms Vehicle 5 doApplyLog entry #2 (lastApplied=1, len=581)
16560.0ms Vehicle 5 APPLYING PASS_ORDER entry #2 (9 batches)
16.56 [DBG][V5] PASS_ORDER COMMITTED: numBatches=9 myBatch=3
  [DBG] Batch 0: [0,8]
  [DBG] Batch 1: [1,11]
  [DBG] Batch 2: [3,7]
  [DBG] Batch 3: [12,5]
  [DBG] Batch 4: [13,4]
  [DBG] Batch 5: [15,10]
  [DBG] Batch 6: [2]
  [DBG] Batch 7: [6,14]
  [DBG] Batch 8: [9]
16560.0ms Vehicle 5 assigned to batch 3 (current batch: 0)
16.56 [DBG][V5] ASSIGNED batch=3 currentBatch=0 hasCommitted=1 hasStopped=1
16.56 [DBG][V5] WAITING for batch 3 (safetyFallback in 18000ms)
16560.0ms Vehicle 5 waiting for batch 3 via checkBatchAdvance
16560.0ms Vehicle 6 doApplyLog entry #2 (lastApplied=1, len=581)
16560.0ms Vehicle 6 APPLYING PASS_ORDER entry #2 (9 batches)
16.56 [DBG][V6] PASS_ORDER COMMITTED: numBatches=9 myBatch=7
  [DBG] Batch 0: [0,8]
  [DBG] Batch 1: [1,11]
  [DBG] Batch 2: [3,7]
  [DBG] Batch 3: [12,5]
  [DBG] Batch 4: [13,4]
  [DBG] Batch 5: [15,10]
  [DBG] Batch 6: [2]
  [DBG] Batch 7: [6,14]
  [DBG] Batch 8: [9]
16560.0ms Vehicle 6 assigned to batch 7 (current batch: 0)
16.56 [DBG][V6] ASSIGNED batch=7 currentBatch=0 hasCommitted=1 hasStopped=1
16.56 [DBG][V6] WAITING for batch 7 (safetyFallback in 42000ms)
16560.0ms Vehicle 6 waiting for batch 7 via checkBatchAdvance
16560.7ms Vehicle 10 RECEIVED AppendEntries from vehicle 7 (n_entries=0, leader_commit=2)
16580.0ms Vehicle 10 doApplyLog entry #2 (lastApplied=1, len=581)
16580.0ms Vehicle 10 APPLYING PASS_ORDER entry #2 (9 batches)
16.58 [DBG][V10] PASS_ORDER COMMITTED: numBatches=9 myBatch=5
  [DBG] Batch 0: [0,8]
  [DBG] Batch 1: [1,11]
  [DBG] Batch 2: [3,7]
  [DBG] Batch 3: [12,5]
  [DBG] Batch 4: [13,4]
  [DBG] Batch 5: [15,10]
  [DBG] Batch 6: [2]
  [DBG] Batch 7: [6,14]
  [DBG] Batch 8: [9]
16580.0ms Vehicle 10 assigned to batch 5 (current batch: 0)
16.58 [DBG][V10] ASSIGNED batch=5 currentBatch=0 hasCommitted=1 hasStopped=0
16.58 [DBG][V10] WAITING for batch 5 (safetyFallback in 30000ms)
16580.0ms Vehicle 10 waiting for batch 5 via checkBatchAdvance
Vehicle RAFT (UDP) starting application.
Vehicle 16 edge config: 4 approach, 4 exit edges
16600.0ms Vehicle 16 RAFT started single-node V16
16.6 [STOP_CHECK][V11] road=W2C dist=22.0m (lanePos=170.8 laneLen=192.8) stopDist=5.0m speed=2.4m/s
16.6 [STOP_CHECK][V9] road=E2C dist=20.7m (lanePos=172.1 laneLen=192.8) stopDist=5.0m speed=1.8m/s
16.6 [STOP_CHECK][V4] road=S2C dist=14.2m (lanePos=178.6 laneLen=192.8) stopDist=5.0m speed=2.1m/s
16.600871392252 [DBG][V16] MERGE: incoming=16 mine=1 -> merging into 17 members
16.600871392252 [DBG][V16] MERGE_INTO_LARGER: reinitializing with 17 members [0 1 2 3 4 5 6 7 8 9 10 11 12 13 14 15 16 ]
16.600871392252 [DBG][V16] FORM_CLUSTER 17 members: [0 1 2 3 4 5 6 7 8 9 10 11 12 13 14 15 16 ] electionBase=500ms
16.65 [DBG][V16] ROAD_CHANGE -> C2E dist=188.3m speed=13.9m/s onApproach=NO
16.65 [DBG][V16] POS roadId=C2E dist=188.3m speed=13.9m/s onApproach=NO stopped=0 phase=2 leader=0 committed=0 myBatch=-1 curBatch=0
16.65 [STOP_CHECK][V11] road=W2C dist=22.0m (lanePos=170.8 laneLen=192.8) stopDist=5.0m speed=2.4m/s
16.65 [STOP_CHECK][V9] road=E2C dist=20.7m (lanePos=172.1 laneLen=192.8) stopDist=5.0m speed=1.8m/s
16.65 [STOP_CHECK][V4] road=S2C dist=14.2m (lanePos=178.6 laneLen=192.8) stopDist=5.0m speed=2.1m/s
16.7 [STOP_CHECK][V11] road=W2C dist=21.7m (lanePos=171.1 laneLen=192.8) stopDist=5.0m speed=2.7m/s
16.7 [STOP_CHECK][V9] road=E2C dist=20.5m (lanePos=172.3 laneLen=192.8) stopDist=5.0m speed=1.7m/s
16.7 [STOP_CHECK][V4] road=S2C dist=14.0m (lanePos=178.8 laneLen=192.8) stopDist=5.0m speed=1.9m/s
16740.0ms Leader 7 SENDING AppendEntries to vehicle 0 (n_entries=2, leader_commit=2)
16740.0ms Leader 7 SENDING AppendEntries to vehicle 1 (n_entries=2, leader_commit=2)
16740.0ms Leader 7 SENDING AppendEntries to vehicle 2 (n_entries=0, leader_commit=2)
16740.0ms Leader 7 SENDING AppendEntries to vehicle 3 (n_entries=0, leader_commit=2)
16740.0ms Leader 7 SENDING AppendEntries to vehicle 4 (n_entries=0, leader_commit=2)
16740.0ms Leader 7 SENDING AppendEntries to vehicle 5 (n_entries=0, leader_commit=2)
16740.0ms Leader 7 SENDING AppendEntries to vehicle 6 (n_entries=0, leader_commit=2)
16740.0ms Leader 7 SENDING AppendEntries to vehicle 8 (n_entries=0, leader_commit=2)
16740.0ms Leader 7 SENDING AppendEntries to vehicle 9 (n_entries=0, leader_commit=2)
16740.0ms Leader 7 SENDING AppendEntries to vehicle 10 (n_entries=0, leader_commit=2)
16746.2ms Vehicle 0 RECEIVED AppendEntries from vehicle 7 (n_entries=2, leader_commit=2)
16.75 [DBG][V14] POS roadId=W2C dist=34.1m speed=4.2m/s onApproach=YES stopped=0 phase=2 leader=0 committed=0 myBatch=-1 curBatch=0
16.75 [STOP_CHECK][V11] road=W2C dist=21.7m (lanePos=171.1 laneLen=192.8) stopDist=5.0m speed=2.7m/s
16.75 [STOP_CHECK][V9] road=E2C dist=20.5m (lanePos=172.3 laneLen=192.8) stopDist=5.0m speed=1.7m/s
16.75 [STOP_CHECK][V4] road=S2C dist=14.0m (lanePos=178.8 laneLen=192.8) stopDist=5.0m speed=1.9m/s
16752.9ms Vehicle 2 RECEIVED AppendEntries from vehicle 7 (n_entries=0, leader_commit=2)
16753.9ms Vehicle 3 RECEIVED AppendEntries from vehicle 7 (n_entries=0, leader_commit=2)
16754.1ms Vehicle 4 RECEIVED AppendEntries from vehicle 7 (n_entries=0, leader_commit=2)
16755.1ms Vehicle 5 RECEIVED AppendEntries from vehicle 7 (n_entries=0, leader_commit=2)
16755.6ms Vehicle 6 RECEIVED AppendEntries from vehicle 7 (n_entries=0, leader_commit=2)
16757.5ms Vehicle 9 RECEIVED AppendEntries from vehicle 7 (n_entries=0, leader_commit=2)
16758.5ms Vehicle 10 RECEIVED AppendEntries from vehicle 7 (n_entries=0, leader_commit=2)
16.8 [STOP_CHECK][V11] road=W2C dist=21.4m (lanePos=171.4 laneLen=192.8) stopDist=5.0m speed=2.9m/s
16.8 [STOP_CHECK][V9] road=E2C dist=20.4m (lanePos=172.4 laneLen=192.8) stopDist=5.0m speed=1.5m/s
16.8 [STOP_CHECK][V4] road=S2C dist=13.8m (lanePos=179.0 laneLen=192.8) stopDist=5.0m speed=1.7m/s
16.85 [STOP_CHECK][V11] road=W2C dist=21.4m (lanePos=171.4 laneLen=192.8) stopDist=5.0m speed=2.9m/s
16.85 [STOP_CHECK][V9] road=E2C dist=20.4m (lanePos=172.4 laneLen=192.8) stopDist=5.0m speed=1.5m/s
16.85 [STOP_CHECK][V4] road=S2C dist=13.8m (lanePos=179.0 laneLen=192.8) stopDist=5.0m speed=1.7m/s
16.9 [STOP_CHECK][V11] road=W2C dist=21.1m (lanePos=171.7 laneLen=192.8) stopDist=5.0m speed=3.1m/s
16.9 [STOP_CHECK][V9] road=E2C dist=20.2m (lanePos=172.6 laneLen=192.8) stopDist=5.0m speed=1.5m/s
16.9 [STOP_CHECK][V4] road=S2C dist=13.7m (lanePos=179.1 laneLen=192.8) stopDist=5.0m speed=1.6m/s
16940.0ms Leader 7 SENDING AppendEntries to vehicle 0 (n_entries=2, leader_commit=2)
16940.0ms Leader 7 SENDING AppendEntries to vehicle 1 (n_entries=2, leader_commit=2)
16940.0ms Leader 7 SENDING AppendEntries to vehicle 2 (n_entries=0, leader_commit=2)
16940.0ms Leader 7 SENDING AppendEntries to vehicle 3 (n_entries=0, leader_commit=2)
16940.0ms Leader 7 SENDING AppendEntries to vehicle 4 (n_entries=0, leader_commit=2)
16940.0ms Leader 7 SENDING AppendEntries to vehicle 5 (n_entries=0, leader_commit=2)
16940.0ms Leader 7 SENDING AppendEntries to vehicle 6 (n_entries=0, leader_commit=2)
16940.0ms Leader 7 SENDING AppendEntries to vehicle 8 (n_entries=0, leader_commit=2)
16940.0ms Leader 7 SENDING AppendEntries to vehicle 9 (n_entries=0, leader_commit=2)
16940.0ms Leader 7 SENDING AppendEntries to vehicle 10 (n_entries=0, leader_commit=2)
16946.0ms Vehicle 0 RECEIVED AppendEntries from vehicle 7 (n_entries=2, leader_commit=2)
16.95 [DBG][V15] POS roadId=S2C dist=39.9m speed=5.6m/s onApproach=YES stopped=0 phase=2 leader=0 committed=0 myBatch=-1 curBatch=0
16.95 [STOP_CHECK][V11] road=W2C dist=21.1m (lanePos=171.7 laneLen=192.8) stopDist=5.0m speed=3.1m/s
16.95 [STOP_CHECK][V9] road=E2C dist=20.2m (lanePos=172.6 laneLen=192.8) stopDist=5.0m speed=1.5m/s
16.95 [STOP_CHECK][V4] road=S2C dist=13.7m (lanePos=179.1 laneLen=192.8) stopDist=5.0m speed=1.6m/s
16952.5ms Vehicle 1 RECEIVED AppendEntries from vehicle 7 (n_entries=2, leader_commit=2)
16952.5ms Vehicle 1 doLogOffer entry #2 (len=581)
16953.4ms Vehicle 2 RECEIVED AppendEntries from vehicle 7 (n_entries=0, leader_commit=2)
16954.0ms Vehicle 3 RECEIVED AppendEntries from vehicle 7 (n_entries=0, leader_commit=2)
16955.5ms Vehicle 5 RECEIVED AppendEntries from vehicle 7 (n_entries=0, leader_commit=2)
16956.4ms Vehicle 6 RECEIVED AppendEntries from vehicle 7 (n_entries=0, leader_commit=2)
16957.9ms Vehicle 9 RECEIVED AppendEntries from vehicle 7 (n_entries=0, leader_commit=2)
16958.6ms Vehicle 10 RECEIVED AppendEntries from vehicle 7 (n_entries=0, leader_commit=2)
16960.0ms Vehicle 1 doApplyLog entry #1 (lastApplied=0, len=2565)
16960.0ms Vehicle 1 doApplyLog entry #2 (lastApplied=0, len=581)
16960.0ms Vehicle 1 APPLYING PASS_ORDER entry #2 (9 batches)
16.96 [DBG][V1] PASS_ORDER COMMITTED: numBatches=9 myBatch=1
  [DBG] Batch 0: [0,8]
  [DBG] Batch 1: [1,11]
  [DBG] Batch 2: [3,7]
  [DBG] Batch 3: [12,5]
  [DBG] Batch 4: [13,4]
  [DBG] Batch 5: [15,10]
  [DBG] Batch 6: [2]
  [DBG] Batch 7: [6,14]
  [DBG] Batch 8: [9]
16960.0ms Vehicle 1 assigned to batch 1 (current batch: 0)
16.96 [DBG][V1] ASSIGNED batch=1 currentBatch=0 hasCommitted=1 hasStopped=1
16.96 [DBG][V1] WAITING for batch 1 (safetyFallback in 6000ms)
16960.0ms Vehicle 1 waiting for batch 1 via checkBatchAdvance
16980.0ms Vehicle 12 sendRequestVote called for node 1
16980.0ms Vehicle 12 sendRequestVote called for node 2
16980.0ms Vehicle 12 sendRequestVote called for node 3
16980.0ms Vehicle 12 sendRequestVote called for node 4
16980.0ms Vehicle 12 sendRequestVote called for node 5
16980.0ms Vehicle 12 sendRequestVote called for node 6
16980.0ms Vehicle 12 sendRequestVote called for node 7
16980.0ms Vehicle 12 sendRequestVote called for node 8
16980.0ms Vehicle 12 sendRequestVote called for node 9
16980.0ms Vehicle 12 sendRequestVote called for node 10
16980.0ms Vehicle 12 sendRequestVote called for node 11
16980.0ms Vehicle 12 sendRequestVote called for node 12
16980.0ms Vehicle 12 sendRequestVote called for node 14
17 [STOP_CHECK][V11] road=W2C dist=20.8m (lanePos=172.0 laneLen=192.8) stopDist=5.0m speed=3.3m/s
17 [STOP_CHECK][V9] road=E2C dist=20.1m (lanePos=172.7 laneLen=192.8) stopDist=5.0m speed=1.3m/s
17 [STOP_CHECK][V4] road=S2C dist=13.5m (lanePos=179.3 laneLen=192.8) stopDist=5.0m speed=1.5m/s
17 [DBG][V4] WOS_CALC laneIdx=1 wos=0 traciLeader=veh5 gap=1.6
17 [STOP_CHECK][V4] QUEUED (no hard stop) dist=13.5m speed=1.5m/s road=S2C wos=0 frontVeh=-1 isLeader=0
17000.0ms Vehicle 4 QUEUED at dist=13.5m speed=1.5m/s
17.05 [STOP_CHECK][V11] road=W2C dist=20.8m (lanePos=172.0 laneLen=192.8) stopDist=5.0m speed=3.3m/s
17.05 [STOP_CHECK][V9] road=E2C dist=20.1m (lanePos=172.7 laneLen=192.8) stopDist=5.0m speed=1.3m/s
17.1 [STOP_CHECK][V11] road=W2C dist=20.4m (lanePos=172.4 laneLen=192.8) stopDist=5.0m speed=3.6m/s
17.1 [STOP_CHECK][V10] road=S2C dist=24.9m (lanePos=167.9 laneLen=192.8) stopDist=5.0m speed=3.6m/s
17.1 [STOP_CHECK][V9] road=E2C dist=20.0m (lanePos=172.8 laneLen=192.8) stopDist=5.0m speed=1.3m/s
17.1 [DBG][V9] WOS_CALC laneIdx=2 wos=0 traciLeader=veh8 gap=1.3
17.1 [STOP_CHECK][V9] QUEUED (no hard stop) dist=20.0m speed=1.3m/s road=E2C wos=0 frontVeh=-1 isLeader=0
17100.0ms Vehicle 9 QUEUED at dist=20.0m speed=1.3m/s
17140.0ms Vehicle 11 sendRequestVote called for node 1
17140.0ms Vehicle 11 sendRequestVote called for node 2
17140.0ms Vehicle 11 sendRequestVote called for node 3
17140.0ms Vehicle 11 sendRequestVote called for node 4
17140.0ms Vehicle 11 sendRequestVote called for node 5
17140.0ms Vehicle 11 sendRequestVote called for node 6
17140.0ms Vehicle 11 sendRequestVote called for node 7
17140.0ms Vehicle 11 sendRequestVote called for node 8
17140.0ms Vehicle 11 sendRequestVote called for node 9
17140.0ms Vehicle 11 sendRequestVote called for node 10
17140.0ms Vehicle 11 sendRequestVote called for node 11
17140.0ms Leader 7 SENDING AppendEntries to vehicle 0 (n_entries=2, leader_commit=2)
17140.0ms Leader 7 SENDING AppendEntries to vehicle 1 (n_entries=0, leader_commit=2)
17140.0ms Leader 7 SENDING AppendEntries to vehicle 2 (n_entries=0, leader_commit=2)
17140.0ms Leader 7 SENDING AppendEntries to vehicle 3 (n_entries=0, leader_commit=2)
17140.0ms Leader 7 SENDING AppendEntries to vehicle 4 (n_entries=0, leader_commit=2)
17140.0ms Leader 7 SENDING AppendEntries to vehicle 5 (n_entries=0, leader_commit=2)
17140.0ms Leader 7 SENDING AppendEntries to vehicle 6 (n_entries=0, leader_commit=2)
17140.0ms Leader 7 SENDING AppendEntries to vehicle 8 (n_entries=0, leader_commit=2)
17140.0ms Leader 7 SENDING AppendEntries to vehicle 9 (n_entries=0, leader_commit=2)
17140.0ms Leader 7 SENDING AppendEntries to vehicle 10 (n_entries=0, leader_commit=2)
17146.6ms Vehicle 0 RECEIVED AppendEntries from vehicle 7 (n_entries=2, leader_commit=2)
17147.2ms Vehicle 1 RECEIVED AppendEntries from vehicle 7 (n_entries=0, leader_commit=2)
17147.5ms Vehicle 2 RECEIVED AppendEntries from vehicle 7 (n_entries=0, leader_commit=2)
17149.2ms Vehicle 3 RECEIVED AppendEntries from vehicle 7 (n_entries=0, leader_commit=2)
17149.4ms Vehicle 4 RECEIVED AppendEntries from vehicle 7 (n_entries=0, leader_commit=2)
17.15 [STOP_CHECK][V11] road=W2C dist=20.4m (lanePos=172.4 laneLen=192.8) stopDist=5.0m speed=3.6m/s
17.15 [STOP_CHECK][V10] road=S2C dist=24.9m (lanePos=167.9 laneLen=192.8) stopDist=5.0m speed=3.6m/s
17150.9ms Vehicle 5 RECEIVED AppendEntries from vehicle 7 (n_entries=0, leader_commit=2)
17152.4ms Vehicle 6 RECEIVED AppendEntries from vehicle 7 (n_entries=0, leader_commit=2)
17154.6ms Vehicle 9 RECEIVED AppendEntries from vehicle 7 (n_entries=0, leader_commit=2)
17155.1ms Vehicle 10 RECEIVED AppendEntries from vehicle 7 (n_entries=0, leader_commit=2)
17.2 [STOP_CHECK][V11] road=W2C dist=20.0m (lanePos=172.8 laneLen=192.8) stopDist=5.0m speed=3.7m/s
17.2 [STOP_CHECK][V10] road=S2C dist=24.6m (lanePos=168.2 laneLen=192.8) stopDist=5.0m speed=3.4m/s
17.25 [STOP_CHECK][V11] road=W2C dist=20.0m (lanePos=172.8 laneLen=192.8) stopDist=5.0m speed=3.7m/s
17.25 [STOP_CHECK][V10] road=S2C dist=24.6m (lanePos=168.2 laneLen=192.8) stopDist=5.0m speed=3.4m/s
17.3 [STOP_CHECK][V11] road=W2C dist=19.7m (lanePos=173.1 laneLen=192.8) stopDist=5.0m speed=3.9m/s
17.3 [STOP_CHECK][V10] road=S2C dist=24.3m (lanePos=168.5 laneLen=192.8) stopDist=5.0m speed=3.3m/s
17340.0ms Leader 7 SENDING AppendEntries to vehicle 0 (n_entries=2, leader_commit=2)
17340.0ms Leader 7 SENDING AppendEntries to vehicle 1 (n_entries=0, leader_commit=2)
17340.0ms Leader 7 SENDING AppendEntries to vehicle 2 (n_entries=0, leader_commit=2)
17340.0ms Leader 7 SENDING AppendEntries to vehicle 3 (n_entries=0, leader_commit=2)
17340.0ms Leader 7 SENDING AppendEntries to vehicle 4 (n_entries=0, leader_commit=2)
17340.0ms Leader 7 SENDING AppendEntries to vehicle 5 (n_entries=0, leader_commit=2)
17340.0ms Leader 7 SENDING AppendEntries to vehicle 6 (n_entries=0, leader_commit=2)
17340.0ms Leader 7 SENDING AppendEntries to vehicle 8 (n_entries=0, leader_commit=2)
17340.0ms Leader 7 SENDING AppendEntries to vehicle 9 (n_entries=0, leader_commit=2)
17340.0ms Leader 7 SENDING AppendEntries to vehicle 10 (n_entries=0, leader_commit=2)
17346.2ms Vehicle 0 RECEIVED AppendEntries from vehicle 7 (n_entries=2, leader_commit=2)
17347.5ms Vehicle 1 RECEIVED AppendEntries from vehicle 7 (n_entries=0, leader_commit=2)
17348.1ms Vehicle 2 RECEIVED AppendEntries from vehicle 7 (n_entries=0, leader_commit=2)
17348.4ms Vehicle 3 RECEIVED AppendEntries from vehicle 7 (n_entries=0, leader_commit=2)
17349.8ms Vehicle 4 RECEIVED AppendEntries from vehicle 7 (n_entries=0, leader_commit=2)
17350.0ms Vehicle 5 RECEIVED AppendEntries from vehicle 7 (n_entries=0, leader_commit=2)
17.35 [STOP_CHECK][V11] road=W2C dist=19.7m (lanePos=173.1 laneLen=192.8) stopDist=5.0m speed=3.9m/s
17.35 [STOP_CHECK][V10] road=S2C dist=24.3m (lanePos=168.5 laneLen=192.8) stopDist=5.0m speed=3.3m/s
17.35 [QUEUE_ADV][V6] dist=11.6m speed=0.2 leader=veh9 gap=0.2m gapOpened=0 (need gap>5.0m) myBatch=7 curBatch=0
17350.6ms Vehicle 6 RECEIVED AppendEntries from vehicle 7 (n_entries=0, leader_commit=2)
17352.2ms Vehicle 10 RECEIVED AppendEntries from vehicle 7 (n_entries=0, leader_commit=2)
17.4 [STOP_CHECK][V11] road=W2C dist=19.3m (lanePos=173.5 laneLen=192.8) stopDist=5.0m speed=4.0m/s
17.4 [STOP_CHECK][V10] road=S2C dist=24.0m (lanePos=168.8 laneLen=192.8) stopDist=5.0m speed=3.2m/s
17440.0ms Vehicle 15 sendRequestVote called for node 1
17440.0ms Vehicle 15 sendRequestVote called for node 2
17440.0ms Vehicle 15 sendRequestVote called for node 3
17440.0ms Vehicle 15 sendRequestVote called for node 4
17440.0ms Vehicle 15 sendRequestVote called for node 5
17440.0ms Vehicle 15 sendRequestVote called for node 6
17440.0ms Vehicle 15 sendRequestVote called for node 7
17440.0ms Vehicle 15 sendRequestVote called for node 8
17440.0ms Vehicle 15 sendRequestVote called for node 9
17440.0ms Vehicle 15 sendRequestVote called for node 10
17440.0ms Vehicle 15 sendRequestVote called for node 11
17440.0ms Vehicle 15 sendRequestVote called for node 12
17440.0ms Vehicle 15 sendRequestVote called for node 13
17440.0ms Vehicle 15 sendRequestVote called for node 14
17440.0ms Vehicle 15 sendRequestVote called for node 15
17.45 [STOP_CHECK][V11] road=W2C dist=19.3m (lanePos=173.5 laneLen=192.8) stopDist=5.0m speed=4.0m/s
17.45 [STOP_CHECK][V10] road=S2C dist=24.0m (lanePos=168.8 laneLen=192.8) stopDist=5.0m speed=3.2m/s
17.5 [STOP_CHECK][V11] road=W2C dist=18.8m (lanePos=174.0 laneLen=192.8) stopDist=5.0m speed=4.3m/s
17.5 [STOP_CHECK][V10] road=S2C dist=23.6m (lanePos=169.2 laneLen=192.8) stopDist=5.0m speed=3.1m/s
17.5 [QUEUE_ADV][V1] dist=18.1m speed=0.5 leader=veh13 gap=0.4m gapOpened=0 (need gap>5.0m) myBatch=1 curBatch=0
17540.0ms Leader 7 SENDING AppendEntries to vehicle 0 (n_entries=2, leader_commit=2)
17540.0ms Leader 7 SENDING AppendEntries to vehicle 1 (n_entries=0, leader_commit=2)
17540.0ms Leader 7 SENDING AppendEntries to vehicle 2 (n_entries=0, leader_commit=2)
17540.0ms Leader 7 SENDING AppendEntries to vehicle 3 (n_entries=0, leader_commit=2)
17540.0ms Leader 7 SENDING AppendEntries to vehicle 4 (n_entries=0, leader_commit=2)
17540.0ms Leader 7 SENDING AppendEntries to vehicle 5 (n_entries=0, leader_commit=2)
17540.0ms Leader 7 SENDING AppendEntries to vehicle 6 (n_entries=0, leader_commit=2)
17540.0ms Leader 7 SENDING AppendEntries to vehicle 8 (n_entries=0, leader_commit=2)
17540.0ms Leader 7 SENDING AppendEntries to vehicle 9 (n_entries=0, leader_commit=2)
17540.0ms Leader 7 SENDING AppendEntries to vehicle 10 (n_entries=0, leader_commit=2)
17545.2ms Vehicle 0 RECEIVED AppendEntries from vehicle 7 (n_entries=2, leader_commit=2)
17545.8ms Vehicle 1 RECEIVED AppendEntries from vehicle 7 (n_entries=0, leader_commit=2)
17546.2ms Vehicle 2 RECEIVED AppendEntries from vehicle 7 (n_entries=0, leader_commit=2)
17547.0ms Vehicle 3 RECEIVED AppendEntries from vehicle 7 (n_entries=0, leader_commit=2)
17547.7ms Vehicle 4 RECEIVED AppendEntries from vehicle 7 (n_entries=0, leader_commit=2)
17548.7ms Vehicle 5 RECEIVED AppendEntries from vehicle 7 (n_entries=0, leader_commit=2)
17549.6ms Vehicle 6 RECEIVED AppendEntries from vehicle 7 (n_entries=0, leader_commit=2)
17.55 [STOP_CHECK][V11] road=W2C dist=18.8m (lanePos=174.0 laneLen=192.8) stopDist=5.0m speed=4.3m/s
17.55 [STOP_CHECK][V10] road=S2C dist=23.6m (lanePos=169.2 laneLen=192.8) stopDist=5.0m speed=3.1m/s
17.55 [QUEUE_ADV][V2] dist=10.6m speed=0.0 leader=veh14 gap=0.0m gapOpened=0 (need gap>5.0m) myBatch=6 curBatch=0
17551.6ms Vehicle 9 RECEIVED AppendEntries from vehicle 7 (n_entries=0, leader_commit=2)
17551.8ms Vehicle 10 RECEIVED AppendEntries from vehicle 7 (n_entries=0, leader_commit=2)
17.6 [STOP_CHECK][V11] road=W2C dist=18.4m (lanePos=174.4 laneLen=192.8) stopDist=5.0m speed=4.5m/s
17.6 [STOP_CHECK][V10] road=S2C dist=23.4m (lanePos=169.4 laneLen=192.8) stopDist=5.0m speed=2.9m/s
17.65 [STOP_CHECK][V11] road=W2C dist=18.4m (lanePos=174.4 laneLen=192.8) stopDist=5.0m speed=4.5m/s
17.65 [STOP_CHECK][V10] road=S2C dist=23.4m (lanePos=169.4 laneLen=192.8) stopDist=5.0m speed=2.9m/s
17.7 [STOP_CHECK][V11] road=W2C dist=17.9m (lanePos=174.9 laneLen=192.8) stopDist=5.0m speed=4.6m/s
17.7 [STOP_CHECK][V10] road=S2C dist=23.1m (lanePos=169.7 laneLen=192.8) stopDist=5.0m speed=2.8m/s
17720.0ms Vehicle 16 sendRequestVote called for node 1
17720.0ms Vehicle 16 sendRequestVote called for node 2
17720.0ms Vehicle 16 sendRequestVote called for node 3
17720.0ms Vehicle 16 sendRequestVote called for node 4
17720.0ms Vehicle 16 sendRequestVote called for node 5
17720.0ms Vehicle 16 sendRequestVote called for node 6
17720.0ms Vehicle 16 sendRequestVote called for node 7
17720.0ms Vehicle 16 sendRequestVote called for node 8
17720.0ms Vehicle 16 sendRequestVote called for node 9
17720.0ms Vehicle 16 sendRequestVote called for node 10
17720.0ms Vehicle 16 sendRequestVote called for node 11
17720.0ms Vehicle 16 sendRequestVote called for node 12
17720.0ms Vehicle 16 sendRequestVote called for node 13
17720.0ms Vehicle 16 sendRequestVote called for node 14
17720.0ms Vehicle 16 sendRequestVote called for node 15
17720.0ms Vehicle 16 sendRequestVote called for node 16
17720.0ms Vehicle 16 RAFT STATE CHANGED from 1 to 2
17720.0ms Vehicle 16 I am a candidate now! Starting election...
17740.0ms Leader 7 SENDING AppendEntries to vehicle 0 (n_entries=2, leader_commit=2)
17740.0ms Leader 7 SENDING AppendEntries to vehicle 1 (n_entries=0, leader_commit=2)
17740.0ms Leader 7 SENDING AppendEntries to vehicle 2 (n_entries=0, leader_commit=2)
17740.0ms Leader 7 SENDING AppendEntries to vehicle 3 (n_entries=0, leader_commit=2)
17740.0ms Leader 7 SENDING AppendEntries to vehicle 4 (n_entries=0, leader_commit=2)
17740.0ms Leader 7 SENDING AppendEntries to vehicle 5 (n_entries=0, leader_commit=2)
17740.0ms Leader 7 SENDING AppendEntries to vehicle 6 (n_entries=0, leader_commit=2)
17740.0ms Leader 7 SENDING AppendEntries to vehicle 8 (n_entries=0, leader_commit=2)
17740.0ms Leader 7 SENDING AppendEntries to vehicle 9 (n_entries=0, leader_commit=2)
17740.0ms Leader 7 SENDING AppendEntries to vehicle 10 (n_entries=0, leader_commit=2)
17745.8ms Vehicle 0 RECEIVED AppendEntries from vehicle 7 (n_entries=2, leader_commit=2)
17746.5ms Vehicle 1 RECEIVED AppendEntries from vehicle 7 (n_entries=0, leader_commit=2)
17747.1ms Vehicle 2 RECEIVED AppendEntries from vehicle 7 (n_entries=0, leader_commit=2)
17748.2ms Vehicle 3 RECEIVED AppendEntries from vehicle 7 (n_entries=0, leader_commit=2)
17749.7ms Vehicle 5 RECEIVED AppendEntries from vehicle 7 (n_entries=0, leader_commit=2)
17750.0ms Vehicle 6 RECEIVED AppendEntries from vehicle 7 (n_entries=0, leader_commit=2)
17.75 [STOP_CHECK][V11] road=W2C dist=17.9m (lanePos=174.9 laneLen=192.8) stopDist=5.0m speed=4.6m/s
17.75 [STOP_CHECK][V10] road=S2C dist=23.1m (lanePos=169.7 laneLen=192.8) stopDist=5.0m speed=2.8m/s
17751.1ms Vehicle 9 RECEIVED AppendEntries from vehicle 7 (n_entries=0, leader_commit=2)
17752.0ms Vehicle 10 RECEIVED AppendEntries from vehicle 7 (n_entries=0, leader_commit=2)
17.8 [STOP_CHECK][V11] road=W2C dist=17.5m (lanePos=175.3 laneLen=192.8) stopDist=5.0m speed=4.4m/s
17.8 [STOP_CHECK][V10] road=S2C dist=22.8m (lanePos=170.0 laneLen=192.8) stopDist=5.0m speed=2.7m/s
17800.0ms Vehicle 14 sendRequestVote called for node 1
17800.0ms Vehicle 14 sendRequestVote called for node 2
17800.0ms Vehicle 14 sendRequestVote called for node 3
17800.0ms Vehicle 14 sendRequestVote called for node 4
17800.0ms Vehicle 14 sendRequestVote called for node 5
17800.0ms Vehicle 14 sendRequestVote called for node 6
17800.0ms Vehicle 14 sendRequestVote called for node 7
17800.0ms Vehicle 14 sendRequestVote called for node 8
17800.0ms Vehicle 14 sendRequestVote called for node 9
17800.0ms Vehicle 14 sendRequestVote called for node 10
17800.0ms Vehicle 14 sendRequestVote called for node 11
17800.0ms Vehicle 14 sendRequestVote called for node 12
17800.0ms Vehicle 14 sendRequestVote called for node 13
17800.0ms Vehicle 14 sendRequestVote called for node 14
17840.0ms Vehicle 11 sendRequestVote called for node 1
17840.0ms Vehicle 11 sendRequestVote called for node 2
17840.0ms Vehicle 11 sendRequestVote called for node 3
17840.0ms Vehicle 11 sendRequestVote called for node 4
17840.0ms Vehicle 11 sendRequestVote called for node 5
17840.0ms Vehicle 11 sendRequestVote called for node 6
17840.0ms Vehicle 11 sendRequestVote called for node 7
17840.0ms Vehicle 11 sendRequestVote called for node 8
17840.0ms Vehicle 11 sendRequestVote called for node 9
17840.0ms Vehicle 11 sendRequestVote called for node 10
17840.0ms Vehicle 11 sendRequestVote called for node 11
17.85 [STOP_CHECK][V11] road=W2C dist=17.5m (lanePos=175.3 laneLen=192.8) stopDist=5.0m speed=4.4m/s
17.85 [STOP_CHECK][V10] road=S2C dist=22.8m (lanePos=170.0 laneLen=192.8) stopDist=5.0m speed=2.7m/s
17.9 [DBG][V0] SEND_STATUS_REQUEST to 16 active vehicles, timeout=800ms
17900.0ms Leader 0 sending STATUS_REQUEST (timeout=800ms)
17.9 [DBG][V0] WOS_CALC laneIdx=0 wos=0 traciLeader=veh1 gap=43.9
17.9 [STOP_CHECK][V11] road=W2C dist=17.1m (lanePos=175.7 laneLen=192.8) stopDist=5.0m speed=4.2m/s
17.9 [STOP_CHECK][V10] road=S2C dist=22.6m (lanePos=170.2 laneLen=192.8) stopDist=5.0m speed=2.5m/s
17.900122041934 [DBG][V11] WOS_CALC laneIdx=0 wos=0 traciLeader=veh0 gap=5.6
17.900122053378 [DBG][V3] WOS_CALC laneIdx=3 wos=1 traciLeader=NONE gap=-1.0
17.900122056492 [DBG][V5] WOS_CALC laneIdx=1 wos=1 traciLeader=NONE gap=-1.0
17.90012207305 [DBG][V2] WOS_CALC laneIdx=3 wos=0 traciLeader=veh14 gap=0.0
17.900122075136 [DBG][V4] WOS_CALC laneIdx=1 wos=0 traciLeader=veh5 gap=0.7
17.900122078667 [DBG][V7] WOS_CALC laneIdx=2 wos=1 traciLeader=NONE gap=-1.0
17.900122081274 [DBG][V14] WOS_CALC laneIdx=0 wos=0 traciLeader=veh2 gap=4.8
17.900122095324 [DBG][V1] WOS_CALC laneIdx=3 wos=0 traciLeader=veh13 gap=0.3
17.900122102128 [DBG][V6] WOS_CALC laneIdx=2 wos=0 traciLeader=veh9 gap=0.1
17.900122103859 [DBG][V10] WOS_CALC laneIdx=1 wos=0 traciLeader=veh4 gap=3.0
17.900122122436 [DBG][V12] WOS_CALC laneIdx=3 wos=0 traciLeader=veh12 gap=1.6
17.900122127615 [DBG][V9] WOS_CALC laneIdx=2 wos=0 traciLeader=veh8 gap=0.7
17.900122142443 [DBG][V15] WOS_CALC laneIdx=1 wos=0 traciLeader=veh6 gap=5.4
17.900122158313 [DBG][V13] WOS_CALC laneIdx=2 wos=0 traciLeader=veh10 gap=2.2
17.900122177372 [DBG][V16] WOS_CALC laneIdx=0 wos=1 traciLeader=NONE gap=-1.0
17.900450204256 [DBG][V0] STATUS_RESPONSE from V6 isLeader=1 waitingForStatus=1 count=0/15 wos=1 dist=11.6m
17.900450204256 [DBG][V0] STATUS collected 1/15 (need 15)
17.900818230105 [DBG][V0] STATUS_RESPONSE from V3 isLeader=1 waitingForStatus=1 count=1/15 wos=1 dist=3.6m
17.900818230105 [DBG][V0] STATUS collected 2/15 (need 15)
17.901166503711 [DBG][V0] STATUS_RESPONSE from V16 isLeader=1 waitingForStatus=1 count=2/15 wos=1 dist=158.5m
17.901166503711 [DBG][V0] STATUS collected 3/15 (need 15)
17.901514666259 [DBG][V0] STATUS_RESPONSE from V14 isLeader=1 waitingForStatus=1 count=3/15 wos=1 dist=28.8m
17.901514666259 [DBG][V0] STATUS collected 4/15 (need 15)
17.901902921315 [DBG][V0] STATUS_RESPONSE from V9 isLeader=1 waitingForStatus=1 count=4/15 wos=1 dist=19.2m
17.901902921315 [DBG][V0] STATUS collected 5/15 (need 15)
17.902270974856 [DBG][V0] STATUS_RESPONSE from V2 isLeader=1 waitingForStatus=1 count=5/15 wos=1 dist=10.6m
17.902270974856 [DBG][V0] STATUS collected 6/15 (need 15)
17.902639117691 [DBG][V0] STATUS_RESPONSE from V11 isLeader=1 waitingForStatus=1 count=6/15 wos=1 dist=17.1m
17.902639117691 [DBG][V0] STATUS collected 7/15 (need 15)
17.90302730713 [DBG][V0] STATUS_RESPONSE from V10 isLeader=1 waitingForStatus=1 count=7/15 wos=1 dist=22.6m
17.90302730713 [DBG][V0] STATUS collected 8/15 (need 15)
17.903375318639 [DBG][V0] STATUS_RESPONSE from V5 isLeader=1 waitingForStatus=1 count=8/15 wos=1 dist=4.9m
17.903375318639 [DBG][V0] STATUS collected 9/15 (need 15)
17.903763692089 [DBG][V0] STATUS_RESPONSE from V13 isLeader=1 waitingForStatus=1 count=9/15 wos=1 dist=28.5m
17.903763692089 [DBG][V0] STATUS collected 10/15 (need 15)
17.904407692456 [DBG][V0] STATUS_RESPONSE from V7 isLeader=1 waitingForStatus=1 count=10/15 wos=1 dist=4.5m
17.904407692456 [DBG][V0] STATUS collected 11/15 (need 15)
17940.0ms Leader 7 SENDING AppendEntries to vehicle 0 (n_entries=2, leader_commit=2)
17940.0ms Leader 7 SENDING AppendEntries to vehicle 1 (n_entries=0, leader_commit=2)
17940.0ms Leader 7 SENDING AppendEntries to vehicle 2 (n_entries=0, leader_commit=2)
17940.0ms Leader 7 SENDING AppendEntries to vehicle 3 (n_entries=0, leader_commit=2)
17940.0ms Leader 7 SENDING AppendEntries to vehicle 4 (n_entries=0, leader_commit=2)
17940.0ms Leader 7 SENDING AppendEntries to vehicle 5 (n_entries=0, leader_commit=2)
17940.0ms Leader 7 SENDING AppendEntries to vehicle 6 (n_entries=0, leader_commit=2)
17940.0ms Leader 7 SENDING AppendEntries to vehicle 8 (n_entries=0, leader_commit=2)
17940.0ms Leader 7 SENDING AppendEntries to vehicle 9 (n_entries=0, leader_commit=2)
17940.0ms Leader 7 SENDING AppendEntries to vehicle 10 (n_entries=0, leader_commit=2)
17945.1ms Vehicle 0 RECEIVED AppendEntries from vehicle 7 (n_entries=2, leader_commit=2)
17945.3ms Vehicle 1 RECEIVED AppendEntries from vehicle 7 (n_entries=0, leader_commit=2)
17946.6ms Vehicle 2 RECEIVED AppendEntries from vehicle 7 (n_entries=0, leader_commit=2)
17948.3ms Vehicle 3 RECEIVED AppendEntries from vehicle 7 (n_entries=0, leader_commit=2)
17948.7ms Vehicle 4 RECEIVED AppendEntries from vehicle 7 (n_entries=0, leader_commit=2)
17.95 [STOP_CHECK][V11] road=W2C dist=17.1m (lanePos=175.7 laneLen=192.8) stopDist=5.0m speed=4.2m/s
17.95 [STOP_CHECK][V10] road=S2C dist=22.6m (lanePos=170.2 laneLen=192.8) stopDist=5.0m speed=2.5m/s
17950.1ms Vehicle 6 RECEIVED AppendEntries from vehicle 7 (n_entries=0, leader_commit=2)
17951.1ms Vehicle 9 RECEIVED AppendEntries from vehicle 7 (n_entries=0, leader_commit=2)
17951.3ms Vehicle 10 RECEIVED AppendEntries from vehicle 7 (n_entries=0, leader_commit=2)
18 [STOP_CHECK][V11] road=W2C dist=16.7m (lanePos=176.1 laneLen=192.8) stopDist=5.0m speed=3.9m/s
18 [STOP_CHECK][V10] road=S2C dist=22.3m (lanePos=170.5 laneLen=192.8) stopDist=5.0m speed=2.4m/s
18.05 [STOP_CHECK][V11] road=W2C dist=16.7m (lanePos=176.1 laneLen=192.8) stopDist=5.0m speed=3.9m/s
18.05 [STOP_CHECK][V10] road=S2C dist=22.3m (lanePos=170.5 laneLen=192.8) stopDist=5.0m speed=2.4m/s
18.1 [STOP_CHECK][V11] road=W2C dist=16.3m (lanePos=176.5 laneLen=192.8) stopDist=5.0m speed=3.7m/s
18.1 [STOP_CHECK][V10] road=S2C dist=22.1m (lanePos=170.7 laneLen=192.8) stopDist=5.0m speed=2.3m/s
18140.0ms Leader 7 SENDING AppendEntries to vehicle 0 (n_entries=2, leader_commit=2)
18140.0ms Leader 7 SENDING AppendEntries to vehicle 1 (n_entries=0, leader_commit=2)
18140.0ms Leader 7 SENDING AppendEntries to vehicle 2 (n_entries=0, leader_commit=2)
18140.0ms Leader 7 SENDING AppendEntries to vehicle 3 (n_entries=0, leader_commit=2)
18140.0ms Leader 7 SENDING AppendEntries to vehicle 4 (n_entries=0, leader_commit=2)
18140.0ms Leader 7 SENDING AppendEntries to vehicle 5 (n_entries=0, leader_commit=2)
18140.0ms Leader 7 SENDING AppendEntries to vehicle 6 (n_entries=0, leader_commit=2)
18140.0ms Leader 7 SENDING AppendEntries to vehicle 8 (n_entries=0, leader_commit=2)
18140.0ms Leader 7 SENDING AppendEntries to vehicle 9 (n_entries=0, leader_commit=2)
18140.0ms Leader 7 SENDING AppendEntries to vehicle 10 (n_entries=0, leader_commit=2)
18.15 [STOP_CHECK][V11] road=W2C dist=16.3m (lanePos=176.5 laneLen=192.8) stopDist=5.0m speed=3.7m/s
18.15 [STOP_CHECK][V10] road=S2C dist=22.1m (lanePos=170.7 laneLen=192.8) stopDist=5.0m speed=2.3m/s
18150.0ms Vehicle 3 RECEIVED AppendEntries from vehicle 7 (n_entries=0, leader_commit=2)
18150.8ms Vehicle 4 RECEIVED AppendEntries from vehicle 7 (n_entries=0, leader_commit=2)
18151.4ms Vehicle 5 RECEIVED AppendEntries from vehicle 7 (n_entries=0, leader_commit=2)
18152.7ms Vehicle 6 RECEIVED AppendEntries from vehicle 7 (n_entries=0, leader_commit=2)
18154.4ms Vehicle 9 RECEIVED AppendEntries from vehicle 7 (n_entries=0, leader_commit=2)
18154.9ms Vehicle 10 RECEIVED AppendEntries from vehicle 7 (n_entries=0, leader_commit=2)
18.2 [STOP_CHECK][V11] road=W2C dist=15.9m (lanePos=176.9 laneLen=192.8) stopDist=5.0m speed=3.6m/s
18.2 [STOP_CHECK][V10] road=S2C dist=21.9m (lanePos=170.9 laneLen=192.8) stopDist=5.0m speed=2.1m/s
18.25 [STOP_CHECK][V11] road=W2C dist=15.9m (lanePos=176.9 laneLen=192.8) stopDist=5.0m speed=3.6m/s
18.25 [STOP_CHECK][V10] road=S2C dist=21.9m (lanePos=170.9 laneLen=192.8) stopDist=5.0m speed=2.1m/s
** Event #866816   t=18.256394727943   Elapsed: 6.00222s (0m 06s)  6% completed  (6% total)
     Speed:     ev/sec=182742   simsec/sec=1.13444   ev/simsec=161086
     Messages:  created: 694312   present: 818   in FES: 96
18.3 [STOP_CHECK][V11] road=W2C dist=15.6m (lanePos=177.2 laneLen=192.8) stopDist=5.0m speed=3.3m/s
18.3 [STOP_CHECK][V10] road=S2C dist=21.7m (lanePos=171.1 laneLen=192.8) stopDist=5.0m speed=2.1m/s
18.3 [QUEUE_ADV][V4] dist=12.4m speed=0.5 leader=veh5 gap=0.5m gapOpened=0 (need gap>5.0m) myBatch=4 curBatch=0
18340.0ms Leader 7 SENDING AppendEntries to vehicle 0 (n_entries=2, leader_commit=2)
18340.0ms Leader 7 SENDING AppendEntries to vehicle 1 (n_entries=0, leader_commit=2)
18340.0ms Leader 7 SENDING AppendEntries to vehicle 2 (n_entries=0, leader_commit=2)
18340.0ms Leader 7 SENDING AppendEntries to vehicle 3 (n_entries=0, leader_commit=2)
18340.0ms Leader 7 SENDING AppendEntries to vehicle 4 (n_entries=0, leader_commit=2)
18340.0ms Leader 7 SENDING AppendEntries to vehicle 5 (n_entries=0, leader_commit=2)
18340.0ms Leader 7 SENDING AppendEntries to vehicle 6 (n_entries=0, leader_commit=2)
18340.0ms Leader 7 SENDING AppendEntries to vehicle 8 (n_entries=0, leader_commit=2)
18340.0ms Leader 7 SENDING AppendEntries to vehicle 9 (n_entries=0, leader_commit=2)
18340.0ms Leader 7 SENDING AppendEntries to vehicle 10 (n_entries=0, leader_commit=2)
18345.6ms Vehicle 0 RECEIVED AppendEntries from vehicle 7 (n_entries=2, leader_commit=2)
18345.9ms Vehicle 1 RECEIVED AppendEntries from vehicle 7 (n_entries=0, leader_commit=2)
18347.1ms Vehicle 3 RECEIVED AppendEntries from vehicle 7 (n_entries=0, leader_commit=2)
18348.0ms Vehicle 4 RECEIVED AppendEntries from vehicle 7 (n_entries=0, leader_commit=2)
18348.2ms Vehicle 5 RECEIVED AppendEntries from vehicle 7 (n_entries=0, leader_commit=2)
18.35 [STOP_CHECK][V11] road=W2C dist=15.6m (lanePos=177.2 laneLen=192.8) stopDist=5.0m speed=3.3m/s
18.35 [STOP_CHECK][V10] road=S2C dist=21.7m (lanePos=171.1 laneLen=192.8) stopDist=5.0m speed=2.1m/s
18350.5ms Vehicle 9 RECEIVED AppendEntries from vehicle 7 (n_entries=0, leader_commit=2)
18352.0ms Vehicle 10 RECEIVED AppendEntries from vehicle 7 (n_entries=0, leader_commit=2)
18.4 [STOP_CHECK][V11] road=W2C dist=15.3m (lanePos=177.5 laneLen=192.8) stopDist=5.0m speed=3.1m/s
18.4 [STOP_CHECK][V10] road=S2C dist=21.5m (lanePos=171.3 laneLen=192.8) stopDist=5.0m speed=1.9m/s
18.4 [QUEUE_ADV][V9] dist=19.0m speed=0.4 leader=veh8 gap=0.4m gapOpened=0 (need gap>5.0m) myBatch=8 curBatch=0
18.4 [QUEUE_ADV][V6] dist=11.5m speed=0.1 leader=veh9 gap=0.1m gapOpened=0 (need gap>5.0m) myBatch=7 curBatch=0
18.45 [STOP_CHECK][V11] road=W2C dist=15.3m (lanePos=177.5 laneLen=192.8) stopDist=5.0m speed=3.1m/s
18.45 [STOP_CHECK][V10] road=S2C dist=21.5m (lanePos=171.3 laneLen=192.8) stopDist=5.0m speed=1.9m/s
18.5 [STOP_CHECK][V11] road=W2C dist=15.0m (lanePos=177.8 laneLen=192.8) stopDist=5.0m speed=2.9m/s
18.5 [STOP_CHECK][V10] road=S2C dist=21.3m (lanePos=171.5 laneLen=192.8) stopDist=5.0m speed=1.8m/s
18500.0ms Vehicle 11 sendRequestVote called for node 1
18500.0ms Vehicle 11 sendRequestVote called for node 2
18500.0ms Vehicle 11 sendRequestVote called for node 3
18500.0ms Vehicle 11 sendRequestVote called for node 4
18500.0ms Vehicle 11 sendRequestVote called for node 5
18500.0ms Vehicle 11 sendRequestVote called for node 6
18500.0ms Vehicle 11 sendRequestVote called for node 7
18500.0ms Vehicle 11 sendRequestVote called for node 8
18500.0ms Vehicle 11 sendRequestVote called for node 9
18500.0ms Vehicle 11 sendRequestVote called for node 10
18500.0ms Vehicle 11 sendRequestVote called for node 11
18540.0ms Leader 7 SENDING AppendEntries to vehicle 0 (n_entries=2, leader_commit=2)
18540.0ms Leader 7 SENDING AppendEntries to vehicle 1 (n_entries=0, leader_commit=2)
18540.0ms Leader 7 SENDING AppendEntries to vehicle 2 (n_entries=0, leader_commit=2)
18540.0ms Leader 7 SENDING AppendEntries to vehicle 3 (n_entries=0, leader_commit=2)
18540.0ms Leader 7 SENDING AppendEntries to vehicle 4 (n_entries=0, leader_commit=2)
18540.0ms Leader 7 SENDING AppendEntries to vehicle 5 (n_entries=0, leader_commit=2)
18540.0ms Leader 7 SENDING AppendEntries to vehicle 6 (n_entries=0, leader_commit=2)
18540.0ms Leader 7 SENDING AppendEntries to vehicle 8 (n_entries=0, leader_commit=2)
18540.0ms Leader 7 SENDING AppendEntries to vehicle 9 (n_entries=0, leader_commit=2)
18540.0ms Leader 7 SENDING AppendEntries to vehicle 10 (n_entries=0, leader_commit=2)
18546.1ms Vehicle 0 RECEIVED AppendEntries from vehicle 7 (n_entries=2, leader_commit=2)
18546.4ms Vehicle 1 RECEIVED AppendEntries from vehicle 7 (n_entries=0, leader_commit=2)
18547.0ms Vehicle 2 RECEIVED AppendEntries from vehicle 7 (n_entries=0, leader_commit=2)
18547.9ms Vehicle 4 RECEIVED AppendEntries from vehicle 7 (n_entries=0, leader_commit=2)
18548.5ms Vehicle 5 RECEIVED AppendEntries from vehicle 7 (n_entries=0, leader_commit=2)
18549.4ms Vehicle 6 RECEIVED AppendEntries from vehicle 7 (n_entries=0, leader_commit=2)
18.55 [STOP_CHECK][V11] road=W2C dist=15.0m (lanePos=177.8 laneLen=192.8) stopDist=5.0m speed=2.9m/s
18.55 [STOP_CHECK][V10] road=S2C dist=21.3m (lanePos=171.5 laneLen=192.8) stopDist=5.0m speed=1.8m/s
18.55 [QUEUE_ADV][V1] dist=17.8m speed=0.2 leader=veh13 gap=0.2m gapOpened=0 (need gap>5.0m) myBatch=1 curBatch=0
18550.5ms Vehicle 9 RECEIVED AppendEntries from vehicle 7 (n_entries=0, leader_commit=2)
18551.4ms Vehicle 10 RECEIVED AppendEntries from vehicle 7 (n_entries=0, leader_commit=2)
18.6 [STOP_CHECK][V11] road=W2C dist=14.7m (lanePos=178.1 laneLen=192.8) stopDist=5.0m speed=2.8m/s
18.6 [STOP_CHECK][V10] road=S2C dist=21.1m (lanePos=171.7 laneLen=192.8) stopDist=5.0m speed=1.7m/s
18.6 [QUEUE_ADV][V2] dist=10.6m speed=0.0 leader=veh14 gap=0.0m gapOpened=0 (need gap>5.0m) myBatch=6 curBatch=0
18.65 [STOP_CHECK][V11] road=W2C dist=14.7m (lanePos=178.1 laneLen=192.8) stopDist=5.0m speed=2.8m/s
18.65 [STOP_CHECK][V10] road=S2C dist=21.1m (lanePos=171.7 laneLen=192.8) stopDist=5.0m speed=1.7m/s
18700.0ms Leader 0 collected status from 12 vehicles
18700.0ms Leader 0 PROPOSING STATUS_REPORT to quorum
18700.0ms Vehicle 0 doLogOffer entry #1 (len=2565)
18700.0ms Leader 0 submitted STATUS_REPORT entry #1
18.7 [STOP_CHECK][V11] road=W2C dist=14.5m (lanePos=178.3 laneLen=192.8) stopDist=5.0m speed=2.5m/s
18.7 [STOP_CHECK][V10] road=S2C dist=21.0m (lanePos=171.8 laneLen=192.8) stopDist=5.0m speed=1.6m/s
18700.0ms Vehicle 0 doApplyLog entry #1 (lastApplied=0, len=2565)
18740.0ms Leader 7 SENDING AppendEntries to vehicle 0 (n_entries=2, leader_commit=2)
18740.0ms Leader 7 SENDING AppendEntries to vehicle 1 (n_entries=0, leader_commit=2)
18740.0ms Leader 7 SENDING AppendEntries to vehicle 2 (n_entries=0, leader_commit=2)
18740.0ms Leader 7 SENDING AppendEntries to vehicle 3 (n_entries=0, leader_commit=2)
18740.0ms Leader 7 SENDING AppendEntries to vehicle 4 (n_entries=0, leader_commit=2)
18740.0ms Leader 7 SENDING AppendEntries to vehicle 5 (n_entries=0, leader_commit=2)
18740.0ms Leader 7 SENDING AppendEntries to vehicle 6 (n_entries=0, leader_commit=2)
18740.0ms Leader 7 SENDING AppendEntries to vehicle 8 (n_entries=0, leader_commit=2)
18740.0ms Leader 7 SENDING AppendEntries to vehicle 9 (n_entries=0, leader_commit=2)
18740.0ms Leader 7 SENDING AppendEntries to vehicle 10 (n_entries=0, leader_commit=2)
18745.2ms Vehicle 0 RECEIVED AppendEntries from vehicle 7 (n_entries=2, leader_commit=2)
18746.2ms Vehicle 1 RECEIVED AppendEntries from vehicle 7 (n_entries=0, leader_commit=2)
18748.7ms Vehicle 2 RECEIVED AppendEntries from vehicle 7 (n_entries=0, leader_commit=2)
18.75 [STOP_CHECK][V11] road=W2C dist=14.5m (lanePos=178.3 laneLen=192.8) stopDist=5.0m speed=2.5m/s
18.75 [STOP_CHECK][V10] road=S2C dist=21.0m (lanePos=171.8 laneLen=192.8) stopDist=5.0m speed=1.6m/s
18750.5ms Vehicle 4 RECEIVED AppendEntries from vehicle 7 (n_entries=0, leader_commit=2)
18751.2ms Vehicle 5 RECEIVED AppendEntries from vehicle 7 (n_entries=0, leader_commit=2)
18751.5ms Vehicle 6 RECEIVED AppendEntries from vehicle 7 (n_entries=0, leader_commit=2)
18753.0ms Vehicle 9 RECEIVED AppendEntries from vehicle 7 (n_entries=0, leader_commit=2)
18753.4ms Vehicle 10 RECEIVED AppendEntries from vehicle 7 (n_entries=0, leader_commit=2)
18.8 [DBG][V0] WOS_CALC laneIdx=0 wos=0 traciLeader=veh1 gap=64.5
18800.0ms Leader 0 vehicle 1 response lost — using default proposal
18800.0ms Leader 0 vehicle 4 response lost — using default proposal
18800.0ms Leader 0 vehicle 8 response lost — using default proposal
18800.0ms Leader 0 vehicle 12 response lost — using default proposal
18800.0ms Leader 0 vehicle 15 response lost — using default proposal
18800.0ms Leader 0 PROPOSING PASS_SCHEDULE with 9 batches:
  Batch 0: [1,8]
  Batch 1: [4,12]
  Batch 2: [15,5]
  Batch 3: [7,0]
  Batch 4: [3,10]
  Batch 5: [2]
  Batch 6: [6,11]
  Batch 7: [9,14]
  Batch 8: [16,13]
18800.0ms Vehicle 0 doLogOffer entry #2 (len=581)
18800.0ms Leader 0 submitted PASS_SCHEDULE entry #2
18.8 [STOP_CHECK][V11] road=W2C dist=14.2m (lanePos=178.6 laneLen=192.8) stopDist=5.0m speed=2.4m/s
18.8 [STOP_CHECK][V10] road=S2C dist=20.8m (lanePos=172.0 laneLen=192.8) stopDist=5.0m speed=1.5m/s
18800.0ms Vehicle 0 doApplyLog entry #2 (lastApplied=0, len=581)
18800.0ms Vehicle 0 APPLYING PASS_ORDER entry #2 (9 batches)
18.8 [DBG][V0] PASS_ORDER COMMITTED: numBatches=9 myBatch=3
  [DBG] Batch 0: [1,8]
  [DBG] Batch 1: [4,12]
  [DBG] Batch 2: [15,5]
  [DBG] Batch 3: [7,0]
  [DBG] Batch 4: [3,10]
  [DBG] Batch 5: [2]
  [DBG] Batch 6: [6,11]
  [DBG] Batch 7: [9,14]
  [DBG] Batch 8: [16,13]
18800.0ms Vehicle 0 assigned to batch 3 (current batch: 0)
18.8 [DBG][V0] ASSIGNED batch=3 currentBatch=0 hasCommitted=1 hasStopped=1
18.8 [DBG][V0] WAITING for batch 3 (safetyFallback in 18000ms)
18800.0ms Vehicle 0 waiting for batch 3 via checkBatchAdvance
18.85 [STOP_CHECK][V11] road=W2C dist=14.2m (lanePos=178.6 laneLen=192.8) stopDist=5.0m speed=2.4m/s
18.85 [STOP_CHECK][V10] road=S2C dist=20.8m (lanePos=172.0 laneLen=192.8) stopDist=5.0m speed=1.5m/s
18.9 [STOP_CHECK][V14] road=W2C dist=25.0m (lanePos=167.8 laneLen=192.8) stopDist=5.0m speed=3.3m/s
18.9 [STOP_CHECK][V11] road=W2C dist=14.0m (lanePos=178.8 laneLen=192.8) stopDist=5.0m speed=2.2m/s
18.9 [STOP_CHECK][V10] road=S2C dist=20.7m (lanePos=172.1 laneLen=192.8) stopDist=5.0m speed=1.4m/s
18920.0ms Vehicle 14 sendRequestVote called for node 1
18920.0ms Vehicle 14 sendRequestVote called for node 2
18920.0ms Vehicle 14 sendRequestVote called for node 3
18920.0ms Vehicle 14 sendRequestVote called for node 4
18920.0ms Vehicle 14 sendRequestVote called for node 5
18920.0ms Vehicle 14 sendRequestVote called for node 6
18920.0ms Vehicle 14 sendRequestVote called for node 7
18920.0ms Vehicle 14 sendRequestVote called for node 8
18920.0ms Vehicle 14 sendRequestVote called for node 9
18920.0ms Vehicle 14 sendRequestVote called for node 10
18920.0ms Vehicle 14 sendRequestVote called for node 11
18920.0ms Vehicle 14 sendRequestVote called for node 12
18920.0ms Vehicle 14 sendRequestVote called for node 13
18920.0ms Vehicle 14 sendRequestVote called for node 14
18920.0ms Vehicle 13 sendRequestVote called for node 1
18920.0ms Vehicle 13 sendRequestVote called for node 2
18920.0ms Vehicle 13 sendRequestVote called for node 3
18920.0ms Vehicle 13 sendRequestVote called for node 4
18920.0ms Vehicle 13 sendRequestVote called for node 5
18920.0ms Vehicle 13 sendRequestVote called for node 6
18920.0ms Vehicle 13 sendRequestVote called for node 7
18920.0ms Vehicle 13 sendRequestVote called for node 8
18920.0ms Vehicle 13 sendRequestVote called for node 9
18920.0ms Vehicle 13 sendRequestVote called for node 10
18920.0ms Vehicle 13 sendRequestVote called for node 11
18920.0ms Vehicle 13 sendRequestVote called for node 12
18920.0ms Vehicle 13 sendRequestVote called for node 13
18920.0ms Vehicle 13 RAFT STATE CHANGED from 1 to 2
18920.0ms Vehicle 13 I am a candidate now! Starting election...
18940.0ms Leader 7 SENDING AppendEntries to vehicle 0 (n_entries=2, leader_commit=2)
18940.0ms Leader 7 SENDING AppendEntries to vehicle 1 (n_entries=0, leader_commit=2)
18940.0ms Leader 7 SENDING AppendEntries to vehicle 2 (n_entries=0, leader_commit=2)
18940.0ms Leader 7 SENDING AppendEntries to vehicle 3 (n_entries=0, leader_commit=2)
18940.0ms Leader 7 SENDING AppendEntries to vehicle 4 (n_entries=0, leader_commit=2)
18940.0ms Leader 7 SENDING AppendEntries to vehicle 5 (n_entries=0, leader_commit=2)
18940.0ms Leader 7 SENDING AppendEntries to vehicle 6 (n_entries=0, leader_commit=2)
18940.0ms Leader 7 SENDING AppendEntries to vehicle 8 (n_entries=0, leader_commit=2)
18940.0ms Leader 7 SENDING AppendEntries to vehicle 9 (n_entries=0, leader_commit=2)
18940.0ms Leader 7 SENDING AppendEntries to vehicle 10 (n_entries=0, leader_commit=2)
18946.5ms Vehicle 0 RECEIVED AppendEntries from vehicle 7 (n_entries=2, leader_commit=2)
18947.3ms Vehicle 1 RECEIVED AppendEntries from vehicle 7 (n_entries=0, leader_commit=2)
18948.6ms Vehicle 2 RECEIVED AppendEntries from vehicle 7 (n_entries=0, leader_commit=2)
18949.5ms Vehicle 3 RECEIVED AppendEntries from vehicle 7 (n_entries=0, leader_commit=2)
18.95 [STOP_CHECK][V14] road=W2C dist=25.0m (lanePos=167.8 laneLen=192.8) stopDist=5.0m speed=3.3m/s
18.95 [STOP_CHECK][V11] road=W2C dist=14.0m (lanePos=178.8 laneLen=192.8) stopDist=5.0m speed=2.2m/s
18.95 [STOP_CHECK][V10] road=S2C dist=20.7m (lanePos=172.1 laneLen=192.8) stopDist=5.0m speed=1.4m/s
18951.4ms Vehicle 4 RECEIVED AppendEntries from vehicle 7 (n_entries=0, leader_commit=2)
18951.9ms Vehicle 5 RECEIVED AppendEntries from vehicle 7 (n_entries=0, leader_commit=2)
18952.7ms Vehicle 6 RECEIVED AppendEntries from vehicle 7 (n_entries=0, leader_commit=2)
18953.3ms Vehicle 9 RECEIVED AppendEntries from vehicle 7 (n_entries=0, leader_commit=2)
18953.6ms Vehicle 10 RECEIVED AppendEntries from vehicle 7 (n_entries=0, leader_commit=2)
19 [STOP_CHECK][V14] road=W2C dist=24.6m (lanePos=168.2 laneLen=192.8) stopDist=5.0m speed=3.2m/s
19 [STOP_CHECK][V11] road=W2C dist=13.8m (lanePos=179.0 laneLen=192.8) stopDist=5.0m speed=2.1m/s
19 [STOP_CHECK][V10] road=S2C dist=20.5m (lanePos=172.3 laneLen=192.8) stopDist=5.0m speed=1.3m/s
19.05 [STOP_CHECK][V14] road=W2C dist=24.6m (lanePos=168.2 laneLen=192.8) stopDist=5.0m speed=3.2m/s
19.05 [STOP_CHECK][V11] road=W2C dist=13.8m (lanePos=179.0 laneLen=192.8) stopDist=5.0m speed=2.1m/s
19.05 [STOP_CHECK][V10] road=S2C dist=20.5m (lanePos=172.3 laneLen=192.8) stopDist=5.0m speed=1.3m/s
19.1 [STOP_CHECK][V14] road=W2C dist=24.3m (lanePos=168.5 laneLen=192.8) stopDist=5.0m speed=3.1m/s
19.1 [STOP_CHECK][V11] road=W2C dist=13.6m (lanePos=179.2 laneLen=192.8) stopDist=5.0m speed=1.9m/s
19.1 [STOP_CHECK][V10] road=S2C dist=20.4m (lanePos=172.4 laneLen=192.8) stopDist=5.0m speed=1.3m/s
19140.0ms Leader 7 SENDING AppendEntries to vehicle 0 (n_entries=2, leader_commit=2)
19140.0ms Leader 7 SENDING AppendEntries to vehicle 1 (n_entries=0, leader_commit=2)
19140.0ms Leader 7 SENDING AppendEntries to vehicle 2 (n_entries=0, leader_commit=2)
19140.0ms Leader 7 SENDING AppendEntries to vehicle 3 (n_entries=0, leader_commit=2)
19140.0ms Leader 7 SENDING AppendEntries to vehicle 4 (n_entries=0, leader_commit=2)
19140.0ms Leader 7 SENDING AppendEntries to vehicle 5 (n_entries=0, leader_commit=2)
19140.0ms Leader 7 SENDING AppendEntries to vehicle 6 (n_entries=0, leader_commit=2)
19140.0ms Leader 7 SENDING AppendEntries to vehicle 8 (n_entries=0, leader_commit=2)
19140.0ms Leader 7 SENDING AppendEntries to vehicle 9 (n_entries=0, leader_commit=2)
19140.0ms Leader 7 SENDING AppendEntries to vehicle 10 (n_entries=0, leader_commit=2)
19146.6ms Vehicle 0 RECEIVED AppendEntries from vehicle 7 (n_entries=2, leader_commit=2)
19146.8ms Vehicle 1 RECEIVED AppendEntries from vehicle 7 (n_entries=0, leader_commit=2)
19147.1ms Vehicle 2 RECEIVED AppendEntries from vehicle 7 (n_entries=0, leader_commit=2)
19148.6ms Vehicle 3 RECEIVED AppendEntries from vehicle 7 (n_entries=0, leader_commit=2)
19.15 [STOP_CHECK][V14] road=W2C dist=24.3m (lanePos=168.5 laneLen=192.8) stopDist=5.0m speed=3.1m/s
19.15 [STOP_CHECK][V11] road=W2C dist=13.6m (lanePos=179.2 laneLen=192.8) stopDist=5.0m speed=1.9m/s
19.15 [STOP_CHECK][V10] road=S2C dist=20.4m (lanePos=172.4 laneLen=192.8) stopDist=5.0m speed=1.3m/s
19151.1ms Vehicle 5 RECEIVED AppendEntries from vehicle 7 (n_entries=0, leader_commit=2)
19151.5ms Vehicle 6 RECEIVED AppendEntries from vehicle 7 (n_entries=0, leader_commit=2)
19153.1ms Vehicle 9 RECEIVED AppendEntries from vehicle 7 (n_entries=0, leader_commit=2)
19153.7ms Vehicle 10 RECEIVED AppendEntries from vehicle 7 (n_entries=0, leader_commit=2)
19.2 [STOP_CHECK][V14] road=W2C dist=24.0m (lanePos=168.8 laneLen=192.8) stopDist=5.0m speed=3.1m/s
19.2 [STOP_CHECK][V11] road=W2C dist=13.4m (lanePos=179.4 laneLen=192.8) stopDist=5.0m speed=1.8m/s
19.2 [STOP_CHECK][V10] road=S2C dist=20.3m (lanePos=172.5 laneLen=192.8) stopDist=5.0m speed=1.1m/s
19200.0ms Vehicle 16 sendRequestVote called for node 1
19200.0ms Vehicle 16 sendRequestVote called for node 2
19200.0ms Vehicle 16 sendRequestVote called for node 3
19200.0ms Vehicle 16 sendRequestVote called for node 4
19200.0ms Vehicle 16 sendRequestVote called for node 5
19200.0ms Vehicle 16 sendRequestVote called for node 6
19200.0ms Vehicle 16 sendRequestVote called for node 7
19200.0ms Vehicle 16 sendRequestVote called for node 8
19200.0ms Vehicle 16 sendRequestVote called for node 9
19200.0ms Vehicle 16 sendRequestVote called for node 10
19200.0ms Vehicle 16 sendRequestVote called for node 11
19200.0ms Vehicle 16 sendRequestVote called for node 12
19200.0ms Vehicle 16 sendRequestVote called for node 13
19200.0ms Vehicle 16 sendRequestVote called for node 14
19200.0ms Vehicle 16 sendRequestVote called for node 15
19200.0ms Vehicle 16 sendRequestVote called for node 16
19.25 [STOP_CHECK][V14] road=W2C dist=24.0m (lanePos=168.8 laneLen=192.8) stopDist=5.0m speed=3.1m/s
19.25 [STOP_CHECK][V11] road=W2C dist=13.4m (lanePos=179.4 laneLen=192.8) stopDist=5.0m speed=1.8m/s
19.25 [STOP_CHECK][V10] road=S2C dist=20.3m (lanePos=172.5 laneLen=192.8) stopDist=5.0m speed=1.1m/s
19.3 [STOP_CHECK][V14] road=W2C dist=23.7m (lanePos=169.1 laneLen=192.8) stopDist=5.0m speed=2.9m/s
19.3 [STOP_CHECK][V11] road=W2C dist=13.3m (lanePos=179.5 laneLen=192.8) stopDist=5.0m speed=1.7m/s
19.3 [STOP_CHECK][V10] road=S2C dist=20.2m (lanePos=172.6 laneLen=192.8) stopDist=5.0m speed=1.1m/s
19340.0ms Leader 7 SENDING AppendEntries to vehicle 0 (n_entries=2, leader_commit=2)
19340.0ms Leader 7 SENDING AppendEntries to vehicle 1 (n_entries=0, leader_commit=2)
19340.0ms Leader 7 SENDING AppendEntries to vehicle 2 (n_entries=0, leader_commit=2)
19340.0ms Leader 7 SENDING AppendEntries to vehicle 3 (n_entries=0, leader_commit=2)
19340.0ms Leader 7 SENDING AppendEntries to vehicle 4 (n_entries=0, leader_commit=2)
19340.0ms Leader 7 SENDING AppendEntries to vehicle 5 (n_entries=0, leader_commit=2)
19340.0ms Leader 7 SENDING AppendEntries to vehicle 6 (n_entries=0, leader_commit=2)
19340.0ms Leader 7 SENDING AppendEntries to vehicle 8 (n_entries=0, leader_commit=2)
19340.0ms Leader 7 SENDING AppendEntries to vehicle 9 (n_entries=0, leader_commit=2)
19340.0ms Leader 7 SENDING AppendEntries to vehicle 10 (n_entries=0, leader_commit=2)
19346.5ms Vehicle 1 RECEIVED AppendEntries from vehicle 7 (n_entries=0, leader_commit=2)
19347.1ms Vehicle 2 RECEIVED AppendEntries from vehicle 7 (n_entries=0, leader_commit=2)
19348.2ms Vehicle 3 RECEIVED AppendEntries from vehicle 7 (n_entries=0, leader_commit=2)
19348.5ms Vehicle 4 RECEIVED AppendEntries from vehicle 7 (n_entries=0, leader_commit=2)
19.35 [STOP_CHECK][V14] road=W2C dist=23.7m (lanePos=169.1 laneLen=192.8) stopDist=5.0m speed=2.9m/s
19.35 [STOP_CHECK][V11] road=W2C dist=13.3m (lanePos=179.5 laneLen=192.8) stopDist=5.0m speed=1.7m/s
19.35 [STOP_CHECK][V10] road=S2C dist=20.2m (lanePos=172.6 laneLen=192.8) stopDist=5.0m speed=1.1m/s
19.35 [QUEUE_ADV][V4] dist=12.1m speed=0.2 leader=veh5 gap=0.2m gapOpened=0 (need gap>5.0m) myBatch=4 curBatch=0
19350.6ms Vehicle 5 RECEIVED AppendEntries from vehicle 7 (n_entries=0, leader_commit=2)
19350.8ms Vehicle 6 RECEIVED AppendEntries from vehicle 7 (n_entries=0, leader_commit=2)
19352.1ms Vehicle 9 RECEIVED AppendEntries from vehicle 7 (n_entries=0, leader_commit=2)
19352.7ms Vehicle 10 RECEIVED AppendEntries from vehicle 7 (n_entries=0, leader_commit=2)
19.4 [STOP_CHECK][V14] road=W2C dist=23.4m (lanePos=169.4 laneLen=192.8) stopDist=5.0m speed=2.9m/s
19.4 [STOP_CHECK][V11] road=W2C dist=13.1m (lanePos=179.7 laneLen=192.8) stopDist=5.0m speed=1.5m/s
19.4 [STOP_CHECK][V10] road=S2C dist=20.1m (lanePos=172.7 laneLen=192.8) stopDist=5.0m speed=1.0m/s
19.45 [STOP_CHECK][V14] road=W2C dist=23.4m (lanePos=169.4 laneLen=192.8) stopDist=5.0m speed=2.9m/s
19.45 [STOP_CHECK][V11] road=W2C dist=13.1m (lanePos=179.7 laneLen=192.8) stopDist=5.0m speed=1.5m/s
19.45 [STOP_CHECK][V10] road=S2C dist=20.1m (lanePos=172.7 laneLen=192.8) stopDist=5.0m speed=1.0m/s
19.45 [QUEUE_ADV][V9] dist=18.7m speed=0.2 leader=veh8 gap=0.2m gapOpened=0 (need gap>5.0m) myBatch=8 curBatch=0
19.45 [QUEUE_ADV][V6] dist=11.5m speed=0.0 leader=veh9 gap=0.0m gapOpened=0 (need gap>5.0m) myBatch=7 curBatch=0
19480.0ms Vehicle 11 sendRequestVote called for node 1
19480.0ms Vehicle 11 sendRequestVote called for node 2
19480.0ms Vehicle 11 sendRequestVote called for node 3
19480.0ms Vehicle 11 sendRequestVote called for node 4
19480.0ms Vehicle 11 sendRequestVote called for node 5
19480.0ms Vehicle 11 sendRequestVote called for node 6
19480.0ms Vehicle 11 sendRequestVote called for node 7
19480.0ms Vehicle 11 sendRequestVote called for node 8
19480.0ms Vehicle 11 sendRequestVote called for node 9
19480.0ms Vehicle 11 sendRequestVote called for node 10
19480.0ms Vehicle 11 sendRequestVote called for node 11
19.5 [STOP_CHECK][V14] road=W2C dist=23.2m (lanePos=169.6 laneLen=192.8) stopDist=5.0m speed=2.7m/s
19.5 [STOP_CHECK][V11] road=W2C dist=13.0m (lanePos=179.8 laneLen=192.8) stopDist=5.0m speed=1.4m/s
19.5 [DBG][V11] WOS_CALC laneIdx=0 wos=0 traciLeader=veh0 gap=1.5
19.5 [STOP_CHECK][V11] QUEUED (no hard stop) dist=13.0m speed=1.4m/s road=W2C wos=0 frontVeh=-1 isLeader=0
19500.0ms Vehicle 11 QUEUED at dist=13.0m speed=1.4m/s
19.5 [STOP_CHECK][V10] road=S2C dist=20.0m (lanePos=172.8 laneLen=192.8) stopDist=5.0m speed=0.9m/s
19540.0ms Leader 7 SENDING AppendEntries to vehicle 0 (n_entries=2, leader_commit=2)
19540.0ms Leader 7 SENDING AppendEntries to vehicle 1 (n_entries=0, leader_commit=2)
19540.0ms Leader 7 SENDING AppendEntries to vehicle 2 (n_entries=0, leader_commit=2)
19540.0ms Leader 7 SENDING AppendEntries to vehicle 3 (n_entries=0, leader_commit=2)
19540.0ms Leader 7 SENDING AppendEntries to vehicle 4 (n_entries=0, leader_commit=2)
19540.0ms Leader 7 SENDING AppendEntries to vehicle 5 (n_entries=0, leader_commit=2)
19540.0ms Leader 7 SENDING AppendEntries to vehicle 6 (n_entries=0, leader_commit=2)
19540.0ms Leader 7 SENDING AppendEntries to vehicle 8 (n_entries=0, leader_commit=2)
19540.0ms Leader 7 SENDING AppendEntries to vehicle 9 (n_entries=0, leader_commit=2)
19540.0ms Leader 7 SENDING AppendEntries to vehicle 10 (n_entries=0, leader_commit=2)
19545.0ms Vehicle 0 RECEIVED AppendEntries from vehicle 7 (n_entries=2, leader_commit=2)
19545.6ms Vehicle 1 RECEIVED AppendEntries from vehicle 7 (n_entries=0, leader_commit=2)
19547.2ms Vehicle 2 RECEIVED AppendEntries from vehicle 7 (n_entries=0, leader_commit=2)
19548.2ms Vehicle 4 RECEIVED AppendEntries from vehicle 7 (n_entries=0, leader_commit=2)
19.55 [STOP_CHECK][V14] road=W2C dist=23.2m (lanePos=169.6 laneLen=192.8) stopDist=5.0m speed=2.7m/s
19.55 [STOP_CHECK][V10] road=S2C dist=20.0m (lanePos=172.8 laneLen=192.8) stopDist=5.0m speed=0.9m/s
19550.5ms Vehicle 6 RECEIVED AppendEntries from vehicle 7 (n_entries=0, leader_commit=2)
19552.5ms Vehicle 9 RECEIVED AppendEntries from vehicle 7 (n_entries=0, leader_commit=2)
19553.4ms Vehicle 10 RECEIVED AppendEntries from vehicle 7 (n_entries=0, leader_commit=2)
19.6 [STOP_CHECK][V14] road=W2C dist=22.9m (lanePos=169.9 laneLen=192.8) stopDist=5.0m speed=2.6m/s
19.6 [STOP_CHECK][V10] road=S2C dist=19.9m (lanePos=172.9 laneLen=192.8) stopDist=5.0m speed=0.9m/s
19.6 [DBG][V10] WOS_CALC laneIdx=1 wos=0 traciLeader=veh4 gap=0.9
19.6 [STOP_CHECK][V10] QUEUED (no hard stop) dist=19.9m speed=0.9m/s road=S2C wos=0 frontVeh=-1 isLeader=0
19600.0ms Vehicle 10 QUEUED at dist=19.9m speed=0.9m/s
19.6 [QUEUE_ADV][V1] dist=17.7m speed=0.1 leader=veh13 gap=0.1m gapOpened=0 (need gap>5.0m) myBatch=1 curBatch=0
19.65 [STOP_CHECK][V14] road=W2C dist=22.9m (lanePos=169.9 laneLen=192.8) stopDist=5.0m speed=2.6m/s
19.65 [QUEUE_ADV][V2] dist=10.6m speed=0.0 leader=veh14 gap=0.0m gapOpened=0 (need gap>5.0m) myBatch=6 curBatch=0
19.7 [STOP_CHECK][V14] road=W2C dist=22.7m (lanePos=170.1 laneLen=192.8) stopDist=5.0m speed=2.5m/s
19740.0ms Leader 7 SENDING AppendEntries to vehicle 0 (n_entries=2, leader_commit=2)
19740.0ms Leader 7 SENDING AppendEntries to vehicle 1 (n_entries=0, leader_commit=2)
19740.0ms Leader 7 SENDING AppendEntries to vehicle 2 (n_entries=0, leader_commit=2)
19740.0ms Leader 7 SENDING AppendEntries to vehicle 3 (n_entries=0, leader_commit=2)
19740.0ms Leader 7 SENDING AppendEntries to vehicle 4 (n_entries=0, leader_commit=2)
19740.0ms Leader 7 SENDING AppendEntries to vehicle 5 (n_entries=0, leader_commit=2)
19740.0ms Leader 7 SENDING AppendEntries to vehicle 6 (n_entries=0, leader_commit=2)
19740.0ms Leader 7 SENDING AppendEntries to vehicle 8 (n_entries=0, leader_commit=2)
19740.0ms Leader 7 SENDING AppendEntries to vehicle 9 (n_entries=0, leader_commit=2)
19740.0ms Leader 7 SENDING AppendEntries to vehicle 10 (n_entries=0, leader_commit=2)
19745.4ms Vehicle 0 RECEIVED AppendEntries from vehicle 7 (n_entries=2, leader_commit=2)
19745.7ms Vehicle 1 RECEIVED AppendEntries from vehicle 7 (n_entries=0, leader_commit=2)
19746.3ms Vehicle 2 RECEIVED AppendEntries from vehicle 7 (n_entries=0, leader_commit=2)
19748.0ms Vehicle 3 RECEIVED AppendEntries from vehicle 7 (n_entries=0, leader_commit=2)
19748.3ms Vehicle 4 RECEIVED AppendEntries from vehicle 7 (n_entries=0, leader_commit=2)
19748.6ms Vehicle 5 RECEIVED AppendEntries from vehicle 7 (n_entries=0, leader_commit=2)
19749.9ms Vehicle 6 RECEIVED AppendEntries from vehicle 7 (n_entries=0, leader_commit=2)
19.75 [STOP_CHECK][V14] road=W2C dist=22.7m (lanePos=170.1 laneLen=192.8) stopDist=5.0m speed=2.5m/s
19752.1ms Vehicle 9 RECEIVED AppendEntries from vehicle 7 (n_entries=0, leader_commit=2)
19753.6ms Vehicle 10 RECEIVED AppendEntries from vehicle 7 (n_entries=0, leader_commit=2)
19.8 [STOP_CHECK][V14] road=W2C dist=22.4m (lanePos=170.4 laneLen=192.8) stopDist=5.0m speed=2.4m/s
19.85 [STOP_CHECK][V14] road=W2C dist=22.4m (lanePos=170.4 laneLen=192.8) stopDist=5.0m speed=2.4m/s
19.9 [STOP_CHECK][V14] road=W2C dist=22.2m (lanePos=170.6 laneLen=192.8) stopDist=5.0m speed=2.3m/s
19.9 [STOP_CHECK][V12] road=N2C dist=25.0m (lanePos=167.8 laneLen=192.8) stopDist=5.0m speed=0.3m/s
19940.0ms Leader 7 SENDING AppendEntries to vehicle 0 (n_entries=2, leader_commit=2)
19940.0ms Leader 7 SENDING AppendEntries to vehicle 1 (n_entries=0, leader_commit=2)
19940.0ms Leader 7 SENDING AppendEntries to vehicle 2 (n_entries=0, leader_commit=2)
19940.0ms Leader 7 SENDING AppendEntries to vehicle 3 (n_entries=0, leader_commit=2)
19940.0ms Leader 7 SENDING AppendEntries to vehicle 4 (n_entries=0, leader_commit=2)
19940.0ms Leader 7 SENDING AppendEntries to vehicle 5 (n_entries=0, leader_commit=2)
19940.0ms Leader 7 SENDING AppendEntries to vehicle 6 (n_entries=0, leader_commit=2)
19940.0ms Leader 7 SENDING AppendEntries to vehicle 8 (n_entries=0, leader_commit=2)
19940.0ms Leader 7 SENDING AppendEntries to vehicle 9 (n_entries=0, leader_commit=2)
19940.0ms Leader 7 SENDING AppendEntries to vehicle 10 (n_entries=0, leader_commit=2)
19945.5ms Vehicle 0 RECEIVED AppendEntries from vehicle 7 (n_entries=2, leader_commit=2)
19946.6ms Vehicle 1 RECEIVED AppendEntries from vehicle 7 (n_entries=0, leader_commit=2)
19946.9ms Vehicle 2 RECEIVED AppendEntries from vehicle 7 (n_entries=0, leader_commit=2)
19947.8ms Vehicle 3 RECEIVED AppendEntries from vehicle 7 (n_entries=0, leader_commit=2)
19949.7ms Vehicle 5 RECEIVED AppendEntries from vehicle 7 (n_entries=0, leader_commit=2)
19.95 [STOP_CHECK][V14] road=W2C dist=22.2m (lanePos=170.6 laneLen=192.8) stopDist=5.0m speed=2.3m/s
19.95 [STOP_CHECK][V12] road=N2C dist=25.0m (lanePos=167.8 laneLen=192.8) stopDist=5.0m speed=0.3m/s
19950.4ms Vehicle 6 RECEIVED AppendEntries from vehicle 7 (n_entries=0, leader_commit=2)
19952.7ms Vehicle 9 RECEIVED AppendEntries from vehicle 7 (n_entries=0, leader_commit=2)
19952.9ms Vehicle 10 RECEIVED AppendEntries from vehicle 7 (n_entries=0, leader_commit=2)
20 [STOP_CHECK][V14] road=W2C dist=22.0m (lanePos=170.8 laneLen=192.8) stopDist=5.0m speed=2.2m/s
20 [STOP_CHECK][V12] road=N2C dist=24.9m (lanePos=167.9 laneLen=192.8) stopDist=5.0m speed=0.3m/s
20020.0ms Vehicle 15 sendRequestVote called for node 1
20020.0ms Vehicle 15 sendRequestVote called for node 2
20020.0ms Vehicle 15 sendRequestVote called for node 3
20020.0ms Vehicle 15 sendRequestVote called for node 4
20020.0ms Vehicle 15 sendRequestVote called for node 5
20020.0ms Vehicle 15 sendRequestVote called for node 6
20020.0ms Vehicle 15 sendRequestVote called for node 7
20020.0ms Vehicle 15 sendRequestVote called for node 8
20020.0ms Vehicle 15 sendRequestVote called for node 9
20020.0ms Vehicle 15 sendRequestVote called for node 10
20020.0ms Vehicle 15 sendRequestVote called for node 11
20020.0ms Vehicle 15 sendRequestVote called for node 12
20020.0ms Vehicle 15 sendRequestVote called for node 13
20020.0ms Vehicle 15 sendRequestVote called for node 14
20020.0ms Vehicle 15 sendRequestVote called for node 15
20.05 [STOP_CHECK][V14] road=W2C dist=22.0m (lanePos=170.8 laneLen=192.8) stopDist=5.0m speed=2.2m/s
20.05 [STOP_CHECK][V12] road=N2C dist=24.9m (lanePos=167.9 laneLen=192.8) stopDist=5.0m speed=0.3m/s
20.1 [STOP_CHECK][V14] road=W2C dist=21.8m (lanePos=171.0 laneLen=192.8) stopDist=5.0m speed=2.2m/s
20.1 [STOP_CHECK][V12] road=N2C dist=24.9m (lanePos=167.9 laneLen=192.8) stopDist=5.0m speed=0.3m/s
20140.0ms Leader 7 SENDING AppendEntries to vehicle 0 (n_entries=2, leader_commit=2)
20140.0ms Leader 7 SENDING AppendEntries to vehicle 1 (n_entries=0, leader_commit=2)
20140.0ms Leader 7 SENDING AppendEntries to vehicle 2 (n_entries=0, leader_commit=2)
20140.0ms Leader 7 SENDING AppendEntries to vehicle 3 (n_entries=0, leader_commit=2)
20140.0ms Leader 7 SENDING AppendEntries to vehicle 4 (n_entries=0, leader_commit=2)
20140.0ms Leader 7 SENDING AppendEntries to vehicle 5 (n_entries=0, leader_commit=2)
20140.0ms Leader 7 SENDING AppendEntries to vehicle 6 (n_entries=0, leader_commit=2)
20140.0ms Leader 7 SENDING AppendEntries to vehicle 8 (n_entries=0, leader_commit=2)
20140.0ms Leader 7 SENDING AppendEntries to vehicle 9 (n_entries=0, leader_commit=2)
20140.0ms Leader 7 SENDING AppendEntries to vehicle 10 (n_entries=0, leader_commit=2)
20147.6ms Vehicle 0 RECEIVED AppendEntries from vehicle 7 (n_entries=2, leader_commit=2)
20147.9ms Vehicle 1 RECEIVED AppendEntries from vehicle 7 (n_entries=0, leader_commit=2)
20148.8ms Vehicle 2 RECEIVED AppendEntries from vehicle 7 (n_entries=0, leader_commit=2)
20149.2ms Vehicle 3 RECEIVED AppendEntries from vehicle 7 (n_entries=0, leader_commit=2)
20149.5ms Vehicle 4 RECEIVED AppendEntries from vehicle 7 (n_entries=0, leader_commit=2)
20.15 [STOP_CHECK][V14] road=W2C dist=21.8m (lanePos=171.0 laneLen=192.8) stopDist=5.0m speed=2.2m/s
20.15 [STOP_CHECK][V12] road=N2C dist=24.9m (lanePos=167.9 laneLen=192.8) stopDist=5.0m speed=0.3m/s
20150.3ms Vehicle 6 RECEIVED AppendEntries from vehicle 7 (n_entries=0, leader_commit=2)
20151.8ms Vehicle 9 RECEIVED AppendEntries from vehicle 7 (n_entries=0, leader_commit=2)
20152.9ms Vehicle 10 RECEIVED AppendEntries from vehicle 7 (n_entries=0, leader_commit=2)
20180.0ms Vehicle 16 sendRequestVote called for node 1
20180.0ms Vehicle 16 sendRequestVote called for node 2
20180.0ms Vehicle 16 sendRequestVote called for node 3
20180.0ms Vehicle 16 sendRequestVote called for node 4
20180.0ms Vehicle 16 sendRequestVote called for node 5
20180.0ms Vehicle 16 sendRequestVote called for node 6
20180.0ms Vehicle 16 sendRequestVote called for node 7
20180.0ms Vehicle 16 sendRequestVote called for node 8
20180.0ms Vehicle 16 sendRequestVote called for node 9
20180.0ms Vehicle 16 sendRequestVote called for node 10
20180.0ms Vehicle 16 sendRequestVote called for node 11
20180.0ms Vehicle 16 sendRequestVote called for node 12
20180.0ms Vehicle 16 sendRequestVote called for node 13
20180.0ms Vehicle 16 sendRequestVote called for node 14
20180.0ms Vehicle 16 sendRequestVote called for node 15
20180.0ms Vehicle 16 sendRequestVote called for node 16
** Event #1233664   t=20.181713694747   Elapsed: 8.00311s (0m 08s)  6% completed  (6% total)
     Speed:     ev/sec=183342   simsec/sec=0.962228   ev/simsec=190539
     Messages:  created: 990876   present: 872   in FES: 94
20.2 [STOP_CHECK][V14] road=W2C dist=21.5m (lanePos=171.3 laneLen=192.8) stopDist=5.0m speed=2.1m/s
20.2 [STOP_CHECK][V12] road=N2C dist=24.9m (lanePos=167.9 laneLen=192.8) stopDist=5.0m speed=0.2m/s
20.2 [DBG][V11] POS roadId=W2C dist=12.2m speed=0.8m/s onApproach=YES stopped=1 phase=2 leader=0 committed=0 myBatch=-1 curBatch=0
20.2 [DBG][V10] POS roadId=S2C dist=19.5m speed=0.5m/s onApproach=YES stopped=1 phase=2 leader=0 committed=1 myBatch=5 curBatch=0
20.2 [DBG][V9] POS roadId=E2C dist=18.6m speed=0.1m/s onApproach=YES stopped=1 phase=2 leader=0 committed=1 myBatch=8 curBatch=0
20.2 [DBG][V0] POS roadId=W2C dist=4.5m speed=0.0m/s onApproach=YES stopped=1 phase=2 leader=1 committed=1 myBatch=3 curBatch=0
20.2 [DBG][V1] POS roadId=N2C dist=17.7m speed=0.0m/s onApproach=YES stopped=1 phase=2 leader=0 committed=1 myBatch=1 curBatch=0
20.2 [DBG][V2] POS roadId=N2C dist=10.6m speed=0.0m/s onApproach=YES stopped=1 phase=2 leader=0 committed=1 myBatch=6 curBatch=0
20.2 [DBG][V3] POS roadId=N2C dist=3.6m speed=0.0m/s onApproach=YES stopped=1 phase=2 leader=0 committed=1 myBatch=2 curBatch=0
20.2 [DBG][V4] POS roadId=S2C dist=12.0m speed=0.1m/s onApproach=YES stopped=1 phase=2 leader=0 committed=1 myBatch=4 curBatch=0
20.2 [DBG][V5] POS roadId=S2C dist=4.9m speed=0.0m/s onApproach=YES stopped=1 phase=2 leader=0 committed=1 myBatch=3 curBatch=0
20.2 [DBG][V6] POS roadId=E2C dist=11.5m speed=0.0m/s onApproach=YES stopped=1 phase=2 leader=0 committed=1 myBatch=7 curBatch=0
20.2 [DBG][V7] POS roadId=E2C dist=4.5m speed=0.0m/s onApproach=YES stopped=1 phase=2 leader=1 committed=1 myBatch=2 curBatch=0
20.25 [STOP_CHECK][V14] road=W2C dist=21.5m (lanePos=171.3 laneLen=192.8) stopDist=5.0m speed=2.1m/s
20.25 [STOP_CHECK][V12] road=N2C dist=24.9m (lanePos=167.9 laneLen=192.8) stopDist=5.0m speed=0.2m/s
20.3 [STOP_CHECK][V14] road=W2C dist=21.3m (lanePos=171.5 laneLen=192.8) stopDist=5.0m speed=2.0m/s
20.3 [STOP_CHECK][V12] road=N2C dist=24.9m (lanePos=167.9 laneLen=192.8) stopDist=5.0m speed=0.2m/s
20.3 [QUEUE_ADV][V10] dist=19.5m speed=0.5 leader=veh4 gap=0.5m gapOpened=0 (need gap>5.0m) myBatch=5 curBatch=0
20340.0ms Leader 7 SENDING AppendEntries to vehicle 0 (n_entries=2, leader_commit=2)
20340.0ms Leader 7 SENDING AppendEntries to vehicle 1 (n_entries=0, leader_commit=2)
20340.0ms Leader 7 SENDING AppendEntries to vehicle 2 (n_entries=0, leader_commit=2)
20340.0ms Leader 7 SENDING AppendEntries to vehicle 3 (n_entries=0, leader_commit=2)
20340.0ms Leader 7 SENDING AppendEntries to vehicle 4 (n_entries=0, leader_commit=2)
20340.0ms Leader 7 SENDING AppendEntries to vehicle 5 (n_entries=0, leader_commit=2)
20340.0ms Leader 7 SENDING AppendEntries to vehicle 6 (n_entries=0, leader_commit=2)
20340.0ms Leader 7 SENDING AppendEntries to vehicle 8 (n_entries=0, leader_commit=2)
20340.0ms Leader 7 SENDING AppendEntries to vehicle 9 (n_entries=0, leader_commit=2)
20340.0ms Leader 7 SENDING AppendEntries to vehicle 10 (n_entries=0, leader_commit=2)
20349.1ms Vehicle 1 RECEIVED AppendEntries from vehicle 7 (n_entries=0, leader_commit=2)
20.35 [STOP_CHECK][V14] road=W2C dist=21.3m (lanePos=171.5 laneLen=192.8) stopDist=5.0m speed=2.0m/s
20.35 [STOP_CHECK][V12] road=N2C dist=24.9m (lanePos=167.9 laneLen=192.8) stopDist=5.0m speed=0.2m/s
20350.4ms Vehicle 2 RECEIVED AppendEntries from vehicle 7 (n_entries=0, leader_commit=2)
20351.4ms Vehicle 3 RECEIVED AppendEntries from vehicle 7 (n_entries=0, leader_commit=2)
20351.6ms Vehicle 4 RECEIVED AppendEntries from vehicle 7 (n_entries=0, leader_commit=2)
20352.2ms Vehicle 5 RECEIVED AppendEntries from vehicle 7 (n_entries=0, leader_commit=2)
20355.4ms Vehicle 9 RECEIVED AppendEntries from vehicle 7 (n_entries=0, leader_commit=2)
20355.7ms Vehicle 10 RECEIVED AppendEntries from vehicle 7 (n_entries=0, leader_commit=2)
20380.0ms Vehicle 13 sendRequestVote called for node 1
20380.0ms Vehicle 13 sendRequestVote called for node 2
20380.0ms Vehicle 13 sendRequestVote called for node 3
20380.0ms Vehicle 13 sendRequestVote called for node 4
20380.0ms Vehicle 13 sendRequestVote called for node 5
20380.0ms Vehicle 13 sendRequestVote called for node 6
20380.0ms Vehicle 13 sendRequestVote called for node 7
20380.0ms Vehicle 13 sendRequestVote called for node 8
20380.0ms Vehicle 13 sendRequestVote called for node 9
20380.0ms Vehicle 13 sendRequestVote called for node 10
20380.0ms Vehicle 13 sendRequestVote called for node 11
20380.0ms Vehicle 13 sendRequestVote called for node 12
20380.0ms Vehicle 13 sendRequestVote called for node 13
20380.0ms Vehicle 11 sendRequestVote called for node 1
20380.0ms Vehicle 11 sendRequestVote called for node 2
20380.0ms Vehicle 11 sendRequestVote called for node 3
20380.0ms Vehicle 11 sendRequestVote called for node 4
20380.0ms Vehicle 11 sendRequestVote called for node 5
20380.0ms Vehicle 11 sendRequestVote called for node 6
20380.0ms Vehicle 11 sendRequestVote called for node 7
20380.0ms Vehicle 11 sendRequestVote called for node 8
20380.0ms Vehicle 11 sendRequestVote called for node 9
20380.0ms Vehicle 11 sendRequestVote called for node 10
20380.0ms Vehicle 11 sendRequestVote called for node 11
20.4 [STOP_CHECK][V14] road=W2C dist=21.2m (lanePos=171.6 laneLen=192.8) stopDist=5.0m speed=1.9m/s
20.4 [STOP_CHECK][V12] road=N2C dist=24.9m (lanePos=167.9 laneLen=192.8) stopDist=5.0m speed=0.2m/s
20.4 [QUEUE_ADV][V4] dist=12.0m speed=0.1 leader=veh5 gap=0.1m gapOpened=0 (need gap>5.0m) myBatch=4 curBatch=0
20.45 [STOP_CHECK][V14] road=W2C dist=21.2m (lanePos=171.6 laneLen=192.8) stopDist=5.0m speed=1.9m/s
20.45 [STOP_CHECK][V12] road=N2C dist=24.9m (lanePos=167.9 laneLen=192.8) stopDist=5.0m speed=0.2m/s
20.5 [STOP_CHECK][V14] road=W2C dist=21.0m (lanePos=171.8 laneLen=192.8) stopDist=5.0m speed=1.7m/s
20.5 [STOP_CHECK][V12] road=N2C dist=24.8m (lanePos=168.0 laneLen=192.8) stopDist=5.0m speed=0.2m/s
20.5 [QUEUE_ADV][V9] dist=18.6m speed=0.1 leader=veh8 gap=0.1m gapOpened=0 (need gap>5.0m) myBatch=8 curBatch=0
20.5 [QUEUE_ADV][V6] dist=11.5m speed=0.0 leader=veh9 gap=0.0m gapOpened=0 (need gap>5.0m) myBatch=7 curBatch=0
20500.0ms Vehicle 14 sendRequestVote called for node 1
20500.0ms Vehicle 14 sendRequestVote called for node 2
20500.0ms Vehicle 14 sendRequestVote called for node 3
20500.0ms Vehicle 14 sendRequestVote called for node 4
20500.0ms Vehicle 14 sendRequestVote called for node 5
20500.0ms Vehicle 14 sendRequestVote called for node 6
20500.0ms Vehicle 14 sendRequestVote called for node 7
20500.0ms Vehicle 14 sendRequestVote called for node 8
20500.0ms Vehicle 14 sendRequestVote called for node 9
20500.0ms Vehicle 14 sendRequestVote called for node 10
20500.0ms Vehicle 14 sendRequestVote called for node 11
20500.0ms Vehicle 14 sendRequestVote called for node 12
20500.0ms Vehicle 14 sendRequestVote called for node 13
20500.0ms Vehicle 14 sendRequestVote called for node 14
20540.0ms Leader 7 SENDING AppendEntries to vehicle 0 (n_entries=2, leader_commit=2)
20540.0ms Leader 7 SENDING AppendEntries to vehicle 1 (n_entries=0, leader_commit=2)
20540.0ms Leader 7 SENDING AppendEntries to vehicle 2 (n_entries=0, leader_commit=2)
20540.0ms Leader 7 SENDING AppendEntries to vehicle 3 (n_entries=0, leader_commit=2)
20540.0ms Leader 7 SENDING AppendEntries to vehicle 4 (n_entries=0, leader_commit=2)
20540.0ms Leader 7 SENDING AppendEntries to vehicle 5 (n_entries=0, leader_commit=2)
20540.0ms Leader 7 SENDING AppendEntries to vehicle 6 (n_entries=0, leader_commit=2)
20540.0ms Leader 7 SENDING AppendEntries to vehicle 8 (n_entries=0, leader_commit=2)
20540.0ms Leader 7 SENDING AppendEntries to vehicle 9 (n_entries=0, leader_commit=2)
20540.0ms Leader 7 SENDING AppendEntries to vehicle 10 (n_entries=0, leader_commit=2)
20545.2ms Vehicle 0 RECEIVED AppendEntries from vehicle 7 (n_entries=2, leader_commit=2)
20546.1ms Vehicle 1 RECEIVED AppendEntries from vehicle 7 (n_entries=0, leader_commit=2)
20548.7ms Vehicle 2 RECEIVED AppendEntries from vehicle 7 (n_entries=0, leader_commit=2)
20.55 [STOP_CHECK][V14] road=W2C dist=21.0m (lanePos=171.8 laneLen=192.8) stopDist=5.0m speed=1.7m/s
20.55 [STOP_CHECK][V12] road=N2C dist=24.8m (lanePos=168.0 laneLen=192.8) stopDist=5.0m speed=0.2m/s
20550.2ms Vehicle 4 RECEIVED AppendEntries from vehicle 7 (n_entries=0, leader_commit=2)
20551.3ms Vehicle 5 RECEIVED AppendEntries from vehicle 7 (n_entries=0, leader_commit=2)
20552.9ms Vehicle 6 RECEIVED AppendEntries from vehicle 7 (n_entries=0, leader_commit=2)
20554.1ms Vehicle 9 RECEIVED AppendEntries from vehicle 7 (n_entries=0, leader_commit=2)
20.6 [STOP_CHECK][V14] road=W2C dist=20.8m (lanePos=172.0 laneLen=192.8) stopDist=5.0m speed=1.7m/s
20.6 [DBG][V12] POS roadId=N2C dist=24.8m speed=0.2m/s onApproach=YES stopped=0 phase=2 leader=0 committed=0 myBatch=-1 curBatch=0
20.6 [STOP_CHECK][V12] road=N2C dist=24.8m (lanePos=168.0 laneLen=192.8) stopDist=5.0m speed=0.2m/s
20.65 [STOP_CHECK][V14] road=W2C dist=20.8m (lanePos=172.0 laneLen=192.8) stopDist=5.0m speed=1.7m/s
20.65 [STOP_CHECK][V12] road=N2C dist=24.8m (lanePos=168.0 laneLen=192.8) stopDist=5.0m speed=0.2m/s
20.65 [QUEUE_ADV][V1] dist=17.7m speed=0.0 leader=veh13 gap=0.0m gapOpened=0 (need gap>5.0m) myBatch=1 curBatch=0
20.7 [STOP_CHECK][V14] road=W2C dist=20.7m (lanePos=172.1 laneLen=192.8) stopDist=5.0m speed=1.6m/s
20.7 [STOP_CHECK][V12] road=N2C dist=24.8m (lanePos=168.0 laneLen=192.8) stopDist=5.0m speed=0.2m/s
20.7 [QUEUE_ADV][V11] dist=11.9m speed=0.5 leader=veh0 gap=0.5m gapOpened=0 (need gap>5.0m) myBatch=-1 curBatch=0
20.7 [QUEUE_ADV][V2] dist=10.6m speed=0.0 leader=veh14 gap=0.0m gapOpened=0 (need gap>5.0m) myBatch=6 curBatch=0
20740.0ms Leader 7 SENDING AppendEntries to vehicle 0 (n_entries=2, leader_commit=2)
20740.0ms Leader 7 SENDING AppendEntries to vehicle 1 (n_entries=0, leader_commit=2)
20740.0ms Leader 7 SENDING AppendEntries to vehicle 2 (n_entries=0, leader_commit=2)
20740.0ms Leader 7 SENDING AppendEntries to vehicle 3 (n_entries=0, leader_commit=2)
20740.0ms Leader 7 SENDING AppendEntries to vehicle 4 (n_entries=0, leader_commit=2)
20740.0ms Leader 7 SENDING AppendEntries to vehicle 5 (n_entries=0, leader_commit=2)
20740.0ms Leader 7 SENDING AppendEntries to vehicle 6 (n_entries=0, leader_commit=2)
20740.0ms Leader 7 SENDING AppendEntries to vehicle 8 (n_entries=0, leader_commit=2)
20740.0ms Leader 7 SENDING AppendEntries to vehicle 9 (n_entries=0, leader_commit=2)
20740.0ms Leader 7 SENDING AppendEntries to vehicle 10 (n_entries=0, leader_commit=2)
20748.8ms Vehicle 2 RECEIVED AppendEntries from vehicle 7 (n_entries=0, leader_commit=2)
20749.0ms Vehicle 3 RECEIVED AppendEntries from vehicle 7 (n_entries=0, leader_commit=2)
20.75 [STOP_CHECK][V14] road=W2C dist=20.7m (lanePos=172.1 laneLen=192.8) stopDist=5.0m speed=1.6m/s
20.75 [STOP_CHECK][V12] road=N2C dist=24.8m (lanePos=168.0 laneLen=192.8) stopDist=5.0m speed=0.2m/s
20752.9ms Vehicle 6 RECEIVED AppendEntries from vehicle 7 (n_entries=0, leader_commit=2)
20754.6ms Vehicle 9 RECEIVED AppendEntries from vehicle 7 (n_entries=0, leader_commit=2)
20755.3ms Vehicle 10 RECEIVED AppendEntries from vehicle 7 (n_entries=0, leader_commit=2)
20.8 [STOP_CHECK][V14] road=W2C dist=20.5m (lanePos=172.3 laneLen=192.8) stopDist=5.0m speed=1.5m/s
20.8 [STOP_CHECK][V12] road=N2C dist=24.8m (lanePos=168.0 laneLen=192.8) stopDist=5.0m speed=0.1m/s
20.85 [STOP_CHECK][V14] road=W2C dist=20.5m (lanePos=172.3 laneLen=192.8) stopDist=5.0m speed=1.5m/s
20.85 [STOP_CHECK][V12] road=N2C dist=24.8m (lanePos=168.0 laneLen=192.8) stopDist=5.0m speed=0.1m/s
20.9 [STOP_CHECK][V14] road=W2C dist=20.4m (lanePos=172.4 laneLen=192.8) stopDist=5.0m speed=1.4m/s
20.9 [DBG][V13] POS roadId=E2C dist=25.8m speed=0.3m/s onApproach=YES stopped=0 phase=2 leader=0 committed=0 myBatch=-1 curBatch=0
20.9 [STOP_CHECK][V12] road=N2C dist=24.8m (lanePos=168.0 laneLen=192.8) stopDist=5.0m speed=0.1m/s
20940.0ms Leader 7 SENDING AppendEntries to vehicle 0 (n_entries=2, leader_commit=2)
20940.0ms Leader 7 SENDING AppendEntries to vehicle 1 (n_entries=0, leader_commit=2)
20940.0ms Leader 7 SENDING AppendEntries to vehicle 2 (n_entries=0, leader_commit=2)
20940.0ms Leader 7 SENDING AppendEntries to vehicle 3 (n_entries=0, leader_commit=2)
20940.0ms Leader 7 SENDING AppendEntries to vehicle 4 (n_entries=0, leader_commit=2)
20940.0ms Leader 7 SENDING AppendEntries to vehicle 5 (n_entries=0, leader_commit=2)
20940.0ms Leader 7 SENDING AppendEntries to vehicle 6 (n_entries=0, leader_commit=2)
20940.0ms Leader 7 SENDING AppendEntries to vehicle 8 (n_entries=0, leader_commit=2)
20940.0ms Leader 7 SENDING AppendEntries to vehicle 9 (n_entries=0, leader_commit=2)
20940.0ms Leader 7 SENDING AppendEntries to vehicle 10 (n_entries=0, leader_commit=2)
20946.4ms Vehicle 0 RECEIVED AppendEntries from vehicle 7 (n_entries=2, leader_commit=2)
20947.0ms Vehicle 1 RECEIVED AppendEntries from vehicle 7 (n_entries=0, leader_commit=2)
20947.3ms Vehicle 2 RECEIVED AppendEntries from vehicle 7 (n_entries=0, leader_commit=2)
20947.6ms Vehicle 3 RECEIVED AppendEntries from vehicle 7 (n_entries=0, leader_commit=2)
20949.4ms Vehicle 4 RECEIVED AppendEntries from vehicle 7 (n_entries=0, leader_commit=2)
20.95 [STOP_CHECK][V14] road=W2C dist=20.4m (lanePos=172.4 laneLen=192.8) stopDist=5.0m speed=1.4m/s
20.95 [STOP_CHECK][V12] road=N2C dist=24.8m (lanePos=168.0 laneLen=192.8) stopDist=5.0m speed=0.1m/s
20950.2ms Vehicle 5 RECEIVED AppendEntries from vehicle 7 (n_entries=0, leader_commit=2)
20952.8ms Vehicle 6 RECEIVED AppendEntries from vehicle 7 (n_entries=0, leader_commit=2)
20954.0ms Vehicle 9 RECEIVED AppendEntries from vehicle 7 (n_entries=0, leader_commit=2)
20955.6ms Vehicle 10 RECEIVED AppendEntries from vehicle 7 (n_entries=0, leader_commit=2)
21 [STOP_CHECK][V14] road=W2C dist=20.2m (lanePos=172.6 laneLen=192.8) stopDist=5.0m speed=1.4m/s
21 [STOP_CHECK][V12] road=N2C dist=24.8m (lanePos=168.0 laneLen=192.8) stopDist=5.0m speed=0.1m/s
21.05 [STOP_CHECK][V14] road=W2C dist=20.2m (lanePos=172.6 laneLen=192.8) stopDist=5.0m speed=1.4m/s
21.05 [STOP_CHECK][V12] road=N2C dist=24.8m (lanePos=168.0 laneLen=192.8) stopDist=5.0m speed=0.1m/s
21.1 [STOP_CHECK][V14] road=W2C dist=20.1m (lanePos=172.7 laneLen=192.8) stopDist=5.0m speed=1.3m/s
21.1 [STOP_CHECK][V12] road=N2C dist=24.8m (lanePos=168.0 laneLen=192.8) stopDist=5.0m speed=0.1m/s
21140.0ms Leader 7 SENDING AppendEntries to vehicle 0 (n_entries=2, leader_commit=2)
21140.0ms Leader 7 SENDING AppendEntries to vehicle 1 (n_entries=0, leader_commit=2)
21140.0ms Leader 7 SENDING AppendEntries to vehicle 2 (n_entries=0, leader_commit=2)
21140.0ms Leader 7 SENDING AppendEntries to vehicle 3 (n_entries=0, leader_commit=2)
21140.0ms Leader 7 SENDING AppendEntries to vehicle 4 (n_entries=0, leader_commit=2)
21140.0ms Leader 7 SENDING AppendEntries to vehicle 5 (n_entries=0, leader_commit=2)
21140.0ms Leader 7 SENDING AppendEntries to vehicle 6 (n_entries=0, leader_commit=2)
21140.0ms Leader 7 SENDING AppendEntries to vehicle 8 (n_entries=0, leader_commit=2)
21140.0ms Leader 7 SENDING AppendEntries to vehicle 9 (n_entries=0, leader_commit=2)
21140.0ms Leader 7 SENDING AppendEntries to vehicle 10 (n_entries=0, leader_commit=2)
21148.6ms Vehicle 1 RECEIVED AppendEntries from vehicle 7 (n_entries=0, leader_commit=2)
21148.9ms Vehicle 2 RECEIVED AppendEntries from vehicle 7 (n_entries=0, leader_commit=2)
21149.9ms Vehicle 4 RECEIVED AppendEntries from vehicle 7 (n_entries=0, leader_commit=2)
21.15 [STOP_CHECK][V14] road=W2C dist=20.1m (lanePos=172.7 laneLen=192.8) stopDist=5.0m speed=1.3m/s
21.15 [STOP_CHECK][V12] road=N2C dist=24.8m (lanePos=168.0 laneLen=192.8) stopDist=5.0m speed=0.1m/s
21151.1ms Vehicle 5 RECEIVED AppendEntries from vehicle 7 (n_entries=0, leader_commit=2)
21152.3ms Vehicle 6 RECEIVED AppendEntries from vehicle 7 (n_entries=0, leader_commit=2)
21156.4ms Vehicle 9 RECEIVED AppendEntries from vehicle 7 (n_entries=0, leader_commit=2)
21156.8ms Vehicle 10 RECEIVED AppendEntries from vehicle 7 (n_entries=0, leader_commit=2)
21180.0ms Vehicle 11 sendRequestVote called for node 1
21180.0ms Vehicle 11 sendRequestVote called for node 2
21180.0ms Vehicle 11 sendRequestVote called for node 3
21180.0ms Vehicle 11 sendRequestVote called for node 4
21180.0ms Vehicle 11 sendRequestVote called for node 5
21180.0ms Vehicle 11 sendRequestVote called for node 6
21180.0ms Vehicle 11 sendRequestVote called for node 7
21180.0ms Vehicle 11 sendRequestVote called for node 8
21180.0ms Vehicle 11 sendRequestVote called for node 9
21180.0ms Vehicle 11 sendRequestVote called for node 10
21180.0ms Vehicle 11 sendRequestVote called for node 11
21.2 [STOP_CHECK][V14] road=W2C dist=20.0m (lanePos=172.8 laneLen=192.8) stopDist=5.0m speed=1.2m/s
21.2 [DBG][V14] WOS_CALC laneIdx=0 wos=0 traciLeader=veh2 gap=1.2
21.2 [STOP_CHECK][V14] QUEUED (no hard stop) dist=20.0m speed=1.2m/s road=W2C wos=0 frontVeh=-1 isLeader=0
21200.0ms Vehicle 14 QUEUED at dist=20.0m speed=1.2m/s
21.2 [STOP_CHECK][V12] road=N2C dist=24.7m (lanePos=168.1 laneLen=192.8) stopDist=5.0m speed=0.1m/s
21.25 [STOP_CHECK][V12] road=N2C dist=24.7m (lanePos=168.1 laneLen=192.8) stopDist=5.0m speed=0.1m/s
21.3 [STOP_CHECK][V12] road=N2C dist=24.7m (lanePos=168.1 laneLen=192.8) stopDist=5.0m speed=0.1m/s
21340.0ms Leader 7 SENDING AppendEntries to vehicle 0 (n_entries=2, leader_commit=2)
21340.0ms Leader 7 SENDING AppendEntries to vehicle 1 (n_entries=0, leader_commit=2)
21340.0ms Leader 7 SENDING AppendEntries to vehicle 2 (n_entries=0, leader_commit=2)
21340.0ms Leader 7 SENDING AppendEntries to vehicle 3 (n_entries=0, leader_commit=2)
21340.0ms Leader 7 SENDING AppendEntries to vehicle 4 (n_entries=0, leader_commit=2)
21340.0ms Leader 7 SENDING AppendEntries to vehicle 5 (n_entries=0, leader_commit=2)
21340.0ms Leader 7 SENDING AppendEntries to vehicle 6 (n_entries=0, leader_commit=2)
21340.0ms Leader 7 SENDING AppendEntries to vehicle 8 (n_entries=0, leader_commit=2)
21340.0ms Leader 7 SENDING AppendEntries to vehicle 9 (n_entries=0, leader_commit=2)
21340.0ms Leader 7 SENDING AppendEntries to vehicle 10 (n_entries=0, leader_commit=2)
21346.8ms Vehicle 1 RECEIVED AppendEntries from vehicle 7 (n_entries=0, leader_commit=2)
21347.4ms Vehicle 2 RECEIVED AppendEntries from vehicle 7 (n_entries=0, leader_commit=2)
21347.7ms Vehicle 3 RECEIVED AppendEntries from vehicle 7 (n_entries=0, leader_commit=2)
21347.9ms Vehicle 4 RECEIVED AppendEntries from vehicle 7 (n_entries=0, leader_commit=2)
21349.6ms Vehicle 5 RECEIVED AppendEntries from vehicle 7 (n_entries=0, leader_commit=2)
21.35 [STOP_CHECK][V12] road=N2C dist=24.7m (lanePos=168.1 laneLen=192.8) stopDist=5.0m speed=0.1m/s
21.35 [QUEUE_ADV][V10] dist=19.1m speed=0.2 leader=veh4 gap=0.2m gapOpened=0 (need gap>5.0m) myBatch=5 curBatch=0
21351.6ms Vehicle 6 RECEIVED AppendEntries from vehicle 7 (n_entries=0, leader_commit=2)
21352.7ms Vehicle 9 RECEIVED AppendEntries from vehicle 7 (n_entries=0, leader_commit=2)
21.4 [STOP_CHECK][V12] road=N2C dist=24.7m (lanePos=168.1 laneLen=192.8) stopDist=5.0m speed=0.1m/s
21.45 [STOP_CHECK][V12] road=N2C dist=24.7m (lanePos=168.1 laneLen=192.8) stopDist=5.0m speed=0.1m/s
21.45 [QUEUE_ADV][V4] dist=11.9m speed=0.0 leader=veh5 gap=0.0m gapOpened=0 (need gap>5.0m) myBatch=4 curBatch=0
21.5 [STOP_CHECK][V12] road=N2C dist=24.7m (lanePos=168.1 laneLen=192.8) stopDist=5.0m speed=0.1m/s
21540.0ms Vehicle 14 sendRequestVote called for node 1
21540.0ms Vehicle 14 sendRequestVote called for node 2
21540.0ms Vehicle 14 sendRequestVote called for node 3
21540.0ms Vehicle 14 sendRequestVote called for node 4
21540.0ms Vehicle 14 sendRequestVote called for node 5
21540.0ms Vehicle 14 sendRequestVote called for node 6
21540.0ms Vehicle 14 sendRequestVote called for node 7
21540.0ms Vehicle 14 sendRequestVote called for node 8
21540.0ms Vehicle 14 sendRequestVote called for node 9
21540.0ms Vehicle 14 sendRequestVote called for node 10
21540.0ms Vehicle 14 sendRequestVote called for node 11
21540.0ms Vehicle 14 sendRequestVote called for node 12
21540.0ms Vehicle 14 sendRequestVote called for node 13
21540.0ms Vehicle 14 sendRequestVote called for node 14
21540.0ms Leader 7 SENDING AppendEntries to vehicle 0 (n_entries=2, leader_commit=2)
21540.0ms Leader 7 SENDING AppendEntries to vehicle 1 (n_entries=0, leader_commit=2)
21540.0ms Leader 7 SENDING AppendEntries to vehicle 2 (n_entries=0, leader_commit=2)
21540.0ms Leader 7 SENDING AppendEntries to vehicle 3 (n_entries=0, leader_commit=2)
21540.0ms Leader 7 SENDING AppendEntries to vehicle 4 (n_entries=0, leader_commit=2)
21540.0ms Leader 7 SENDING AppendEntries to vehicle 5 (n_entries=0, leader_commit=2)
21540.0ms Leader 7 SENDING AppendEntries to vehicle 6 (n_entries=0, leader_commit=2)
21540.0ms Leader 7 SENDING AppendEntries to vehicle 8 (n_entries=0, leader_commit=2)
21540.0ms Leader 7 SENDING AppendEntries to vehicle 9 (n_entries=0, leader_commit=2)
21540.0ms Leader 7 SENDING AppendEntries to vehicle 10 (n_entries=0, leader_commit=2)
21547.9ms Vehicle 1 RECEIVED AppendEntries from vehicle 7 (n_entries=0, leader_commit=2)
21548.5ms Vehicle 2 RECEIVED AppendEntries from vehicle 7 (n_entries=0, leader_commit=2)
21.55 [STOP_CHECK][V12] road=N2C dist=24.7m (lanePos=168.1 laneLen=192.8) stopDist=5.0m speed=0.1m/s
21.55 [QUEUE_ADV][V9] dist=18.5m speed=0.0 leader=veh8 gap=0.0m gapOpened=0 (need gap>5.0m) myBatch=8 curBatch=0
21.55 [QUEUE_ADV][V6] dist=11.5m speed=0.0 leader=veh9 gap=0.0m gapOpened=0 (need gap>5.0m) myBatch=7 curBatch=0
21550.1ms Vehicle 3 RECEIVED AppendEntries from vehicle 7 (n_entries=0, leader_commit=2)
21550.4ms Vehicle 4 RECEIVED AppendEntries from vehicle 7 (n_entries=0, leader_commit=2)
21550.9ms Vehicle 5 RECEIVED AppendEntries from vehicle 7 (n_entries=0, leader_commit=2)
21551.8ms Vehicle 6 RECEIVED AppendEntries from vehicle 7 (n_entries=0, leader_commit=2)
21553.9ms Vehicle 9 RECEIVED AppendEntries from vehicle 7 (n_entries=0, leader_commit=2)
21554.9ms Vehicle 10 RECEIVED AppendEntries from vehicle 7 (n_entries=0, leader_commit=2)
21580.0ms Vehicle 16 sendRequestVote called for node 1
21580.0ms Vehicle 16 sendRequestVote called for node 2
21580.0ms Vehicle 16 sendRequestVote called for node 3
21580.0ms Vehicle 16 sendRequestVote called for node 4
21580.0ms Vehicle 16 sendRequestVote called for node 5
21580.0ms Vehicle 16 sendRequestVote called for node 6
21580.0ms Vehicle 16 sendRequestVote called for node 7
21580.0ms Vehicle 16 sendRequestVote called for node 8
21580.0ms Vehicle 16 sendRequestVote called for node 9
21580.0ms Vehicle 16 sendRequestVote called for node 10
21580.0ms Vehicle 16 sendRequestVote called for node 11
21580.0ms Vehicle 16 sendRequestVote called for node 12
21580.0ms Vehicle 16 sendRequestVote called for node 13
21580.0ms Vehicle 16 sendRequestVote called for node 14
21580.0ms Vehicle 16 sendRequestVote called for node 15
21580.0ms Vehicle 16 sendRequestVote called for node 16
21.6 [STOP_CHECK][V12] road=N2C dist=24.7m (lanePos=168.1 laneLen=192.8) stopDist=5.0m speed=0.1m/s
21.65 [STOP_CHECK][V12] road=N2C dist=24.7m (lanePos=168.1 laneLen=192.8) stopDist=5.0m speed=0.1m/s
21.7 [DBG][V16] POS roadId=C2E dist=71.4m speed=22.9m/s onApproach=NO stopped=0 phase=2 leader=0 committed=0 myBatch=-1 curBatch=0
21.7 [STOP_CHECK][V12] road=N2C dist=24.7m (lanePos=168.1 laneLen=192.8) stopDist=5.0m speed=0.1m/s
21.7 [QUEUE_ADV][V1] dist=17.6m speed=0.0 leader=veh13 gap=0.0m gapOpened=0 (need gap>5.0m) myBatch=1 curBatch=0
21740.0ms Leader 7 SENDING AppendEntries to vehicle 0 (n_entries=2, leader_commit=2)
21740.0ms Leader 7 SENDING AppendEntries to vehicle 1 (n_entries=0, leader_commit=2)
21740.0ms Leader 7 SENDING AppendEntries to vehicle 2 (n_entries=0, leader_commit=2)
21740.0ms Leader 7 SENDING AppendEntries to vehicle 3 (n_entries=0, leader_commit=2)
21740.0ms Leader 7 SENDING AppendEntries to vehicle 4 (n_entries=0, leader_commit=2)
21740.0ms Leader 7 SENDING AppendEntries to vehicle 5 (n_entries=0, leader_commit=2)
21740.0ms Leader 7 SENDING AppendEntries to vehicle 6 (n_entries=0, leader_commit=2)
21740.0ms Leader 7 SENDING AppendEntries to vehicle 8 (n_entries=0, leader_commit=2)
21740.0ms Leader 7 SENDING AppendEntries to vehicle 9 (n_entries=0, leader_commit=2)
21740.0ms Leader 7 SENDING AppendEntries to vehicle 10 (n_entries=0, leader_commit=2)
21745.9ms Vehicle 0 RECEIVED AppendEntries from vehicle 7 (n_entries=2, leader_commit=2)
21746.5ms Vehicle 1 RECEIVED AppendEntries from vehicle 7 (n_entries=0, leader_commit=2)
21747.5ms Vehicle 2 RECEIVED AppendEntries from vehicle 7 (n_entries=0, leader_commit=2)
21.75 [STOP_CHECK][V12] road=N2C dist=24.7m (lanePos=168.1 laneLen=192.8) stopDist=5.0m speed=0.1m/s
21.75 [QUEUE_ADV][V11] dist=11.6m speed=0.2 leader=veh0 gap=0.2m gapOpened=0 (need gap>5.0m) myBatch=-1 curBatch=0
21.75 [QUEUE_ADV][V2] dist=10.6m speed=0.0 leader=veh14 gap=0.0m gapOpened=0 (need gap>5.0m) myBatch=6 curBatch=0
21750.1ms Vehicle 3 RECEIVED AppendEntries from vehicle 7 (n_entries=0, leader_commit=2)
21750.4ms Vehicle 4 RECEIVED AppendEntries from vehicle 7 (n_entries=0, leader_commit=2)
21752.6ms Vehicle 6 RECEIVED AppendEntries from vehicle 7 (n_entries=0, leader_commit=2)
21754.5ms Vehicle 9 RECEIVED AppendEntries from vehicle 7 (n_entries=0, leader_commit=2)
21754.8ms Vehicle 10 RECEIVED AppendEntries from vehicle 7 (n_entries=0, leader_commit=2)
21.8 [DBG][V14] POS roadId=W2C dist=19.4m speed=0.8m/s onApproach=YES stopped=1 phase=2 leader=0 committed=0 myBatch=-1 curBatch=0
21.8 [STOP_CHECK][V12] road=N2C dist=24.7m (lanePos=168.1 laneLen=192.8) stopDist=5.0m speed=0.1m/s
21.85 [STOP_CHECK][V12] road=N2C dist=24.7m (lanePos=168.1 laneLen=192.8) stopDist=5.0m speed=0.1m/s
** Event #1606912   t=21.850657341923   Elapsed: 10.01s (0m 10s)  7% completed  (7% total)
     Speed:     ev/sec=185982   simsec/sec=0.831601   ev/simsec=223643
     Messages:  created: 1293937   present: 920   in FES: 85
21880.0ms Vehicle 15 sendRequestVote called for node 1
21880.0ms Vehicle 15 sendRequestVote called for node 2
21880.0ms Vehicle 15 sendRequestVote called for node 3
21880.0ms Vehicle 15 sendRequestVote called for node 4
21880.0ms Vehicle 15 sendRequestVote called for node 5
21880.0ms Vehicle 15 sendRequestVote called for node 6
21880.0ms Vehicle 15 sendRequestVote called for node 7
21880.0ms Vehicle 15 sendRequestVote called for node 8
21880.0ms Vehicle 15 sendRequestVote called for node 9
21880.0ms Vehicle 15 sendRequestVote called for node 10
21880.0ms Vehicle 15 sendRequestVote called for node 11
21880.0ms Vehicle 15 sendRequestVote called for node 12
21880.0ms Vehicle 15 sendRequestVote called for node 13
21880.0ms Vehicle 15 sendRequestVote called for node 14
21880.0ms Vehicle 15 sendRequestVote called for node 15
21.9 [STOP_CHECK][V12] road=N2C dist=24.7m (lanePos=168.1 laneLen=192.8) stopDist=5.0m speed=0.1m/s
21920.0ms Vehicle 11 sendRequestVote called for node 1
21920.0ms Vehicle 11 sendRequestVote called for node 2
21920.0ms Vehicle 11 sendRequestVote called for node 3
21920.0ms Vehicle 11 sendRequestVote called for node 4
21920.0ms Vehicle 11 sendRequestVote called for node 5
21920.0ms Vehicle 11 sendRequestVote called for node 6
21920.0ms Vehicle 11 sendRequestVote called for node 7
21920.0ms Vehicle 11 sendRequestVote called for node 8
21920.0ms Vehicle 11 sendRequestVote called for node 9
21920.0ms Vehicle 11 sendRequestVote called for node 10
21920.0ms Vehicle 11 sendRequestVote called for node 11
21940.0ms Leader 7 SENDING AppendEntries to vehicle 0 (n_entries=2, leader_commit=2)
21940.0ms Leader 7 SENDING AppendEntries to vehicle 1 (n_entries=0, leader_commit=2)
21940.0ms Leader 7 SENDING AppendEntries to vehicle 2 (n_entries=0, leader_commit=2)
21940.0ms Leader 7 SENDING AppendEntries to vehicle 3 (n_entries=0, leader_commit=2)
21940.0ms Leader 7 SENDING AppendEntries to vehicle 4 (n_entries=0, leader_commit=2)
21940.0ms Leader 7 SENDING AppendEntries to vehicle 5 (n_entries=0, leader_commit=2)
21940.0ms Leader 7 SENDING AppendEntries to vehicle 6 (n_entries=0, leader_commit=2)
21940.0ms Leader 7 SENDING AppendEntries to vehicle 8 (n_entries=0, leader_commit=2)
21940.0ms Leader 7 SENDING AppendEntries to vehicle 9 (n_entries=0, leader_commit=2)
21940.0ms Leader 7 SENDING AppendEntries to vehicle 10 (n_entries=0, leader_commit=2)
21947.7ms Vehicle 0 RECEIVED AppendEntries from vehicle 7 (n_entries=2, leader_commit=2)
21949.6ms Vehicle 2 RECEIVED AppendEntries from vehicle 7 (n_entries=0, leader_commit=2)
21.95 [STOP_CHECK][V12] road=N2C dist=24.7m (lanePos=168.1 laneLen=192.8) stopDist=5.0m speed=0.1m/s
21951.7ms Vehicle 3 RECEIVED AppendEntries from vehicle 7 (n_entries=0, leader_commit=2)
21951.9ms Vehicle 4 RECEIVED AppendEntries from vehicle 7 (n_entries=0, leader_commit=2)
21952.8ms Vehicle 5 RECEIVED AppendEntries from vehicle 7 (n_entries=0, leader_commit=2)
21953.4ms Vehicle 6 RECEIVED AppendEntries from vehicle 7 (n_entries=0, leader_commit=2)
21954.7ms Vehicle 9 RECEIVED AppendEntries from vehicle 7 (n_entries=0, leader_commit=2)
21955.3ms Vehicle 10 RECEIVED AppendEntries from vehicle 7 (n_entries=0, leader_commit=2)
22 [DBG][V15] POS roadId=S2C dist=26.6m speed=0.5m/s onApproach=YES stopped=0 phase=2 leader=0 committed=0 myBatch=-1 curBatch=0
22 [STOP_CHECK][V12] road=N2C dist=24.7m (lanePos=168.1 laneLen=192.8) stopDist=5.0m speed=0.1m/s
22.05 [STOP_CHECK][V12] road=N2C dist=24.7m (lanePos=168.1 laneLen=192.8) stopDist=5.0m speed=0.1m/s
22.1 [STOP_CHECK][V12] road=N2C dist=24.7m (lanePos=168.1 laneLen=192.8) stopDist=5.0m speed=0.0m/s
22140.0ms Leader 7 SENDING AppendEntries to vehicle 0 (n_entries=2, leader_commit=2)
22140.0ms Leader 7 SENDING AppendEntries to vehicle 1 (n_entries=0, leader_commit=2)
22140.0ms Leader 7 SENDING AppendEntries to vehicle 2 (n_entries=0, leader_commit=2)
22140.0ms Leader 7 SENDING AppendEntries to vehicle 3 (n_entries=0, leader_commit=2)
22140.0ms Leader 7 SENDING AppendEntries to vehicle 4 (n_entries=0, leader_commit=2)
22140.0ms Leader 7 SENDING AppendEntries to vehicle 5 (n_entries=0, leader_commit=2)
22140.0ms Leader 7 SENDING AppendEntries to vehicle 6 (n_entries=0, leader_commit=2)
22140.0ms Leader 7 SENDING AppendEntries to vehicle 8 (n_entries=0, leader_commit=2)
22140.0ms Leader 7 SENDING AppendEntries to vehicle 9 (n_entries=0, leader_commit=2)
22140.0ms Leader 7 SENDING AppendEntries to vehicle 10 (n_entries=0, leader_commit=2)
22146.5ms Vehicle 1 RECEIVED AppendEntries from vehicle 7 (n_entries=0, leader_commit=2)
22147.0ms Vehicle 2 RECEIVED AppendEntries from vehicle 7 (n_entries=0, leader_commit=2)
22147.8ms Vehicle 3 RECEIVED AppendEntries from vehicle 7 (n_entries=0, leader_commit=2)
22149.0ms Vehicle 4 RECEIVED AppendEntries from vehicle 7 (n_entries=0, leader_commit=2)
22.15 [STOP_CHECK][V12] road=N2C dist=24.7m (lanePos=168.1 laneLen=192.8) stopDist=5.0m speed=0.0m/s
22150.0ms Vehicle 5 RECEIVED AppendEntries from vehicle 7 (n_entries=0, leader_commit=2)
22150.3ms Vehicle 6 RECEIVED AppendEntries from vehicle 7 (n_entries=0, leader_commit=2)
22155.3ms Vehicle 10 RECEIVED AppendEntries from vehicle 7 (n_entries=0, leader_commit=2)
22.2 [STOP_CHECK][V12] road=N2C dist=24.7m (lanePos=168.1 laneLen=192.8) stopDist=5.0m speed=0.0m/s
22.25 [STOP_CHECK][V12] road=N2C dist=24.7m (lanePos=168.1 laneLen=192.8) stopDist=5.0m speed=0.0m/s
22.3 [STOP_CHECK][V12] road=N2C dist=24.7m (lanePos=168.1 laneLen=192.8) stopDist=5.0m speed=0.0m/s
22340.0ms Leader 7 SENDING AppendEntries to vehicle 0 (n_entries=2, leader_commit=2)
22340.0ms Leader 7 SENDING AppendEntries to vehicle 1 (n_entries=0, leader_commit=2)
22340.0ms Leader 7 SENDING AppendEntries to vehicle 2 (n_entries=0, leader_commit=2)
22340.0ms Leader 7 SENDING AppendEntries to vehicle 3 (n_entries=0, leader_commit=2)
22340.0ms Leader 7 SENDING AppendEntries to vehicle 4 (n_entries=0, leader_commit=2)
22340.0ms Leader 7 SENDING AppendEntries to vehicle 5 (n_entries=0, leader_commit=2)
22340.0ms Leader 7 SENDING AppendEntries to vehicle 6 (n_entries=0, leader_commit=2)
22340.0ms Leader 7 SENDING AppendEntries to vehicle 8 (n_entries=0, leader_commit=2)
22340.0ms Leader 7 SENDING AppendEntries to vehicle 9 (n_entries=0, leader_commit=2)
22340.0ms Leader 7 SENDING AppendEntries to vehicle 10 (n_entries=0, leader_commit=2)
22349.0ms Vehicle 1 RECEIVED AppendEntries from vehicle 7 (n_entries=0, leader_commit=2)
22349.3ms Vehicle 2 RECEIVED AppendEntries from vehicle 7 (n_entries=0, leader_commit=2)
22.35 [STOP_CHECK][V12] road=N2C dist=24.7m (lanePos=168.1 laneLen=192.8) stopDist=5.0m speed=0.0m/s
22351.0ms Vehicle 3 RECEIVED AppendEntries from vehicle 7 (n_entries=0, leader_commit=2)
22351.7ms Vehicle 4 RECEIVED AppendEntries from vehicle 7 (n_entries=0, leader_commit=2)
22353.0ms Vehicle 6 RECEIVED AppendEntries from vehicle 7 (n_entries=0, leader_commit=2)
22354.6ms Vehicle 9 RECEIVED AppendEntries from vehicle 7 (n_entries=0, leader_commit=2)
22355.4ms Vehicle 10 RECEIVED AppendEntries from vehicle 7 (n_entries=0, leader_commit=2)
22.4 [QUEUE_ADV][V14] dist=19.0m speed=0.5 leader=veh2 gap=0.5m gapOpened=0 (need gap>5.0m) myBatch=-1 curBatch=0
22.4 [STOP_CHECK][V12] road=N2C dist=24.7m (lanePos=168.1 laneLen=192.8) stopDist=5.0m speed=0.0m/s
22.4 [QUEUE_ADV][V10] dist=19.0m speed=0.1 leader=veh4 gap=0.1m gapOpened=0 (need gap>5.0m) myBatch=5 curBatch=0
22400.0ms Vehicle 13 sendRequestVote called for node 1
22400.0ms Vehicle 13 sendRequestVote called for node 2
22400.0ms Vehicle 13 sendRequestVote called for node 3
22400.0ms Vehicle 13 sendRequestVote called for node 4
22400.0ms Vehicle 13 sendRequestVote called for node 5
22400.0ms Vehicle 13 sendRequestVote called for node 6
22400.0ms Vehicle 13 sendRequestVote called for node 7
22400.0ms Vehicle 13 sendRequestVote called for node 8
22400.0ms Vehicle 13 sendRequestVote called for node 9
22400.0ms Vehicle 13 sendRequestVote called for node 10
22400.0ms Vehicle 13 sendRequestVote called for node 11
22400.0ms Vehicle 13 sendRequestVote called for node 12
22400.0ms Vehicle 13 sendRequestVote called for node 13
22.45 [STOP_CHECK][V12] road=N2C dist=24.7m (lanePos=168.1 laneLen=192.8) stopDist=5.0m speed=0.0m/s
22.5 [STOP_CHECK][V12] road=N2C dist=24.7m (lanePos=168.1 laneLen=192.8) stopDist=5.0m speed=0.0m/s
22.5 [QUEUE_ADV][V4] dist=11.9m speed=0.0 leader=veh5 gap=0.0m gapOpened=0 (need gap>5.0m) myBatch=4 curBatch=0
22540.0ms Leader 7 SENDING AppendEntries to vehicle 0 (n_entries=2, leader_commit=2)
22540.0ms Leader 7 SENDING AppendEntries to vehicle 1 (n_entries=0, leader_commit=2)
22540.0ms Leader 7 SENDING AppendEntries to vehicle 2 (n_entries=0, leader_commit=2)
22540.0ms Leader 7 SENDING AppendEntries to vehicle 3 (n_entries=0, leader_commit=2)
22540.0ms Leader 7 SENDING AppendEntries to vehicle 4 (n_entries=0, leader_commit=2)
22540.0ms Leader 7 SENDING AppendEntries to vehicle 5 (n_entries=0, leader_commit=2)
22540.0ms Leader 7 SENDING AppendEntries to vehicle 6 (n_entries=0, leader_commit=2)
22540.0ms Leader 7 SENDING AppendEntries to vehicle 8 (n_entries=0, leader_commit=2)
22540.0ms Leader 7 SENDING AppendEntries to vehicle 9 (n_entries=0, leader_commit=2)
22540.0ms Leader 7 SENDING AppendEntries to vehicle 10 (n_entries=0, leader_commit=2)
22546.8ms Vehicle 0 RECEIVED AppendEntries from vehicle 7 (n_entries=2, leader_commit=2)
22547.1ms Vehicle 1 RECEIVED AppendEntries from vehicle 7 (n_entries=0, leader_commit=2)
22548.0ms Vehicle 2 RECEIVED AppendEntries from vehicle 7 (n_entries=0, leader_commit=2)
22548.2ms Vehicle 3 RECEIVED AppendEntries from vehicle 7 (n_entries=0, leader_commit=2)
22548.7ms Vehicle 4 RECEIVED AppendEntries from vehicle 7 (n_entries=0, leader_commit=2)
22549.0ms Vehicle 5 RECEIVED AppendEntries from vehicle 7 (n_entries=0, leader_commit=2)
22549.5ms Vehicle 6 RECEIVED AppendEntries from vehicle 7 (n_entries=0, leader_commit=2)
22.55 [STOP_CHECK][V12] road=N2C dist=24.7m (lanePos=168.1 laneLen=192.8) stopDist=5.0m speed=0.0m/s
22553.3ms Vehicle 9 RECEIVED AppendEntries from vehicle 7 (n_entries=0, leader_commit=2)
22554.4ms Vehicle 10 RECEIVED AppendEntries from vehicle 7 (n_entries=0, leader_commit=2)
22.6 [STOP_CHECK][V12] road=N2C dist=24.7m (lanePos=168.1 laneLen=192.8) stopDist=5.0m speed=0.0m/s
22.6 [QUEUE_ADV][V9] dist=18.5m speed=0.0 leader=veh8 gap=0.0m gapOpened=0 (need gap>5.0m) myBatch=8 curBatch=0
22.6 [QUEUE_ADV][V6] dist=11.5m speed=0.0 leader=veh9 gap=0.0m gapOpened=0 (need gap>5.0m) myBatch=7 curBatch=0
22.65 [STOP_CHECK][V12] road=N2C dist=24.7m (lanePos=168.1 laneLen=192.8) stopDist=5.0m speed=0.0m/s
22.7 [STOP_CHECK][V12] road=N2C dist=24.7m (lanePos=168.1 laneLen=192.8) stopDist=5.0m speed=0.0m/s
22720.0ms Vehicle 16 sendRequestVote called for node 1
22720.0ms Vehicle 16 sendRequestVote called for node 2
22720.0ms Vehicle 16 sendRequestVote called for node 3
22720.0ms Vehicle 16 sendRequestVote called for node 4
22720.0ms Vehicle 16 sendRequestVote called for node 5
22720.0ms Vehicle 16 sendRequestVote called for node 6
22720.0ms Vehicle 16 sendRequestVote called for node 7
22720.0ms Vehicle 16 sendRequestVote called for node 8
22720.0ms Vehicle 16 sendRequestVote called for node 9
22720.0ms Vehicle 16 sendRequestVote called for node 10
22720.0ms Vehicle 16 sendRequestVote called for node 11
22720.0ms Vehicle 16 sendRequestVote called for node 12
22720.0ms Vehicle 16 sendRequestVote called for node 13
22720.0ms Vehicle 16 sendRequestVote called for node 14
22720.0ms Vehicle 16 sendRequestVote called for node 15
22720.0ms Vehicle 16 sendRequestVote called for node 16
22740.0ms Leader 7 SENDING AppendEntries to vehicle 0 (n_entries=2, leader_commit=2)
22740.0ms Leader 7 SENDING AppendEntries to vehicle 1 (n_entries=0, leader_commit=2)
22740.0ms Leader 7 SENDING AppendEntries to vehicle 2 (n_entries=0, leader_commit=2)
22740.0ms Leader 7 SENDING AppendEntries to vehicle 3 (n_entries=0, leader_commit=2)
22740.0ms Leader 7 SENDING AppendEntries to vehicle 4 (n_entries=0, leader_commit=2)
22740.0ms Leader 7 SENDING AppendEntries to vehicle 5 (n_entries=0, leader_commit=2)
22740.0ms Leader 7 SENDING AppendEntries to vehicle 6 (n_entries=0, leader_commit=2)
22740.0ms Leader 7 SENDING AppendEntries to vehicle 8 (n_entries=0, leader_commit=2)
22740.0ms Leader 7 SENDING AppendEntries to vehicle 9 (n_entries=0, leader_commit=2)
22740.0ms Leader 7 SENDING AppendEntries to vehicle 10 (n_entries=0, leader_commit=2)
22746.4ms Vehicle 0 RECEIVED AppendEntries from vehicle 7 (n_entries=2, leader_commit=2)
22747.2ms Vehicle 1 RECEIVED AppendEntries from vehicle 7 (n_entries=0, leader_commit=2)
22747.8ms Vehicle 2 RECEIVED AppendEntries from vehicle 7 (n_entries=0, leader_commit=2)
22748.2ms Vehicle 3 RECEIVED AppendEntries from vehicle 7 (n_entries=0, leader_commit=2)
22748.4ms Vehicle 4 RECEIVED AppendEntries from vehicle 7 (n_entries=0, leader_commit=2)
22750.0ms Vehicle 5 RECEIVED AppendEntries from vehicle 7 (n_entries=0, leader_commit=2)
22.75 [STOP_CHECK][V12] road=N2C dist=24.7m (lanePos=168.1 laneLen=192.8) stopDist=5.0m speed=0.0m/s
22.75 [QUEUE_ADV][V1] dist=17.6m speed=0.0 leader=veh13 gap=0.0m gapOpened=0 (need gap>5.0m) myBatch=1 curBatch=0
22751.1ms Vehicle 6 RECEIVED AppendEntries from vehicle 7 (n_entries=0, leader_commit=2)
22.8 [STOP_CHECK][V12] road=N2C dist=24.7m (lanePos=168.1 laneLen=192.8) stopDist=5.0m speed=0.0m/s
22.8 [QUEUE_ADV][V11] dist=11.5m speed=0.1 leader=veh0 gap=0.1m gapOpened=0 (need gap>5.0m) myBatch=-1 curBatch=0
22.8 [QUEUE_ADV][V2] dist=10.6m speed=0.0 leader=veh14 gap=0.0m gapOpened=0 (need gap>5.0m) myBatch=6 curBatch=0
22.85 [STOP_CHECK][V12] road=N2C dist=24.7m (lanePos=168.1 laneLen=192.8) stopDist=5.0m speed=0.0m/s
22.9 [STOP_CHECK][V12] road=N2C dist=24.7m (lanePos=168.1 laneLen=192.8) stopDist=5.0m speed=0.0m/s
22920.0ms Vehicle 11 sendRequestVote called for node 1
22920.0ms Vehicle 11 sendRequestVote called for node 2
22920.0ms Vehicle 11 sendRequestVote called for node 3
22920.0ms Vehicle 11 sendRequestVote called for node 4
22920.0ms Vehicle 11 sendRequestVote called for node 5
22920.0ms Vehicle 11 sendRequestVote called for node 6
22920.0ms Vehicle 11 sendRequestVote called for node 7
22920.0ms Vehicle 11 sendRequestVote called for node 8
22920.0ms Vehicle 11 sendRequestVote called for node 9
22920.0ms Vehicle 11 sendRequestVote called for node 10
22920.0ms Vehicle 11 sendRequestVote called for node 11
22940.0ms Leader 7 SENDING AppendEntries to vehicle 0 (n_entries=2, leader_commit=2)
22940.0ms Leader 7 SENDING AppendEntries to vehicle 1 (n_entries=0, leader_commit=2)
22940.0ms Leader 7 SENDING AppendEntries to vehicle 2 (n_entries=0, leader_commit=2)
22940.0ms Leader 7 SENDING AppendEntries to vehicle 3 (n_entries=0, leader_commit=2)
22940.0ms Leader 7 SENDING AppendEntries to vehicle 4 (n_entries=0, leader_commit=2)
22940.0ms Leader 7 SENDING AppendEntries to vehicle 5 (n_entries=0, leader_commit=2)
22940.0ms Leader 7 SENDING AppendEntries to vehicle 6 (n_entries=0, leader_commit=2)
22940.0ms Leader 7 SENDING AppendEntries to vehicle 8 (n_entries=0, leader_commit=2)
22940.0ms Leader 7 SENDING AppendEntries to vehicle 9 (n_entries=0, leader_commit=2)
22940.0ms Leader 7 SENDING AppendEntries to vehicle 10 (n_entries=0, leader_commit=2)
22946.0ms Vehicle 0 RECEIVED AppendEntries from vehicle 7 (n_entries=2, leader_commit=2)
22947.2ms Vehicle 2 RECEIVED AppendEntries from vehicle 7 (n_entries=0, leader_commit=2)
22.95 [STOP_CHECK][V12] road=N2C dist=24.7m (lanePos=168.1 laneLen=192.8) stopDist=5.0m speed=0.0m/s
22950.7ms Vehicle 3 RECEIVED AppendEntries from vehicle 7 (n_entries=0, leader_commit=2)
22951.3ms Vehicle 4 RECEIVED AppendEntries from vehicle 7 (n_entries=0, leader_commit=2)
22952.1ms Vehicle 5 RECEIVED AppendEntries from vehicle 7 (n_entries=0, leader_commit=2)
22953.0ms Vehicle 6 RECEIVED AppendEntries from vehicle 7 (n_entries=0, leader_commit=2)
22954.2ms Vehicle 9 RECEIVED AppendEntries from vehicle 7 (n_entries=0, leader_commit=2)
22955.4ms Vehicle 10 RECEIVED AppendEntries from vehicle 7 (n_entries=0, leader_commit=2)
22.96 [DBG][V1] BATCH SAFETY FALLBACK FIRED for batch 1 curBatch=0 hasPassedIntersection=0
22960.0ms Vehicle 1 BATCH SAFETY FALLBACK (lost VEHICLE_LEFT?) for batch 1
22.96 [DBG][V1] RESUME_MOVEMENT called hasStopped=1 myBatch=1 curBatch=1 isLeader=0 fallback=0
22960.0ms Vehicle 1 RESUMING movement
Vehicle RAFT (UDP) starting application.
Vehicle 17 edge config: 4 approach, 4 exit edges
23000.0ms Vehicle 17 RAFT started single-node V17
23 [STOP_CHECK][V12] road=N2C dist=24.7m (lanePos=168.1 laneLen=192.8) stopDist=5.0m speed=0.0m/s
23.002148131854 [DBG][V17] MERGE (invitation): theirTs=0.1 theirId=0 -> merging into 17 members
23.002148131854 [DBG][V17] MERGE_INTO_LARGER: reinitializing with 17 members [0 1 2 3 4 5 6 7 8 9 10 11 12 13 14 15 17 ]
23.002148131854 [DBG][V17] FORM_CLUSTER 17 members: [0 1 2 3 4 5 6 7 8 9 10 11 12 13 14 15 17 ] electionBase=500ms
23.05 [DBG][V17] ROAD_CHANGE -> C2S dist=188.3m speed=13.9m/s onApproach=NO
23.05 [DBG][V17] POS roadId=C2S dist=188.3m speed=13.9m/s onApproach=NO stopped=0 phase=2 leader=0 committed=0 myBatch=-1 curBatch=0
23.05 [STOP_CHECK][V12] road=N2C dist=24.7m (lanePos=168.1 laneLen=192.8) stopDist=5.0m speed=0.0m/s
23.1 [STOP_CHECK][V12] road=N2C dist=24.6m (lanePos=168.2 laneLen=192.8) stopDist=5.0m speed=0.3m/s
23140.0ms Leader 7 SENDING AppendEntries to vehicle 0 (n_entries=2, leader_commit=2)
23140.0ms Leader 7 SENDING AppendEntries to vehicle 1 (n_entries=0, leader_commit=2)
23140.0ms Leader 7 SENDING AppendEntries to vehicle 2 (n_entries=0, leader_commit=2)
23140.0ms Leader 7 SENDING AppendEntries to vehicle 3 (n_entries=0, leader_commit=2)
23140.0ms Leader 7 SENDING AppendEntries to vehicle 4 (n_entries=0, leader_commit=2)
23140.0ms Leader 7 SENDING AppendEntries to vehicle 5 (n_entries=0, leader_commit=2)
23140.0ms Leader 7 SENDING AppendEntries to vehicle 6 (n_entries=0, leader_commit=2)
23140.0ms Leader 7 SENDING AppendEntries to vehicle 8 (n_entries=0, leader_commit=2)
23140.0ms Leader 7 SENDING AppendEntries to vehicle 9 (n_entries=0, leader_commit=2)
23140.0ms Leader 7 SENDING AppendEntries to vehicle 10 (n_entries=0, leader_commit=2)
23147.0ms Vehicle 0 RECEIVED AppendEntries from vehicle 7 (n_entries=2, leader_commit=2)
23148.7ms Vehicle 2 RECEIVED AppendEntries from vehicle 7 (n_entries=0, leader_commit=2)
23149.6ms Vehicle 3 RECEIVED AppendEntries from vehicle 7 (n_entries=0, leader_commit=2)
23.15 [STOP_CHECK][V12] road=N2C dist=24.6m (lanePos=168.2 laneLen=192.8) stopDist=5.0m speed=0.3m/s
23152.9ms Vehicle 5 RECEIVED AppendEntries from vehicle 7 (n_entries=0, leader_commit=2)
23153.8ms Vehicle 6 RECEIVED AppendEntries from vehicle 7 (n_entries=0, leader_commit=2)
23155.9ms Vehicle 9 RECEIVED AppendEntries from vehicle 7 (n_entries=0, leader_commit=2)
23157.1ms Vehicle 10 RECEIVED AppendEntries from vehicle 7 (n_entries=0, leader_commit=2)
23.2 [STOP_CHECK][V12] road=N2C dist=24.6m (lanePos=168.2 laneLen=192.8) stopDist=5.0m speed=0.5m/s
23220.0ms Vehicle 14 sendRequestVote called for node 1
23220.0ms Vehicle 14 sendRequestVote called for node 2
23220.0ms Vehicle 14 sendRequestVote called for node 3
23220.0ms Vehicle 14 sendRequestVote called for node 4
23220.0ms Vehicle 14 sendRequestVote called for node 5
23220.0ms Vehicle 14 sendRequestVote called for node 6
23220.0ms Vehicle 14 sendRequestVote called for node 7
23220.0ms Vehicle 14 sendRequestVote called for node 8
23220.0ms Vehicle 14 sendRequestVote called for node 9
23220.0ms Vehicle 14 sendRequestVote called for node 10
23220.0ms Vehicle 14 sendRequestVote called for node 11
23220.0ms Vehicle 14 sendRequestVote called for node 12
23220.0ms Vehicle 14 sendRequestVote called for node 13
23220.0ms Vehicle 14 sendRequestVote called for node 14
23.25 [STOP_CHECK][V12] road=N2C dist=24.6m (lanePos=168.2 laneLen=192.8) stopDist=5.0m speed=0.5m/s
23.3 [STOP_CHECK][V12] road=N2C dist=24.5m (lanePos=168.3 laneLen=192.8) stopDist=5.0m speed=0.7m/s
23340.0ms Leader 7 SENDING AppendEntries to vehicle 0 (n_entries=2, leader_commit=2)
23340.0ms Leader 7 SENDING AppendEntries to vehicle 1 (n_entries=0, leader_commit=2)
23340.0ms Leader 7 SENDING AppendEntries to vehicle 2 (n_entries=0, leader_commit=2)
23340.0ms Leader 7 SENDING AppendEntries to vehicle 3 (n_entries=0, leader_commit=2)
23340.0ms Leader 7 SENDING AppendEntries to vehicle 4 (n_entries=0, leader_commit=2)
23340.0ms Leader 7 SENDING AppendEntries to vehicle 5 (n_entries=0, leader_commit=2)
23340.0ms Leader 7 SENDING AppendEntries to vehicle 6 (n_entries=0, leader_commit=2)
23340.0ms Leader 7 SENDING AppendEntries to vehicle 8 (n_entries=0, leader_commit=2)
23340.0ms Leader 7 SENDING AppendEntries to vehicle 9 (n_entries=0, leader_commit=2)
23340.0ms Leader 7 SENDING AppendEntries to vehicle 10 (n_entries=0, leader_commit=2)
23346.7ms Vehicle 0 RECEIVED AppendEntries from vehicle 7 (n_entries=2, leader_commit=2)
23349.7ms Vehicle 2 RECEIVED AppendEntries from vehicle 7 (n_entries=0, leader_commit=2)
23.35 [STOP_CHECK][V12] road=N2C dist=24.5m (lanePos=168.3 laneLen=192.8) stopDist=5.0m speed=0.7m/s
23350.0ms Vehicle 3 RECEIVED AppendEntries from vehicle 7 (n_entries=0, leader_commit=2)
23350.3ms Vehicle 4 RECEIVED AppendEntries from vehicle 7 (n_entries=0, leader_commit=2)
23351.3ms Vehicle 6 RECEIVED AppendEntries from vehicle 7 (n_entries=0, leader_commit=2)
23355.3ms Vehicle 9 RECEIVED AppendEntries from vehicle 7 (n_entries=0, leader_commit=2)
23356.1ms Vehicle 10 RECEIVED AppendEntries from vehicle 7 (n_entries=0, leader_commit=2)
23.4 [STOP_CHECK][V12] road=N2C dist=24.4m (lanePos=168.4 laneLen=192.8) stopDist=5.0m speed=1.0m/s
23.45 [QUEUE_ADV][V14] dist=18.7m speed=0.2 leader=veh2 gap=0.2m gapOpened=0 (need gap>5.0m) myBatch=-1 curBatch=0
23.45 [STOP_CHECK][V12] road=N2C dist=24.4m (lanePos=168.4 laneLen=192.8) stopDist=5.0m speed=1.0m/s
23.45 [QUEUE_ADV][V10] dist=18.9m speed=0.0 leader=veh4 gap=0.0m gapOpened=0 (need gap>5.0m) myBatch=5 curBatch=0
** Event #1970176   t=23.450084442968   Elapsed: 12.0103s (0m 12s)  7% completed  (7% total)
     Speed:     ev/sec=181607   simsec/sec=0.799602   ev/simsec=227121
     Messages:  created: 1589292   present: 917   in FES: 85
23.5 [STOP_CHECK][V12] road=N2C dist=24.3m (lanePos=168.5 laneLen=192.8) stopDist=5.0m speed=1.2m/s
23540.0ms Leader 7 SENDING AppendEntries to vehicle 0 (n_entries=2, leader_commit=2)
23540.0ms Leader 7 SENDING AppendEntries to vehicle 1 (n_entries=0, leader_commit=2)
23540.0ms Leader 7 SENDING AppendEntries to vehicle 2 (n_entries=0, leader_commit=2)
23540.0ms Leader 7 SENDING AppendEntries to vehicle 3 (n_entries=0, leader_commit=2)
23540.0ms Leader 7 SENDING AppendEntries to vehicle 4 (n_entries=0, leader_commit=2)
23540.0ms Leader 7 SENDING AppendEntries to vehicle 5 (n_entries=0, leader_commit=2)
23540.0ms Leader 7 SENDING AppendEntries to vehicle 6 (n_entries=0, leader_commit=2)
23540.0ms Leader 7 SENDING AppendEntries to vehicle 8 (n_entries=0, leader_commit=2)
23540.0ms Leader 7 SENDING AppendEntries to vehicle 9 (n_entries=0, leader_commit=2)
23540.0ms Leader 7 SENDING AppendEntries to vehicle 10 (n_entries=0, leader_commit=2)
23546.9ms Vehicle 0 RECEIVED AppendEntries from vehicle 7 (n_entries=2, leader_commit=2)
23548.5ms Vehicle 2 RECEIVED AppendEntries from vehicle 7 (n_entries=0, leader_commit=2)
23549.7ms Vehicle 3 RECEIVED AppendEntries from vehicle 7 (n_entries=0, leader_commit=2)
23.55 [STOP_CHECK][V12] road=N2C dist=24.3m (lanePos=168.5 laneLen=192.8) stopDist=5.0m speed=1.2m/s
23.55 [QUEUE_ADV][V4] dist=11.9m speed=0.0 leader=veh5 gap=0.0m gapOpened=0 (need gap>5.0m) myBatch=4 curBatch=0
23550.6ms Vehicle 4 RECEIVED AppendEntries from vehicle 7 (n_entries=0, leader_commit=2)
23551.4ms Vehicle 5 RECEIVED AppendEntries from vehicle 7 (n_entries=0, leader_commit=2)
23552.1ms Vehicle 6 RECEIVED AppendEntries from vehicle 7 (n_entries=0, leader_commit=2)
23554.8ms Vehicle 9 RECEIVED AppendEntries from vehicle 7 (n_entries=0, leader_commit=2)
23555.4ms Vehicle 10 RECEIVED AppendEntries from vehicle 7 (n_entries=0, leader_commit=2)
23580.0ms Vehicle 15 sendRequestVote called for node 1
23580.0ms Vehicle 15 sendRequestVote called for node 2
23580.0ms Vehicle 15 sendRequestVote called for node 3
23580.0ms Vehicle 15 sendRequestVote called for node 4
23580.0ms Vehicle 15 sendRequestVote called for node 5
23580.0ms Vehicle 15 sendRequestVote called for node 6
23580.0ms Vehicle 15 sendRequestVote called for node 7
23580.0ms Vehicle 15 sendRequestVote called for node 8
23580.0ms Vehicle 15 sendRequestVote called for node 9
23580.0ms Vehicle 15 sendRequestVote called for node 10
23580.0ms Vehicle 15 sendRequestVote called for node 11
23580.0ms Vehicle 15 sendRequestVote called for node 12
23580.0ms Vehicle 15 sendRequestVote called for node 13
23580.0ms Vehicle 15 sendRequestVote called for node 14
23580.0ms Vehicle 15 sendRequestVote called for node 15
23.6 [STOP_CHECK][V12] road=N2C dist=24.2m (lanePos=168.6 laneLen=192.8) stopDist=5.0m speed=1.4m/s
23.65 [STOP_CHECK][V12] road=N2C dist=24.2m (lanePos=168.6 laneLen=192.8) stopDist=5.0m speed=1.4m/s
23.65 [QUEUE_ADV][V9] dist=18.5m speed=0.0 leader=veh8 gap=0.0m gapOpened=0 (need gap>5.0m) myBatch=8 curBatch=0
23.65 [QUEUE_ADV][V6] dist=11.5m speed=0.0 leader=veh9 gap=0.0m gapOpened=0 (need gap>5.0m) myBatch=7 curBatch=0
23.7 [STOP_CHECK][V12] road=N2C dist=24.0m (lanePos=168.8 laneLen=192.8) stopDist=5.0m speed=1.6m/s
23700.0ms Vehicle 13 sendRequestVote called for node 1
23700.0ms Vehicle 13 sendRequestVote called for node 2
23700.0ms Vehicle 13 sendRequestVote called for node 3
23700.0ms Vehicle 13 sendRequestVote called for node 4
23700.0ms Vehicle 13 sendRequestVote called for node 5
23700.0ms Vehicle 13 sendRequestVote called for node 6
23700.0ms Vehicle 13 sendRequestVote called for node 7
23700.0ms Vehicle 13 sendRequestVote called for node 8
23700.0ms Vehicle 13 sendRequestVote called for node 9
23700.0ms Vehicle 13 sendRequestVote called for node 10
23700.0ms Vehicle 13 sendRequestVote called for node 11
23700.0ms Vehicle 13 sendRequestVote called for node 12
23700.0ms Vehicle 13 sendRequestVote called for node 13
23740.0ms Leader 7 SENDING AppendEntries to vehicle 0 (n_entries=2, leader_commit=2)
23740.0ms Leader 7 SENDING AppendEntries to vehicle 1 (n_entries=0, leader_commit=2)
23740.0ms Leader 7 SENDING AppendEntries to vehicle 2 (n_entries=0, leader_commit=2)
23740.0ms Leader 7 SENDING AppendEntries to vehicle 3 (n_entries=0, leader_commit=2)
23740.0ms Leader 7 SENDING AppendEntries to vehicle 4 (n_entries=0, leader_commit=2)
23740.0ms Leader 7 SENDING AppendEntries to vehicle 5 (n_entries=0, leader_commit=2)
23740.0ms Leader 7 SENDING AppendEntries to vehicle 6 (n_entries=0, leader_commit=2)
23740.0ms Leader 7 SENDING AppendEntries to vehicle 8 (n_entries=0, leader_commit=2)
23740.0ms Leader 7 SENDING AppendEntries to vehicle 9 (n_entries=0, leader_commit=2)
23740.0ms Leader 7 SENDING AppendEntries to vehicle 10 (n_entries=0, leader_commit=2)
23747.6ms Vehicle 0 RECEIVED AppendEntries from vehicle 7 (n_entries=2, leader_commit=2)
23748.7ms Vehicle 2 RECEIVED AppendEntries from vehicle 7 (n_entries=0, leader_commit=2)
23.75 [STOP_CHECK][V12] road=N2C dist=24.0m (lanePos=168.8 laneLen=192.8) stopDist=5.0m speed=1.6m/s
23750.5ms Vehicle 3 RECEIVED AppendEntries from vehicle 7 (n_entries=0, leader_commit=2)
23751.1ms Vehicle 4 RECEIVED AppendEntries from vehicle 7 (n_entries=0, leader_commit=2)
23752.3ms Vehicle 5 RECEIVED AppendEntries from vehicle 7 (n_entries=0, leader_commit=2)
23752.8ms Vehicle 6 RECEIVED AppendEntries from vehicle 7 (n_entries=0, leader_commit=2)
23755.6ms Vehicle 9 RECEIVED AppendEntries from vehicle 7 (n_entries=0, leader_commit=2)
23755.9ms Vehicle 10 RECEIVED AppendEntries from vehicle 7 (n_entries=0, leader_commit=2)
23.8 [STOP_CHECK][V12] road=N2C dist=23.8m (lanePos=169.0 laneLen=192.8) stopDist=5.0m speed=1.8m/s
23.85 [STOP_CHECK][V12] road=N2C dist=23.8m (lanePos=169.0 laneLen=192.8) stopDist=5.0m speed=1.8m/s
23.85 [QUEUE_ADV][V11] dist=11.5m speed=0.0 leader=veh0 gap=0.0m gapOpened=0 (need gap>5.0m) myBatch=-1 curBatch=0
23.85 [QUEUE_ADV][V2] dist=10.6m speed=0.0 leader=veh14 gap=0.0m gapOpened=0 (need gap>5.0m) myBatch=6 curBatch=0
23.9 [STOP_CHECK][V12] road=N2C dist=23.6m (lanePos=169.2 laneLen=192.8) stopDist=5.0m speed=2.0m/s
23940.0ms Vehicle 11 sendRequestVote called for node 1
23940.0ms Vehicle 11 sendRequestVote called for node 2
23940.0ms Vehicle 11 sendRequestVote called for node 3
23940.0ms Vehicle 11 sendRequestVote called for node 4
23940.0ms Vehicle 11 sendRequestVote called for node 5
23940.0ms Vehicle 11 sendRequestVote called for node 6
23940.0ms Vehicle 11 sendRequestVote called for node 7
23940.0ms Vehicle 11 sendRequestVote called for node 8
23940.0ms Vehicle 11 sendRequestVote called for node 9
23940.0ms Vehicle 11 sendRequestVote called for node 10
23940.0ms Vehicle 11 sendRequestVote called for node 11
23940.0ms Leader 7 SENDING AppendEntries to vehicle 0 (n_entries=2, leader_commit=2)
23940.0ms Leader 7 SENDING AppendEntries to vehicle 1 (n_entries=0, leader_commit=2)
23940.0ms Leader 7 SENDING AppendEntries to vehicle 2 (n_entries=0, leader_commit=2)
23940.0ms Leader 7 SENDING AppendEntries to vehicle 3 (n_entries=0, leader_commit=2)
23940.0ms Leader 7 SENDING AppendEntries to vehicle 4 (n_entries=0, leader_commit=2)
23940.0ms Leader 7 SENDING AppendEntries to vehicle 5 (n_entries=0, leader_commit=2)
23940.0ms Leader 7 SENDING AppendEntries to vehicle 6 (n_entries=0, leader_commit=2)
23940.0ms Leader 7 SENDING AppendEntries to vehicle 8 (n_entries=0, leader_commit=2)
23940.0ms Leader 7 SENDING AppendEntries to vehicle 9 (n_entries=0, leader_commit=2)
23940.0ms Leader 7 SENDING AppendEntries to vehicle 10 (n_entries=0, leader_commit=2)
23945.5ms Vehicle 0 RECEIVED AppendEntries from vehicle 7 (n_entries=2, leader_commit=2)
23948.4ms Vehicle 2 RECEIVED AppendEntries from vehicle 7 (n_entries=0, leader_commit=2)
23950.0ms Vehicle 3 RECEIVED AppendEntries from vehicle 7 (n_entries=0, leader_commit=2)
23.95 [STOP_CHECK][V12] road=N2C dist=23.6m (lanePos=169.2 laneLen=192.8) stopDist=5.0m speed=2.0m/s
23952.1ms Vehicle 4 RECEIVED AppendEntries from vehicle 7 (n_entries=0, leader_commit=2)
23953.5ms Vehicle 5 RECEIVED AppendEntries from vehicle 7 (n_entries=0, leader_commit=2)
23953.7ms Vehicle 6 RECEIVED AppendEntries from vehicle 7 (n_entries=0, leader_commit=2)
23955.9ms Vehicle 9 RECEIVED AppendEntries from vehicle 7 (n_entries=0, leader_commit=2)
23956.1ms Vehicle 10 RECEIVED AppendEntries from vehicle 7 (n_entries=0, leader_commit=2)
24 [STOP_CHECK][V12] road=N2C dist=23.4m (lanePos=169.4 laneLen=192.8) stopDist=5.0m speed=2.2m/s
24020.0ms Vehicle 16 sendRequestVote called for node 1
24020.0ms Vehicle 16 sendRequestVote called for node 2
24020.0ms Vehicle 16 sendRequestVote called for node 3
24020.0ms Vehicle 16 sendRequestVote called for node 4
24020.0ms Vehicle 16 sendRequestVote called for node 5
24020.0ms Vehicle 16 sendRequestVote called for node 6
24020.0ms Vehicle 16 sendRequestVote called for node 7
24020.0ms Vehicle 16 sendRequestVote called for node 8
24020.0ms Vehicle 16 sendRequestVote called for node 9
24020.0ms Vehicle 16 sendRequestVote called for node 10
24020.0ms Vehicle 16 sendRequestVote called for node 11
24020.0ms Vehicle 16 sendRequestVote called for node 12
24020.0ms Vehicle 16 sendRequestVote called for node 13
24020.0ms Vehicle 16 sendRequestVote called for node 14
24020.0ms Vehicle 16 sendRequestVote called for node 15
24020.0ms Vehicle 16 sendRequestVote called for node 16
24.05 [STOP_CHECK][V12] road=N2C dist=23.4m (lanePos=169.4 laneLen=192.8) stopDist=5.0m speed=2.2m/s
24.1 [STOP_CHECK][V12] road=N2C dist=23.2m (lanePos=169.6 laneLen=192.8) stopDist=5.0m speed=2.4m/s
24140.0ms Leader 7 SENDING AppendEntries to vehicle 0 (n_entries=2, leader_commit=2)
24140.0ms Leader 7 SENDING AppendEntries to vehicle 1 (n_entries=0, leader_commit=2)
24140.0ms Leader 7 SENDING AppendEntries to vehicle 2 (n_entries=0, leader_commit=2)
24140.0ms Leader 7 SENDING AppendEntries to vehicle 3 (n_entries=0, leader_commit=2)
24140.0ms Leader 7 SENDING AppendEntries to vehicle 4 (n_entries=0, leader_commit=2)
24140.0ms Leader 7 SENDING AppendEntries to vehicle 5 (n_entries=0, leader_commit=2)
24140.0ms Leader 7 SENDING AppendEntries to vehicle 6 (n_entries=0, leader_commit=2)
24140.0ms Leader 7 SENDING AppendEntries to vehicle 8 (n_entries=0, leader_commit=2)
24140.0ms Leader 7 SENDING AppendEntries to vehicle 9 (n_entries=0, leader_commit=2)
24140.0ms Leader 7 SENDING AppendEntries to vehicle 10 (n_entries=0, leader_commit=2)
24147.5ms Vehicle 2 RECEIVED AppendEntries from vehicle 7 (n_entries=0, leader_commit=2)
24147.8ms Vehicle 3 RECEIVED AppendEntries from vehicle 7 (n_entries=0, leader_commit=2)
24149.6ms Vehicle 5 RECEIVED AppendEntries from vehicle 7 (n_entries=0, leader_commit=2)
24149.8ms Vehicle 6 RECEIVED AppendEntries from vehicle 7 (n_entries=0, leader_commit=2)
24.15 [STOP_CHECK][V12] road=N2C dist=23.2m (lanePos=169.6 laneLen=192.8) stopDist=5.0m speed=2.4m/s
24152.1ms Vehicle 9 RECEIVED AppendEntries from vehicle 7 (n_entries=0, leader_commit=2)
24153.0ms Vehicle 10 RECEIVED AppendEntries from vehicle 7 (n_entries=0, leader_commit=2)
24.2 [STOP_CHECK][V12] road=N2C dist=22.9m (lanePos=169.9 laneLen=192.8) stopDist=5.0m speed=2.6m/s
24.25 [STOP_CHECK][V12] road=N2C dist=22.9m (lanePos=169.9 laneLen=192.8) stopDist=5.0m speed=2.6m/s
24.3 [STOP_CHECK][V12] road=N2C dist=22.6m (lanePos=170.2 laneLen=192.8) stopDist=5.0m speed=2.8m/s
24340.0ms Leader 7 SENDING AppendEntries to vehicle 0 (n_entries=2, leader_commit=2)
24340.0ms Leader 7 SENDING AppendEntries to vehicle 1 (n_entries=0, leader_commit=2)
24340.0ms Leader 7 SENDING AppendEntries to vehicle 2 (n_entries=0, leader_commit=2)
24340.0ms Leader 7 SENDING AppendEntries to vehicle 3 (n_entries=0, leader_commit=2)
24340.0ms Leader 7 SENDING AppendEntries to vehicle 4 (n_entries=0, leader_commit=2)
24340.0ms Leader 7 SENDING AppendEntries to vehicle 5 (n_entries=0, leader_commit=2)
24340.0ms Leader 7 SENDING AppendEntries to vehicle 6 (n_entries=0, leader_commit=2)
24340.0ms Leader 7 SENDING AppendEntries to vehicle 8 (n_entries=0, leader_commit=2)
24340.0ms Leader 7 SENDING AppendEntries to vehicle 9 (n_entries=0, leader_commit=2)
24340.0ms Leader 7 SENDING AppendEntries to vehicle 10 (n_entries=0, leader_commit=2)
24345.7ms Vehicle 0 RECEIVED AppendEntries from vehicle 7 (n_entries=2, leader_commit=2)
24348.9ms Vehicle 2 RECEIVED AppendEntries from vehicle 7 (n_entries=0, leader_commit=2)
24349.8ms Vehicle 3 RECEIVED AppendEntries from vehicle 7 (n_entries=0, leader_commit=2)
24.35 [STOP_CHECK][V12] road=N2C dist=22.6m (lanePos=170.2 laneLen=192.8) stopDist=5.0m speed=2.8m/s
24350.1ms Vehicle 4 RECEIVED AppendEntries from vehicle 7 (n_entries=0, leader_commit=2)
24351.8ms Vehicle 5 RECEIVED AppendEntries from vehicle 7 (n_entries=0, leader_commit=2)
24353.7ms Vehicle 6 RECEIVED AppendEntries from vehicle 7 (n_entries=0, leader_commit=2)
24354.6ms Vehicle 9 RECEIVED AppendEntries from vehicle 7 (n_entries=0, leader_commit=2)
24356.0ms Vehicle 10 RECEIVED AppendEntries from vehicle 7 (n_entries=0, leader_commit=2)
24.4 [STOP_CHECK][V12] road=N2C dist=22.3m (lanePos=170.5 laneLen=192.8) stopDist=5.0m speed=3.0m/s
24.45 [STOP_CHECK][V12] road=N2C dist=22.3m (lanePos=170.5 laneLen=192.8) stopDist=5.0m speed=3.0m/s
24460.0ms Vehicle 14 sendRequestVote called for node 1
24460.0ms Vehicle 14 sendRequestVote called for node 2
24460.0ms Vehicle 14 sendRequestVote called for node 3
24460.0ms Vehicle 14 sendRequestVote called for node 4
24460.0ms Vehicle 14 sendRequestVote called for node 5
24460.0ms Vehicle 14 sendRequestVote called for node 6
24460.0ms Vehicle 14 sendRequestVote called for node 7
24460.0ms Vehicle 14 sendRequestVote called for node 8
24460.0ms Vehicle 14 sendRequestVote called for node 9
24460.0ms Vehicle 14 sendRequestVote called for node 10
24460.0ms Vehicle 14 sendRequestVote called for node 11
24460.0ms Vehicle 14 sendRequestVote called for node 12
24460.0ms Vehicle 14 sendRequestVote called for node 13
24460.0ms Vehicle 14 sendRequestVote called for node 14
24.5 [QUEUE_ADV][V14] dist=18.6m speed=0.1 leader=veh2 gap=0.1m gapOpened=0 (need gap>5.0m) myBatch=-1 curBatch=0
24.5 [STOP_CHECK][V12] road=N2C dist=22.0m (lanePos=170.8 laneLen=192.8) stopDist=5.0m speed=3.3m/s
24.5 [QUEUE_ADV][V10] dist=18.9m speed=0.0 leader=veh4 gap=0.0m gapOpened=0 (need gap>5.0m) myBatch=5 curBatch=0
24540.0ms Leader 7 SENDING AppendEntries to vehicle 0 (n_entries=2, leader_commit=2)
24540.0ms Leader 7 SENDING AppendEntries to vehicle 1 (n_entries=0, leader_commit=2)
24540.0ms Leader 7 SENDING AppendEntries to vehicle 2 (n_entries=0, leader_commit=2)
24540.0ms Leader 7 SENDING AppendEntries to vehicle 3 (n_entries=0, leader_commit=2)
24540.0ms Leader 7 SENDING AppendEntries to vehicle 4 (n_entries=0, leader_commit=2)
24540.0ms Leader 7 SENDING AppendEntries to vehicle 5 (n_entries=0, leader_commit=2)
24540.0ms Leader 7 SENDING AppendEntries to vehicle 6 (n_entries=0, leader_commit=2)
24540.0ms Leader 7 SENDING AppendEntries to vehicle 8 (n_entries=0, leader_commit=2)
24540.0ms Leader 7 SENDING AppendEntries to vehicle 9 (n_entries=0, leader_commit=2)
24540.0ms Leader 7 SENDING AppendEntries to vehicle 10 (n_entries=0, leader_commit=2)
24549.5ms Vehicle 2 RECEIVED AppendEntries from vehicle 7 (n_entries=0, leader_commit=2)
24.55 [STOP_CHECK][V12] road=N2C dist=22.0m (lanePos=170.8 laneLen=192.8) stopDist=5.0m speed=3.3m/s
24550.2ms Vehicle 3 RECEIVED AppendEntries from vehicle 7 (n_entries=0, leader_commit=2)
24550.7ms Vehicle 4 RECEIVED AppendEntries from vehicle 7 (n_entries=0, leader_commit=2)
24551.1ms Vehicle 5 RECEIVED AppendEntries from vehicle 7 (n_entries=0, leader_commit=2)
24552.4ms Vehicle 6 RECEIVED AppendEntries from vehicle 7 (n_entries=0, leader_commit=2)
24553.9ms Vehicle 9 RECEIVED AppendEntries from vehicle 7 (n_entries=0, leader_commit=2)
24556.6ms Vehicle 10 RECEIVED AppendEntries from vehicle 7 (n_entries=0, leader_commit=2)
24.6 [STOP_CHECK][V12] road=N2C dist=21.7m (lanePos=171.1 laneLen=192.8) stopDist=5.0m speed=3.2m/s
24.6 [QUEUE_ADV][V4] dist=11.9m speed=0.0 leader=veh5 gap=0.0m gapOpened=0 (need gap>5.0m) myBatch=4 curBatch=0
24.65 [STOP_CHECK][V12] road=N2C dist=21.7m (lanePos=171.1 laneLen=192.8) stopDist=5.0m speed=3.2m/s
24680.0ms Vehicle 11 sendRequestVote called for node 1
24680.0ms Vehicle 11 sendRequestVote called for node 2
24680.0ms Vehicle 11 sendRequestVote called for node 3
24680.0ms Vehicle 11 sendRequestVote called for node 4
24680.0ms Vehicle 11 sendRequestVote called for node 5
24680.0ms Vehicle 11 sendRequestVote called for node 6
24680.0ms Vehicle 11 sendRequestVote called for node 7
24680.0ms Vehicle 11 sendRequestVote called for node 8
24680.0ms Vehicle 11 sendRequestVote called for node 9
24680.0ms Vehicle 11 sendRequestVote called for node 10
24680.0ms Vehicle 11 sendRequestVote called for node 11
24.7 [STOP_CHECK][V12] road=N2C dist=21.4m (lanePos=171.4 laneLen=192.8) stopDist=5.0m speed=3.1m/s
24.7 [QUEUE_ADV][V9] dist=18.5m speed=0.0 leader=veh8 gap=0.0m gapOpened=0 (need gap>5.0m) myBatch=8 curBatch=0
24.7 [QUEUE_ADV][V6] dist=11.5m speed=0.0 leader=veh9 gap=0.0m gapOpened=0 (need gap>5.0m) myBatch=7 curBatch=0
24740.0ms Leader 7 SENDING AppendEntries to vehicle 0 (n_entries=2, leader_commit=2)
24740.0ms Leader 7 SENDING AppendEntries to vehicle 1 (n_entries=0, leader_commit=2)
24740.0ms Leader 7 SENDING AppendEntries to vehicle 2 (n_entries=0, leader_commit=2)
24740.0ms Leader 7 SENDING AppendEntries to vehicle 3 (n_entries=0, leader_commit=2)
24740.0ms Leader 7 SENDING AppendEntries to vehicle 4 (n_entries=0, leader_commit=2)
24740.0ms Leader 7 SENDING AppendEntries to vehicle 5 (n_entries=0, leader_commit=2)
24740.0ms Leader 7 SENDING AppendEntries to vehicle 6 (n_entries=0, leader_commit=2)
24740.0ms Leader 7 SENDING AppendEntries to vehicle 8 (n_entries=0, leader_commit=2)
24740.0ms Leader 7 SENDING AppendEntries to vehicle 9 (n_entries=0, leader_commit=2)
24740.0ms Leader 7 SENDING AppendEntries to vehicle 10 (n_entries=0, leader_commit=2)
24748.6ms Vehicle 2 RECEIVED AppendEntries from vehicle 7 (n_entries=0, leader_commit=2)
24.75 [STOP_CHECK][V12] road=N2C dist=21.4m (lanePos=171.4 laneLen=192.8) stopDist=5.0m speed=3.1m/s
24750.1ms Vehicle 3 RECEIVED AppendEntries from vehicle 7 (n_entries=0, leader_commit=2)
24750.7ms Vehicle 4 RECEIVED AppendEntries from vehicle 7 (n_entries=0, leader_commit=2)
24751.2ms Vehicle 5 RECEIVED AppendEntries from vehicle 7 (n_entries=0, leader_commit=2)
24752.4ms Vehicle 6 RECEIVED AppendEntries from vehicle 7 (n_entries=0, leader_commit=2)
24754.8ms Vehicle 9 RECEIVED AppendEntries from vehicle 7 (n_entries=0, leader_commit=2)
24755.4ms Vehicle 10 RECEIVED AppendEntries from vehicle 7 (n_entries=0, leader_commit=2)
24.8 [STOP_CHECK][V12] road=N2C dist=21.1m (lanePos=171.7 laneLen=192.8) stopDist=5.0m speed=2.8m/s
24.85 [STOP_CHECK][V12] road=N2C dist=21.1m (lanePos=171.7 laneLen=192.8) stopDist=5.0m speed=2.8m/s
24.9 [STOP_CHECK][V12] road=N2C dist=20.8m (lanePos=172.0 laneLen=192.8) stopDist=5.0m speed=2.6m/s
24.9 [QUEUE_ADV][V11] dist=11.5m speed=0.0 leader=veh0 gap=0.0m gapOpened=0 (need gap>5.0m) myBatch=-1 curBatch=0
24.9 [QUEUE_ADV][V2] dist=10.6m speed=0.0 leader=veh14 gap=0.0m gapOpened=0 (need gap>5.0m) myBatch=6 curBatch=0
24940.0ms Leader 7 SENDING AppendEntries to vehicle 0 (n_entries=2, leader_commit=2)
24940.0ms Leader 7 SENDING AppendEntries to vehicle 1 (n_entries=0, leader_commit=2)
24940.0ms Leader 7 SENDING AppendEntries to vehicle 2 (n_entries=0, leader_commit=2)
24940.0ms Leader 7 SENDING AppendEntries to vehicle 3 (n_entries=0, leader_commit=2)
24940.0ms Leader 7 SENDING AppendEntries to vehicle 4 (n_entries=0, leader_commit=2)
24940.0ms Leader 7 SENDING AppendEntries to vehicle 5 (n_entries=0, leader_commit=2)
24940.0ms Leader 7 SENDING AppendEntries to vehicle 6 (n_entries=0, leader_commit=2)
24940.0ms Leader 7 SENDING AppendEntries to vehicle 8 (n_entries=0, leader_commit=2)
24940.0ms Leader 7 SENDING AppendEntries to vehicle 9 (n_entries=0, leader_commit=2)
24940.0ms Leader 7 SENDING AppendEntries to vehicle 10 (n_entries=0, leader_commit=2)
24944.9ms Vehicle 0 RECEIVED AppendEntries from vehicle 7 (n_entries=2, leader_commit=2)
24947.0ms Vehicle 2 RECEIVED AppendEntries from vehicle 7 (n_entries=0, leader_commit=2)
24947.4ms Vehicle 3 RECEIVED AppendEntries from vehicle 7 (n_entries=0, leader_commit=2)
24948.8ms Vehicle 4 RECEIVED AppendEntries from vehicle 7 (n_entries=0, leader_commit=2)
24949.2ms Vehicle 5 RECEIVED AppendEntries from vehicle 7 (n_entries=0, leader_commit=2)
24.95 [STOP_CHECK][V12] road=N2C dist=20.8m (lanePos=172.0 laneLen=192.8) stopDist=5.0m speed=2.6m/s
24950.6ms Vehicle 6 RECEIVED AppendEntries from vehicle 7 (n_entries=0, leader_commit=2)
24953.1ms Vehicle 10 RECEIVED AppendEntries from vehicle 7 (n_entries=0, leader_commit=2)
24960.0ms Vehicle 13 sendRequestVote called for node 1
24960.0ms Vehicle 13 sendRequestVote called for node 2
24960.0ms Vehicle 13 sendRequestVote called for node 3
24960.0ms Vehicle 13 sendRequestVote called for node 4
24960.0ms Vehicle 13 sendRequestVote called for node 5
24960.0ms Vehicle 13 sendRequestVote called for node 6
24960.0ms Vehicle 13 sendRequestVote called for node 7
24960.0ms Vehicle 13 sendRequestVote called for node 8
24960.0ms Vehicle 13 sendRequestVote called for node 9
24960.0ms Vehicle 13 sendRequestVote called for node 10
24960.0ms Vehicle 13 sendRequestVote called for node 11
24960.0ms Vehicle 13 sendRequestVote called for node 12
24960.0ms Vehicle 13 sendRequestVote called for node 13
24980.0ms Vehicle 17 sendRequestVote called for node 1
24980.0ms Vehicle 17 sendRequestVote called for node 2
24980.0ms Vehicle 17 sendRequestVote called for node 3
24980.0ms Vehicle 17 sendRequestVote called for node 4
24980.0ms Vehicle 17 sendRequestVote called for node 5
24980.0ms Vehicle 17 sendRequestVote called for node 6
24980.0ms Vehicle 17 sendRequestVote called for node 7
24980.0ms Vehicle 17 sendRequestVote called for node 8
24980.0ms Vehicle 17 sendRequestVote called for node 9
24980.0ms Vehicle 17 sendRequestVote called for node 10
24980.0ms Vehicle 17 sendRequestVote called for node 11
24980.0ms Vehicle 17 sendRequestVote called for node 12
24980.0ms Vehicle 17 sendRequestVote called for node 13
24980.0ms Vehicle 17 sendRequestVote called for node 14
24980.0ms Vehicle 17 sendRequestVote called for node 15
24980.0ms Vehicle 17 sendRequestVote called for node 16
24980.0ms Vehicle 17 RAFT STATE CHANGED from 1 to 2
24980.0ms Vehicle 17 I am a candidate now! Starting election...
25 [STOP_CHECK][V12] road=N2C dist=20.6m (lanePos=172.2 laneLen=192.8) stopDist=5.0m speed=2.5m/s
25.05 [STOP_CHECK][V12] road=N2C dist=20.6m (lanePos=172.2 laneLen=192.8) stopDist=5.0m speed=2.5m/s
** Event #2327296   t=25.050247093393   Elapsed: 14.0137s (0m 14s)  8% completed  (8% total)
     Speed:     ev/sec=178261   simsec/sec=0.798741   ev/simsec=223177
     Messages:  created: 1879588   present: 939   in FES: 76
25.1 [STOP_CHECK][V12] road=N2C dist=20.3m (lanePos=172.5 laneLen=192.8) stopDist=5.0m speed=2.4m/s
25140.0ms Leader 7 SENDING AppendEntries to vehicle 0 (n_entries=2, leader_commit=2)
25140.0ms Leader 7 SENDING AppendEntries to vehicle 1 (n_entries=0, leader_commit=2)
25140.0ms Leader 7 SENDING AppendEntries to vehicle 2 (n_entries=0, leader_commit=2)
25140.0ms Leader 7 SENDING AppendEntries to vehicle 3 (n_entries=0, leader_commit=2)
25140.0ms Leader 7 SENDING AppendEntries to vehicle 4 (n_entries=0, leader_commit=2)
25140.0ms Leader 7 SENDING AppendEntries to vehicle 5 (n_entries=0, leader_commit=2)
25140.0ms Leader 7 SENDING AppendEntries to vehicle 6 (n_entries=0, leader_commit=2)
25140.0ms Leader 7 SENDING AppendEntries to vehicle 8 (n_entries=0, leader_commit=2)
25140.0ms Leader 7 SENDING AppendEntries to vehicle 9 (n_entries=0, leader_commit=2)
25140.0ms Leader 7 SENDING AppendEntries to vehicle 10 (n_entries=0, leader_commit=2)
25.15 [STOP_CHECK][V12] road=N2C dist=20.3m (lanePos=172.5 laneLen=192.8) stopDist=5.0m speed=2.4m/s
25150.3ms Vehicle 2 RECEIVED AppendEntries from vehicle 7 (n_entries=0, leader_commit=2)
25150.6ms Vehicle 3 RECEIVED AppendEntries from vehicle 7 (n_entries=0, leader_commit=2)
25151.8ms Vehicle 4 RECEIVED AppendEntries from vehicle 7 (n_entries=0, leader_commit=2)
25152.7ms Vehicle 5 RECEIVED AppendEntries from vehicle 7 (n_entries=0, leader_commit=2)
25154.5ms Vehicle 6 RECEIVED AppendEntries from vehicle 7 (n_entries=0, leader_commit=2)
25155.0ms Vehicle 9 RECEIVED AppendEntries from vehicle 7 (n_entries=0, leader_commit=2)
25155.7ms Vehicle 10 RECEIVED AppendEntries from vehicle 7 (n_entries=0, leader_commit=2)
25.2 [STOP_CHECK][V12] road=N2C dist=20.1m (lanePos=172.7 laneLen=192.8) stopDist=5.0m speed=2.2m/s
25.25 [STOP_CHECK][V12] road=N2C dist=20.1m (lanePos=172.7 laneLen=192.8) stopDist=5.0m speed=2.2m/s
25.25 [DBG][V11] POS roadId=W2C dist=11.5m speed=0.0m/s onApproach=YES stopped=1 phase=2 leader=0 committed=0 myBatch=-1 curBatch=0
25.25 [DBG][V10] POS roadId=S2C dist=18.9m speed=0.0m/s onApproach=YES stopped=1 phase=2 leader=0 committed=1 myBatch=5 curBatch=0
25.25 [DBG][V9] POS roadId=E2C dist=18.5m speed=0.0m/s onApproach=YES stopped=1 phase=2 leader=0 committed=1 myBatch=8 curBatch=0
25.25 [DBG][V0] POS roadId=W2C dist=4.5m speed=0.0m/s onApproach=YES stopped=1 phase=2 leader=1 committed=1 myBatch=3 curBatch=0
25.25 [DBG][V2] POS roadId=N2C dist=10.6m speed=0.0m/s onApproach=YES stopped=1 phase=2 leader=0 committed=1 myBatch=6 curBatch=0
25.25 [DBG][V3] POS roadId=N2C dist=3.6m speed=0.0m/s onApproach=YES stopped=1 phase=2 leader=0 committed=1 myBatch=2 curBatch=0
25.25 [DBG][V4] POS roadId=S2C dist=11.9m speed=0.0m/s onApproach=YES stopped=1 phase=2 leader=0 committed=1 myBatch=4 curBatch=0
25.25 [DBG][V5] POS roadId=S2C dist=4.9m speed=0.0m/s onApproach=YES stopped=1 phase=2 leader=0 committed=1 myBatch=3 curBatch=0
25.25 [DBG][V6] POS roadId=E2C dist=11.5m speed=0.0m/s onApproach=YES stopped=1 phase=2 leader=0 committed=1 myBatch=7 curBatch=0
25.25 [DBG][V7] POS roadId=E2C dist=4.5m speed=0.0m/s onApproach=YES stopped=1 phase=2 leader=1 committed=1 myBatch=2 curBatch=0
25.3 [STOP_CHECK][V12] road=N2C dist=19.9m (lanePos=172.9 laneLen=192.8) stopDist=5.0m speed=2.0m/s
25340.0ms Vehicle 15 sendRequestVote called for node 1
25340.0ms Vehicle 15 sendRequestVote called for node 2
25340.0ms Vehicle 15 sendRequestVote called for node 3
25340.0ms Vehicle 15 sendRequestVote called for node 4
25340.0ms Vehicle 15 sendRequestVote called for node 5
25340.0ms Vehicle 15 sendRequestVote called for node 6
25340.0ms Vehicle 15 sendRequestVote called for node 7
25340.0ms Vehicle 15 sendRequestVote called for node 8
25340.0ms Vehicle 15 sendRequestVote called for node 9
25340.0ms Vehicle 15 sendRequestVote called for node 10
25340.0ms Vehicle 15 sendRequestVote called for node 11
25340.0ms Vehicle 15 sendRequestVote called for node 12
25340.0ms Vehicle 15 sendRequestVote called for node 13
25340.0ms Vehicle 15 sendRequestVote called for node 14
25340.0ms Vehicle 15 sendRequestVote called for node 15
25340.0ms Leader 7 SENDING AppendEntries to vehicle 0 (n_entries=2, leader_commit=2)
25340.0ms Leader 7 SENDING AppendEntries to vehicle 1 (n_entries=0, leader_commit=2)
25340.0ms Leader 7 SENDING AppendEntries to vehicle 2 (n_entries=0, leader_commit=2)
25340.0ms Leader 7 SENDING AppendEntries to vehicle 3 (n_entries=0, leader_commit=2)
25340.0ms Leader 7 SENDING AppendEntries to vehicle 4 (n_entries=0, leader_commit=2)
25340.0ms Leader 7 SENDING AppendEntries to vehicle 5 (n_entries=0, leader_commit=2)
25340.0ms Leader 7 SENDING AppendEntries to vehicle 6 (n_entries=0, leader_commit=2)
25340.0ms Leader 7 SENDING AppendEntries to vehicle 8 (n_entries=0, leader_commit=2)
25340.0ms Leader 7 SENDING AppendEntries to vehicle 9 (n_entries=0, leader_commit=2)
25340.0ms Leader 7 SENDING AppendEntries to vehicle 10 (n_entries=0, leader_commit=2)
25348.9ms Vehicle 3 RECEIVED AppendEntries from vehicle 7 (n_entries=0, leader_commit=2)
25.35 [STOP_CHECK][V12] road=N2C dist=19.9m (lanePos=172.9 laneLen=192.8) stopDist=5.0m speed=2.0m/s
25350.9ms Vehicle 4 RECEIVED AppendEntries from vehicle 7 (n_entries=0, leader_commit=2)
25352.2ms Vehicle 5 RECEIVED AppendEntries from vehicle 7 (n_entries=0, leader_commit=2)
25352.4ms Vehicle 6 RECEIVED AppendEntries from vehicle 7 (n_entries=0, leader_commit=2)
25354.6ms Vehicle 9 RECEIVED AppendEntries from vehicle 7 (n_entries=0, leader_commit=2)
25354.9ms Vehicle 10 RECEIVED AppendEntries from vehicle 7 (n_entries=0, leader_commit=2)
25.4 [STOP_CHECK][V12] road=N2C dist=19.7m (lanePos=173.1 laneLen=192.8) stopDist=5.0m speed=1.9m/s
25.45 [STOP_CHECK][V12] road=N2C dist=19.7m (lanePos=173.1 laneLen=192.8) stopDist=5.0m speed=1.9m/s
25.5 [STOP_CHECK][V12] road=N2C dist=19.5m (lanePos=173.3 laneLen=192.8) stopDist=5.0m speed=1.7m/s
25540.0ms Leader 7 SENDING AppendEntries to vehicle 0 (n_entries=2, leader_commit=2)
25540.0ms Leader 7 SENDING AppendEntries to vehicle 1 (n_entries=0, leader_commit=2)
25540.0ms Leader 7 SENDING AppendEntries to vehicle 2 (n_entries=0, leader_commit=2)
25540.0ms Leader 7 SENDING AppendEntries to vehicle 3 (n_entries=0, leader_commit=2)
25540.0ms Leader 7 SENDING AppendEntries to vehicle 4 (n_entries=0, leader_commit=2)
25540.0ms Leader 7 SENDING AppendEntries to vehicle 5 (n_entries=0, leader_commit=2)
25540.0ms Leader 7 SENDING AppendEntries to vehicle 6 (n_entries=0, leader_commit=2)
25540.0ms Leader 7 SENDING AppendEntries to vehicle 8 (n_entries=0, leader_commit=2)
25540.0ms Leader 7 SENDING AppendEntries to vehicle 9 (n_entries=0, leader_commit=2)
25540.0ms Leader 7 SENDING AppendEntries to vehicle 10 (n_entries=0, leader_commit=2)
25548.2ms Vehicle 0 RECEIVED AppendEntries from vehicle 7 (n_entries=2, leader_commit=2)
25549.7ms Vehicle 2 RECEIVED AppendEntries from vehicle 7 (n_entries=0, leader_commit=2)
25.55 [QUEUE_ADV][V14] dist=18.5m speed=0.0 leader=veh2 gap=0.0m gapOpened=0 (need gap>5.0m) myBatch=-1 curBatch=0
25.55 [STOP_CHECK][V12] road=N2C dist=19.5m (lanePos=173.3 laneLen=192.8) stopDist=5.0m speed=1.7m/s
25.55 [QUEUE_ADV][V10] dist=18.9m speed=0.0 leader=veh4 gap=0.0m gapOpened=0 (need gap>5.0m) myBatch=5 curBatch=0
25550.9ms Vehicle 3 RECEIVED AppendEntries from vehicle 7 (n_entries=0, leader_commit=2)
25551.5ms Vehicle 4 RECEIVED AppendEntries from vehicle 7 (n_entries=0, leader_commit=2)
25551.9ms Vehicle 5 RECEIVED AppendEntries from vehicle 7 (n_entries=0, leader_commit=2)
25552.2ms Vehicle 6 RECEIVED AppendEntries from vehicle 7 (n_entries=0, leader_commit=2)
25555.5ms Vehicle 9 RECEIVED AppendEntries from vehicle 7 (n_entries=0, leader_commit=2)
25.6 [STOP_CHECK][V12] road=N2C dist=19.4m (lanePos=173.4 laneLen=192.8) stopDist=5.0m speed=1.6m/s
25.65 [DBG][V12] POS roadId=N2C dist=19.4m speed=1.6m/s onApproach=YES stopped=0 phase=2 leader=0 committed=0 myBatch=-1 curBatch=0
25.65 [STOP_CHECK][V12] road=N2C dist=19.4m (lanePos=173.4 laneLen=192.8) stopDist=5.0m speed=1.6m/s
25.65 [QUEUE_ADV][V4] dist=11.9m speed=0.0 leader=veh5 gap=0.0m gapOpened=0 (need gap>5.0m) myBatch=4 curBatch=0
25.7 [STOP_CHECK][V12] road=N2C dist=19.2m (lanePos=173.6 laneLen=192.8) stopDist=5.0m speed=1.5m/s
25.7 [DBG][V12] WOS_CALC laneIdx=3 wos=0 traciLeader=veh13 gap=1.6
25.7 [STOP_CHECK][V12] QUEUED (no hard stop) dist=19.2m speed=1.5m/s road=N2C wos=0 frontVeh=-1 isLeader=0
25700.0ms Vehicle 12 QUEUED at dist=19.2m speed=1.5m/s
25740.0ms Leader 7 SENDING AppendEntries to vehicle 0 (n_entries=2, leader_commit=2)
25740.0ms Leader 7 SENDING AppendEntries to vehicle 1 (n_entries=0, leader_commit=2)
25740.0ms Leader 7 SENDING AppendEntries to vehicle 2 (n_entries=0, leader_commit=2)
25740.0ms Leader 7 SENDING AppendEntries to vehicle 3 (n_entries=0, leader_commit=2)
25740.0ms Leader 7 SENDING AppendEntries to vehicle 4 (n_entries=0, leader_commit=2)
25740.0ms Leader 7 SENDING AppendEntries to vehicle 5 (n_entries=0, leader_commit=2)
25740.0ms Leader 7 SENDING AppendEntries to vehicle 6 (n_entries=0, leader_commit=2)
25740.0ms Leader 7 SENDING AppendEntries to vehicle 8 (n_entries=0, leader_commit=2)
25740.0ms Leader 7 SENDING AppendEntries to vehicle 9 (n_entries=0, leader_commit=2)
25740.0ms Leader 7 SENDING AppendEntries to vehicle 10 (n_entries=0, leader_commit=2)
25747.5ms Vehicle 0 RECEIVED AppendEntries from vehicle 7 (n_entries=2, leader_commit=2)
25748.4ms Vehicle 2 RECEIVED AppendEntries from vehicle 7 (n_entries=0, leader_commit=2)
25.75 [QUEUE_ADV][V9] dist=18.5m speed=0.0 leader=veh8 gap=0.0m gapOpened=0 (need gap>5.0m) myBatch=8 curBatch=0
25.75 [QUEUE_ADV][V6] dist=11.5m speed=0.0 leader=veh9 gap=0.0m gapOpened=0 (need gap>5.0m) myBatch=7 curBatch=0
25750.4ms Vehicle 4 RECEIVED AppendEntries from vehicle 7 (n_entries=0, leader_commit=2)
25750.9ms Vehicle 5 RECEIVED AppendEntries from vehicle 7 (n_entries=0, leader_commit=2)
25751.9ms Vehicle 6 RECEIVED AppendEntries from vehicle 7 (n_entries=0, leader_commit=2)
25753.3ms Vehicle 9 RECEIVED AppendEntries from vehicle 7 (n_entries=0, leader_commit=2)
25753.6ms Vehicle 10 RECEIVED AppendEntries from vehicle 7 (n_entries=0, leader_commit=2)
25780.0ms Vehicle 14 sendRequestVote called for node 1
25780.0ms Vehicle 14 sendRequestVote called for node 2
25780.0ms Vehicle 14 sendRequestVote called for node 3
25780.0ms Vehicle 14 sendRequestVote called for node 4
25780.0ms Vehicle 14 sendRequestVote called for node 5
25780.0ms Vehicle 14 sendRequestVote called for node 6
25780.0ms Vehicle 14 sendRequestVote called for node 7
25780.0ms Vehicle 14 sendRequestVote called for node 8
25780.0ms Vehicle 14 sendRequestVote called for node 9
25780.0ms Vehicle 14 sendRequestVote called for node 10
25780.0ms Vehicle 14 sendRequestVote called for node 11
25780.0ms Vehicle 14 sendRequestVote called for node 12
25780.0ms Vehicle 14 sendRequestVote called for node 13
25780.0ms Vehicle 14 sendRequestVote called for node 14
25840.0ms Vehicle 11 sendRequestVote called for node 1
25840.0ms Vehicle 11 sendRequestVote called for node 2
25840.0ms Vehicle 11 sendRequestVote called for node 3
25840.0ms Vehicle 11 sendRequestVote called for node 4
25840.0ms Vehicle 11 sendRequestVote called for node 5
25840.0ms Vehicle 11 sendRequestVote called for node 6
25840.0ms Vehicle 11 sendRequestVote called for node 7
25840.0ms Vehicle 11 sendRequestVote called for node 8
25840.0ms Vehicle 11 sendRequestVote called for node 9
25840.0ms Vehicle 11 sendRequestVote called for node 10
25840.0ms Vehicle 11 sendRequestVote called for node 11
25940.0ms Leader 7 SENDING AppendEntries to vehicle 0 (n_entries=2, leader_commit=2)
25940.0ms Leader 7 SENDING AppendEntries to vehicle 1 (n_entries=0, leader_commit=2)
25940.0ms Leader 7 SENDING AppendEntries to vehicle 2 (n_entries=0, leader_commit=2)
25940.0ms Leader 7 SENDING AppendEntries to vehicle 3 (n_entries=0, leader_commit=2)
25940.0ms Leader 7 SENDING AppendEntries to vehicle 4 (n_entries=0, leader_commit=2)
25940.0ms Leader 7 SENDING AppendEntries to vehicle 5 (n_entries=0, leader_commit=2)
25940.0ms Leader 7 SENDING AppendEntries to vehicle 6 (n_entries=0, leader_commit=2)
25940.0ms Leader 7 SENDING AppendEntries to vehicle 8 (n_entries=0, leader_commit=2)
25940.0ms Leader 7 SENDING AppendEntries to vehicle 9 (n_entries=0, leader_commit=2)
25940.0ms Leader 7 SENDING AppendEntries to vehicle 10 (n_entries=0, leader_commit=2)
25945.2ms Vehicle 0 RECEIVED AppendEntries from vehicle 7 (n_entries=2, leader_commit=2)
25948.1ms Vehicle 2 RECEIVED AppendEntries from vehicle 7 (n_entries=0, leader_commit=2)
25948.7ms Vehicle 3 RECEIVED AppendEntries from vehicle 7 (n_entries=0, leader_commit=2)
25949.8ms Vehicle 4 RECEIVED AppendEntries from vehicle 7 (n_entries=0, leader_commit=2)
25950.0ms Vehicle 5 RECEIVED AppendEntries from vehicle 7 (n_entries=0, leader_commit=2)
25.95 [DBG][V13] POS roadId=E2C dist=25.5m speed=0.0m/s onApproach=YES stopped=0 phase=2 leader=0 committed=0 myBatch=-1 curBatch=0
25.95 [QUEUE_ADV][V11] dist=11.5m speed=0.0 leader=veh0 gap=0.0m gapOpened=0 (need gap>5.0m) myBatch=-1 curBatch=0
25.95 [QUEUE_ADV][V2] dist=10.6m speed=0.0 leader=veh14 gap=0.0m gapOpened=0 (need gap>5.0m) myBatch=6 curBatch=0
25952.3ms Vehicle 6 RECEIVED AppendEntries from vehicle 7 (n_entries=0, leader_commit=2)
25953.5ms Vehicle 9 RECEIVED AppendEntries from vehicle 7 (n_entries=0, leader_commit=2)
25954.2ms Vehicle 10 RECEIVED AppendEntries from vehicle 7 (n_entries=0, leader_commit=2)
26140.0ms Leader 7 SENDING AppendEntries to vehicle 0 (n_entries=2, leader_commit=2)
26140.0ms Leader 7 SENDING AppendEntries to vehicle 1 (n_entries=0, leader_commit=2)
26140.0ms Leader 7 SENDING AppendEntries to vehicle 2 (n_entries=0, leader_commit=2)
26140.0ms Leader 7 SENDING AppendEntries to vehicle 3 (n_entries=0, leader_commit=2)
26140.0ms Leader 7 SENDING AppendEntries to vehicle 4 (n_entries=0, leader_commit=2)
26140.0ms Leader 7 SENDING AppendEntries to vehicle 5 (n_entries=0, leader_commit=2)
26140.0ms Leader 7 SENDING AppendEntries to vehicle 6 (n_entries=0, leader_commit=2)
26140.0ms Leader 7 SENDING AppendEntries to vehicle 8 (n_entries=0, leader_commit=2)
26140.0ms Leader 7 SENDING AppendEntries to vehicle 9 (n_entries=0, leader_commit=2)
26140.0ms Leader 7 SENDING AppendEntries to vehicle 10 (n_entries=0, leader_commit=2)
26145.4ms Vehicle 0 RECEIVED AppendEntries from vehicle 7 (n_entries=2, leader_commit=2)
26147.2ms Vehicle 2 RECEIVED AppendEntries from vehicle 7 (n_entries=0, leader_commit=2)
26147.5ms Vehicle 3 RECEIVED AppendEntries from vehicle 7 (n_entries=0, leader_commit=2)
26150.3ms Vehicle 4 RECEIVED AppendEntries from vehicle 7 (n_entries=0, leader_commit=2)
26151.0ms Vehicle 5 RECEIVED AppendEntries from vehicle 7 (n_entries=0, leader_commit=2)
26152.2ms Vehicle 6 RECEIVED AppendEntries from vehicle 7 (n_entries=0, leader_commit=2)
26153.8ms Vehicle 9 RECEIVED AppendEntries from vehicle 7 (n_entries=0, leader_commit=2)
26155.0ms Vehicle 10 RECEIVED AppendEntries from vehicle 7 (n_entries=0, leader_commit=2)
26220.0ms Vehicle 13 sendRequestVote called for node 1
26220.0ms Vehicle 13 sendRequestVote called for node 2
26220.0ms Vehicle 13 sendRequestVote called for node 3
26220.0ms Vehicle 13 sendRequestVote called for node 4
26220.0ms Vehicle 13 sendRequestVote called for node 5
26220.0ms Vehicle 13 sendRequestVote called for node 6
26220.0ms Vehicle 13 sendRequestVote called for node 7
26220.0ms Vehicle 13 sendRequestVote called for node 8
26220.0ms Vehicle 13 sendRequestVote called for node 9
26220.0ms Vehicle 13 sendRequestVote called for node 10
26220.0ms Vehicle 13 sendRequestVote called for node 11
26220.0ms Vehicle 13 sendRequestVote called for node 12
26220.0ms Vehicle 13 sendRequestVote called for node 13
26340.0ms Leader 7 SENDING AppendEntries to vehicle 0 (n_entries=2, leader_commit=2)
26340.0ms Leader 7 SENDING AppendEntries to vehicle 1 (n_entries=0, leader_commit=2)
26340.0ms Leader 7 SENDING AppendEntries to vehicle 2 (n_entries=0, leader_commit=2)
26340.0ms Leader 7 SENDING AppendEntries to vehicle 3 (n_entries=0, leader_commit=2)
26340.0ms Leader 7 SENDING AppendEntries to vehicle 4 (n_entries=0, leader_commit=2)
26340.0ms Leader 7 SENDING AppendEntries to vehicle 5 (n_entries=0, leader_commit=2)
26340.0ms Leader 7 SENDING AppendEntries to vehicle 6 (n_entries=0, leader_commit=2)
26340.0ms Leader 7 SENDING AppendEntries to vehicle 8 (n_entries=0, leader_commit=2)
26340.0ms Leader 7 SENDING AppendEntries to vehicle 9 (n_entries=0, leader_commit=2)
26340.0ms Leader 7 SENDING AppendEntries to vehicle 10 (n_entries=0, leader_commit=2)
26345.8ms Vehicle 0 RECEIVED AppendEntries from vehicle 7 (n_entries=2, leader_commit=2)
26346.7ms Vehicle 2 RECEIVED AppendEntries from vehicle 7 (n_entries=0, leader_commit=2)
26347.7ms Vehicle 3 RECEIVED AppendEntries from vehicle 7 (n_entries=0, leader_commit=2)
26349.8ms Vehicle 4 RECEIVED AppendEntries from vehicle 7 (n_entries=0, leader_commit=2)
26352.1ms Vehicle 5 RECEIVED AppendEntries from vehicle 7 (n_entries=0, leader_commit=2)
26352.9ms Vehicle 6 RECEIVED AppendEntries from vehicle 7 (n_entries=0, leader_commit=2)
26354.7ms Vehicle 9 RECEIVED AppendEntries from vehicle 7 (n_entries=0, leader_commit=2)
26355.5ms Vehicle 10 RECEIVED AppendEntries from vehicle 7 (n_entries=0, leader_commit=2)
26540.0ms Leader 7 SENDING AppendEntries to vehicle 0 (n_entries=2, leader_commit=2)
26540.0ms Leader 7 SENDING AppendEntries to vehicle 1 (n_entries=0, leader_commit=2)
26540.0ms Leader 7 SENDING AppendEntries to vehicle 2 (n_entries=0, leader_commit=2)
26540.0ms Leader 7 SENDING AppendEntries to vehicle 3 (n_entries=0, leader_commit=2)
26540.0ms Leader 7 SENDING AppendEntries to vehicle 4 (n_entries=0, leader_commit=2)
26540.0ms Leader 7 SENDING AppendEntries to vehicle 5 (n_entries=0, leader_commit=2)
26540.0ms Leader 7 SENDING AppendEntries to vehicle 6 (n_entries=0, leader_commit=2)
26540.0ms Leader 7 SENDING AppendEntries to vehicle 8 (n_entries=0, leader_commit=2)
26540.0ms Leader 7 SENDING AppendEntries to vehicle 9 (n_entries=0, leader_commit=2)
26540.0ms Leader 7 SENDING AppendEntries to vehicle 10 (n_entries=0, leader_commit=2)
26546.1ms Vehicle 0 RECEIVED AppendEntries from vehicle 7 (n_entries=2, leader_commit=2)
26549.3ms Vehicle 2 RECEIVED AppendEntries from vehicle 7 (n_entries=0, leader_commit=2)
26549.5ms Vehicle 3 RECEIVED AppendEntries from vehicle 7 (n_entries=0, leader_commit=2)
26551.0ms Vehicle 4 RECEIVED AppendEntries from vehicle 7 (n_entries=0, leader_commit=2)
26551.3ms Vehicle 5 RECEIVED AppendEntries from vehicle 7 (n_entries=0, leader_commit=2)
26553.0ms Vehicle 6 RECEIVED AppendEntries from vehicle 7 (n_entries=0, leader_commit=2)
26554.9ms Vehicle 9 RECEIVED AppendEntries from vehicle 7 (n_entries=0, leader_commit=2)
26555.8ms Vehicle 10 RECEIVED AppendEntries from vehicle 7 (n_entries=0, leader_commit=2)
26.6 [QUEUE_ADV][V14] dist=18.5m speed=0.0 leader=veh2 gap=0.0m gapOpened=0 (need gap>5.0m) myBatch=-1 curBatch=0
26.6 [QUEUE_ADV][V10] dist=18.9m speed=0.0 leader=veh4 gap=0.0m gapOpened=0 (need gap>5.0m) myBatch=5 curBatch=0
26.7 [QUEUE_ADV][V4] dist=11.9m speed=0.0 leader=veh5 gap=0.0m gapOpened=0 (need gap>5.0m) myBatch=4 curBatch=0
26740.0ms Leader 7 SENDING AppendEntries to vehicle 0 (n_entries=2, leader_commit=2)
26740.0ms Leader 7 SENDING AppendEntries to vehicle 1 (n_entries=0, leader_commit=2)
26740.0ms Leader 7 SENDING AppendEntries to vehicle 2 (n_entries=0, leader_commit=2)
26740.0ms Leader 7 SENDING AppendEntries to vehicle 3 (n_entries=0, leader_commit=2)
26740.0ms Leader 7 SENDING AppendEntries to vehicle 4 (n_entries=0, leader_commit=2)
26740.0ms Leader 7 SENDING AppendEntries to vehicle 5 (n_entries=0, leader_commit=2)
26740.0ms Leader 7 SENDING AppendEntries to vehicle 6 (n_entries=0, leader_commit=2)
26740.0ms Leader 7 SENDING AppendEntries to vehicle 8 (n_entries=0, leader_commit=2)
26740.0ms Leader 7 SENDING AppendEntries to vehicle 9 (n_entries=0, leader_commit=2)
26740.0ms Leader 7 SENDING AppendEntries to vehicle 10 (n_entries=0, leader_commit=2)
26746.9ms Vehicle 0 RECEIVED AppendEntries from vehicle 7 (n_entries=2, leader_commit=2)
26750.7ms Vehicle 2 RECEIVED AppendEntries from vehicle 7 (n_entries=0, leader_commit=2)
26751.2ms Vehicle 3 RECEIVED AppendEntries from vehicle 7 (n_entries=0, leader_commit=2)
26751.5ms Vehicle 4 RECEIVED AppendEntries from vehicle 7 (n_entries=0, leader_commit=2)
26752.8ms Vehicle 5 RECEIVED AppendEntries from vehicle 7 (n_entries=0, leader_commit=2)
26753.2ms Vehicle 6 RECEIVED AppendEntries from vehicle 7 (n_entries=0, leader_commit=2)
26755.1ms Vehicle 9 RECEIVED AppendEntries from vehicle 7 (n_entries=0, leader_commit=2)
26756.6ms Vehicle 10 RECEIVED AppendEntries from vehicle 7 (n_entries=0, leader_commit=2)
26780.0ms Vehicle 15 sendRequestVote called for node 1
26780.0ms Vehicle 15 sendRequestVote called for node 2
26780.0ms Vehicle 15 sendRequestVote called for node 3
26780.0ms Vehicle 15 sendRequestVote called for node 4
26780.0ms Vehicle 15 sendRequestVote called for node 5
26780.0ms Vehicle 15 sendRequestVote called for node 6
26780.0ms Vehicle 15 sendRequestVote called for node 7
26780.0ms Vehicle 15 sendRequestVote called for node 8
26780.0ms Vehicle 15 sendRequestVote called for node 9
26780.0ms Vehicle 15 sendRequestVote called for node 10
26780.0ms Vehicle 15 sendRequestVote called for node 11
26780.0ms Vehicle 15 sendRequestVote called for node 12
26780.0ms Vehicle 15 sendRequestVote called for node 13
26780.0ms Vehicle 15 sendRequestVote called for node 14
26780.0ms Vehicle 15 sendRequestVote called for node 15
** Event #2694400   t=26.791618616891   Elapsed: 16.0142s (0m 16s)  8% completed  (8% total)
     Speed:     ev/sec=183506   simsec/sec=0.870467   ev/simsec=210813
     Messages:  created: 2176273   present: 1047   in FES: 91
26.8 [QUEUE_ADV][V9] dist=18.5m speed=0.0 leader=veh8 gap=0.0m gapOpened=0 (need gap>5.0m) myBatch=8 curBatch=0
26.8 [QUEUE_ADV][V6] dist=11.5m speed=0.0 leader=veh9 gap=0.0m gapOpened=0 (need gap>5.0m) myBatch=7 curBatch=0
26840.0ms Vehicle 17 sendRequestVote called for node 1
26840.0ms Vehicle 17 sendRequestVote called for node 2
26840.0ms Vehicle 17 sendRequestVote called for node 3
26840.0ms Vehicle 17 sendRequestVote called for node 4
26840.0ms Vehicle 17 sendRequestVote called for node 5
26840.0ms Vehicle 17 sendRequestVote called for node 6
26840.0ms Vehicle 17 sendRequestVote called for node 7
26840.0ms Vehicle 17 sendRequestVote called for node 8
26840.0ms Vehicle 17 sendRequestVote called for node 9
26840.0ms Vehicle 17 sendRequestVote called for node 10
26840.0ms Vehicle 17 sendRequestVote called for node 11
26840.0ms Vehicle 17 sendRequestVote called for node 12
26840.0ms Vehicle 17 sendRequestVote called for node 13
26840.0ms Vehicle 17 sendRequestVote called for node 14
26840.0ms Vehicle 17 sendRequestVote called for node 15
26840.0ms Vehicle 17 sendRequestVote called for node 16
26.85 [DBG][V14] POS roadId=W2C dist=18.5m speed=0.0m/s onApproach=YES stopped=1 phase=2 leader=0 committed=0 myBatch=-1 curBatch=0
26940.0ms Leader 7 SENDING AppendEntries to vehicle 0 (n_entries=2, leader_commit=2)
26940.0ms Leader 7 SENDING AppendEntries to vehicle 1 (n_entries=0, leader_commit=2)
26940.0ms Leader 7 SENDING AppendEntries to vehicle 2 (n_entries=0, leader_commit=2)
26940.0ms Leader 7 SENDING AppendEntries to vehicle 3 (n_entries=0, leader_commit=2)
26940.0ms Leader 7 SENDING AppendEntries to vehicle 4 (n_entries=0, leader_commit=2)
26940.0ms Leader 7 SENDING AppendEntries to vehicle 5 (n_entries=0, leader_commit=2)
26940.0ms Leader 7 SENDING AppendEntries to vehicle 6 (n_entries=0, leader_commit=2)
26940.0ms Leader 7 SENDING AppendEntries to vehicle 8 (n_entries=0, leader_commit=2)
26940.0ms Leader 7 SENDING AppendEntries to vehicle 9 (n_entries=0, leader_commit=2)
26940.0ms Leader 7 SENDING AppendEntries to vehicle 10 (n_entries=0, leader_commit=2)
26945.0ms Vehicle 0 RECEIVED AppendEntries from vehicle 7 (n_entries=2, leader_commit=2)
26946.4ms Vehicle 2 RECEIVED AppendEntries from vehicle 7 (n_entries=0, leader_commit=2)
26946.6ms Vehicle 3 RECEIVED AppendEntries from vehicle 7 (n_entries=0, leader_commit=2)
26948.4ms Vehicle 5 RECEIVED AppendEntries from vehicle 7 (n_entries=0, leader_commit=2)
26949.3ms Vehicle 6 RECEIVED AppendEntries from vehicle 7 (n_entries=0, leader_commit=2)
26952.2ms Vehicle 9 RECEIVED AppendEntries from vehicle 7 (n_entries=0, leader_commit=2)
26953.0ms Vehicle 10 RECEIVED AppendEntries from vehicle 7 (n_entries=0, leader_commit=2)
26960.0ms Vehicle 11 sendRequestVote called for node 1
26960.0ms Vehicle 11 sendRequestVote called for node 2
26960.0ms Vehicle 11 sendRequestVote called for node 3
26960.0ms Vehicle 11 sendRequestVote called for node 4
26960.0ms Vehicle 11 sendRequestVote called for node 5
26960.0ms Vehicle 11 sendRequestVote called for node 6
26960.0ms Vehicle 11 sendRequestVote called for node 7
26960.0ms Vehicle 11 sendRequestVote called for node 8
26960.0ms Vehicle 11 sendRequestVote called for node 9
26960.0ms Vehicle 11 sendRequestVote called for node 10
26960.0ms Vehicle 11 sendRequestVote called for node 11
27 [QUEUE_ADV][V12] dist=18.1m speed=0.5 leader=veh13 gap=0.5m gapOpened=0 (need gap>5.0m) myBatch=-1 curBatch=0
27 [QUEUE_ADV][V11] dist=11.5m speed=0.0 leader=veh0 gap=0.0m gapOpened=0 (need gap>5.0m) myBatch=-1 curBatch=0
27 [QUEUE_ADV][V2] dist=10.6m speed=0.0 leader=veh14 gap=0.0m gapOpened=0 (need gap>5.0m) myBatch=6 curBatch=0
27.05 [DBG][V15] POS roadId=S2C dist=25.9m speed=0.0m/s onApproach=YES stopped=0 phase=2 leader=0 committed=0 myBatch=-1 curBatch=0
27140.0ms Leader 7 SENDING AppendEntries to vehicle 0 (n_entries=2, leader_commit=2)
27140.0ms Leader 7 SENDING AppendEntries to vehicle 1 (n_entries=0, leader_commit=2)
27140.0ms Leader 7 SENDING AppendEntries to vehicle 2 (n_entries=0, leader_commit=2)
27140.0ms Leader 7 SENDING AppendEntries to vehicle 3 (n_entries=0, leader_commit=2)
27140.0ms Leader 7 SENDING AppendEntries to vehicle 4 (n_entries=0, leader_commit=2)
27140.0ms Leader 7 SENDING AppendEntries to vehicle 5 (n_entries=0, leader_commit=2)
27140.0ms Leader 7 SENDING AppendEntries to vehicle 6 (n_entries=0, leader_commit=2)
27140.0ms Leader 7 SENDING AppendEntries to vehicle 8 (n_entries=0, leader_commit=2)
27140.0ms Leader 7 SENDING AppendEntries to vehicle 9 (n_entries=0, leader_commit=2)
27140.0ms Leader 7 SENDING AppendEntries to vehicle 10 (n_entries=0, leader_commit=2)
27145.5ms Vehicle 0 RECEIVED AppendEntries from vehicle 7 (n_entries=2, leader_commit=2)
27147.2ms Vehicle 2 RECEIVED AppendEntries from vehicle 7 (n_entries=0, leader_commit=2)
27148.3ms Vehicle 3 RECEIVED AppendEntries from vehicle 7 (n_entries=0, leader_commit=2)
27148.5ms Vehicle 4 RECEIVED AppendEntries from vehicle 7 (n_entries=0, leader_commit=2)
27148.7ms Vehicle 5 RECEIVED AppendEntries from vehicle 7 (n_entries=0, leader_commit=2)
27151.3ms Vehicle 6 RECEIVED AppendEntries from vehicle 7 (n_entries=0, leader_commit=2)
27153.5ms Vehicle 9 RECEIVED AppendEntries from vehicle 7 (n_entries=0, leader_commit=2)
27153.7ms Vehicle 10 RECEIVED AppendEntries from vehicle 7 (n_entries=0, leader_commit=2)
27280.0ms Vehicle 14 sendRequestVote called for node 1
27280.0ms Vehicle 14 sendRequestVote called for node 2
27280.0ms Vehicle 14 sendRequestVote called for node 3
27280.0ms Vehicle 14 sendRequestVote called for node 4
27280.0ms Vehicle 14 sendRequestVote called for node 5
27280.0ms Vehicle 14 sendRequestVote called for node 6
27280.0ms Vehicle 14 sendRequestVote called for node 7
27280.0ms Vehicle 14 sendRequestVote called for node 8
27280.0ms Vehicle 14 sendRequestVote called for node 9
27280.0ms Vehicle 14 sendRequestVote called for node 10
27280.0ms Vehicle 14 sendRequestVote called for node 11
27280.0ms Vehicle 14 sendRequestVote called for node 12
27280.0ms Vehicle 14 sendRequestVote called for node 13
27280.0ms Vehicle 14 sendRequestVote called for node 14
27340.0ms Leader 7 SENDING AppendEntries to vehicle 0 (n_entries=2, leader_commit=2)
27340.0ms Leader 7 SENDING AppendEntries to vehicle 1 (n_entries=0, leader_commit=2)
27340.0ms Leader 7 SENDING AppendEntries to vehicle 2 (n_entries=0, leader_commit=2)
27340.0ms Leader 7 SENDING AppendEntries to vehicle 3 (n_entries=0, leader_commit=2)
27340.0ms Leader 7 SENDING AppendEntries to vehicle 4 (n_entries=0, leader_commit=2)
27340.0ms Leader 7 SENDING AppendEntries to vehicle 5 (n_entries=0, leader_commit=2)
27340.0ms Leader 7 SENDING AppendEntries to vehicle 6 (n_entries=0, leader_commit=2)
27340.0ms Leader 7 SENDING AppendEntries to vehicle 8 (n_entries=0, leader_commit=2)
27340.0ms Leader 7 SENDING AppendEntries to vehicle 9 (n_entries=0, leader_commit=2)
27340.0ms Leader 7 SENDING AppendEntries to vehicle 10 (n_entries=0, leader_commit=2)
27348.5ms Vehicle 2 RECEIVED AppendEntries from vehicle 7 (n_entries=0, leader_commit=2)
27350.2ms Vehicle 3 RECEIVED AppendEntries from vehicle 7 (n_entries=0, leader_commit=2)
27350.5ms Vehicle 4 RECEIVED AppendEntries from vehicle 7 (n_entries=0, leader_commit=2)
27351.6ms Vehicle 5 RECEIVED AppendEntries from vehicle 7 (n_entries=0, leader_commit=2)
27352.2ms Vehicle 6 RECEIVED AppendEntries from vehicle 7 (n_entries=0, leader_commit=2)
27353.4ms Vehicle 9 RECEIVED AppendEntries from vehicle 7 (n_entries=0, leader_commit=2)
27353.6ms Vehicle 10 RECEIVED AppendEntries from vehicle 7 (n_entries=0, leader_commit=2)
27540.0ms Leader 7 SENDING AppendEntries to vehicle 0 (n_entries=2, leader_commit=2)
27540.0ms Leader 7 SENDING AppendEntries to vehicle 1 (n_entries=0, leader_commit=2)
27540.0ms Leader 7 SENDING AppendEntries to vehicle 2 (n_entries=0, leader_commit=2)
27540.0ms Leader 7 SENDING AppendEntries to vehicle 3 (n_entries=0, leader_commit=2)
27540.0ms Leader 7 SENDING AppendEntries to vehicle 4 (n_entries=0, leader_commit=2)
27540.0ms Leader 7 SENDING AppendEntries to vehicle 5 (n_entries=0, leader_commit=2)
27540.0ms Leader 7 SENDING AppendEntries to vehicle 6 (n_entries=0, leader_commit=2)
27540.0ms Leader 7 SENDING AppendEntries to vehicle 8 (n_entries=0, leader_commit=2)
27540.0ms Leader 7 SENDING AppendEntries to vehicle 9 (n_entries=0, leader_commit=2)
27540.0ms Leader 7 SENDING AppendEntries to vehicle 10 (n_entries=0, leader_commit=2)
27550.4ms Vehicle 3 RECEIVED AppendEntries from vehicle 7 (n_entries=0, leader_commit=2)
27550.8ms Vehicle 4 RECEIVED AppendEntries from vehicle 7 (n_entries=0, leader_commit=2)
27551.7ms Vehicle 5 RECEIVED AppendEntries from vehicle 7 (n_entries=0, leader_commit=2)
27552.4ms Vehicle 6 RECEIVED AppendEntries from vehicle 7 (n_entries=0, leader_commit=2)
27553.3ms Vehicle 9 RECEIVED AppendEntries from vehicle 7 (n_entries=0, leader_commit=2)
27553.5ms Vehicle 10 RECEIVED AppendEntries from vehicle 7 (n_entries=0, leader_commit=2)
27560.0ms Vehicle 13 sendRequestVote called for node 1
27560.0ms Vehicle 13 sendRequestVote called for node 2
27560.0ms Vehicle 13 sendRequestVote called for node 3
27560.0ms Vehicle 13 sendRequestVote called for node 4
27560.0ms Vehicle 13 sendRequestVote called for node 5
27560.0ms Vehicle 13 sendRequestVote called for node 6
27560.0ms Vehicle 13 sendRequestVote called for node 7
27560.0ms Vehicle 13 sendRequestVote called for node 8
27560.0ms Vehicle 13 sendRequestVote called for node 9
27560.0ms Vehicle 13 sendRequestVote called for node 10
27560.0ms Vehicle 13 sendRequestVote called for node 11
27560.0ms Vehicle 13 sendRequestVote called for node 12
27560.0ms Vehicle 13 sendRequestVote called for node 13
27600.0ms Vehicle 11 sendRequestVote called for node 1
27600.0ms Vehicle 11 sendRequestVote called for node 2
27600.0ms Vehicle 11 sendRequestVote called for node 3
27600.0ms Vehicle 11 sendRequestVote called for node 4
27600.0ms Vehicle 11 sendRequestVote called for node 5
27600.0ms Vehicle 11 sendRequestVote called for node 6
27600.0ms Vehicle 11 sendRequestVote called for node 7
27600.0ms Vehicle 11 sendRequestVote called for node 8
27600.0ms Vehicle 11 sendRequestVote called for node 9
27600.0ms Vehicle 11 sendRequestVote called for node 10
27600.0ms Vehicle 11 sendRequestVote called for node 11
27.65 [QUEUE_ADV][V14] dist=18.5m speed=0.0 leader=veh2 gap=0.0m gapOpened=0 (need gap>5.0m) myBatch=-1 curBatch=0
27.65 [QUEUE_ADV][V10] dist=18.9m speed=0.0 leader=veh4 gap=0.0m gapOpened=0 (need gap>5.0m) myBatch=5 curBatch=0
27740.0ms Leader 7 SENDING AppendEntries to vehicle 0 (n_entries=2, leader_commit=2)
27740.0ms Leader 7 SENDING AppendEntries to vehicle 1 (n_entries=0, leader_commit=2)
27740.0ms Leader 7 SENDING AppendEntries to vehicle 2 (n_entries=0, leader_commit=2)
27740.0ms Leader 7 SENDING AppendEntries to vehicle 3 (n_entries=0, leader_commit=2)
27740.0ms Leader 7 SENDING AppendEntries to vehicle 4 (n_entries=0, leader_commit=2)
27740.0ms Leader 7 SENDING AppendEntries to vehicle 5 (n_entries=0, leader_commit=2)
27740.0ms Leader 7 SENDING AppendEntries to vehicle 6 (n_entries=0, leader_commit=2)
27740.0ms Leader 7 SENDING AppendEntries to vehicle 8 (n_entries=0, leader_commit=2)
27740.0ms Leader 7 SENDING AppendEntries to vehicle 9 (n_entries=0, leader_commit=2)
27740.0ms Leader 7 SENDING AppendEntries to vehicle 10 (n_entries=0, leader_commit=2)
27747.1ms Vehicle 0 RECEIVED AppendEntries from vehicle 7 (n_entries=2, leader_commit=2)
27749.4ms Vehicle 2 RECEIVED AppendEntries from vehicle 7 (n_entries=0, leader_commit=2)
27.75 [QUEUE_ADV][V4] dist=11.9m speed=0.0 leader=veh5 gap=0.0m gapOpened=0 (need gap>5.0m) myBatch=4 curBatch=0
27750.2ms Vehicle 3 RECEIVED AppendEntries from vehicle 7 (n_entries=0, leader_commit=2)
27750.4ms Vehicle 4 RECEIVED AppendEntries from vehicle 7 (n_entries=0, leader_commit=2)
27751.9ms Vehicle 5 RECEIVED AppendEntries from vehicle 7 (n_entries=0, leader_commit=2)
27752.8ms Vehicle 6 RECEIVED AppendEntries from vehicle 7 (n_entries=0, leader_commit=2)
27754.5ms Vehicle 9 RECEIVED AppendEntries from vehicle 7 (n_entries=0, leader_commit=2)
27755.4ms Vehicle 10 RECEIVED AppendEntries from vehicle 7 (n_entries=0, leader_commit=2)
27.85 [QUEUE_ADV][V9] dist=18.5m speed=0.0 leader=veh8 gap=0.0m gapOpened=0 (need gap>5.0m) myBatch=8 curBatch=0
27.85 [QUEUE_ADV][V6] dist=11.5m speed=0.0 leader=veh9 gap=0.0m gapOpened=0 (need gap>5.0m) myBatch=7 curBatch=0
27940.0ms Leader 7 SENDING AppendEntries to vehicle 0 (n_entries=2, leader_commit=2)
27940.0ms Leader 7 SENDING AppendEntries to vehicle 1 (n_entries=0, leader_commit=2)
27940.0ms Leader 7 SENDING AppendEntries to vehicle 2 (n_entries=0, leader_commit=2)
27940.0ms Leader 7 SENDING AppendEntries to vehicle 3 (n_entries=0, leader_commit=2)
27940.0ms Leader 7 SENDING AppendEntries to vehicle 4 (n_entries=0, leader_commit=2)
27940.0ms Leader 7 SENDING AppendEntries to vehicle 5 (n_entries=0, leader_commit=2)
27940.0ms Leader 7 SENDING AppendEntries to vehicle 6 (n_entries=0, leader_commit=2)
27940.0ms Leader 7 SENDING AppendEntries to vehicle 8 (n_entries=0, leader_commit=2)
27940.0ms Leader 7 SENDING AppendEntries to vehicle 9 (n_entries=0, leader_commit=2)
27940.0ms Leader 7 SENDING AppendEntries to vehicle 10 (n_entries=0, leader_commit=2)
27947.2ms Vehicle 2 RECEIVED AppendEntries from vehicle 7 (n_entries=0, leader_commit=2)
27949.4ms Vehicle 4 RECEIVED AppendEntries from vehicle 7 (n_entries=0, leader_commit=2)
27949.8ms Vehicle 5 RECEIVED AppendEntries from vehicle 7 (n_entries=0, leader_commit=2)
27950.0ms Vehicle 6 RECEIVED AppendEntries from vehicle 7 (n_entries=0, leader_commit=2)
27951.5ms Vehicle 9 RECEIVED AppendEntries from vehicle 7 (n_entries=0, leader_commit=2)
28.05 [QUEUE_ADV][V12] dist=17.8m speed=0.2 leader=veh13 gap=0.2m gapOpened=0 (need gap>5.0m) myBatch=-1 curBatch=0
28.05 [QUEUE_ADV][V11] dist=11.5m speed=0.0 leader=veh0 gap=0.0m gapOpened=0 (need gap>5.0m) myBatch=-1 curBatch=0
28.05 [QUEUE_ADV][V2] dist=10.6m speed=0.0 leader=veh14 gap=0.0m gapOpened=0 (need gap>5.0m) myBatch=6 curBatch=0
28.1 [DBG][V17] POS roadId=C2S dist=71.4m speed=22.9m/s onApproach=NO stopped=0 phase=2 leader=0 committed=0 myBatch=-1 curBatch=0
28140.0ms Leader 7 SENDING AppendEntries to vehicle 0 (n_entries=2, leader_commit=2)
28140.0ms Leader 7 SENDING AppendEntries to vehicle 1 (n_entries=0, leader_commit=2)
28140.0ms Leader 7 SENDING AppendEntries to vehicle 2 (n_entries=0, leader_commit=2)
28140.0ms Leader 7 SENDING AppendEntries to vehicle 3 (n_entries=0, leader_commit=2)
28140.0ms Leader 7 SENDING AppendEntries to vehicle 4 (n_entries=0, leader_commit=2)
28140.0ms Leader 7 SENDING AppendEntries to vehicle 5 (n_entries=0, leader_commit=2)
28140.0ms Leader 7 SENDING AppendEntries to vehicle 6 (n_entries=0, leader_commit=2)
28140.0ms Leader 7 SENDING AppendEntries to vehicle 8 (n_entries=0, leader_commit=2)
28140.0ms Leader 7 SENDING AppendEntries to vehicle 9 (n_entries=0, leader_commit=2)
28140.0ms Leader 7 SENDING AppendEntries to vehicle 10 (n_entries=0, leader_commit=2)
28146.4ms Vehicle 0 RECEIVED AppendEntries from vehicle 7 (n_entries=2, leader_commit=2)
28148.8ms Vehicle 2 RECEIVED AppendEntries from vehicle 7 (n_entries=0, leader_commit=2)
28149.0ms Vehicle 3 RECEIVED AppendEntries from vehicle 7 (n_entries=0, leader_commit=2)
28149.6ms Vehicle 4 RECEIVED AppendEntries from vehicle 7 (n_entries=0, leader_commit=2)
28151.3ms Vehicle 5 RECEIVED AppendEntries from vehicle 7 (n_entries=0, leader_commit=2)
28151.9ms Vehicle 6 RECEIVED AppendEntries from vehicle 7 (n_entries=0, leader_commit=2)
28153.9ms Vehicle 9 RECEIVED AppendEntries from vehicle 7 (n_entries=0, leader_commit=2)
28155.6ms Vehicle 10 RECEIVED AppendEntries from vehicle 7 (n_entries=0, leader_commit=2)
28220.0ms Vehicle 11 sendRequestVote called for node 1
28220.0ms Vehicle 11 sendRequestVote called for node 2
28220.0ms Vehicle 11 sendRequestVote called for node 3
28220.0ms Vehicle 11 sendRequestVote called for node 4
28220.0ms Vehicle 11 sendRequestVote called for node 5
28220.0ms Vehicle 11 sendRequestVote called for node 6
28220.0ms Vehicle 11 sendRequestVote called for node 7
28220.0ms Vehicle 11 sendRequestVote called for node 8
28220.0ms Vehicle 11 sendRequestVote called for node 9
28220.0ms Vehicle 11 sendRequestVote called for node 10
28220.0ms Vehicle 11 sendRequestVote called for node 11
28340.0ms Leader 7 SENDING AppendEntries to vehicle 0 (n_entries=2, leader_commit=2)
28340.0ms Leader 7 SENDING AppendEntries to vehicle 1 (n_entries=0, leader_commit=2)
28340.0ms Leader 7 SENDING AppendEntries to vehicle 2 (n_entries=0, leader_commit=2)
28340.0ms Leader 7 SENDING AppendEntries to vehicle 3 (n_entries=0, leader_commit=2)
28340.0ms Leader 7 SENDING AppendEntries to vehicle 4 (n_entries=0, leader_commit=2)
28340.0ms Leader 7 SENDING AppendEntries to vehicle 5 (n_entries=0, leader_commit=2)
28340.0ms Leader 7 SENDING AppendEntries to vehicle 6 (n_entries=0, leader_commit=2)
28340.0ms Leader 7 SENDING AppendEntries to vehicle 8 (n_entries=0, leader_commit=2)
28340.0ms Leader 7 SENDING AppendEntries to vehicle 9 (n_entries=0, leader_commit=2)
28340.0ms Leader 7 SENDING AppendEntries to vehicle 10 (n_entries=0, leader_commit=2)
28347.4ms Vehicle 0 RECEIVED AppendEntries from vehicle 7 (n_entries=2, leader_commit=2)
28349.2ms Vehicle 2 RECEIVED AppendEntries from vehicle 7 (n_entries=0, leader_commit=2)
28350.1ms Vehicle 3 RECEIVED AppendEntries from vehicle 7 (n_entries=0, leader_commit=2)
28350.8ms Vehicle 4 RECEIVED AppendEntries from vehicle 7 (n_entries=0, leader_commit=2)
28351.1ms Vehicle 5 RECEIVED AppendEntries from vehicle 7 (n_entries=0, leader_commit=2)
28354.3ms Vehicle 9 RECEIVED AppendEntries from vehicle 7 (n_entries=0, leader_commit=2)
28354.9ms Vehicle 10 RECEIVED AppendEntries from vehicle 7 (n_entries=0, leader_commit=2)
28400.0ms Vehicle 17 sendRequestVote called for node 1
28400.0ms Vehicle 17 sendRequestVote called for node 2
28400.0ms Vehicle 17 sendRequestVote called for node 3
28400.0ms Vehicle 17 sendRequestVote called for node 4
28400.0ms Vehicle 17 sendRequestVote called for node 5
28400.0ms Vehicle 17 sendRequestVote called for node 6
28400.0ms Vehicle 17 sendRequestVote called for node 7
28400.0ms Vehicle 17 sendRequestVote called for node 8
28400.0ms Vehicle 17 sendRequestVote called for node 9
28400.0ms Vehicle 17 sendRequestVote called for node 10
28400.0ms Vehicle 17 sendRequestVote called for node 11
28400.0ms Vehicle 17 sendRequestVote called for node 12
28400.0ms Vehicle 17 sendRequestVote called for node 13
28400.0ms Vehicle 17 sendRequestVote called for node 14
28400.0ms Vehicle 17 sendRequestVote called for node 15
28400.0ms Vehicle 17 sendRequestVote called for node 16
28.44 [DBG][V7] BATCH SAFETY FALLBACK FIRED for batch 2 curBatch=0 hasPassedIntersection=0
28440.0ms Vehicle 7 BATCH SAFETY FALLBACK (lost VEHICLE_LEFT?) for batch 2
28.44 [DBG][V7] RESUME_MOVEMENT called hasStopped=1 myBatch=2 curBatch=2 isLeader=1 fallback=0
28440.0ms Vehicle 7 RESUMING movement
** Event #3066112   t=28.490770609464   Elapsed: 18.0147s (0m 18s)  9% completed  (9% total)
     Speed:     ev/sec=185807   simsec/sec=0.849352   ev/simsec=218763
     Messages:  created: 2476827   present: 1026   in FES: 68
28540.0ms Leader 7 SENDING AppendEntries to vehicle 0 (n_entries=2, leader_commit=2)
28540.0ms Leader 7 SENDING AppendEntries to vehicle 1 (n_entries=0, leader_commit=2)
28540.0ms Leader 7 SENDING AppendEntries to vehicle 2 (n_entries=0, leader_commit=2)
28540.0ms Leader 7 SENDING AppendEntries to vehicle 3 (n_entries=0, leader_commit=2)
28540.0ms Leader 7 SENDING AppendEntries to vehicle 4 (n_entries=0, leader_commit=2)
28540.0ms Leader 7 SENDING AppendEntries to vehicle 5 (n_entries=0, leader_commit=2)
28540.0ms Leader 7 SENDING AppendEntries to vehicle 6 (n_entries=0, leader_commit=2)
28540.0ms Leader 7 SENDING AppendEntries to vehicle 8 (n_entries=0, leader_commit=2)
28540.0ms Leader 7 SENDING AppendEntries to vehicle 9 (n_entries=0, leader_commit=2)
28540.0ms Leader 7 SENDING AppendEntries to vehicle 10 (n_entries=0, leader_commit=2)
28545.1ms Vehicle 0 RECEIVED AppendEntries from vehicle 7 (n_entries=2, leader_commit=2)
28548.7ms Vehicle 2 RECEIVED AppendEntries from vehicle 7 (n_entries=0, leader_commit=2)
28550.5ms Vehicle 3 RECEIVED AppendEntries from vehicle 7 (n_entries=0, leader_commit=2)
28551.6ms Vehicle 4 RECEIVED AppendEntries from vehicle 7 (n_entries=0, leader_commit=2)
28552.9ms Vehicle 5 RECEIVED AppendEntries from vehicle 7 (n_entries=0, leader_commit=2)
28553.7ms Vehicle 6 RECEIVED AppendEntries from vehicle 7 (n_entries=0, leader_commit=2)
28555.2ms Vehicle 9 RECEIVED AppendEntries from vehicle 7 (n_entries=0, leader_commit=2)
28555.5ms Vehicle 10 RECEIVED AppendEntries from vehicle 7 (n_entries=0, leader_commit=2)
28.56 [DBG][V3] BATCH SAFETY FALLBACK FIRED for batch 2 curBatch=0 hasPassedIntersection=0
28560.0ms Vehicle 3 BATCH SAFETY FALLBACK (lost VEHICLE_LEFT?) for batch 2
28.56 [DBG][V3] RESUME_MOVEMENT called hasStopped=1 myBatch=2 curBatch=2 isLeader=0 fallback=0
28560.0ms Vehicle 3 RESUMING movement
28620.0ms Vehicle 14 sendRequestVote called for node 1
28620.0ms Vehicle 14 sendRequestVote called for node 2
28620.0ms Vehicle 14 sendRequestVote called for node 3
28620.0ms Vehicle 14 sendRequestVote called for node 4
28620.0ms Vehicle 14 sendRequestVote called for node 5
28620.0ms Vehicle 14 sendRequestVote called for node 6
28620.0ms Vehicle 14 sendRequestVote called for node 7
28620.0ms Vehicle 14 sendRequestVote called for node 8
28620.0ms Vehicle 14 sendRequestVote called for node 9
28620.0ms Vehicle 14 sendRequestVote called for node 10
28620.0ms Vehicle 14 sendRequestVote called for node 11
28620.0ms Vehicle 14 sendRequestVote called for node 12
28620.0ms Vehicle 14 sendRequestVote called for node 13
28620.0ms Vehicle 14 sendRequestVote called for node 14
28.7 [QUEUE_ADV][V14] dist=18.5m speed=0.0 leader=veh2 gap=0.0m gapOpened=0 (need gap>5.0m) myBatch=-1 curBatch=0
28.7 [QUEUE_ADV][V10] dist=18.9m speed=0.0 leader=veh4 gap=0.0m gapOpened=0 (need gap>5.0m) myBatch=5 curBatch=0
28.7 [QUEUE_ADV][V6] RELEASING - front moved, taking place dist=11.4m gap=6.8m
28700.0ms Vehicle 6 QUEUE ADVANCE (TraCI): gap=6.8m dist=11.4m leader=veh9
28740.0ms Leader 7 SENDING AppendEntries to vehicle 0 (n_entries=2, leader_commit=2)
28740.0ms Leader 7 SENDING AppendEntries to vehicle 1 (n_entries=0, leader_commit=2)
28740.0ms Leader 7 SENDING AppendEntries to vehicle 2 (n_entries=0, leader_commit=2)
28740.0ms Leader 7 SENDING AppendEntries to vehicle 3 (n_entries=0, leader_commit=2)
28740.0ms Leader 7 SENDING AppendEntries to vehicle 4 (n_entries=0, leader_commit=2)
28740.0ms Leader 7 SENDING AppendEntries to vehicle 5 (n_entries=0, leader_commit=2)
28740.0ms Leader 7 SENDING AppendEntries to vehicle 6 (n_entries=0, leader_commit=2)
28740.0ms Leader 7 SENDING AppendEntries to vehicle 8 (n_entries=0, leader_commit=2)
28740.0ms Leader 7 SENDING AppendEntries to vehicle 9 (n_entries=0, leader_commit=2)
28740.0ms Leader 7 SENDING AppendEntries to vehicle 10 (n_entries=0, leader_commit=2)
28748.3ms Vehicle 2 RECEIVED AppendEntries from vehicle 7 (n_entries=0, leader_commit=2)
28749.5ms Vehicle 3 RECEIVED AppendEntries from vehicle 7 (n_entries=0, leader_commit=2)
28.75 [QUEUE_ADV][V6] RELEASING - front moved, taking place dist=11.4m gap=6.8m
28750.0ms Vehicle 6 QUEUE ADVANCE (TraCI): gap=6.8m dist=11.4m leader=veh9
28751.0ms Vehicle 4 RECEIVED AppendEntries from vehicle 7 (n_entries=0, leader_commit=2)
28752.4ms Vehicle 5 RECEIVED AppendEntries from vehicle 7 (n_entries=0, leader_commit=2)
28752.9ms Vehicle 6 RECEIVED AppendEntries from vehicle 7 (n_entries=0, leader_commit=2)
28755.4ms Vehicle 9 RECEIVED AppendEntries from vehicle 7 (n_entries=0, leader_commit=2)
28756.9ms Vehicle 10 RECEIVED AppendEntries from vehicle 7 (n_entries=0, leader_commit=2)
28.8 [QUEUE_ADV][V4] dist=11.9m speed=0.0 leader=veh5 gap=0.0m gapOpened=0 (need gap>5.0m) myBatch=4 curBatch=0
28.9 [QUEUE_ADV][V9] dist=18.5m speed=0.2 leader=veh8 gap=0.2m gapOpened=0 (need gap>5.0m) myBatch=8 curBatch=0
28920.0ms Vehicle 11 sendRequestVote called for node 1
28920.0ms Vehicle 11 sendRequestVote called for node 2
28920.0ms Vehicle 11 sendRequestVote called for node 3
28920.0ms Vehicle 11 sendRequestVote called for node 4
28920.0ms Vehicle 11 sendRequestVote called for node 5
28920.0ms Vehicle 11 sendRequestVote called for node 6
28920.0ms Vehicle 11 sendRequestVote called for node 7
28920.0ms Vehicle 11 sendRequestVote called for node 8
28920.0ms Vehicle 11 sendRequestVote called for node 9
28920.0ms Vehicle 11 sendRequestVote called for node 10
28920.0ms Vehicle 11 sendRequestVote called for node 11
28940.0ms Leader 7 SENDING AppendEntries to vehicle 0 (n_entries=2, leader_commit=2)
28940.0ms Leader 7 SENDING AppendEntries to vehicle 1 (n_entries=0, leader_commit=2)
28940.0ms Leader 7 SENDING AppendEntries to vehicle 2 (n_entries=0, leader_commit=2)
28940.0ms Leader 7 SENDING AppendEntries to vehicle 3 (n_entries=0, leader_commit=2)
28940.0ms Leader 7 SENDING AppendEntries to vehicle 4 (n_entries=0, leader_commit=2)
28940.0ms Leader 7 SENDING AppendEntries to vehicle 5 (n_entries=0, leader_commit=2)
28940.0ms Leader 7 SENDING AppendEntries to vehicle 6 (n_entries=0, leader_commit=2)
28940.0ms Leader 7 SENDING AppendEntries to vehicle 8 (n_entries=0, leader_commit=2)
28940.0ms Leader 7 SENDING AppendEntries to vehicle 9 (n_entries=0, leader_commit=2)
28940.0ms Leader 7 SENDING AppendEntries to vehicle 10 (n_entries=0, leader_commit=2)
28948.5ms Vehicle 2 RECEIVED AppendEntries from vehicle 7 (n_entries=0, leader_commit=2)
28949.4ms Vehicle 3 RECEIVED AppendEntries from vehicle 7 (n_entries=0, leader_commit=2)
28950.0ms Vehicle 4 RECEIVED AppendEntries from vehicle 7 (n_entries=0, leader_commit=2)
28950.2ms Vehicle 5 RECEIVED AppendEntries from vehicle 7 (n_entries=0, leader_commit=2)
28951.9ms Vehicle 6 RECEIVED AppendEntries from vehicle 7 (n_entries=0, leader_commit=2)
28953.7ms Vehicle 9 RECEIVED AppendEntries from vehicle 7 (n_entries=0, leader_commit=2)
28955.1ms Vehicle 10 RECEIVED AppendEntries from vehicle 7 (n_entries=0, leader_commit=2)
29.1 [QUEUE_ADV][V12] dist=17.6m speed=0.3 leader=veh13 gap=0.4m gapOpened=0 (need gap>5.0m) myBatch=-1 curBatch=0
29.1 [QUEUE_ADV][V11] dist=11.5m speed=0.0 leader=veh0 gap=0.0m gapOpened=0 (need gap>5.0m) myBatch=-1 curBatch=0
29140.0ms Vehicle 13 sendRequestVote called for node 1
29140.0ms Vehicle 13 sendRequestVote called for node 2
29140.0ms Vehicle 13 sendRequestVote called for node 3
29140.0ms Vehicle 13 sendRequestVote called for node 4
29140.0ms Vehicle 13 sendRequestVote called for node 5
29140.0ms Vehicle 13 sendRequestVote called for node 6
29140.0ms Vehicle 13 sendRequestVote called for node 7
29140.0ms Vehicle 13 sendRequestVote called for node 8
29140.0ms Vehicle 13 sendRequestVote called for node 9
29140.0ms Vehicle 13 sendRequestVote called for node 10
29140.0ms Vehicle 13 sendRequestVote called for node 11
29140.0ms Vehicle 13 sendRequestVote called for node 12
29140.0ms Vehicle 13 sendRequestVote called for node 13
29140.0ms Leader 7 SENDING AppendEntries to vehicle 0 (n_entries=2, leader_commit=2)
29140.0ms Leader 7 SENDING AppendEntries to vehicle 1 (n_entries=0, leader_commit=2)
29140.0ms Leader 7 SENDING AppendEntries to vehicle 2 (n_entries=0, leader_commit=2)
29140.0ms Leader 7 SENDING AppendEntries to vehicle 3 (n_entries=0, leader_commit=2)
29140.0ms Leader 7 SENDING AppendEntries to vehicle 4 (n_entries=0, leader_commit=2)
29140.0ms Leader 7 SENDING AppendEntries to vehicle 5 (n_entries=0, leader_commit=2)
29140.0ms Leader 7 SENDING AppendEntries to vehicle 6 (n_entries=0, leader_commit=2)
29140.0ms Leader 7 SENDING AppendEntries to vehicle 8 (n_entries=0, leader_commit=2)
29140.0ms Leader 7 SENDING AppendEntries to vehicle 9 (n_entries=0, leader_commit=2)
29140.0ms Leader 7 SENDING AppendEntries to vehicle 10 (n_entries=0, leader_commit=2)
29148.5ms Vehicle 0 RECEIVED AppendEntries from vehicle 7 (n_entries=2, leader_commit=2)
29149.3ms Vehicle 2 RECEIVED AppendEntries from vehicle 7 (n_entries=0, leader_commit=2)
29151.5ms Vehicle 3 RECEIVED AppendEntries from vehicle 7 (n_entries=0, leader_commit=2)
29151.7ms Vehicle 4 RECEIVED AppendEntries from vehicle 7 (n_entries=0, leader_commit=2)
29152.7ms Vehicle 5 RECEIVED AppendEntries from vehicle 7 (n_entries=0, leader_commit=2)
29154.1ms Vehicle 6 RECEIVED AppendEntries from vehicle 7 (n_entries=0, leader_commit=2)
29157.0ms Vehicle 10 RECEIVED AppendEntries from vehicle 7 (n_entries=0, leader_commit=2)
29.3 Vehicle 3 hasPassed=true (on exit edge C2S)
29300.0ms Vehicle 3 LEFT intersection
29300.0ms Vehicle 3 BROADCASTING vehicle-passed
29300.0ms Vehicle 3 sending vehicle-left (gossip, isLeader=0, myBatch=2, ttl=16)
29.3 Vehicle 7 hasPassed=true (on exit edge C2W)
29300.0ms Vehicle 7 LEFT intersection
29300.0ms Vehicle 7 BROADCASTING vehicle-passed
29300.0ms Vehicle 7 sending vehicle-left (gossip, isLeader=1, myBatch=2, ttl=16)
29.300286170387 [DBG][V0] VEHICLE_PASSED: V7 frontVeh=-1 myBatch=3 curBatch=0
29300.3ms Vehicle 0 RECEIVED vehicle-passed from vehicle 7
29.300286190533 [DBG][V11] VEHICLE_PASSED: V7 frontVeh=-1 myBatch=-1 curBatch=0
29300.3ms Vehicle 11 RECEIVED vehicle-passed from vehicle 7
29300.3ms Vehicle 11 RAFT node for vehicle 7 marked INACTIVE (left intersection)
29.300286213191 [DBG][V14] VEHICLE_PASSED: V7 frontVeh=-1 myBatch=-1 curBatch=0
29300.3ms Vehicle 14 RECEIVED vehicle-passed from vehicle 7
29300.3ms Vehicle 14 RAFT node for vehicle 7 marked INACTIVE (left intersection)
29.300286213665 [DBG][V2] VEHICLE_PASSED: V7 frontVeh=-1 myBatch=6 curBatch=0
29300.3ms Vehicle 2 RECEIVED vehicle-passed from vehicle 7
29300.3ms Vehicle 2 RAFT node for vehicle 7 marked INACTIVE (left intersection)
29.30028621403 [DBG][V5] VEHICLE_PASSED: V7 frontVeh=-1 myBatch=3 curBatch=0
29300.3ms Vehicle 5 RECEIVED vehicle-passed from vehicle 7
29300.3ms Vehicle 5 RAFT node for vehicle 7 marked INACTIVE (left intersection)
29.300286233862 [DBG][V4] VEHICLE_PASSED: V7 frontVeh=-1 myBatch=4 curBatch=0
29300.3ms Vehicle 4 RECEIVED vehicle-passed from vehicle 7
29300.3ms Vehicle 4 RAFT node for vehicle 7 marked INACTIVE (left intersection)
29.30028623726 [DBG][V12] VEHICLE_PASSED: V7 frontVeh=-1 myBatch=-1 curBatch=0
29300.3ms Vehicle 12 RECEIVED vehicle-passed from vehicle 7
29300.3ms Vehicle 12 RAFT node for vehicle 7 marked INACTIVE (left intersection)
29.300286245639 [DBG][V6] VEHICLE_PASSED: V7 frontVeh=-1 myBatch=7 curBatch=0
29300.3ms Vehicle 6 RECEIVED vehicle-passed from vehicle 7
29300.3ms Vehicle 6 RAFT node for vehicle 7 marked INACTIVE (left intersection)
29.300286255244 [DBG][V10] VEHICLE_PASSED: V7 frontVeh=-1 myBatch=5 curBatch=0
29300.3ms Vehicle 10 RECEIVED vehicle-passed from vehicle 7
29300.3ms Vehicle 10 RAFT node for vehicle 7 marked INACTIVE (left intersection)
29.300286271113 [DBG][V9] VEHICLE_PASSED: V7 frontVeh=-1 myBatch=8 curBatch=0
29300.3ms Vehicle 9 RECEIVED vehicle-passed from vehicle 7
29300.3ms Vehicle 9 RAFT node for vehicle 7 marked INACTIVE (left intersection)
29.30028627736 [DBG][V15] VEHICLE_PASSED: V7 frontVeh=-1 myBatch=-1 curBatch=0
29300.3ms Vehicle 15 RECEIVED vehicle-passed from vehicle 7
29300.3ms Vehicle 15 RAFT node for vehicle 7 marked INACTIVE (left intersection)
29.300286295102 [DBG][V13] VEHICLE_PASSED: V7 frontVeh=-1 myBatch=-1 curBatch=0
29300.3ms Vehicle 13 RECEIVED vehicle-passed from vehicle 7
29300.3ms Vehicle 13 RAFT node for vehicle 7 marked INACTIVE (left intersection)
29.300286682926 [DBG][V17] VEHICLE_PASSED: V7 frontVeh=16 myBatch=-1 curBatch=0
29300.3ms Vehicle 17 RECEIVED vehicle-passed from vehicle 7
29300.3ms Vehicle 17 RAFT node for vehicle 7 marked INACTIVE (left intersection)
29.300514214062 [DBG][V5] VEHICLE_PASSED: V3 frontVeh=-1 myBatch=3 curBatch=0
29300.5ms Vehicle 5 RECEIVED vehicle-passed from vehicle 3
29300.5ms Vehicle 5 RAFT node for vehicle 3 marked INACTIVE (left intersection)
29.300514234321 [DBG][V0] VEHICLE_PASSED: V3 frontVeh=-1 myBatch=3 curBatch=0
29300.5ms Vehicle 0 RECEIVED vehicle-passed from vehicle 3
29.300514235515 [DBG][V4] VEHICLE_PASSED: V3 frontVeh=-1 myBatch=4 curBatch=0
29300.5ms Vehicle 4 RECEIVED vehicle-passed from vehicle 3
29300.5ms Vehicle 4 RAFT node for vehicle 3 marked INACTIVE (left intersection)
29.300514255637 [DBG][V11] VEHICLE_PASSED: V3 frontVeh=-1 myBatch=-1 curBatch=0
29300.5ms Vehicle 11 RECEIVED vehicle-passed from vehicle 3
29300.5ms Vehicle 11 RAFT node for vehicle 3 marked INACTIVE (left intersection)
29.300514258335 [DBG][V10] VEHICLE_PASSED: V3 frontVeh=-1 myBatch=5 curBatch=0
29300.5ms Vehicle 10 RECEIVED vehicle-passed from vehicle 3
29300.5ms Vehicle 10 RAFT node for vehicle 3 marked INACTIVE (left intersection)
29.300514266934 [DBG][V6] VEHICLE_PASSED: V3 frontVeh=-1 myBatch=7 curBatch=0
29300.5ms Vehicle 6 RECEIVED vehicle-passed from vehicle 3
29300.5ms Vehicle 6 RAFT node for vehicle 3 marked INACTIVE (left intersection)
29.300514277563 [DBG][V2] VEHICLE_PASSED: V3 frontVeh=-1 myBatch=6 curBatch=0
29300.5ms Vehicle 2 RECEIVED vehicle-passed from vehicle 3
29300.5ms Vehicle 2 RAFT node for vehicle 3 marked INACTIVE (left intersection)
29.300514278064 [DBG][V14] VEHICLE_PASSED: V3 frontVeh=-1 myBatch=-1 curBatch=0
29300.5ms Vehicle 14 RECEIVED vehicle-passed from vehicle 3
29300.5ms Vehicle 14 RAFT node for vehicle 3 marked INACTIVE (left intersection)
29.300514281444 [DBG][V15] VEHICLE_PASSED: V3 frontVeh=-1 myBatch=-1 curBatch=0
29300.5ms Vehicle 15 RECEIVED vehicle-passed from vehicle 3
29300.5ms Vehicle 15 RAFT node for vehicle 3 marked INACTIVE (left intersection)
29.300514290615 [DBG][V9] VEHICLE_PASSED: V3 frontVeh=-1 myBatch=8 curBatch=0
29300.5ms Vehicle 9 RECEIVED vehicle-passed from vehicle 3
29300.5ms Vehicle 9 RAFT node for vehicle 3 marked INACTIVE (left intersection)
29.300514302858 [DBG][V12] VEHICLE_PASSED: V3 frontVeh=-1 myBatch=-1 curBatch=0
29300.5ms Vehicle 12 RECEIVED vehicle-passed from vehicle 3
29300.5ms Vehicle 12 RAFT node for vehicle 3 marked INACTIVE (left intersection)
29.3005143136 [DBG][V13] VEHICLE_PASSED: V3 frontVeh=-1 myBatch=-1 curBatch=0
29300.5ms Vehicle 13 RECEIVED vehicle-passed from vehicle 3
29300.5ms Vehicle 13 RAFT node for vehicle 3 marked INACTIVE (left intersection)
29.300514690997 [DBG][V17] VEHICLE_PASSED: V3 frontVeh=16 myBatch=-1 curBatch=0
29300.5ms Vehicle 17 RECEIVED vehicle-passed from vehicle 3
29300.5ms Vehicle 17 RAFT node for vehicle 3 marked INACTIVE (left intersection)
29.300774214062 [DBG][V5] VEHICLE_LEFT_GOSSIP: V3 batch=2 ttl=16 curBatch=0 vehiclesLeftSoFar=[]
29300.8ms Vehicle 5 RECEIVED vehicle-left (gossip) from vehicle 3
29300.8ms Vehicle 5 RAFT node for vehicle 3 marked INACTIVE (left intersection)
29.300774214062 [DBG][V5] CHECK_BATCH_ADVANCE curBatch=0 allLeft=0 missing=[0 8 ] vehiclesLeft=[3 ]
29.300774234321 [DBG][V0] VEHICLE_LEFT_GOSSIP: V3 batch=2 ttl=16 curBatch=0 vehiclesLeftSoFar=[]
29300.8ms Vehicle 0 RECEIVED vehicle-left (gossip) from vehicle 3
29.300774234321 [DBG][V0] CHECK_BATCH_ADVANCE curBatch=0 allLeft=0 missing=[1 8 ] vehiclesLeft=[3 ]
29.300774235515 [DBG][V4] VEHICLE_LEFT_GOSSIP: V3 batch=2 ttl=16 curBatch=0 vehiclesLeftSoFar=[]
29300.8ms Vehicle 4 RECEIVED vehicle-left (gossip) from vehicle 3
29300.8ms Vehicle 4 RAFT node for vehicle 3 marked INACTIVE (left intersection)
29.300774235515 [DBG][V4] CHECK_BATCH_ADVANCE curBatch=0 allLeft=0 missing=[0 8 ] vehiclesLeft=[3 ]
29.300774255637 [DBG][V11] VEHICLE_LEFT_GOSSIP: V3 batch=2 ttl=16 curBatch=0 vehiclesLeftSoFar=[]
29300.8ms Vehicle 11 RECEIVED vehicle-left (gossip) from vehicle 3
29300.8ms Vehicle 11 RAFT node for vehicle 3 marked INACTIVE (left intersection)
29.300774258335 [DBG][V10] VEHICLE_LEFT_GOSSIP: V3 batch=2 ttl=16 curBatch=0 vehiclesLeftSoFar=[]
29300.8ms Vehicle 10 RECEIVED vehicle-left (gossip) from vehicle 3
29300.8ms Vehicle 10 RAFT node for vehicle 3 marked INACTIVE (left intersection)
29.300774258335 [DBG][V10] CHECK_BATCH_ADVANCE curBatch=0 allLeft=0 missing=[0 8 ] vehiclesLeft=[3 ]
29.300774266934 [DBG][V6] VEHICLE_LEFT_GOSSIP: V3 batch=2 ttl=16 curBatch=0 vehiclesLeftSoFar=[]
29300.8ms Vehicle 6 RECEIVED vehicle-left (gossip) from vehicle 3
29300.8ms Vehicle 6 RAFT node for vehicle 3 marked INACTIVE (left intersection)
29.300774266934 [DBG][V6] CHECK_BATCH_ADVANCE curBatch=0 allLeft=0 missing=[0 8 ] vehiclesLeft=[3 ]
29.300774277563 [DBG][V2] VEHICLE_LEFT_GOSSIP: V3 batch=2 ttl=16 curBatch=0 vehiclesLeftSoFar=[]
29300.8ms Vehicle 2 RECEIVED vehicle-left (gossip) from vehicle 3
29300.8ms Vehicle 2 RAFT node for vehicle 3 marked INACTIVE (left intersection)
29.300774277563 [DBG][V2] CHECK_BATCH_ADVANCE curBatch=0 allLeft=0 missing=[0 8 ] vehiclesLeft=[3 ]
29.300774278064 [DBG][V14] VEHICLE_LEFT_GOSSIP: V3 batch=2 ttl=16 curBatch=0 vehiclesLeftSoFar=[]
29300.8ms Vehicle 14 RECEIVED vehicle-left (gossip) from vehicle 3
29300.8ms Vehicle 14 RAFT node for vehicle 3 marked INACTIVE (left intersection)
29.300774281444 [DBG][V15] VEHICLE_LEFT_GOSSIP: V3 batch=2 ttl=16 curBatch=0 vehiclesLeftSoFar=[]
29300.8ms Vehicle 15 RECEIVED vehicle-left (gossip) from vehicle 3
29300.8ms Vehicle 15 RAFT node for vehicle 3 marked INACTIVE (left intersection)
29.300774290615 [DBG][V9] VEHICLE_LEFT_GOSSIP: V3 batch=2 ttl=16 curBatch=0 vehiclesLeftSoFar=[]
29300.8ms Vehicle 9 RECEIVED vehicle-left (gossip) from vehicle 3
29300.8ms Vehicle 9 RAFT node for vehicle 3 marked INACTIVE (left intersection)
29.300774290615 [DBG][V9] CHECK_BATCH_ADVANCE curBatch=0 allLeft=0 missing=[0 8 ] vehiclesLeft=[3 ]
29.300774302858 [DBG][V12] VEHICLE_LEFT_GOSSIP: V3 batch=2 ttl=16 curBatch=0 vehiclesLeftSoFar=[]
29300.8ms Vehicle 12 RECEIVED vehicle-left (gossip) from vehicle 3
29300.8ms Vehicle 12 RAFT node for vehicle 3 marked INACTIVE (left intersection)
29.3007743136 [DBG][V13] VEHICLE_LEFT_GOSSIP: V3 batch=2 ttl=16 curBatch=0 vehiclesLeftSoFar=[]
29300.8ms Vehicle 13 RECEIVED vehicle-left (gossip) from vehicle 3
29300.8ms Vehicle 13 RAFT node for vehicle 3 marked INACTIVE (left intersection)
29.3009746918 [DBG][V17] VEHICLE_LEFT_GOSSIP: V3 batch=2 ttl=15 curBatch=0 vehiclesLeftSoFar=[]
29301.0ms Vehicle 17 RECEIVED vehicle-left (gossip) from vehicle 3
29301.0ms Vehicle 17 RAFT node for vehicle 3 marked INACTIVE (left intersection)
29.301174416513 [DBG][V0] VEHICLE_LEFT_GOSSIP: V7 batch=2 ttl=16 curBatch=0 vehiclesLeftSoFar=[3 ]
29301.2ms Vehicle 0 RECEIVED vehicle-left (gossip) from vehicle 7
29.301174416513 [DBG][V0] CHECK_BATCH_ADVANCE curBatch=0 allLeft=0 missing=[1 8 ] vehiclesLeft=[3 7 ]
29.301174436659 [DBG][V11] VEHICLE_LEFT_GOSSIP: V7 batch=2 ttl=16 curBatch=0 vehiclesLeftSoFar=[3 ]
29301.2ms Vehicle 11 RECEIVED vehicle-left (gossip) from vehicle 7
29301.2ms Vehicle 11 RAFT node for vehicle 7 marked INACTIVE (left intersection)
29.301174459317 [DBG][V14] VEHICLE_LEFT_GOSSIP: V7 batch=2 ttl=16 curBatch=0 vehiclesLeftSoFar=[3 ]
29301.2ms Vehicle 14 RECEIVED vehicle-left (gossip) from vehicle 7
29301.2ms Vehicle 14 RAFT node for vehicle 7 marked INACTIVE (left intersection)
29.301174459791 [DBG][V2] VEHICLE_LEFT_GOSSIP: V7 batch=2 ttl=16 curBatch=0 vehiclesLeftSoFar=[3 ]
29301.2ms Vehicle 2 RECEIVED vehicle-left (gossip) from vehicle 7
29301.2ms Vehicle 2 RAFT node for vehicle 7 marked INACTIVE (left intersection)
29.301174459791 [DBG][V2] CHECK_BATCH_ADVANCE curBatch=0 allLeft=0 missing=[0 8 ] vehiclesLeft=[3 7 ]
29.301174460156 [DBG][V5] VEHICLE_LEFT_GOSSIP: V7 batch=2 ttl=16 curBatch=0 vehiclesLeftSoFar=[3 ]
29301.2ms Vehicle 5 RECEIVED vehicle-left (gossip) from vehicle 7
29301.2ms Vehicle 5 RAFT node for vehicle 7 marked INACTIVE (left intersection)
29.301174460156 [DBG][V5] CHECK_BATCH_ADVANCE curBatch=0 allLeft=0 missing=[0 8 ] vehiclesLeft=[3 7 ]
29.301174479988 [DBG][V4] VEHICLE_LEFT_GOSSIP: V7 batch=2 ttl=16 curBatch=0 vehiclesLeftSoFar=[3 ]
29301.2ms Vehicle 4 RECEIVED vehicle-left (gossip) from vehicle 7
29301.2ms Vehicle 4 RAFT node for vehicle 7 marked INACTIVE (left intersection)
29.301174479988 [DBG][V4] CHECK_BATCH_ADVANCE curBatch=0 allLeft=0 missing=[0 8 ] vehiclesLeft=[3 7 ]
29.301174483386 [DBG][V12] VEHICLE_LEFT_GOSSIP: V7 batch=2 ttl=16 curBatch=0 vehiclesLeftSoFar=[3 ]
29301.2ms Vehicle 12 RECEIVED vehicle-left (gossip) from vehicle 7
29301.2ms Vehicle 12 RAFT node for vehicle 7 marked INACTIVE (left intersection)
29.301174491765 [DBG][V6] VEHICLE_LEFT_GOSSIP: V7 batch=2 ttl=16 curBatch=0 vehiclesLeftSoFar=[3 ]
29301.2ms Vehicle 6 RECEIVED vehicle-left (gossip) from vehicle 7
29301.2ms Vehicle 6 RAFT node for vehicle 7 marked INACTIVE (left intersection)
29.301174491765 [DBG][V6] CHECK_BATCH_ADVANCE curBatch=0 allLeft=0 missing=[0 8 ] vehiclesLeft=[3 7 ]
29.30117450137 [DBG][V10] VEHICLE_LEFT_GOSSIP: V7 batch=2 ttl=16 curBatch=0 vehiclesLeftSoFar=[3 ]
29301.2ms Vehicle 10 RECEIVED vehicle-left (gossip) from vehicle 7
29301.2ms Vehicle 10 RAFT node for vehicle 7 marked INACTIVE (left intersection)
29.30117450137 [DBG][V10] CHECK_BATCH_ADVANCE curBatch=0 allLeft=0 missing=[0 8 ] vehiclesLeft=[3 7 ]
29.301174517239 [DBG][V9] VEHICLE_LEFT_GOSSIP: V7 batch=2 ttl=16 curBatch=0 vehiclesLeftSoFar=[3 ]
29301.2ms Vehicle 9 RECEIVED vehicle-left (gossip) from vehicle 7
29301.2ms Vehicle 9 RAFT node for vehicle 7 marked INACTIVE (left intersection)
29.301174517239 [DBG][V9] CHECK_BATCH_ADVANCE curBatch=0 allLeft=0 missing=[0 8 ] vehiclesLeft=[3 7 ]
29.301174523486 [DBG][V15] VEHICLE_LEFT_GOSSIP: V7 batch=2 ttl=16 curBatch=0 vehiclesLeftSoFar=[3 ]
29301.2ms Vehicle 15 RECEIVED vehicle-left (gossip) from vehicle 7
29301.2ms Vehicle 15 RAFT node for vehicle 7 marked INACTIVE (left intersection)
29.301174541228 [DBG][V13] VEHICLE_LEFT_GOSSIP: V7 batch=2 ttl=16 curBatch=0 vehiclesLeftSoFar=[3 ]
29301.2ms Vehicle 13 RECEIVED vehicle-left (gossip) from vehicle 7
29301.2ms Vehicle 13 RAFT node for vehicle 7 marked INACTIVE (left intersection)
29.301174929052 [DBG][V17] VEHICLE_LEFT_GOSSIP: V7 batch=2 ttl=16 curBatch=0 vehiclesLeftSoFar=[3 ]
29301.2ms Vehicle 17 RECEIVED vehicle-left (gossip) from vehicle 7
29301.2ms Vehicle 17 RAFT node for vehicle 7 marked INACTIVE (left intersection)
29.301642671849 [DBG][V0] LATE_JOIN_ORDER sent to V3 assignBatch=9 currentBatch=0
29.301642671849 [DBG][V0] LATE_JOIN_ORDER sent to V7 assignBatch=9 currentBatch=0
29.30164272469 [DBG][V5] LATE_JOIN_ORDER sent to V3 assignBatch=9 currentBatch=0
29.30164272469 [DBG][V5] LATE_JOIN_ORDER sent to V7 assignBatch=9 currentBatch=0
29.301642733071 [DBG][V2] LATE_JOIN_ORDER sent to V3 assignBatch=9 currentBatch=0
29.301642733071 [DBG][V2] LATE_JOIN_ORDER sent to V7 assignBatch=9 currentBatch=0
29.301642737875 [DBG][V4] LATE_JOIN_ORDER sent to V3 assignBatch=9 currentBatch=0
29.301642737875 [DBG][V4] LATE_JOIN_ORDER sent to V7 assignBatch=9 currentBatch=0
29.30164275462 [DBG][V10] LATE_JOIN_ORDER sent to V3 assignBatch=9 currentBatch=0
29.30164275462 [DBG][V10] LATE_JOIN_ORDER sent to V7 assignBatch=9 currentBatch=0
29.301642770748 [DBG][V6] LATE_JOIN_ORDER sent to V3 assignBatch=9 currentBatch=0
29.301642770748 [DBG][V6] LATE_JOIN_ORDER sent to V7 assignBatch=9 currentBatch=0
29.301642796142 [DBG][V9] LATE_JOIN_ORDER sent to V3 assignBatch=9 currentBatch=0
29.301642796142 [DBG][V9] LATE_JOIN_ORDER sent to V7 assignBatch=9 currentBatch=0
29460.0ms Vehicle 15 sendRequestVote called for node 1
29460.0ms Vehicle 15 sendRequestVote called for node 2
29460.0ms Vehicle 15 sendRequestVote called for node 3
29460.0ms Vehicle 15 sendRequestVote called for node 5
29460.0ms Vehicle 15 sendRequestVote called for node 6
29460.0ms Vehicle 15 sendRequestVote called for node 7
29460.0ms Vehicle 15 sendRequestVote called for node 9
29460.0ms Vehicle 15 sendRequestVote called for node 10
29460.0ms Vehicle 15 sendRequestVote called for node 11
29460.0ms Vehicle 15 sendRequestVote called for node 12
29460.0ms Vehicle 15 sendRequestVote called for node 13
29460.0ms Vehicle 15 sendRequestVote called for node 14
29460.0ms Vehicle 15 sendRequestVote called for node 15
29.75 [QUEUE_ADV][V14] dist=18.5m speed=0.0 leader=veh2 gap=0.0m gapOpened=0 (need gap>5.0m) myBatch=-1 curBatch=0
29.75 [QUEUE_ADV][V10] dist=18.9m speed=0.0 leader=veh4 gap=0.0m gapOpened=0 (need gap>5.0m) myBatch=5 curBatch=0
29.85 [QUEUE_ADV][V4] dist=11.9m speed=0.0 leader=veh5 gap=0.0m gapOpened=0 (need gap>5.0m) myBatch=4 curBatch=0
29920.0ms Vehicle 6 sendRequestVote called for node 1
29920.0ms Vehicle 6 sendRequestVote called for node 2
29920.0ms Vehicle 6 sendRequestVote called for node 3
29920.0ms Vehicle 6 sendRequestVote called for node 5
29920.0ms Vehicle 6 sendRequestVote called for node 6
29920.0ms Vehicle 6 sendRequestVote called for node 9
29920.0ms Vehicle 6 sendRequestVote called for node 10
29920.0ms Vehicle 6 sendRequestVote called for node 11
29920.0ms Vehicle 6 RAFT STATE CHANGED from 1 to 2
29920.0ms Vehicle 6 I am a candidate now! Starting election...
30040.0ms Vehicle 11 sendRequestVote called for node 1
30040.0ms Vehicle 11 sendRequestVote called for node 2
30040.0ms Vehicle 11 sendRequestVote called for node 3
30040.0ms Vehicle 11 sendRequestVote called for node 5
30040.0ms Vehicle 11 sendRequestVote called for node 6
30040.0ms Vehicle 11 sendRequestVote called for node 7
30040.0ms Vehicle 11 sendRequestVote called for node 9
30040.0ms Vehicle 11 sendRequestVote called for node 10
30040.0ms Vehicle 11 sendRequestVote called for node 11
30.15 [QUEUE_ADV][V11] dist=11.5m speed=0.0 leader=veh0 gap=0.0m gapOpened=0 (need gap>5.0m) myBatch=-1 curBatch=0
30.2 [STOP_CHECK][V13] road=E2C dist=24.9m (lanePos=167.9 laneLen=192.8) stopDist=5.0m speed=1.1m/s
30240.0ms Vehicle 10 sendRequestVote called for node 1
30240.0ms Vehicle 10 sendRequestVote called for node 2
30240.0ms Vehicle 10 sendRequestVote called for node 3
30240.0ms Vehicle 10 sendRequestVote called for node 5
30240.0ms Vehicle 10 sendRequestVote called for node 6
30240.0ms Vehicle 10 sendRequestVote called for node 7
30240.0ms Vehicle 10 sendRequestVote called for node 9
30240.0ms Vehicle 10 sendRequestVote called for node 10
30240.0ms Vehicle 10 RAFT STATE CHANGED from 1 to 2
30240.0ms Vehicle 10 I am a candidate now! Starting election...
30.25 [STOP_CHECK][V13] road=E2C dist=24.9m (lanePos=167.9 laneLen=192.8) stopDist=5.0m speed=1.1m/s
30.3 [STOP_CHECK][V13] road=E2C dist=24.8m (lanePos=168.0 laneLen=192.8) stopDist=5.0m speed=1.3m/s
30.3 [DBG][V11] POS roadId=W2C dist=11.5m speed=0.0m/s onApproach=YES stopped=1 phase=2 leader=0 committed=0 myBatch=-1 curBatch=0
30.3 [DBG][V10] POS roadId=S2C dist=18.9m speed=0.0m/s onApproach=YES stopped=1 phase=2 leader=0 committed=1 myBatch=5 curBatch=0
30.3 [DBG][V9] POS roadId=E2C dist=16.7m speed=2.4m/s onApproach=YES stopped=1 phase=2 leader=0 committed=1 myBatch=8 curBatch=0
30.3 [DBG][V0] POS roadId=W2C dist=4.5m speed=0.0m/s onApproach=YES stopped=1 phase=2 leader=1 committed=1 myBatch=3 curBatch=0
30.3 [DBG][V2] POS roadId=N2C dist=7.1m speed=3.9m/s onApproach=YES stopped=1 phase=2 leader=0 committed=1 myBatch=6 curBatch=0
30.3 [DBG][V4] POS roadId=S2C dist=11.9m speed=0.0m/s onApproach=YES stopped=1 phase=2 leader=0 committed=1 myBatch=4 curBatch=0
30.3 [DBG][V5] POS roadId=S2C dist=4.9m speed=0.0m/s onApproach=YES stopped=1 phase=2 leader=0 committed=1 myBatch=3 curBatch=0
30.3 [DBG][V6] POS roadId=E2C dist=7.7m speed=3.8m/s onApproach=YES stopped=1 phase=2 leader=0 committed=1 myBatch=7 curBatch=0
** Event #3440128   t=30.307085265387   Elapsed: 20.0155s (0m 20s)  10% completed  (10% total)
     Speed:     ev/sec=186932   simsec/sec=0.907791   ev/simsec=205920
     Messages:  created: 2778792   present: 1082   in FES: 68
30.35 [STOP_CHECK][V13] road=E2C dist=24.8m (lanePos=168.0 laneLen=192.8) stopDist=5.0m speed=1.3m/s
30360.0ms Vehicle 14 sendRequestVote called for node 1
30360.0ms Vehicle 14 sendRequestVote called for node 2
30360.0ms Vehicle 14 sendRequestVote called for node 3
30360.0ms Vehicle 14 sendRequestVote called for node 5
30360.0ms Vehicle 14 sendRequestVote called for node 6
30360.0ms Vehicle 14 sendRequestVote called for node 7
30360.0ms Vehicle 14 sendRequestVote called for node 9
30360.0ms Vehicle 14 sendRequestVote called for node 10
30360.0ms Vehicle 14 sendRequestVote called for node 11
30360.0ms Vehicle 14 sendRequestVote called for node 12
30360.0ms Vehicle 14 sendRequestVote called for node 13
30360.0ms Vehicle 14 sendRequestVote called for node 14
30.4 [STOP_CHECK][V13] road=E2C dist=24.6m (lanePos=168.2 laneLen=192.8) stopDist=5.0m speed=1.4m/s
30.45 [STOP_CHECK][V13] road=E2C dist=24.6m (lanePos=168.2 laneLen=192.8) stopDist=5.0m speed=1.4m/s
30.5 [STOP_CHECK][V13] road=E2C dist=24.5m (lanePos=168.3 laneLen=192.8) stopDist=5.0m speed=1.5m/s
30540.0ms Vehicle 13 sendRequestVote called for node 1
30540.0ms Vehicle 13 sendRequestVote called for node 2
30540.0ms Vehicle 13 sendRequestVote called for node 3
30540.0ms Vehicle 13 sendRequestVote called for node 5
30540.0ms Vehicle 13 sendRequestVote called for node 6
30540.0ms Vehicle 13 sendRequestVote called for node 7
30540.0ms Vehicle 13 sendRequestVote called for node 9
30540.0ms Vehicle 13 sendRequestVote called for node 10
30540.0ms Vehicle 13 sendRequestVote called for node 11
30540.0ms Vehicle 13 sendRequestVote called for node 12
30540.0ms Vehicle 13 sendRequestVote called for node 13
30.55 [STOP_CHECK][V13] road=E2C dist=24.5m (lanePos=168.3 laneLen=192.8) stopDist=5.0m speed=1.5m/s
30.6 [STOP_CHECK][V13] road=E2C dist=24.3m (lanePos=168.5 laneLen=192.8) stopDist=5.0m speed=1.7m/s
30.65 [STOP_CHECK][V13] road=E2C dist=24.3m (lanePos=168.5 laneLen=192.8) stopDist=5.0m speed=1.7m/s
30680.0ms Vehicle 17 sendRequestVote called for node 1
30680.0ms Vehicle 17 sendRequestVote called for node 2
30680.0ms Vehicle 17 sendRequestVote called for node 3
30680.0ms Vehicle 17 sendRequestVote called for node 5
30680.0ms Vehicle 17 sendRequestVote called for node 6
30680.0ms Vehicle 17 sendRequestVote called for node 7
30680.0ms Vehicle 17 sendRequestVote called for node 9
30680.0ms Vehicle 17 sendRequestVote called for node 10
30680.0ms Vehicle 17 sendRequestVote called for node 11
30680.0ms Vehicle 17 sendRequestVote called for node 12
30680.0ms Vehicle 17 sendRequestVote called for node 13
30680.0ms Vehicle 17 sendRequestVote called for node 14
30680.0ms Vehicle 17 sendRequestVote called for node 15
30680.0ms Vehicle 17 sendRequestVote called for node 16
30.7 [STOP_CHECK][V13] road=E2C dist=24.1m (lanePos=168.7 laneLen=192.8) stopDist=5.0m speed=1.9m/s
30.7 [DBG][V12] POS roadId=N2C dist=14.8m speed=3.2m/s onApproach=YES stopped=1 phase=2 leader=0 committed=0 myBatch=-1 curBatch=0
30.75 [STOP_CHECK][V13] road=E2C dist=24.1m (lanePos=168.7 laneLen=192.8) stopDist=5.0m speed=1.9m/s
30.8 [QUEUE_ADV][V14] dist=18.5m speed=0.0 leader=veh2 gap=0.0m gapOpened=0 (need gap>5.0m) myBatch=-1 curBatch=0
30.8 [STOP_CHECK][V13] road=E2C dist=23.9m (lanePos=168.9 laneLen=192.8) stopDist=5.0m speed=2.0m/s
30.8 [QUEUE_ADV][V10] dist=18.9m speed=0.0 leader=veh4 gap=0.0m gapOpened=0 (need gap>5.0m) myBatch=5 curBatch=0
30.85 [STOP_CHECK][V13] road=E2C dist=23.9m (lanePos=168.9 laneLen=192.8) stopDist=5.0m speed=2.0m/s
30.9 [STOP_CHECK][V13] road=E2C dist=23.7m (lanePos=169.1 laneLen=192.8) stopDist=5.0m speed=2.1m/s
30.9 [QUEUE_ADV][V4] dist=11.9m speed=0.0 leader=veh5 gap=0.0m gapOpened=0 (need gap>5.0m) myBatch=4 curBatch=0
30.95 [STOP_CHECK][V13] road=E2C dist=23.7m (lanePos=169.1 laneLen=192.8) stopDist=5.0m speed=2.1m/s
31 [DBG][V13] POS roadId=E2C dist=23.5m speed=2.3m/s onApproach=YES stopped=0 phase=2 leader=0 committed=0 myBatch=-1 curBatch=0
31 [STOP_CHECK][V13] road=E2C dist=23.5m (lanePos=169.3 laneLen=192.8) stopDist=5.0m speed=2.3m/s
31000.0ms Vehicle 2 sendRequestVote called for node 1
31000.0ms Vehicle 2 sendRequestVote called for node 5
31000.0ms Vehicle 2 sendRequestVote called for node 6
31000.0ms Vehicle 2 sendRequestVote called for node 7
31000.0ms Vehicle 2 RAFT STATE CHANGED from 1 to 2
31000.0ms Vehicle 2 I am a candidate now! Starting election...
31000.0ms Vehicle 5 sendRequestVote called for node 1
31000.0ms Vehicle 5 sendRequestVote called for node 2
31000.0ms Vehicle 5 sendRequestVote called for node 3
31000.0ms Vehicle 5 sendRequestVote called for node 5
31000.0ms Vehicle 5 sendRequestVote called for node 7
31000.0ms Vehicle 5 sendRequestVote called for node 9
31000.0ms Vehicle 5 sendRequestVote called for node 10
31000.0ms Vehicle 5 sendRequestVote called for node 11
31000.0ms Vehicle 5 sendRequestVote called for node 12
31000.0ms Vehicle 5 RAFT STATE CHANGED from 1 to 2
31000.0ms Vehicle 5 I am a candidate now! Starting election...
31006.6ms Leader 5 SENDING AppendEntries to vehicle 0 (n_entries=0, leader_commit=2)
31006.6ms Leader 5 SENDING AppendEntries to vehicle 1 (n_entries=0, leader_commit=2)
31006.6ms Leader 5 SENDING AppendEntries to vehicle 2 (n_entries=0, leader_commit=2)
31006.6ms Leader 5 SENDING AppendEntries to vehicle 4 (n_entries=0, leader_commit=2)
31006.6ms Leader 5 SENDING AppendEntries to vehicle 6 (n_entries=0, leader_commit=2)
31006.6ms Leader 5 SENDING AppendEntries to vehicle 8 (n_entries=0, leader_commit=2)
31006.6ms Leader 5 SENDING AppendEntries to vehicle 9 (n_entries=0, leader_commit=2)
31006.6ms Leader 5 SENDING AppendEntries to vehicle 10 (n_entries=0, leader_commit=2)
31006.6ms Leader 5 SENDING AppendEntries to vehicle 11 (n_entries=0, leader_commit=2)
31009.3ms Vehicle 0 RECEIVED AppendEntries from vehicle 5 (n_entries=0, leader_commit=2)
31010.6ms Vehicle 2 RECEIVED AppendEntries from vehicle 5 (n_entries=0, leader_commit=2)
31013.2ms Vehicle 4 RECEIVED AppendEntries from vehicle 5 (n_entries=0, leader_commit=2)
31014.2ms Vehicle 6 RECEIVED AppendEntries from vehicle 5 (n_entries=0, leader_commit=2)
31014.9ms Vehicle 9 RECEIVED AppendEntries from vehicle 5 (n_entries=0, leader_commit=2)
31015.2ms Vehicle 10 RECEIVED AppendEntries from vehicle 5 (n_entries=0, leader_commit=2)
31016.6ms Vehicle 11 RECEIVED AppendEntries from vehicle 5 (n_entries=0, leader_commit=2)
31017.1ms Leader 5 SENDING AppendEntries to vehicle 11 (n_entries=2, leader_commit=2)
31.02 [DBG][V5] BECAME LEADER term=34 stopped=1 committed=1 activeVehicles=[0 1 2 3 4 5 6 7 8 9 10 11 12 13 14 15 ]
31020.0ms Vehicle 5 BECAME LEADER (term=34)
31024.0ms Vehicle 11 RECEIVED AppendEntries from vehicle 5 (n_entries=2, leader_commit=2)
31024.0ms Vehicle 11 doLogOffer entry #1 (len=2565)
31024.0ms Vehicle 11 doLogOffer entry #2 (len=581)
31040.0ms Vehicle 11 doApplyLog entry #1 (lastApplied=0, len=2565)
31040.0ms Vehicle 11 APPLYING STATUS_REPORT entry #1 (16 vehicles)
31040.0ms Vehicle 11 doApplyLog entry #2 (lastApplied=1, len=581)
31040.0ms Vehicle 11 APPLYING PASS_ORDER entry #2 (9 batches)
31.04 [DBG][V11] PASS_ORDER COMMITTED: numBatches=9 myBatch=1
  [DBG] Batch 0: [0,8]
  [DBG] Batch 1: [1,11]
  [DBG] Batch 2: [3,7]
  [DBG] Batch 3: [12,5]
  [DBG] Batch 4: [13,4]
  [DBG] Batch 5: [15,10]
  [DBG] Batch 6: [2]
  [DBG] Batch 7: [6,14]
  [DBG] Batch 8: [9]
31040.0ms Vehicle 11 assigned to batch 1 (current batch: 0)
31.04 [DBG][V11] ASSIGNED batch=1 currentBatch=0 hasCommitted=1 hasStopped=1
31.04 [DBG][V11] WAITING for batch 1 (safetyFallback in 6000ms)
31040.0ms Vehicle 11 waiting for batch 1 via checkBatchAdvance
31.05 [STOP_CHECK][V13] road=E2C dist=23.5m (lanePos=169.3 laneLen=192.8) stopDist=5.0m speed=2.3m/s
31.1 [STOP_CHECK][V13] road=E2C dist=23.2m (lanePos=169.6 laneLen=192.8) stopDist=5.0m speed=2.5m/s
31.15 [STOP_CHECK][V13] road=E2C dist=23.2m (lanePos=169.6 laneLen=192.8) stopDist=5.0m speed=2.5m/s
31.2 [STOP_CHECK][V13] road=E2C dist=22.9m (lanePos=169.9 laneLen=192.8) stopDist=5.0m speed=2.7m/s
31.2 [QUEUE_ADV][V11] dist=11.5m speed=0.0 leader=veh0 gap=0.0m gapOpened=0 (need gap>5.0m) myBatch=1 curBatch=0
31200.0ms Leader 5 SENDING AppendEntries to vehicle 0 (n_entries=0, leader_commit=2)
31200.0ms Leader 5 SENDING AppendEntries to vehicle 1 (n_entries=0, leader_commit=2)
31200.0ms Leader 5 SENDING AppendEntries to vehicle 2 (n_entries=0, leader_commit=2)
31200.0ms Leader 5 SENDING AppendEntries to vehicle 4 (n_entries=0, leader_commit=2)
31200.0ms Leader 5 SENDING AppendEntries to vehicle 6 (n_entries=0, leader_commit=2)
31200.0ms Leader 5 SENDING AppendEntries to vehicle 8 (n_entries=0, leader_commit=2)
31200.0ms Leader 5 SENDING AppendEntries to vehicle 9 (n_entries=0, leader_commit=2)
31200.0ms Leader 5 SENDING AppendEntries to vehicle 10 (n_entries=0, leader_commit=2)
31200.0ms Leader 5 SENDING AppendEntries to vehicle 11 (n_entries=0, leader_commit=2)
31200.6ms Vehicle 0 RECEIVED AppendEntries from vehicle 5 (n_entries=0, leader_commit=2)
31201.5ms Vehicle 2 RECEIVED AppendEntries from vehicle 5 (n_entries=0, leader_commit=2)
31202.2ms Vehicle 4 RECEIVED AppendEntries from vehicle 5 (n_entries=0, leader_commit=2)
31202.5ms Vehicle 6 RECEIVED AppendEntries from vehicle 5 (n_entries=0, leader_commit=2)
31203.3ms Vehicle 9 RECEIVED AppendEntries from vehicle 5 (n_entries=0, leader_commit=2)
31204.5ms Vehicle 10 RECEIVED AppendEntries from vehicle 5 (n_entries=0, leader_commit=2)
31205.4ms Vehicle 11 RECEIVED AppendEntries from vehicle 5 (n_entries=0, leader_commit=2)
31.25 [STOP_CHECK][V13] road=E2C dist=22.9m (lanePos=169.9 laneLen=192.8) stopDist=5.0m speed=2.7m/s
31.3 [STOP_CHECK][V13] road=E2C dist=22.7m (lanePos=170.1 laneLen=192.8) stopDist=5.0m speed=2.5m/s
31300.0ms Vehicle 14 sendRequestVote called for node 1
31300.0ms Vehicle 14 sendRequestVote called for node 2
31300.0ms Vehicle 14 sendRequestVote called for node 3
31300.0ms Vehicle 14 sendRequestVote called for node 5
31300.0ms Vehicle 14 sendRequestVote called for node 6
31300.0ms Vehicle 14 sendRequestVote called for node 7
31300.0ms Vehicle 14 sendRequestVote called for node 9
31300.0ms Vehicle 14 sendRequestVote called for node 10
31300.0ms Vehicle 14 sendRequestVote called for node 11
31300.0ms Vehicle 14 sendRequestVote called for node 12
31300.0ms Vehicle 14 sendRequestVote called for node 13
31300.0ms Vehicle 14 sendRequestVote called for node 14
31.35 [STOP_CHECK][V13] road=E2C dist=22.7m (lanePos=170.1 laneLen=192.8) stopDist=5.0m speed=2.5m/s
31.4 [STOP_CHECK][V13] road=E2C dist=22.5m (lanePos=170.3 laneLen=192.8) stopDist=5.0m speed=2.4m/s
31400.0ms Leader 5 SENDING AppendEntries to vehicle 0 (n_entries=0, leader_commit=2)
31400.0ms Leader 5 SENDING AppendEntries to vehicle 1 (n_entries=0, leader_commit=2)
31400.0ms Leader 5 SENDING AppendEntries to vehicle 2 (n_entries=0, leader_commit=2)
31400.0ms Leader 5 SENDING AppendEntries to vehicle 4 (n_entries=0, leader_commit=2)
31400.0ms Leader 5 SENDING AppendEntries to vehicle 6 (n_entries=0, leader_commit=2)
31400.0ms Leader 5 SENDING AppendEntries to vehicle 8 (n_entries=0, leader_commit=2)
31400.0ms Leader 5 SENDING AppendEntries to vehicle 9 (n_entries=0, leader_commit=2)
31400.0ms Leader 5 SENDING AppendEntries to vehicle 10 (n_entries=0, leader_commit=2)
31400.0ms Leader 5 SENDING AppendEntries to vehicle 11 (n_entries=0, leader_commit=2)
31400.2ms Vehicle 0 RECEIVED AppendEntries from vehicle 5 (n_entries=0, leader_commit=2)
31401.3ms Vehicle 2 RECEIVED AppendEntries from vehicle 5 (n_entries=0, leader_commit=2)
31402.0ms Vehicle 4 RECEIVED AppendEntries from vehicle 5 (n_entries=0, leader_commit=2)
31403.8ms Vehicle 6 RECEIVED AppendEntries from vehicle 5 (n_entries=0, leader_commit=2)
31405.8ms Vehicle 9 RECEIVED AppendEntries from vehicle 5 (n_entries=0, leader_commit=2)
31406.0ms Vehicle 10 RECEIVED AppendEntries from vehicle 5 (n_entries=0, leader_commit=2)
31407.8ms Vehicle 11 RECEIVED AppendEntries from vehicle 5 (n_entries=0, leader_commit=2)
31.45 [STOP_CHECK][V13] road=E2C dist=22.5m (lanePos=170.3 laneLen=192.8) stopDist=5.0m speed=2.4m/s
31.5 [STOP_CHECK][V13] road=E2C dist=22.2m (lanePos=170.6 laneLen=192.8) stopDist=5.0m speed=2.2m/s
31.55 [STOP_CHECK][V13] road=E2C dist=22.2m (lanePos=170.6 laneLen=192.8) stopDist=5.0m speed=2.2m/s
31.6 [STOP_CHECK][V13] road=E2C dist=22.0m (lanePos=170.8 laneLen=192.8) stopDist=5.0m speed=2.1m/s
31600.0ms Leader 5 SENDING AppendEntries to vehicle 0 (n_entries=0, leader_commit=2)
31600.0ms Leader 5 SENDING AppendEntries to vehicle 1 (n_entries=0, leader_commit=2)
31600.0ms Leader 5 SENDING AppendEntries to vehicle 2 (n_entries=0, leader_commit=2)
31600.0ms Leader 5 SENDING AppendEntries to vehicle 4 (n_entries=0, leader_commit=2)
31600.0ms Leader 5 SENDING AppendEntries to vehicle 6 (n_entries=0, leader_commit=2)
31600.0ms Leader 5 SENDING AppendEntries to vehicle 8 (n_entries=0, leader_commit=2)
31600.0ms Leader 5 SENDING AppendEntries to vehicle 9 (n_entries=0, leader_commit=2)
31600.0ms Leader 5 SENDING AppendEntries to vehicle 10 (n_entries=0, leader_commit=2)
31600.0ms Leader 5 SENDING AppendEntries to vehicle 11 (n_entries=0, leader_commit=2)
31600.2ms Vehicle 0 RECEIVED AppendEntries from vehicle 5 (n_entries=0, leader_commit=2)
31601.0ms Vehicle 2 RECEIVED AppendEntries from vehicle 5 (n_entries=0, leader_commit=2)
31601.3ms Vehicle 4 RECEIVED AppendEntries from vehicle 5 (n_entries=0, leader_commit=2)
31602.2ms Vehicle 6 RECEIVED AppendEntries from vehicle 5 (n_entries=0, leader_commit=2)
31603.3ms Vehicle 9 RECEIVED AppendEntries from vehicle 5 (n_entries=0, leader_commit=2)
31603.9ms Vehicle 10 RECEIVED AppendEntries from vehicle 5 (n_entries=0, leader_commit=2)
31604.2ms Vehicle 11 RECEIVED AppendEntries from vehicle 5 (n_entries=0, leader_commit=2)
31.65 [STOP_CHECK][V13] road=E2C dist=22.0m (lanePos=170.8 laneLen=192.8) stopDist=5.0m speed=2.1m/s
31.7 [STOP_CHECK][V13] road=E2C dist=21.8m (lanePos=171.0 laneLen=192.8) stopDist=5.0m speed=1.9m/s
31.75 [STOP_CHECK][V13] road=E2C dist=21.8m (lanePos=171.0 laneLen=192.8) stopDist=5.0m speed=1.9m/s
31.8 [STOP_CHECK][V13] road=E2C dist=21.6m (lanePos=171.2 laneLen=192.8) stopDist=5.0m speed=1.8m/s
31800.0ms Leader 5 SENDING AppendEntries to vehicle 0 (n_entries=0, leader_commit=2)
31800.0ms Leader 5 SENDING AppendEntries to vehicle 1 (n_entries=0, leader_commit=2)
31800.0ms Leader 5 SENDING AppendEntries to vehicle 2 (n_entries=0, leader_commit=2)
31800.0ms Leader 5 SENDING AppendEntries to vehicle 4 (n_entries=0, leader_commit=2)
31800.0ms Leader 5 SENDING AppendEntries to vehicle 6 (n_entries=0, leader_commit=2)
31800.0ms Leader 5 SENDING AppendEntries to vehicle 8 (n_entries=0, leader_commit=2)
31800.0ms Leader 5 SENDING AppendEntries to vehicle 9 (n_entries=0, leader_commit=2)
31800.0ms Leader 5 SENDING AppendEntries to vehicle 10 (n_entries=0, leader_commit=2)
31800.0ms Leader 5 SENDING AppendEntries to vehicle 11 (n_entries=0, leader_commit=2)
31800.7ms Vehicle 0 RECEIVED AppendEntries from vehicle 5 (n_entries=0, leader_commit=2)
31803.1ms Vehicle 2 RECEIVED AppendEntries from vehicle 5 (n_entries=0, leader_commit=2)
31803.6ms Vehicle 4 RECEIVED AppendEntries from vehicle 5 (n_entries=0, leader_commit=2)
31804.0ms Vehicle 6 RECEIVED AppendEntries from vehicle 5 (n_entries=0, leader_commit=2)
31806.5ms Vehicle 9 RECEIVED AppendEntries from vehicle 5 (n_entries=0, leader_commit=2)
31807.2ms Vehicle 10 RECEIVED AppendEntries from vehicle 5 (n_entries=0, leader_commit=2)
31807.5ms Vehicle 11 RECEIVED AppendEntries from vehicle 5 (n_entries=0, leader_commit=2)
31.85 [QUEUE_ADV][V14] dist=18.5m speed=0.0 leader=veh2 gap=0.0m gapOpened=0 (need gap>5.0m) myBatch=-1 curBatch=0
31.85 [STOP_CHECK][V13] road=E2C dist=21.6m (lanePos=171.2 laneLen=192.8) stopDist=5.0m speed=1.8m/s
31.85 [QUEUE_ADV][V10] dist=18.9m speed=0.0 leader=veh4 gap=0.0m gapOpened=0 (need gap>5.0m) myBatch=5 curBatch=0
31.9 [DBG][V14] POS roadId=W2C dist=18.5m speed=0.0m/s onApproach=YES stopped=1 phase=2 leader=0 committed=0 myBatch=-1 curBatch=0
31.9 [STOP_CHECK][V13] road=E2C dist=21.5m (lanePos=171.3 laneLen=192.8) stopDist=5.0m speed=1.8m/s
31.95 [STOP_CHECK][V13] road=E2C dist=21.5m (lanePos=171.3 laneLen=192.8) stopDist=5.0m speed=1.8m/s
31.95 [QUEUE_ADV][V4] dist=11.9m speed=0.0 leader=veh5 gap=0.0m gapOpened=0 (need gap>5.0m) myBatch=4 curBatch=0
32 [STOP_CHECK][V13] road=E2C dist=21.3m (lanePos=171.5 laneLen=192.8) stopDist=5.0m speed=1.7m/s
32000.0ms Leader 5 SENDING AppendEntries to vehicle 0 (n_entries=0, leader_commit=2)
32000.0ms Leader 5 SENDING AppendEntries to vehicle 1 (n_entries=0, leader_commit=2)
32000.0ms Leader 5 SENDING AppendEntries to vehicle 2 (n_entries=0, leader_commit=2)
32000.0ms Leader 5 SENDING AppendEntries to vehicle 4 (n_entries=0, leader_commit=2)
32000.0ms Leader 5 SENDING AppendEntries to vehicle 6 (n_entries=0, leader_commit=2)
32000.0ms Leader 5 SENDING AppendEntries to vehicle 8 (n_entries=0, leader_commit=2)
32000.0ms Leader 5 SENDING AppendEntries to vehicle 9 (n_entries=0, leader_commit=2)
32000.0ms Leader 5 SENDING AppendEntries to vehicle 10 (n_entries=0, leader_commit=2)
32000.0ms Leader 5 SENDING AppendEntries to vehicle 11 (n_entries=0, leader_commit=2)
32001.3ms Vehicle 0 RECEIVED AppendEntries from vehicle 5 (n_entries=0, leader_commit=2)
32002.0ms Vehicle 2 RECEIVED AppendEntries from vehicle 5 (n_entries=0, leader_commit=2)
32002.3ms Vehicle 4 RECEIVED AppendEntries from vehicle 5 (n_entries=0, leader_commit=2)
32003.1ms Vehicle 6 RECEIVED AppendEntries from vehicle 5 (n_entries=0, leader_commit=2)
32005.3ms Vehicle 9 RECEIVED AppendEntries from vehicle 5 (n_entries=0, leader_commit=2)
32007.0ms Vehicle 11 RECEIVED AppendEntries from vehicle 5 (n_entries=0, leader_commit=2)
32040.0ms Vehicle 15 sendRequestVote called for node 1
32040.0ms Vehicle 15 sendRequestVote called for node 2
32040.0ms Vehicle 15 sendRequestVote called for node 3
32040.0ms Vehicle 15 sendRequestVote called for node 5
32040.0ms Vehicle 15 sendRequestVote called for node 6
32040.0ms Vehicle 15 sendRequestVote called for node 7
32040.0ms Vehicle 15 sendRequestVote called for node 9
32040.0ms Vehicle 15 sendRequestVote called for node 10
32040.0ms Vehicle 15 sendRequestVote called for node 11
32040.0ms Vehicle 15 sendRequestVote called for node 12
32040.0ms Vehicle 15 sendRequestVote called for node 13
32040.0ms Vehicle 15 sendRequestVote called for node 14
32040.0ms Vehicle 15 sendRequestVote called for node 15
32.05 [STOP_CHECK][V13] road=E2C dist=21.3m (lanePos=171.5 laneLen=192.8) stopDist=5.0m speed=1.7m/s
32.1 [DBG][V15] POS roadId=S2C dist=25.9m speed=0.0m/s onApproach=YES stopped=0 phase=2 leader=0 committed=0 myBatch=-1 curBatch=0
32.1 [STOP_CHECK][V13] road=E2C dist=21.1m (lanePos=171.7 laneLen=192.8) stopDist=5.0m speed=1.6m/s
32.15 [STOP_CHECK][V13] road=E2C dist=21.1m (lanePos=171.7 laneLen=192.8) stopDist=5.0m speed=1.6m/s
32.2 [STOP_CHECK][V13] road=E2C dist=21.0m (lanePos=171.8 laneLen=192.8) stopDist=5.0m speed=1.6m/s
32200.0ms Leader 5 SENDING AppendEntries to vehicle 0 (n_entries=0, leader_commit=2)
32200.0ms Leader 5 SENDING AppendEntries to vehicle 1 (n_entries=0, leader_commit=2)
32200.0ms Leader 5 SENDING AppendEntries to vehicle 2 (n_entries=0, leader_commit=2)
32200.0ms Leader 5 SENDING AppendEntries to vehicle 4 (n_entries=0, leader_commit=2)
32200.0ms Leader 5 SENDING AppendEntries to vehicle 6 (n_entries=0, leader_commit=2)
32200.0ms Leader 5 SENDING AppendEntries to vehicle 8 (n_entries=0, leader_commit=2)
32200.0ms Leader 5 SENDING AppendEntries to vehicle 9 (n_entries=0, leader_commit=2)
32200.0ms Leader 5 SENDING AppendEntries to vehicle 10 (n_entries=0, leader_commit=2)
32200.0ms Leader 5 SENDING AppendEntries to vehicle 11 (n_entries=0, leader_commit=2)
32200.6ms Vehicle 0 RECEIVED AppendEntries from vehicle 5 (n_entries=0, leader_commit=2)
32201.3ms Vehicle 2 RECEIVED AppendEntries from vehicle 5 (n_entries=0, leader_commit=2)
32201.6ms Vehicle 4 RECEIVED AppendEntries from vehicle 5 (n_entries=0, leader_commit=2)
32204.1ms Vehicle 9 RECEIVED AppendEntries from vehicle 5 (n_entries=0, leader_commit=2)
32204.7ms Vehicle 10 RECEIVED AppendEntries from vehicle 5 (n_entries=0, leader_commit=2)
32206.3ms Vehicle 11 RECEIVED AppendEntries from vehicle 5 (n_entries=0, leader_commit=2)
32220.0ms Vehicle 12 sendRequestVote called for node 1
32220.0ms Vehicle 12 sendRequestVote called for node 2
32220.0ms Vehicle 12 sendRequestVote called for node 3
32220.0ms Vehicle 12 sendRequestVote called for node 5
32220.0ms Vehicle 12 sendRequestVote called for node 6
32220.0ms Vehicle 12 sendRequestVote called for node 7
32220.0ms Vehicle 12 sendRequestVote called for node 9
32220.0ms Vehicle 12 sendRequestVote called for node 10
32220.0ms Vehicle 12 sendRequestVote called for node 11
32220.0ms Vehicle 12 sendRequestVote called for node 12
32220.0ms Vehicle 12 sendRequestVote called for node 14
32220.0ms Vehicle 12 RAFT STATE CHANGED from 1 to 2
32220.0ms Vehicle 12 I am a candidate now! Starting election...
** Event #3794688   t=32.229224231068   Elapsed: 22.0162s (0m 22s)  10% completed  (10% total)
     Speed:     ev/sec=177213   simsec/sec=0.960708   ev/simsec=184461
     Messages:  created: 3063188   present: 1020   in FES: 53
32.25 [STOP_CHECK][V13] road=E2C dist=21.0m (lanePos=171.8 laneLen=192.8) stopDist=5.0m speed=1.6m/s
32.25 [QUEUE_ADV][V11] dist=11.5m speed=0.0 leader=veh0 gap=0.0m gapOpened=0 (need gap>5.0m) myBatch=1 curBatch=0
32.3 [STOP_CHECK][V13] road=E2C dist=20.8m (lanePos=172.0 laneLen=192.8) stopDist=5.0m speed=1.5m/s
32.35 [STOP_CHECK][V13] road=E2C dist=20.8m (lanePos=172.0 laneLen=192.8) stopDist=5.0m speed=1.5m/s
32.4 [STOP_CHECK][V13] road=E2C dist=20.7m (lanePos=172.1 laneLen=192.8) stopDist=5.0m speed=1.4m/s
32.4 [QUEUE_ADV][V12] dist=12.3m speed=0.5 leader=veh13 gap=0.4m gapOpened=0 (need gap>5.0m) myBatch=-1 curBatch=0
32400.0ms Leader 5 SENDING AppendEntries to vehicle 0 (n_entries=0, leader_commit=2)
32400.0ms Leader 5 SENDING AppendEntries to vehicle 1 (n_entries=0, leader_commit=2)
32400.0ms Leader 5 SENDING AppendEntries to vehicle 2 (n_entries=0, leader_commit=2)
32400.0ms Leader 5 SENDING AppendEntries to vehicle 4 (n_entries=0, leader_commit=2)
32400.0ms Leader 5 SENDING AppendEntries to vehicle 6 (n_entries=0, leader_commit=2)
32400.0ms Leader 5 SENDING AppendEntries to vehicle 8 (n_entries=0, leader_commit=2)
32400.0ms Leader 5 SENDING AppendEntries to vehicle 9 (n_entries=0, leader_commit=2)
32400.0ms Leader 5 SENDING AppendEntries to vehicle 10 (n_entries=0, leader_commit=2)
32400.0ms Leader 5 SENDING AppendEntries to vehicle 11 (n_entries=0, leader_commit=2)
32400.2ms Vehicle 0 RECEIVED AppendEntries from vehicle 5 (n_entries=0, leader_commit=2)
32402.0ms Vehicle 2 RECEIVED AppendEntries from vehicle 5 (n_entries=0, leader_commit=2)
32403.3ms Vehicle 4 RECEIVED AppendEntries from vehicle 5 (n_entries=0, leader_commit=2)
32403.6ms Vehicle 6 RECEIVED AppendEntries from vehicle 5 (n_entries=0, leader_commit=2)
32405.3ms Vehicle 9 RECEIVED AppendEntries from vehicle 5 (n_entries=0, leader_commit=2)
32406.8ms Vehicle 10 RECEIVED AppendEntries from vehicle 5 (n_entries=0, leader_commit=2)
32407.0ms Vehicle 11 RECEIVED AppendEntries from vehicle 5 (n_entries=0, leader_commit=2)
32420.0ms Vehicle 14 sendRequestVote called for node 1
32420.0ms Vehicle 14 sendRequestVote called for node 2
32420.0ms Vehicle 14 sendRequestVote called for node 3
32420.0ms Vehicle 14 sendRequestVote called for node 5
32420.0ms Vehicle 14 sendRequestVote called for node 6
32420.0ms Vehicle 14 sendRequestVote called for node 7
32420.0ms Vehicle 14 sendRequestVote called for node 9
32420.0ms Vehicle 14 sendRequestVote called for node 10
32420.0ms Vehicle 14 sendRequestVote called for node 11
32420.0ms Vehicle 14 sendRequestVote called for node 12
32420.0ms Vehicle 14 sendRequestVote called for node 13
32420.0ms Vehicle 14 sendRequestVote called for node 14
32.45 [STOP_CHECK][V13] road=E2C dist=20.7m (lanePos=172.1 laneLen=192.8) stopDist=5.0m speed=1.4m/s
32.5 [STOP_CHECK][V13] road=E2C dist=20.6m (lanePos=172.2 laneLen=192.8) stopDist=5.0m speed=1.3m/s
32.55 [STOP_CHECK][V13] road=E2C dist=20.6m (lanePos=172.2 laneLen=192.8) stopDist=5.0m speed=1.3m/s
32.6 [STOP_CHECK][V13] road=E2C dist=20.4m (lanePos=172.4 laneLen=192.8) stopDist=5.0m speed=1.3m/s
32600.0ms Leader 5 SENDING AppendEntries to vehicle 0 (n_entries=0, leader_commit=2)
32600.0ms Leader 5 SENDING AppendEntries to vehicle 1 (n_entries=0, leader_commit=2)
32600.0ms Leader 5 SENDING AppendEntries to vehicle 2 (n_entries=0, leader_commit=2)
32600.0ms Leader 5 SENDING AppendEntries to vehicle 4 (n_entries=0, leader_commit=2)
32600.0ms Leader 5 SENDING AppendEntries to vehicle 6 (n_entries=0, leader_commit=2)
32600.0ms Leader 5 SENDING AppendEntries to vehicle 8 (n_entries=0, leader_commit=2)
32600.0ms Leader 5 SENDING AppendEntries to vehicle 9 (n_entries=0, leader_commit=2)
32600.0ms Leader 5 SENDING AppendEntries to vehicle 10 (n_entries=0, leader_commit=2)
32600.0ms Leader 5 SENDING AppendEntries to vehicle 11 (n_entries=0, leader_commit=2)
32601.0ms Vehicle 0 RECEIVED AppendEntries from vehicle 5 (n_entries=0, leader_commit=2)
32602.9ms Vehicle 2 RECEIVED AppendEntries from vehicle 5 (n_entries=0, leader_commit=2)
32603.5ms Vehicle 4 RECEIVED AppendEntries from vehicle 5 (n_entries=0, leader_commit=2)
32604.4ms Vehicle 6 RECEIVED AppendEntries from vehicle 5 (n_entries=0, leader_commit=2)
32606.0ms Vehicle 9 RECEIVED AppendEntries from vehicle 5 (n_entries=0, leader_commit=2)
32606.6ms Vehicle 10 RECEIVED AppendEntries from vehicle 5 (n_entries=0, leader_commit=2)
32607.6ms Vehicle 11 RECEIVED AppendEntries from vehicle 5 (n_entries=0, leader_commit=2)
32.65 [STOP_CHECK][V13] road=E2C dist=20.4m (lanePos=172.4 laneLen=192.8) stopDist=5.0m speed=1.3m/s
32.7 [STOP_CHECK][V13] road=E2C dist=20.3m (lanePos=172.5 laneLen=192.8) stopDist=5.0m speed=1.2m/s
32.75 [STOP_CHECK][V13] road=E2C dist=20.3m (lanePos=172.5 laneLen=192.8) stopDist=5.0m speed=1.2m/s
32.8 [STOP_CHECK][V13] road=E2C dist=20.2m (lanePos=172.6 laneLen=192.8) stopDist=5.0m speed=1.2m/s
32.8 [QUEUE_ADV][V9] dist=11.9m speed=0.5 leader=veh8 gap=0.4m gapOpened=0 (need gap>5.0m) myBatch=8 curBatch=0
32800.0ms Leader 5 SENDING AppendEntries to vehicle 0 (n_entries=0, leader_commit=2)
32800.0ms Leader 5 SENDING AppendEntries to vehicle 1 (n_entries=0, leader_commit=2)
32800.0ms Leader 5 SENDING AppendEntries to vehicle 2 (n_entries=0, leader_commit=2)
32800.0ms Leader 5 SENDING AppendEntries to vehicle 4 (n_entries=0, leader_commit=2)
32800.0ms Leader 5 SENDING AppendEntries to vehicle 6 (n_entries=0, leader_commit=2)
32800.0ms Leader 5 SENDING AppendEntries to vehicle 8 (n_entries=0, leader_commit=2)
32800.0ms Leader 5 SENDING AppendEntries to vehicle 9 (n_entries=0, leader_commit=2)
32800.0ms Leader 5 SENDING AppendEntries to vehicle 10 (n_entries=0, leader_commit=2)
32800.0ms Leader 5 SENDING AppendEntries to vehicle 11 (n_entries=0, leader_commit=2)
32800.2ms Vehicle 0 RECEIVED AppendEntries from vehicle 5 (n_entries=0, leader_commit=2)
32801.1ms Vehicle 2 RECEIVED AppendEntries from vehicle 5 (n_entries=0, leader_commit=2)
32802.5ms Vehicle 4 RECEIVED AppendEntries from vehicle 5 (n_entries=0, leader_commit=2)
32802.8ms Vehicle 6 RECEIVED AppendEntries from vehicle 5 (n_entries=0, leader_commit=2)
32803.3ms Vehicle 9 RECEIVED AppendEntries from vehicle 5 (n_entries=0, leader_commit=2)
32804.9ms Vehicle 10 RECEIVED AppendEntries from vehicle 5 (n_entries=0, leader_commit=2)
32806.4ms Vehicle 11 RECEIVED AppendEntries from vehicle 5 (n_entries=0, leader_commit=2)
32.85 [STOP_CHECK][V13] road=E2C dist=20.2m (lanePos=172.6 laneLen=192.8) stopDist=5.0m speed=1.2m/s
32.9 [QUEUE_ADV][V14] dist=18.5m speed=0.0 leader=veh2 gap=0.0m gapOpened=0 (need gap>5.0m) myBatch=-1 curBatch=0
32.9 [STOP_CHECK][V13] road=E2C dist=20.1m (lanePos=172.7 laneLen=192.8) stopDist=5.0m speed=1.1m/s
32.9 [QUEUE_ADV][V10] dist=18.9m speed=0.0 leader=veh4 gap=0.0m gapOpened=0 (need gap>5.0m) myBatch=5 curBatch=0
32.95 [STOP_CHECK][V13] road=E2C dist=20.1m (lanePos=172.7 laneLen=192.8) stopDist=5.0m speed=1.1m/s
33 [STOP_CHECK][V13] road=E2C dist=20.0m (lanePos=172.8 laneLen=192.8) stopDist=5.0m speed=1.1m/s
33 [DBG][V13] WOS_CALC laneIdx=2 wos=0 traciLeader=veh10 gap=1.1
33 [STOP_CHECK][V13] QUEUED (no hard stop) dist=20.0m speed=1.1m/s road=E2C wos=0 frontVeh=-1 isLeader=0
33000.0ms Vehicle 13 QUEUED at dist=20.0m speed=1.1m/s
33 [QUEUE_ADV][V4] dist=11.9m speed=0.0 leader=veh5 gap=0.0m gapOpened=0 (need gap>5.0m) myBatch=4 curBatch=0
33000.0ms Leader 5 SENDING AppendEntries to vehicle 0 (n_entries=0, leader_commit=2)
33000.0ms Leader 5 SENDING AppendEntries to vehicle 1 (n_entries=0, leader_commit=2)
33000.0ms Leader 5 SENDING AppendEntries to vehicle 2 (n_entries=0, leader_commit=2)
33000.0ms Leader 5 SENDING AppendEntries to vehicle 4 (n_entries=0, leader_commit=2)
33000.0ms Leader 5 SENDING AppendEntries to vehicle 6 (n_entries=0, leader_commit=2)
33000.0ms Leader 5 SENDING AppendEntries to vehicle 8 (n_entries=0, leader_commit=2)
33000.0ms Leader 5 SENDING AppendEntries to vehicle 9 (n_entries=0, leader_commit=2)
33000.0ms Leader 5 SENDING AppendEntries to vehicle 10 (n_entries=0, leader_commit=2)
33000.0ms Leader 5 SENDING AppendEntries to vehicle 11 (n_entries=0, leader_commit=2)
33000.3ms Vehicle 0 RECEIVED AppendEntries from vehicle 5 (n_entries=0, leader_commit=2)
33001.6ms Vehicle 2 RECEIVED AppendEntries from vehicle 5 (n_entries=0, leader_commit=2)
33001.8ms Vehicle 4 RECEIVED AppendEntries from vehicle 5 (n_entries=0, leader_commit=2)
33003.0ms Vehicle 6 RECEIVED AppendEntries from vehicle 5 (n_entries=0, leader_commit=2)
33005.5ms Vehicle 9 RECEIVED AppendEntries from vehicle 5 (n_entries=0, leader_commit=2)
33005.7ms Vehicle 10 RECEIVED AppendEntries from vehicle 5 (n_entries=0, leader_commit=2)
33007.0ms Vehicle 11 RECEIVED AppendEntries from vehicle 5 (n_entries=0, leader_commit=2)
33200.0ms Leader 5 SENDING AppendEntries to vehicle 0 (n_entries=0, leader_commit=2)
33200.0ms Leader 5 SENDING AppendEntries to vehicle 1 (n_entries=0, leader_commit=2)
33200.0ms Leader 5 SENDING AppendEntries to vehicle 2 (n_entries=0, leader_commit=2)
33200.0ms Leader 5 SENDING AppendEntries to vehicle 4 (n_entries=0, leader_commit=2)
33200.0ms Leader 5 SENDING AppendEntries to vehicle 6 (n_entries=0, leader_commit=2)
33200.0ms Leader 5 SENDING AppendEntries to vehicle 8 (n_entries=0, leader_commit=2)
33200.0ms Leader 5 SENDING AppendEntries to vehicle 9 (n_entries=0, leader_commit=2)
33200.0ms Leader 5 SENDING AppendEntries to vehicle 10 (n_entries=0, leader_commit=2)
33200.0ms Leader 5 SENDING AppendEntries to vehicle 11 (n_entries=0, leader_commit=2)
33200.5ms Vehicle 0 RECEIVED AppendEntries from vehicle 5 (n_entries=0, leader_commit=2)
33201.8ms Vehicle 2 RECEIVED AppendEntries from vehicle 5 (n_entries=0, leader_commit=2)
33202.0ms Vehicle 4 RECEIVED AppendEntries from vehicle 5 (n_entries=0, leader_commit=2)
33202.6ms Vehicle 6 RECEIVED AppendEntries from vehicle 5 (n_entries=0, leader_commit=2)
33204.2ms Vehicle 9 RECEIVED AppendEntries from vehicle 5 (n_entries=0, leader_commit=2)
33205.0ms Vehicle 10 RECEIVED AppendEntries from vehicle 5 (n_entries=0, leader_commit=2)
33205.9ms Vehicle 11 RECEIVED AppendEntries from vehicle 5 (n_entries=0, leader_commit=2)
33.3 [QUEUE_ADV][V11] dist=11.5m speed=0.0 leader=veh0 gap=0.0m gapOpened=0 (need gap>5.0m) myBatch=1 curBatch=0
33400.0ms Leader 5 SENDING AppendEntries to vehicle 0 (n_entries=0, leader_commit=2)
33400.0ms Leader 5 SENDING AppendEntries to vehicle 1 (n_entries=0, leader_commit=2)
33400.0ms Leader 5 SENDING AppendEntries to vehicle 2 (n_entries=0, leader_commit=2)
33400.0ms Leader 5 SENDING AppendEntries to vehicle 4 (n_entries=0, leader_commit=2)
33400.0ms Leader 5 SENDING AppendEntries to vehicle 6 (n_entries=0, leader_commit=2)
33400.0ms Leader 5 SENDING AppendEntries to vehicle 8 (n_entries=0, leader_commit=2)
33400.0ms Leader 5 SENDING AppendEntries to vehicle 9 (n_entries=0, leader_commit=2)
33400.0ms Leader 5 SENDING AppendEntries to vehicle 10 (n_entries=0, leader_commit=2)
33400.0ms Leader 5 SENDING AppendEntries to vehicle 11 (n_entries=0, leader_commit=2)
33400.4ms Vehicle 0 RECEIVED AppendEntries from vehicle 5 (n_entries=0, leader_commit=2)
33401.3ms Vehicle 2 RECEIVED AppendEntries from vehicle 5 (n_entries=0, leader_commit=2)
33402.0ms Vehicle 4 RECEIVED AppendEntries from vehicle 5 (n_entries=0, leader_commit=2)
33402.9ms Vehicle 6 RECEIVED AppendEntries from vehicle 5 (n_entries=0, leader_commit=2)
33405.1ms Vehicle 9 RECEIVED AppendEntries from vehicle 5 (n_entries=0, leader_commit=2)
33407.3ms Vehicle 10 RECEIVED AppendEntries from vehicle 5 (n_entries=0, leader_commit=2)
33408.2ms Vehicle 11 RECEIVED AppendEntries from vehicle 5 (n_entries=0, leader_commit=2)
33.45 [QUEUE_ADV][V12] dist=12.0m speed=0.2 leader=veh13 gap=0.2m gapOpened=0 (need gap>5.0m) myBatch=-1 curBatch=0
33560.0ms Vehicle 13 sendRequestVote called for node 1
33560.0ms Vehicle 13 sendRequestVote called for node 2
33560.0ms Vehicle 13 sendRequestVote called for node 3
33560.0ms Vehicle 13 sendRequestVote called for node 5
33560.0ms Vehicle 13 sendRequestVote called for node 6
33560.0ms Vehicle 13 sendRequestVote called for node 7
33560.0ms Vehicle 13 sendRequestVote called for node 9
33560.0ms Vehicle 13 sendRequestVote called for node 10
33560.0ms Vehicle 13 sendRequestVote called for node 11
33560.0ms Vehicle 13 sendRequestVote called for node 12
33560.0ms Vehicle 13 sendRequestVote called for node 13
33560.0ms Vehicle 13 RAFT STATE CHANGED from 1 to 2
33560.0ms Vehicle 13 I am a candidate now! Starting election...
33600.0ms Leader 5 SENDING AppendEntries to vehicle 0 (n_entries=0, leader_commit=2)
33600.0ms Leader 5 SENDING AppendEntries to vehicle 1 (n_entries=0, leader_commit=2)
33600.0ms Leader 5 SENDING AppendEntries to vehicle 2 (n_entries=0, leader_commit=2)
33600.0ms Leader 5 SENDING AppendEntries to vehicle 4 (n_entries=0, leader_commit=2)
33600.0ms Leader 5 SENDING AppendEntries to vehicle 6 (n_entries=0, leader_commit=2)
33600.0ms Leader 5 SENDING AppendEntries to vehicle 8 (n_entries=0, leader_commit=2)
33600.0ms Leader 5 SENDING AppendEntries to vehicle 9 (n_entries=0, leader_commit=2)
33600.0ms Leader 5 SENDING AppendEntries to vehicle 10 (n_entries=0, leader_commit=2)
33600.0ms Leader 5 SENDING AppendEntries to vehicle 11 (n_entries=0, leader_commit=2)
33600.4ms Vehicle 0 RECEIVED AppendEntries from vehicle 5 (n_entries=0, leader_commit=2)
33601.1ms Vehicle 2 RECEIVED AppendEntries from vehicle 5 (n_entries=0, leader_commit=2)
33601.8ms Vehicle 4 RECEIVED AppendEntries from vehicle 5 (n_entries=0, leader_commit=2)
33602.2ms Vehicle 6 RECEIVED AppendEntries from vehicle 5 (n_entries=0, leader_commit=2)
33603.8ms Vehicle 9 RECEIVED AppendEntries from vehicle 5 (n_entries=0, leader_commit=2)
33604.3ms Vehicle 10 RECEIVED AppendEntries from vehicle 5 (n_entries=0, leader_commit=2)
33604.6ms Vehicle 11 RECEIVED AppendEntries from vehicle 5 (n_entries=0, leader_commit=2)
33780.0ms Vehicle 14 sendRequestVote called for node 1
33780.0ms Vehicle 14 sendRequestVote called for node 2
33780.0ms Vehicle 14 sendRequestVote called for node 3
33780.0ms Vehicle 14 sendRequestVote called for node 5
33780.0ms Vehicle 14 sendRequestVote called for node 6
33780.0ms Vehicle 14 sendRequestVote called for node 7
33780.0ms Vehicle 14 sendRequestVote called for node 9
33780.0ms Vehicle 14 sendRequestVote called for node 10
33780.0ms Vehicle 14 sendRequestVote called for node 11
33780.0ms Vehicle 14 sendRequestVote called for node 12
33780.0ms Vehicle 14 sendRequestVote called for node 13
33780.0ms Vehicle 14 sendRequestVote called for node 14
33800.0ms Leader 5 SENDING AppendEntries to vehicle 0 (n_entries=0, leader_commit=2)
33800.0ms Leader 5 SENDING AppendEntries to vehicle 1 (n_entries=0, leader_commit=2)
33800.0ms Leader 5 SENDING AppendEntries to vehicle 2 (n_entries=0, leader_commit=2)
33800.0ms Leader 5 SENDING AppendEntries to vehicle 4 (n_entries=0, leader_commit=2)
33800.0ms Leader 5 SENDING AppendEntries to vehicle 6 (n_entries=0, leader_commit=2)
33800.0ms Leader 5 SENDING AppendEntries to vehicle 8 (n_entries=0, leader_commit=2)
33800.0ms Leader 5 SENDING AppendEntries to vehicle 9 (n_entries=0, leader_commit=2)
33800.0ms Leader 5 SENDING AppendEntries to vehicle 10 (n_entries=0, leader_commit=2)
33800.0ms Leader 5 SENDING AppendEntries to vehicle 11 (n_entries=0, leader_commit=2)
33800.2ms Vehicle 0 RECEIVED AppendEntries from vehicle 5 (n_entries=0, leader_commit=2)
33801.4ms Vehicle 2 RECEIVED AppendEntries from vehicle 5 (n_entries=0, leader_commit=2)
33802.1ms Vehicle 4 RECEIVED AppendEntries from vehicle 5 (n_entries=0, leader_commit=2)
33803.4ms Vehicle 6 RECEIVED AppendEntries from vehicle 5 (n_entries=0, leader_commit=2)
33805.4ms Vehicle 9 RECEIVED AppendEntries from vehicle 5 (n_entries=0, leader_commit=2)
33805.6ms Vehicle 10 RECEIVED AppendEntries from vehicle 5 (n_entries=0, leader_commit=2)
33805.9ms Vehicle 11 RECEIVED AppendEntries from vehicle 5 (n_entries=0, leader_commit=2)
33.85 [QUEUE_ADV][V9] dist=11.7m speed=0.2 leader=veh8 gap=0.2m gapOpened=0 (need gap>5.0m) myBatch=8 curBatch=0
33940.0ms Vehicle 15 sendRequestVote called for node 1
33940.0ms Vehicle 15 sendRequestVote called for node 2
33940.0ms Vehicle 15 sendRequestVote called for node 3
33940.0ms Vehicle 15 sendRequestVote called for node 5
33940.0ms Vehicle 15 sendRequestVote called for node 6
33940.0ms Vehicle 15 sendRequestVote called for node 7
33940.0ms Vehicle 15 sendRequestVote called for node 9
33940.0ms Vehicle 15 sendRequestVote called for node 10
33940.0ms Vehicle 15 sendRequestVote called for node 11
33940.0ms Vehicle 15 sendRequestVote called for node 12
33940.0ms Vehicle 15 sendRequestVote called for node 13
33940.0ms Vehicle 15 sendRequestVote called for node 14
33940.0ms Vehicle 15 sendRequestVote called for node 15
33.95 [QUEUE_ADV][V14] dist=18.5m speed=0.0 leader=veh2 gap=0.0m gapOpened=0 (need gap>5.0m) myBatch=-1 curBatch=0
33.95 [QUEUE_ADV][V10] dist=18.9m speed=0.0 leader=veh4 gap=0.0m gapOpened=0 (need gap>5.0m) myBatch=5 curBatch=0
34000.0ms Leader 5 SENDING AppendEntries to vehicle 0 (n_entries=0, leader_commit=2)
34000.0ms Leader 5 SENDING AppendEntries to vehicle 1 (n_entries=0, leader_commit=2)
34000.0ms Leader 5 SENDING AppendEntries to vehicle 2 (n_entries=0, leader_commit=2)
34000.0ms Leader 5 SENDING AppendEntries to vehicle 4 (n_entries=0, leader_commit=2)
34000.0ms Leader 5 SENDING AppendEntries to vehicle 6 (n_entries=0, leader_commit=2)
34000.0ms Leader 5 SENDING AppendEntries to vehicle 8 (n_entries=0, leader_commit=2)
34000.0ms Leader 5 SENDING AppendEntries to vehicle 9 (n_entries=0, leader_commit=2)
34000.0ms Leader 5 SENDING AppendEntries to vehicle 10 (n_entries=0, leader_commit=2)
34000.0ms Leader 5 SENDING AppendEntries to vehicle 11 (n_entries=0, leader_commit=2)
34000.8ms Vehicle 0 RECEIVED AppendEntries from vehicle 5 (n_entries=0, leader_commit=2)
34002.5ms Vehicle 2 RECEIVED AppendEntries from vehicle 5 (n_entries=0, leader_commit=2)
34003.8ms Vehicle 4 RECEIVED AppendEntries from vehicle 5 (n_entries=0, leader_commit=2)
34005.0ms Vehicle 6 RECEIVED AppendEntries from vehicle 5 (n_entries=0, leader_commit=2)
34006.0ms Vehicle 9 RECEIVED AppendEntries from vehicle 5 (n_entries=0, leader_commit=2)
34006.2ms Vehicle 10 RECEIVED AppendEntries from vehicle 5 (n_entries=0, leader_commit=2)
34.05 [QUEUE_ADV][V4] dist=11.9m speed=0.0 leader=veh5 gap=0.0m gapOpened=0 (need gap>5.0m) myBatch=4 curBatch=0
34200.0ms Leader 5 SENDING AppendEntries to vehicle 0 (n_entries=0, leader_commit=2)
34200.0ms Leader 5 SENDING AppendEntries to vehicle 1 (n_entries=0, leader_commit=2)
34200.0ms Leader 5 SENDING AppendEntries to vehicle 2 (n_entries=0, leader_commit=2)
34200.0ms Leader 5 SENDING AppendEntries to vehicle 4 (n_entries=0, leader_commit=2)
34200.0ms Leader 5 SENDING AppendEntries to vehicle 6 (n_entries=0, leader_commit=2)
34200.0ms Leader 5 SENDING AppendEntries to vehicle 8 (n_entries=0, leader_commit=2)
34200.0ms Leader 5 SENDING AppendEntries to vehicle 9 (n_entries=0, leader_commit=2)
34200.0ms Leader 5 SENDING AppendEntries to vehicle 10 (n_entries=0, leader_commit=2)
34200.0ms Leader 5 SENDING AppendEntries to vehicle 11 (n_entries=0, leader_commit=2)
34200.2ms Vehicle 0 RECEIVED AppendEntries from vehicle 5 (n_entries=0, leader_commit=2)
34201.4ms Vehicle 2 RECEIVED AppendEntries from vehicle 5 (n_entries=0, leader_commit=2)
34201.7ms Vehicle 4 RECEIVED AppendEntries from vehicle 5 (n_entries=0, leader_commit=2)
34202.4ms Vehicle 6 RECEIVED AppendEntries from vehicle 5 (n_entries=0, leader_commit=2)
34202.8ms Vehicle 9 RECEIVED AppendEntries from vehicle 5 (n_entries=0, leader_commit=2)
34204.2ms Vehicle 10 RECEIVED AppendEntries from vehicle 5 (n_entries=0, leader_commit=2)
34204.5ms Vehicle 11 RECEIVED AppendEntries from vehicle 5 (n_entries=0, leader_commit=2)
** Event #4159744   t=34.24167396156   Elapsed: 24.017s (0m 24s)  11% completed  (11% total)
     Speed:     ev/sec=182459   simsec/sec=1.00584   ev/simsec=181399
     Messages:  created: 3354722   present: 1037   in FES: 68
34.3 [QUEUE_ADV][V13] dist=19.0m speed=0.5 leader=veh10 gap=0.4m gapOpened=0 (need gap>5.0m) myBatch=-1 curBatch=0
34.35 [QUEUE_ADV][V11] dist=11.5m speed=0.0 leader=veh0 gap=0.0m gapOpened=0 (need gap>5.0m) myBatch=1 curBatch=0
34400.0ms Leader 5 SENDING AppendEntries to vehicle 0 (n_entries=0, leader_commit=2)
34400.0ms Leader 5 SENDING AppendEntries to vehicle 1 (n_entries=0, leader_commit=2)
34400.0ms Leader 5 SENDING AppendEntries to vehicle 2 (n_entries=0, leader_commit=2)
34400.0ms Leader 5 SENDING AppendEntries to vehicle 4 (n_entries=0, leader_commit=2)
34400.0ms Leader 5 SENDING AppendEntries to vehicle 6 (n_entries=0, leader_commit=2)
34400.0ms Leader 5 SENDING AppendEntries to vehicle 8 (n_entries=0, leader_commit=2)
34400.0ms Leader 5 SENDING AppendEntries to vehicle 9 (n_entries=0, leader_commit=2)
34400.0ms Leader 5 SENDING AppendEntries to vehicle 10 (n_entries=0, leader_commit=2)
34400.0ms Leader 5 SENDING AppendEntries to vehicle 11 (n_entries=0, leader_commit=2)
34400.8ms Vehicle 0 RECEIVED AppendEntries from vehicle 5 (n_entries=0, leader_commit=2)
34402.5ms Vehicle 2 RECEIVED AppendEntries from vehicle 5 (n_entries=0, leader_commit=2)
34402.9ms Vehicle 4 RECEIVED AppendEntries from vehicle 5 (n_entries=0, leader_commit=2)
34404.5ms Vehicle 9 RECEIVED AppendEntries from vehicle 5 (n_entries=0, leader_commit=2)
34405.8ms Vehicle 10 RECEIVED AppendEntries from vehicle 5 (n_entries=0, leader_commit=2)
34.5 [QUEUE_ADV][V12] dist=11.9m speed=0.1 leader=veh13 gap=0.1m gapOpened=0 (need gap>5.0m) myBatch=-1 curBatch=0
34.56 [DBG][V5] BATCH SAFETY FALLBACK FIRED for batch 3 curBatch=0 hasPassedIntersection=0
34560.0ms Vehicle 5 BATCH SAFETY FALLBACK (lost VEHICLE_LEFT?) for batch 3
34.56 [DBG][V5] RESUME_MOVEMENT called hasStopped=1 myBatch=3 curBatch=3 isLeader=1 fallback=0
34560.0ms Vehicle 5 RESUMING movement
34600.0ms Leader 5 SENDING AppendEntries to vehicle 0 (n_entries=0, leader_commit=2)
34600.0ms Leader 5 SENDING AppendEntries to vehicle 1 (n_entries=0, leader_commit=2)
34600.0ms Leader 5 SENDING AppendEntries to vehicle 2 (n_entries=0, leader_commit=2)
34600.0ms Leader 5 SENDING AppendEntries to vehicle 4 (n_entries=0, leader_commit=2)
34600.0ms Leader 5 SENDING AppendEntries to vehicle 6 (n_entries=0, leader_commit=2)
34600.0ms Leader 5 SENDING AppendEntries to vehicle 8 (n_entries=0, leader_commit=2)
34600.0ms Leader 5 SENDING AppendEntries to vehicle 9 (n_entries=0, leader_commit=2)
34600.0ms Leader 5 SENDING AppendEntries to vehicle 10 (n_entries=0, leader_commit=2)
34600.0ms Leader 5 SENDING AppendEntries to vehicle 11 (n_entries=0, leader_commit=2)
34600.2ms Vehicle 0 RECEIVED AppendEntries from vehicle 5 (n_entries=0, leader_commit=2)
34601.1ms Vehicle 2 RECEIVED AppendEntries from vehicle 5 (n_entries=0, leader_commit=2)
34602.0ms Vehicle 4 RECEIVED AppendEntries from vehicle 5 (n_entries=0, leader_commit=2)
34602.2ms Vehicle 6 RECEIVED AppendEntries from vehicle 5 (n_entries=0, leader_commit=2)
34604.5ms Vehicle 9 RECEIVED AppendEntries from vehicle 5 (n_entries=0, leader_commit=2)
34604.8ms Vehicle 10 RECEIVED AppendEntries from vehicle 5 (n_entries=0, leader_commit=2)
34605.4ms Vehicle 11 RECEIVED AppendEntries from vehicle 5 (n_entries=0, leader_commit=2)
34780.0ms Vehicle 14 sendRequestVote called for node 1
34780.0ms Vehicle 14 sendRequestVote called for node 2
34780.0ms Vehicle 14 sendRequestVote called for node 3
34780.0ms Vehicle 14 sendRequestVote called for node 5
34780.0ms Vehicle 14 sendRequestVote called for node 6
34780.0ms Vehicle 14 sendRequestVote called for node 7
34780.0ms Vehicle 14 sendRequestVote called for node 9
34780.0ms Vehicle 14 sendRequestVote called for node 10
34780.0ms Vehicle 14 sendRequestVote called for node 11
34780.0ms Vehicle 14 sendRequestVote called for node 12
34780.0ms Vehicle 14 sendRequestVote called for node 13
34780.0ms Vehicle 14 sendRequestVote called for node 14
34.8 [QUEUE_ADV][V4] RELEASING - front moved, taking place dist=11.8m gap=6.8m
34800.0ms Vehicle 4 QUEUE ADVANCE (TraCI): gap=6.8m dist=11.8m leader=veh5
34800.0ms Leader 5 SENDING AppendEntries to vehicle 0 (n_entries=0, leader_commit=2)
34800.0ms Leader 5 SENDING AppendEntries to vehicle 1 (n_entries=0, leader_commit=2)
34800.0ms Leader 5 SENDING AppendEntries to vehicle 2 (n_entries=0, leader_commit=2)
34800.0ms Leader 5 SENDING AppendEntries to vehicle 4 (n_entries=0, leader_commit=2)
34800.0ms Leader 5 SENDING AppendEntries to vehicle 6 (n_entries=0, leader_commit=2)
34800.0ms Leader 5 SENDING AppendEntries to vehicle 8 (n_entries=0, leader_commit=2)
34800.0ms Leader 5 SENDING AppendEntries to vehicle 9 (n_entries=0, leader_commit=2)
34800.0ms Leader 5 SENDING AppendEntries to vehicle 10 (n_entries=0, leader_commit=2)
34800.0ms Leader 5 SENDING AppendEntries to vehicle 11 (n_entries=0, leader_commit=2)
34800.8ms Vehicle 0 RECEIVED AppendEntries from vehicle 5 (n_entries=0, leader_commit=2)
34801.3ms Vehicle 2 RECEIVED AppendEntries from vehicle 5 (n_entries=0, leader_commit=2)
34801.7ms Vehicle 4 RECEIVED AppendEntries from vehicle 5 (n_entries=0, leader_commit=2)
34802.4ms Vehicle 6 RECEIVED AppendEntries from vehicle 5 (n_entries=0, leader_commit=2)
34803.6ms Vehicle 9 RECEIVED AppendEntries from vehicle 5 (n_entries=0, leader_commit=2)
34804.2ms Vehicle 10 RECEIVED AppendEntries from vehicle 5 (n_entries=0, leader_commit=2)
34804.4ms Vehicle 11 RECEIVED AppendEntries from vehicle 5 (n_entries=0, leader_commit=2)
34.85 [QUEUE_ADV][V4] RELEASING - front moved, taking place dist=11.8m gap=6.8m
34850.0ms Vehicle 4 QUEUE ADVANCE (TraCI): gap=6.8m dist=11.8m leader=veh5
34.9 [QUEUE_ADV][V9] dist=11.5m speed=0.1 leader=veh8 gap=0.1m gapOpened=0 (need gap>5.0m) myBatch=8 curBatch=0
35 [QUEUE_ADV][V14] dist=18.5m speed=0.0 leader=veh2 gap=0.0m gapOpened=0 (need gap>5.0m) myBatch=-1 curBatch=0
35 [QUEUE_ADV][V10] dist=18.9m speed=0.2 leader=veh4 gap=0.2m gapOpened=0 (need gap>5.0m) myBatch=5 curBatch=0
35000.0ms Leader 5 SENDING AppendEntries to vehicle 0 (n_entries=0, leader_commit=2)
35000.0ms Leader 5 SENDING AppendEntries to vehicle 1 (n_entries=0, leader_commit=2)
35000.0ms Leader 5 SENDING AppendEntries to vehicle 2 (n_entries=0, leader_commit=2)
35000.0ms Leader 5 SENDING AppendEntries to vehicle 4 (n_entries=0, leader_commit=2)
35000.0ms Leader 5 SENDING AppendEntries to vehicle 6 (n_entries=0, leader_commit=2)
35000.0ms Leader 5 SENDING AppendEntries to vehicle 8 (n_entries=0, leader_commit=2)
35000.0ms Leader 5 SENDING AppendEntries to vehicle 9 (n_entries=0, leader_commit=2)
35000.0ms Leader 5 SENDING AppendEntries to vehicle 10 (n_entries=0, leader_commit=2)
35000.0ms Leader 5 SENDING AppendEntries to vehicle 11 (n_entries=0, leader_commit=2)
35000.6ms Vehicle 0 RECEIVED AppendEntries from vehicle 5 (n_entries=0, leader_commit=2)
35002.2ms Vehicle 2 RECEIVED AppendEntries from vehicle 5 (n_entries=0, leader_commit=2)
35003.8ms Vehicle 4 RECEIVED AppendEntries from vehicle 5 (n_entries=0, leader_commit=2)
35004.0ms Vehicle 6 RECEIVED AppendEntries from vehicle 5 (n_entries=0, leader_commit=2)
35004.8ms Vehicle 9 RECEIVED AppendEntries from vehicle 5 (n_entries=0, leader_commit=2)
35006.1ms Vehicle 10 RECEIVED AppendEntries from vehicle 5 (n_entries=0, leader_commit=2)
35008.0ms Vehicle 11 RECEIVED AppendEntries from vehicle 5 (n_entries=0, leader_commit=2)
35020.0ms Vehicle 12 sendRequestVote called for node 1
35020.0ms Vehicle 12 sendRequestVote called for node 2
35020.0ms Vehicle 12 sendRequestVote called for node 3
35020.0ms Vehicle 12 sendRequestVote called for node 5
35020.0ms Vehicle 12 sendRequestVote called for node 6
35020.0ms Vehicle 12 sendRequestVote called for node 7
35020.0ms Vehicle 12 sendRequestVote called for node 9
35020.0ms Vehicle 12 sendRequestVote called for node 10
35020.0ms Vehicle 12 sendRequestVote called for node 11
35020.0ms Vehicle 12 sendRequestVote called for node 12
35020.0ms Vehicle 12 sendRequestVote called for node 14
35020.0ms Vehicle 12 RAFT STATE CHANGED from 1 to 2
35020.0ms Vehicle 12 I am a candidate now! Starting election...
35200.0ms Leader 5 SENDING AppendEntries to vehicle 0 (n_entries=0, leader_commit=2)
35200.0ms Leader 5 SENDING AppendEntries to vehicle 1 (n_entries=0, leader_commit=2)
35200.0ms Leader 5 SENDING AppendEntries to vehicle 2 (n_entries=0, leader_commit=2)
35200.0ms Leader 5 SENDING AppendEntries to vehicle 4 (n_entries=0, leader_commit=2)
35200.0ms Leader 5 SENDING AppendEntries to vehicle 6 (n_entries=0, leader_commit=2)
35200.0ms Leader 5 SENDING AppendEntries to vehicle 8 (n_entries=0, leader_commit=2)
35200.0ms Leader 5 SENDING AppendEntries to vehicle 9 (n_entries=0, leader_commit=2)
35200.0ms Leader 5 SENDING AppendEntries to vehicle 10 (n_entries=0, leader_commit=2)
35200.0ms Leader 5 SENDING AppendEntries to vehicle 11 (n_entries=0, leader_commit=2)
35200.2ms Vehicle 0 RECEIVED AppendEntries from vehicle 5 (n_entries=0, leader_commit=2)
35202.4ms Vehicle 2 RECEIVED AppendEntries from vehicle 5 (n_entries=0, leader_commit=2)
35202.6ms Vehicle 4 RECEIVED AppendEntries from vehicle 5 (n_entries=0, leader_commit=2)
35203.8ms Vehicle 6 RECEIVED AppendEntries from vehicle 5 (n_entries=0, leader_commit=2)
35204.7ms Vehicle 9 RECEIVED AppendEntries from vehicle 5 (n_entries=0, leader_commit=2)
35205.4ms Vehicle 10 RECEIVED AppendEntries from vehicle 5 (n_entries=0, leader_commit=2)
35205.6ms Vehicle 11 RECEIVED AppendEntries from vehicle 5 (n_entries=0, leader_commit=2)
35.35 [QUEUE_ADV][V13] dist=18.7m speed=0.2 leader=veh10 gap=0.2m gapOpened=0 (need gap>5.0m) myBatch=-1 curBatch=0
35.35 [DBG][V11] POS roadId=W2C dist=11.5m speed=0.0m/s onApproach=YES stopped=1 phase=2 leader=0 committed=1 myBatch=1 curBatch=0
35.35 [DBG][V10] POS roadId=S2C dist=18.8m speed=0.5m/s onApproach=YES stopped=1 phase=2 leader=0 committed=1 myBatch=5 curBatch=0
35.35 [DBG][V9] POS roadId=E2C dist=11.5m speed=0.0m/s onApproach=YES stopped=1 phase=2 leader=0 committed=1 myBatch=8 curBatch=0
35.35 [DBG][V0] POS roadId=W2C dist=4.5m speed=0.0m/s onApproach=YES stopped=1 phase=2 leader=1 committed=1 myBatch=3 curBatch=0
35.35 [DBG][V2] POS roadId=N2C dist=4.9m speed=0.0m/s onApproach=YES stopped=1 phase=2 leader=0 committed=1 myBatch=6 curBatch=0
35.35 [DBG][V4] POS roadId=S2C dist=11.2m speed=1.6m/s onApproach=YES stopped=1 phase=2 leader=0 committed=1 myBatch=4 curBatch=0
35.35 [DBG][V6] POS roadId=E2C dist=4.5m speed=0.0m/s onApproach=YES stopped=1 phase=2 leader=0 committed=1 myBatch=7 curBatch=0
35.4 [QUEUE_ADV][V11] dist=11.5m speed=0.0 leader=veh0 gap=0.0m gapOpened=0 (need gap>5.0m) myBatch=1 curBatch=0
35.4 Vehicle 5 hasPassed=true (on exit edge C2N)
35400.0ms Vehicle 5 LEFT intersection
35400.0ms Vehicle 5 BROADCASTING vehicle-passed
35400.0ms Vehicle 5 sending vehicle-left (gossip, isLeader=1, myBatch=3, ttl=16)
35.400327489579 [DBG][V2] VEHICLE_PASSED: V5 frontVeh=-1 myBatch=6 curBatch=0
35400.3ms Vehicle 2 RECEIVED vehicle-passed from vehicle 5
35400.3ms Vehicle 2 RAFT node for vehicle 5 marked INACTIVE (left intersection)
35.400327510466 [DBG][V12] VEHICLE_PASSED: V5 frontVeh=-1 myBatch=-1 curBatch=0
35400.3ms Vehicle 12 RECEIVED vehicle-passed from vehicle 5
35400.3ms Vehicle 12 RAFT node for vehicle 5 marked INACTIVE (left intersection)
35.40032751448 [DBG][V6] VEHICLE_PASSED: V5 frontVeh=-1 myBatch=7 curBatch=0
35400.3ms Vehicle 6 RECEIVED vehicle-passed from vehicle 5
35400.3ms Vehicle 6 RAFT node for vehicle 5 marked INACTIVE (left intersection)
35.400327529355 [DBG][V0] VEHICLE_PASSED: V5 frontVeh=-1 myBatch=3 curBatch=0
35400.3ms Vehicle 0 RECEIVED vehicle-passed from vehicle 5
35.400327535271 [DBG][V9] VEHICLE_PASSED: V5 frontVeh=-1 myBatch=8 curBatch=0
35400.3ms Vehicle 9 RECEIVED vehicle-passed from vehicle 5
35400.3ms Vehicle 9 RAFT node for vehicle 5 marked INACTIVE (left intersection)
35.400327549268 [DBG][V11] VEHICLE_PASSED: V5 frontVeh=-1 myBatch=1 curBatch=0
35400.3ms Vehicle 11 RECEIVED vehicle-passed from vehicle 5
35400.3ms Vehicle 11 RAFT node for vehicle 5 marked INACTIVE (left intersection)
35.400327557957 [DBG][V13] VEHICLE_PASSED: V5 frontVeh=-1 myBatch=-1 curBatch=0
35400.3ms Vehicle 13 RECEIVED vehicle-passed from vehicle 5
35400.3ms Vehicle 13 RAFT node for vehicle 5 marked INACTIVE (left intersection)
35.400327562996 [DBG][V4] VEHICLE_PASSED: V5 frontVeh=-1 myBatch=4 curBatch=0
35400.3ms Vehicle 4 RECEIVED vehicle-passed from vehicle 5
35400.3ms Vehicle 4 RAFT node for vehicle 5 marked INACTIVE (left intersection)
35.400327570726 [DBG][V14] VEHICLE_PASSED: V5 frontVeh=-1 myBatch=-1 curBatch=0
35400.3ms Vehicle 14 RECEIVED vehicle-passed from vehicle 5
35400.3ms Vehicle 14 RAFT node for vehicle 5 marked INACTIVE (left intersection)
35.40032758846 [DBG][V10] VEHICLE_PASSED: V5 frontVeh=-1 myBatch=5 curBatch=0
35400.3ms Vehicle 10 RECEIVED vehicle-passed from vehicle 5
35400.3ms Vehicle 10 RAFT node for vehicle 5 marked INACTIVE (left intersection)
35.400327612437 [DBG][V15] VEHICLE_PASSED: V5 frontVeh=-1 myBatch=-1 curBatch=0
35400.3ms Vehicle 15 RECEIVED vehicle-passed from vehicle 5
35400.3ms Vehicle 15 RAFT node for vehicle 5 marked INACTIVE (left intersection)
35.400687489579 [DBG][V2] VEHICLE_LEFT_GOSSIP: V5 batch=3 ttl=16 curBatch=0 vehiclesLeftSoFar=[3 7 ]
35400.7ms Vehicle 2 RECEIVED vehicle-left (gossip) from vehicle 5
35400.7ms Vehicle 2 RAFT node for vehicle 5 marked INACTIVE (left intersection)
35.400687489579 [DBG][V2] CHECK_BATCH_ADVANCE curBatch=0 allLeft=0 missing=[0 8 ] vehiclesLeft=[3 5 7 ]
35.400687510466 [DBG][V12] VEHICLE_LEFT_GOSSIP: V5 batch=3 ttl=16 curBatch=0 vehiclesLeftSoFar=[3 7 ]
35400.7ms Vehicle 12 RECEIVED vehicle-left (gossip) from vehicle 5
35400.7ms Vehicle 12 RAFT node for vehicle 5 marked INACTIVE (left intersection)
35.40068751448 [DBG][V6] VEHICLE_LEFT_GOSSIP: V5 batch=3 ttl=16 curBatch=0 vehiclesLeftSoFar=[3 7 ]
35400.7ms Vehicle 6 RECEIVED vehicle-left (gossip) from vehicle 5
35400.7ms Vehicle 6 RAFT node for vehicle 5 marked INACTIVE (left intersection)
35.40068751448 [DBG][V6] CHECK_BATCH_ADVANCE curBatch=0 allLeft=0 missing=[0 8 ] vehiclesLeft=[3 5 7 ]
35.400687529355 [DBG][V0] VEHICLE_LEFT_GOSSIP: V5 batch=3 ttl=16 curBatch=0 vehiclesLeftSoFar=[3 7 ]
35400.7ms Vehicle 0 RECEIVED vehicle-left (gossip) from vehicle 5
35.400687529355 [DBG][V0] CHECK_BATCH_ADVANCE curBatch=0 allLeft=0 missing=[1 8 ] vehiclesLeft=[3 5 7 ]
35.400687535271 [DBG][V9] VEHICLE_LEFT_GOSSIP: V5 batch=3 ttl=16 curBatch=0 vehiclesLeftSoFar=[3 7 ]
35400.7ms Vehicle 9 RECEIVED vehicle-left (gossip) from vehicle 5
35400.7ms Vehicle 9 RAFT node for vehicle 5 marked INACTIVE (left intersection)
35.400687535271 [DBG][V9] CHECK_BATCH_ADVANCE curBatch=0 allLeft=0 missing=[0 8 ] vehiclesLeft=[3 5 7 ]
35.400687549268 [DBG][V11] VEHICLE_LEFT_GOSSIP: V5 batch=3 ttl=16 curBatch=0 vehiclesLeftSoFar=[3 7 ]
35400.7ms Vehicle 11 RECEIVED vehicle-left (gossip) from vehicle 5
35400.7ms Vehicle 11 RAFT node for vehicle 5 marked INACTIVE (left intersection)
35.400687549268 [DBG][V11] CHECK_BATCH_ADVANCE curBatch=0 allLeft=0 missing=[0 8 ] vehiclesLeft=[3 5 7 ]
35.400687557957 [DBG][V13] VEHICLE_LEFT_GOSSIP: V5 batch=3 ttl=16 curBatch=0 vehiclesLeftSoFar=[3 7 ]
35400.7ms Vehicle 13 RECEIVED vehicle-left (gossip) from vehicle 5
35400.7ms Vehicle 13 RAFT node for vehicle 5 marked INACTIVE (left intersection)
35.400687562996 [DBG][V4] VEHICLE_LEFT_GOSSIP: V5 batch=3 ttl=16 curBatch=0 vehiclesLeftSoFar=[3 7 ]
35400.7ms Vehicle 4 RECEIVED vehicle-left (gossip) from vehicle 5
35400.7ms Vehicle 4 RAFT node for vehicle 5 marked INACTIVE (left intersection)
35.400687562996 [DBG][V4] CHECK_BATCH_ADVANCE curBatch=0 allLeft=0 missing=[0 8 ] vehiclesLeft=[3 5 7 ]
35.400687570726 [DBG][V14] VEHICLE_LEFT_GOSSIP: V5 batch=3 ttl=16 curBatch=0 vehiclesLeftSoFar=[3 7 ]
35400.7ms Vehicle 14 RECEIVED vehicle-left (gossip) from vehicle 5
35400.7ms Vehicle 14 RAFT node for vehicle 5 marked INACTIVE (left intersection)
35.40068758846 [DBG][V10] VEHICLE_LEFT_GOSSIP: V5 batch=3 ttl=16 curBatch=0 vehiclesLeftSoFar=[3 7 ]
35400.7ms Vehicle 10 RECEIVED vehicle-left (gossip) from vehicle 5
35400.7ms Vehicle 10 RAFT node for vehicle 5 marked INACTIVE (left intersection)
35.40068758846 [DBG][V10] CHECK_BATCH_ADVANCE curBatch=0 allLeft=0 missing=[0 8 ] vehiclesLeft=[3 5 7 ]
35.400687612437 [DBG][V15] VEHICLE_LEFT_GOSSIP: V5 batch=3 ttl=16 curBatch=0 vehiclesLeftSoFar=[3 7 ]
35400.7ms Vehicle 15 RECEIVED vehicle-left (gossip) from vehicle 5
35400.7ms Vehicle 15 RAFT node for vehicle 5 marked INACTIVE (left intersection)
35.55 [QUEUE_ADV][V12] dist=11.9m speed=0.0 leader=veh13 gap=0.0m gapOpened=0 (need gap>5.0m) myBatch=-1 curBatch=0
35.75 [DBG][V12] POS roadId=N2C dist=11.9m speed=0.0m/s onApproach=YES stopped=1 phase=2 leader=0 committed=0 myBatch=-1 curBatch=0
35800.0ms Vehicle 15 sendRequestVote called for node 1
35800.0ms Vehicle 15 sendRequestVote called for node 2
35800.0ms Vehicle 15 sendRequestVote called for node 3
35800.0ms Vehicle 15 sendRequestVote called for node 5
35800.0ms Vehicle 15 sendRequestVote called for node 7
35800.0ms Vehicle 15 sendRequestVote called for node 9
35800.0ms Vehicle 15 sendRequestVote called for node 10
35800.0ms Vehicle 15 sendRequestVote called for node 11
35800.0ms Vehicle 15 sendRequestVote called for node 12
35800.0ms Vehicle 15 sendRequestVote called for node 13
35800.0ms Vehicle 15 sendRequestVote called for node 14
35800.0ms Vehicle 15 sendRequestVote called for node 15
35.95 [QUEUE_ADV][V9] dist=11.5m speed=0.0 leader=veh8 gap=0.0m gapOpened=0 (need gap>5.0m) myBatch=8 curBatch=0
36.05 [QUEUE_ADV][V14] dist=18.5m speed=0.0 leader=veh2 gap=0.0m gapOpened=0 (need gap>5.0m) myBatch=-1 curBatch=0
36.05 [DBG][V13] POS roadId=E2C dist=18.6m speed=0.1m/s onApproach=YES stopped=1 phase=2 leader=0 committed=0 myBatch=-1 curBatch=0
** Event #4514304   t=36.177633757365   Elapsed: 26.0173s (0m 26s)  12% completed  (12% total)
     Speed:     ev/sec=177256   simsec/sec=0.967849   ev/simsec=183144
     Messages:  created: 3638427   present: 1013   in FES: 57
36200.0ms Vehicle 11 sendRequestVote called for node 1
36200.0ms Vehicle 11 sendRequestVote called for node 2
36200.0ms Vehicle 11 sendRequestVote called for node 3
36200.0ms Vehicle 11 sendRequestVote called for node 5
36200.0ms Vehicle 11 sendRequestVote called for node 7
36200.0ms Vehicle 11 sendRequestVote called for node 9
36200.0ms Vehicle 11 sendRequestVote called for node 10
36200.0ms Vehicle 11 sendRequestVote called for node 11
36200.0ms Vehicle 11 RAFT STATE CHANGED from 1 to 2
36200.0ms Vehicle 11 I am a candidate now! Starting election...
36280.0ms Vehicle 14 sendRequestVote called for node 1
36280.0ms Vehicle 14 sendRequestVote called for node 2
36280.0ms Vehicle 14 sendRequestVote called for node 3
36280.0ms Vehicle 14 sendRequestVote called for node 5
36280.0ms Vehicle 14 sendRequestVote called for node 7
36280.0ms Vehicle 14 sendRequestVote called for node 9
36280.0ms Vehicle 14 sendRequestVote called for node 10
36280.0ms Vehicle 14 sendRequestVote called for node 11
36280.0ms Vehicle 14 sendRequestVote called for node 12
36280.0ms Vehicle 14 sendRequestVote called for node 13
36280.0ms Vehicle 14 sendRequestVote called for node 14
36.4 [QUEUE_ADV][V13] dist=18.6m speed=0.1 leader=veh10 gap=0.1m gapOpened=0 (need gap>5.0m) myBatch=-1 curBatch=0
36.45 [QUEUE_ADV][V11] dist=11.5m speed=0.0 leader=veh0 gap=0.0m gapOpened=0 (need gap>5.0m) myBatch=1 curBatch=0
36480.0ms Vehicle 9 sendRequestVote called for node 1
36480.0ms Vehicle 9 sendRequestVote called for node 2
36480.0ms Vehicle 9 sendRequestVote called for node 3
36480.0ms Vehicle 9 sendRequestVote called for node 5
36480.0ms Vehicle 9 sendRequestVote called for node 7
36480.0ms Vehicle 9 sendRequestVote called for node 9
36480.0ms Vehicle 9 sendRequestVote called for node 11
36480.0ms Vehicle 9 RAFT STATE CHANGED from 1 to 2
36480.0ms Vehicle 9 I am a candidate now! Starting election...
36.6 [STOP_CHECK][V15] road=S2C dist=24.9m (lanePos=167.9 laneLen=192.8) stopDist=5.0m speed=1.5m/s
36.6 [QUEUE_ADV][V12] dist=11.9m speed=0.0 leader=veh13 gap=0.0m gapOpened=0 (need gap>5.0m) myBatch=-1 curBatch=0
36.65 [STOP_CHECK][V15] road=S2C dist=24.9m (lanePos=167.9 laneLen=192.8) stopDist=5.0m speed=1.5m/s
36680.0ms Vehicle 13 sendRequestVote called for node 1
36680.0ms Vehicle 13 sendRequestVote called for node 2
36680.0ms Vehicle 13 sendRequestVote called for node 3
36680.0ms Vehicle 13 sendRequestVote called for node 5
36680.0ms Vehicle 13 sendRequestVote called for node 7
36680.0ms Vehicle 13 sendRequestVote called for node 9
36680.0ms Vehicle 13 sendRequestVote called for node 10
36680.0ms Vehicle 13 sendRequestVote called for node 11
36680.0ms Vehicle 13 sendRequestVote called for node 12
36680.0ms Vehicle 13 sendRequestVote called for node 13
36680.0ms Vehicle 13 RAFT STATE CHANGED from 1 to 2
36680.0ms Vehicle 13 I am a candidate now! Starting election...
36.7 [STOP_CHECK][V15] road=S2C dist=24.7m (lanePos=168.1 laneLen=192.8) stopDist=5.0m speed=1.8m/s
36.75 [STOP_CHECK][V15] road=S2C dist=24.7m (lanePos=168.1 laneLen=192.8) stopDist=5.0m speed=1.8m/s
36.8 [DBG][V0] BATCH SAFETY FALLBACK FIRED for batch 3 curBatch=0 hasPassedIntersection=0
36800.0ms Vehicle 0 BATCH SAFETY FALLBACK (lost VEHICLE_LEFT?) for batch 3
36.8 [DBG][V0] RESUME_MOVEMENT called hasStopped=1 myBatch=3 curBatch=3 isLeader=1 fallback=0
36800.0ms Vehicle 0 RESUMING movement
36.8 [STOP_CHECK][V15] road=S2C dist=24.5m (lanePos=168.3 laneLen=192.8) stopDist=5.0m speed=1.9m/s
36.85 [STOP_CHECK][V15] road=S2C dist=24.5m (lanePos=168.3 laneLen=192.8) stopDist=5.0m speed=1.9m/s
36.9 [STOP_CHECK][V15] road=S2C dist=24.3m (lanePos=168.5 laneLen=192.8) stopDist=5.0m speed=2.1m/s
36.95 [STOP_CHECK][V15] road=S2C dist=24.3m (lanePos=168.5 laneLen=192.8) stopDist=5.0m speed=2.1m/s
36.95 [DBG][V14] POS roadId=W2C dist=18.5m speed=0.0m/s onApproach=YES stopped=1 phase=2 leader=0 committed=0 myBatch=-1 curBatch=0
37 [STOP_CHECK][V15] road=S2C dist=24.1m (lanePos=168.7 laneLen=192.8) stopDist=5.0m speed=2.1m/s
37 [QUEUE_ADV][V11] RELEASING - front moved, taking place dist=11.4m gap=6.8m
37000.0ms Vehicle 11 QUEUE ADVANCE (TraCI): gap=6.8m dist=11.4m leader=veh0
37 [QUEUE_ADV][V9] dist=11.5m speed=0.0 leader=veh8 gap=0.0m gapOpened=0 (need gap>5.0m) myBatch=8 curBatch=0
37000.0ms Vehicle 11 sendRequestVote called for node 1
37000.0ms Vehicle 11 sendRequestVote called for node 2
37000.0ms Vehicle 11 sendRequestVote called for node 3
37000.0ms Vehicle 11 sendRequestVote called for node 5
37000.0ms Vehicle 11 sendRequestVote called for node 7
37000.0ms Vehicle 11 sendRequestVote called for node 9
37000.0ms Vehicle 11 sendRequestVote called for node 10
37000.0ms Vehicle 11 sendRequestVote called for node 11
37.04 [DBG][V11] BATCH SAFETY FALLBACK FIRED for batch 1 curBatch=0 hasPassedIntersection=0
37040.0ms Vehicle 11 BATCH SAFETY FALLBACK (lost VEHICLE_LEFT?) for batch 1
37.04 [DBG][V11] RESUME_MOVEMENT called hasStopped=1 myBatch=1 curBatch=1 isLeader=0 fallback=0
37040.0ms Vehicle 11 RESUMING movement
37.05 [STOP_CHECK][V15] road=S2C dist=24.1m (lanePos=168.7 laneLen=192.8) stopDist=5.0m speed=2.1m/s
37.1 [STOP_CHECK][V15] road=S2C dist=23.9m (lanePos=168.9 laneLen=192.8) stopDist=5.0m speed=2.3m/s
37.1 [QUEUE_ADV][V14] dist=18.5m speed=0.1 leader=veh2 gap=2.4m gapOpened=0 (need gap>5.0m) myBatch=-1 curBatch=0
37.15 [DBG][V15] POS roadId=S2C dist=23.9m speed=2.3m/s onApproach=YES stopped=0 phase=2 leader=0 committed=0 myBatch=-1 curBatch=0
37.15 [STOP_CHECK][V15] road=S2C dist=23.9m (lanePos=168.9 laneLen=192.8) stopDist=5.0m speed=2.3m/s
37.2 [STOP_CHECK][V15] road=S2C dist=23.6m (lanePos=169.2 laneLen=192.8) stopDist=5.0m speed=2.6m/s
37.25 [STOP_CHECK][V15] road=S2C dist=23.6m (lanePos=169.2 laneLen=192.8) stopDist=5.0m speed=2.6m/s
37.3 [STOP_CHECK][V15] road=S2C dist=23.4m (lanePos=169.4 laneLen=192.8) stopDist=5.0m speed=2.6m/s
37.35 [STOP_CHECK][V15] road=S2C dist=23.4m (lanePos=169.4 laneLen=192.8) stopDist=5.0m speed=2.6m/s
37.4 [STOP_CHECK][V15] road=S2C dist=23.1m (lanePos=169.7 laneLen=192.8) stopDist=5.0m speed=2.9m/s
37400.0ms Vehicle 2 sendRequestVote called for node 1
37400.0ms Vehicle 2 sendRequestVote called for node 5
37400.0ms Vehicle 2 sendRequestVote called for node 7
37400.0ms Vehicle 2 RAFT STATE CHANGED from 1 to 2
37400.0ms Vehicle 2 I am a candidate now! Starting election...
37.45 [STOP_CHECK][V15] road=S2C dist=23.1m (lanePos=169.7 laneLen=192.8) stopDist=5.0m speed=2.9m/s
37.45 [QUEUE_ADV][V13] dist=18.5m speed=0.0 leader=veh10 gap=0.0m gapOpened=0 (need gap>5.0m) myBatch=-1 curBatch=0
37.5 [STOP_CHECK][V15] road=S2C dist=22.8m (lanePos=170.0 laneLen=192.8) stopDist=5.0m speed=2.7m/s
37.55 [STOP_CHECK][V15] road=S2C dist=22.8m (lanePos=170.0 laneLen=192.8) stopDist=5.0m speed=2.7m/s
37.6 [STOP_CHECK][V15] road=S2C dist=22.6m (lanePos=170.2 laneLen=192.8) stopDist=5.0m speed=2.5m/s
37.6 Vehicle 0 hasPassed=true (on exit edge C2E)
37600.0ms Vehicle 0 LEFT intersection
37600.0ms Vehicle 0 BROADCASTING vehicle-passed
37600.0ms Vehicle 0 sending vehicle-left (gossip, isLeader=1, myBatch=3, ttl=16)
37.600668483855 [DBG][V6] VEHICLE_PASSED: V0 frontVeh=-1 myBatch=7 curBatch=0
37600.7ms Vehicle 6 RECEIVED vehicle-passed from vehicle 0
37600.7ms Vehicle 6 RAFT node for vehicle 0 marked INACTIVE (left intersection)
37.600668504015 [DBG][V9] VEHICLE_PASSED: V0 frontVeh=-1 myBatch=8 curBatch=0
37600.7ms Vehicle 9 RECEIVED vehicle-passed from vehicle 0
37600.7ms Vehicle 9 RAFT node for vehicle 0 marked INACTIVE (left intersection)
37.600668511619 [DBG][V4] VEHICLE_PASSED: V0 frontVeh=-1 myBatch=4 curBatch=0
37600.7ms Vehicle 4 RECEIVED vehicle-passed from vehicle 0
37600.7ms Vehicle 4 RAFT node for vehicle 0 marked INACTIVE (left intersection)
37.600668515841 [DBG][V11] VEHICLE_PASSED: V0 frontVeh=-1 myBatch=1 curBatch=1
37600.7ms Vehicle 11 RECEIVED vehicle-passed from vehicle 0
37600.7ms Vehicle 11 RAFT node for vehicle 0 marked INACTIVE (left intersection)
37.600668526757 [DBG][V13] VEHICLE_PASSED: V0 frontVeh=-1 myBatch=-1 curBatch=0
37600.7ms Vehicle 13 RECEIVED vehicle-passed from vehicle 0
37600.7ms Vehicle 13 RAFT node for vehicle 0 marked INACTIVE (left intersection)
37.600668527346 [DBG][V2] VEHICLE_PASSED: V0 frontVeh=-1 myBatch=6 curBatch=0
37600.7ms Vehicle 2 RECEIVED vehicle-passed from vehicle 0
37600.7ms Vehicle 2 RAFT node for vehicle 0 marked INACTIVE (left intersection)
37.600668537345 [DBG][V10] VEHICLE_PASSED: V0 frontVeh=-1 myBatch=5 curBatch=0
37600.7ms Vehicle 10 RECEIVED vehicle-passed from vehicle 0
37600.7ms Vehicle 10 RAFT node for vehicle 0 marked INACTIVE (left intersection)
37.60066854716 [DBG][V12] VEHICLE_PASSED: V0 frontVeh=-1 myBatch=-1 curBatch=0
37600.7ms Vehicle 12 RECEIVED vehicle-passed from vehicle 0
37600.7ms Vehicle 12 RAFT node for vehicle 0 marked INACTIVE (left intersection)
37.600668566883 [DBG][V15] VEHICLE_PASSED: V0 frontVeh=-1 myBatch=-1 curBatch=0
37600.7ms Vehicle 15 RECEIVED vehicle-passed from vehicle 0
37600.7ms Vehicle 15 RAFT node for vehicle 0 marked INACTIVE (left intersection)
37.600668583944 [DBG][V14] VEHICLE_PASSED: V0 frontVeh=-1 myBatch=-1 curBatch=0
37600.7ms Vehicle 14 RECEIVED vehicle-passed from vehicle 0
37600.7ms Vehicle 14 RAFT node for vehicle 0 marked INACTIVE (left intersection)
37.601629877431 [DBG][V6] VEHICLE_LEFT_GOSSIP: V0 batch=3 ttl=16 curBatch=0 vehiclesLeftSoFar=[3 5 7 ]
37601.6ms Vehicle 6 RECEIVED vehicle-left (gossip) from vehicle 0
37601.6ms Vehicle 6 RAFT node for vehicle 0 marked INACTIVE (left intersection)
37.601629877431 [DBG][V6] CHECK_BATCH_ADVANCE curBatch=0 allLeft=0 missing=[8 ] vehiclesLeft=[0 3 5 7 ]
37.601629897591 [DBG][V9] VEHICLE_LEFT_GOSSIP: V0 batch=3 ttl=16 curBatch=0 vehiclesLeftSoFar=[3 5 7 ]
37601.6ms Vehicle 9 RECEIVED vehicle-left (gossip) from vehicle 0
37601.6ms Vehicle 9 RAFT node for vehicle 0 marked INACTIVE (left intersection)
37.601629897591 [DBG][V9] CHECK_BATCH_ADVANCE curBatch=0 allLeft=0 missing=[8 ] vehiclesLeft=[0 3 5 7 ]
37.601629905195 [DBG][V4] VEHICLE_LEFT_GOSSIP: V0 batch=3 ttl=16 curBatch=0 vehiclesLeftSoFar=[3 5 7 ]
37601.6ms Vehicle 4 RECEIVED vehicle-left (gossip) from vehicle 0
37601.6ms Vehicle 4 RAFT node for vehicle 0 marked INACTIVE (left intersection)
37.601629905195 [DBG][V4] CHECK_BATCH_ADVANCE curBatch=0 allLeft=0 missing=[8 ] vehiclesLeft=[0 3 5 7 ]
37.601629909417 [DBG][V11] VEHICLE_LEFT_GOSSIP: V0 batch=3 ttl=16 curBatch=1 vehiclesLeftSoFar=[3 5 7 ]
37601.6ms Vehicle 11 RECEIVED vehicle-left (gossip) from vehicle 0
37601.6ms Vehicle 11 RAFT node for vehicle 0 marked INACTIVE (left intersection)
37.601629909417 [DBG][V11] CHECK_BATCH_ADVANCE curBatch=1 allLeft=0 missing=[1 11 ] vehiclesLeft=[0 3 5 7 ]
37.601629920333 [DBG][V13] VEHICLE_LEFT_GOSSIP: V0 batch=3 ttl=16 curBatch=0 vehiclesLeftSoFar=[3 5 7 ]
37601.6ms Vehicle 13 RECEIVED vehicle-left (gossip) from vehicle 0
37601.6ms Vehicle 13 RAFT node for vehicle 0 marked INACTIVE (left intersection)
37.601629920922 [DBG][V2] VEHICLE_LEFT_GOSSIP: V0 batch=3 ttl=16 curBatch=0 vehiclesLeftSoFar=[3 5 7 ]
37601.6ms Vehicle 2 RECEIVED vehicle-left (gossip) from vehicle 0
37601.6ms Vehicle 2 RAFT node for vehicle 0 marked INACTIVE (left intersection)
37.601629920922 [DBG][V2] CHECK_BATCH_ADVANCE curBatch=0 allLeft=0 missing=[8 ] vehiclesLeft=[0 3 5 7 ]
37.601629930921 [DBG][V10] VEHICLE_LEFT_GOSSIP: V0 batch=3 ttl=16 curBatch=0 vehiclesLeftSoFar=[3 5 7 ]
37601.6ms Vehicle 10 RECEIVED vehicle-left (gossip) from vehicle 0
37601.6ms Vehicle 10 RAFT node for vehicle 0 marked INACTIVE (left intersection)
37.601629930921 [DBG][V10] CHECK_BATCH_ADVANCE curBatch=0 allLeft=0 missing=[8 ] vehiclesLeft=[0 3 5 7 ]
37.601629940736 [DBG][V12] VEHICLE_LEFT_GOSSIP: V0 batch=3 ttl=16 curBatch=0 vehiclesLeftSoFar=[3 5 7 ]
37601.6ms Vehicle 12 RECEIVED vehicle-left (gossip) from vehicle 0
37601.6ms Vehicle 12 RAFT node for vehicle 0 marked INACTIVE (left intersection)
37.601629960459 [DBG][V15] VEHICLE_LEFT_GOSSIP: V0 batch=3 ttl=16 curBatch=0 vehiclesLeftSoFar=[3 5 7 ]
37601.6ms Vehicle 15 RECEIVED vehicle-left (gossip) from vehicle 0
37601.6ms Vehicle 15 RAFT node for vehicle 0 marked INACTIVE (left intersection)
37.60162997752 [DBG][V14] VEHICLE_LEFT_GOSSIP: V0 batch=3 ttl=16 curBatch=0 vehiclesLeftSoFar=[3 5 7 ]
37601.6ms Vehicle 14 RECEIVED vehicle-left (gossip) from vehicle 0
37601.6ms Vehicle 14 RAFT node for vehicle 0 marked INACTIVE (left intersection)
37640.0ms Vehicle 15 sendRequestVote called for node 2
37640.0ms Vehicle 15 sendRequestVote called for node 3
37640.0ms Vehicle 15 sendRequestVote called for node 5
37640.0ms Vehicle 15 sendRequestVote called for node 7
37640.0ms Vehicle 15 sendRequestVote called for node 9
37640.0ms Vehicle 15 sendRequestVote called for node 10
37640.0ms Vehicle 15 sendRequestVote called for node 11
37640.0ms Vehicle 15 sendRequestVote called for node 12
37640.0ms Vehicle 15 sendRequestVote called for node 13
37640.0ms Vehicle 15 sendRequestVote called for node 14
37640.0ms Vehicle 15 sendRequestVote called for node 15
37.65 [STOP_CHECK][V15] road=S2C dist=22.6m (lanePos=170.2 laneLen=192.8) stopDist=5.0m speed=2.5m/s
37.65 [QUEUE_ADV][V12] dist=11.9m speed=0.0 leader=veh13 gap=0.0m gapOpened=0 (need gap>5.0m) myBatch=-1 curBatch=0
37.7 [STOP_CHECK][V15] road=S2C dist=22.3m (lanePos=170.5 laneLen=192.8) stopDist=5.0m speed=2.3m/s
37740.0ms Vehicle 10 sendRequestVote called for node 2
37740.0ms Vehicle 10 sendRequestVote called for node 3
37740.0ms Vehicle 10 sendRequestVote called for node 5
37740.0ms Vehicle 10 sendRequestVote called for node 7
37740.0ms Vehicle 10 sendRequestVote called for node 9
37740.0ms Vehicle 10 sendRequestVote called for node 10
37740.0ms Vehicle 10 RAFT STATE CHANGED from 1 to 2
37740.0ms Vehicle 10 I am a candidate now! Starting election...
37.75 [STOP_CHECK][V15] road=S2C dist=22.3m (lanePos=170.5 laneLen=192.8) stopDist=5.0m speed=2.3m/s
37.8 [STOP_CHECK][V15] road=S2C dist=22.1m (lanePos=170.7 laneLen=192.8) stopDist=5.0m speed=2.2m/s
37.85 [STOP_CHECK][V15] road=S2C dist=22.1m (lanePos=170.7 laneLen=192.8) stopDist=5.0m speed=2.2m/s
37.9 [STOP_CHECK][V15] road=S2C dist=21.9m (lanePos=170.9 laneLen=192.8) stopDist=5.0m speed=2.0m/s
37.95 [STOP_CHECK][V15] road=S2C dist=21.9m (lanePos=170.9 laneLen=192.8) stopDist=5.0m speed=2.0m/s
38 [STOP_CHECK][V15] road=S2C dist=21.7m (lanePos=171.1 laneLen=192.8) stopDist=5.0m speed=1.9m/s
38040.0ms Vehicle 11 sendRequestVote called for node 2
38040.0ms Vehicle 11 sendRequestVote called for node 3
38040.0ms Vehicle 11 sendRequestVote called for node 5
38040.0ms Vehicle 11 sendRequestVote called for node 7
38040.0ms Vehicle 11 sendRequestVote called for node 9
38040.0ms Vehicle 11 sendRequestVote called for node 10
38040.0ms Vehicle 11 sendRequestVote called for node 11
38.05 [STOP_CHECK][V15] road=S2C dist=21.7m (lanePos=171.1 laneLen=192.8) stopDist=5.0m speed=1.9m/s
38.05 [QUEUE_ADV][V9] dist=11.5m speed=0.0 leader=veh8 gap=0.0m gapOpened=0 (need gap>5.0m) myBatch=8 curBatch=0
38.1 [STOP_CHECK][V15] road=S2C dist=21.5m (lanePos=171.3 laneLen=192.8) stopDist=5.0m speed=1.8m/s
38100.0ms Vehicle 14 sendRequestVote called for node 2
38100.0ms Vehicle 14 sendRequestVote called for node 3
38100.0ms Vehicle 14 sendRequestVote called for node 5
38100.0ms Vehicle 14 sendRequestVote called for node 7
38100.0ms Vehicle 14 sendRequestVote called for node 9
38100.0ms Vehicle 14 sendRequestVote called for node 10
38100.0ms Vehicle 14 sendRequestVote called for node 11
38100.0ms Vehicle 14 sendRequestVote called for node 12
38100.0ms Vehicle 14 sendRequestVote called for node 13
38100.0ms Vehicle 14 sendRequestVote called for node 14
38.15 [STOP_CHECK][V15] road=S2C dist=21.5m (lanePos=171.3 laneLen=192.8) stopDist=5.0m speed=1.8m/s
38.2 [STOP_CHECK][V15] road=S2C dist=21.4m (lanePos=171.4 laneLen=192.8) stopDist=5.0m speed=1.8m/s
38.2 Vehicle 11 hasPassed=true (on exit edge C2E)
38200.0ms Vehicle 11 LEFT intersection
38200.0ms Vehicle 11 BROADCASTING vehicle-passed
38200.0ms Vehicle 11 sending vehicle-left (gossip, isLeader=0, myBatch=1, ttl=16)
38.20098796123 [DBG][V6] VEHICLE_PASSED: V11 frontVeh=-1 myBatch=7 curBatch=0
38201.0ms Vehicle 6 RECEIVED vehicle-passed from vehicle 11
38.200987981436 [DBG][V9] VEHICLE_PASSED: V11 frontVeh=-1 myBatch=8 curBatch=0
38201.0ms Vehicle 9 RECEIVED vehicle-passed from vehicle 11
38.200987988781 [DBG][V4] VEHICLE_PASSED: V11 frontVeh=-1 myBatch=4 curBatch=0
38201.0ms Vehicle 4 RECEIVED vehicle-passed from vehicle 11
38201.0ms Vehicle 4 RAFT node for vehicle 11 marked INACTIVE (left intersection)
38.200988004148 [DBG][V13] VEHICLE_PASSED: V11 frontVeh=-1 myBatch=-1 curBatch=0
38201.0ms Vehicle 13 RECEIVED vehicle-passed from vehicle 11
38201.0ms Vehicle 13 RAFT node for vehicle 11 marked INACTIVE (left intersection)
38.200988004504 [DBG][V2] VEHICLE_PASSED: V11 frontVeh=-1 myBatch=6 curBatch=0
38201.0ms Vehicle 2 RECEIVED vehicle-passed from vehicle 11
38.200988012047 [DBG][V10] VEHICLE_PASSED: V11 frontVeh=-1 myBatch=5 curBatch=0
38201.0ms Vehicle 10 RECEIVED vehicle-passed from vehicle 11
38.200988024342 [DBG][V12] VEHICLE_PASSED: V11 frontVeh=-1 myBatch=-1 curBatch=0
38201.0ms Vehicle 12 RECEIVED vehicle-passed from vehicle 11
38201.0ms Vehicle 12 RAFT node for vehicle 11 marked INACTIVE (left intersection)
38.200988040246 [DBG][V15] VEHICLE_PASSED: V11 frontVeh=-1 myBatch=-1 curBatch=0
38201.0ms Vehicle 15 RECEIVED vehicle-passed from vehicle 11
38201.0ms Vehicle 15 RAFT node for vehicle 11 marked INACTIVE (left intersection)
38.200988057065 [DBG][V14] VEHICLE_PASSED: V11 frontVeh=-1 myBatch=-1 curBatch=0
38201.0ms Vehicle 14 RECEIVED vehicle-passed from vehicle 11
38201.0ms Vehicle 14 RAFT node for vehicle 11 marked INACTIVE (left intersection)
38.20130796123 [DBG][V6] VEHICLE_LEFT_GOSSIP: V11 batch=1 ttl=16 curBatch=0 vehiclesLeftSoFar=[0 3 5 7 ]
38201.3ms Vehicle 6 RECEIVED vehicle-left (gossip) from vehicle 11
38.20130796123 [DBG][V6] CHECK_BATCH_ADVANCE curBatch=0 allLeft=0 missing=[8 ] vehiclesLeft=[0 3 5 7 11 ]
38.201307981436 [DBG][V9] VEHICLE_LEFT_GOSSIP: V11 batch=1 ttl=16 curBatch=0 vehiclesLeftSoFar=[0 3 5 7 ]
38201.3ms Vehicle 9 RECEIVED vehicle-left (gossip) from vehicle 11
38.201307981436 [DBG][V9] CHECK_BATCH_ADVANCE curBatch=0 allLeft=0 missing=[8 ] vehiclesLeft=[0 3 5 7 11 ]
38.201307988781 [DBG][V4] VEHICLE_LEFT_GOSSIP: V11 batch=1 ttl=16 curBatch=0 vehiclesLeftSoFar=[0 3 5 7 ]
38201.3ms Vehicle 4 RECEIVED vehicle-left (gossip) from vehicle 11
38201.3ms Vehicle 4 RAFT node for vehicle 11 marked INACTIVE (left intersection)
38.201307988781 [DBG][V4] CHECK_BATCH_ADVANCE curBatch=0 allLeft=0 missing=[8 ] vehiclesLeft=[0 3 5 7 11 ]
38.201308004148 [DBG][V13] VEHICLE_LEFT_GOSSIP: V11 batch=1 ttl=16 curBatch=0 vehiclesLeftSoFar=[0 3 5 7 ]
38201.3ms Vehicle 13 RECEIVED vehicle-left (gossip) from vehicle 11
38201.3ms Vehicle 13 RAFT node for vehicle 11 marked INACTIVE (left intersection)
38.201308004504 [DBG][V2] VEHICLE_LEFT_GOSSIP: V11 batch=1 ttl=16 curBatch=0 vehiclesLeftSoFar=[0 3 5 7 ]
38201.3ms Vehicle 2 RECEIVED vehicle-left (gossip) from vehicle 11
38.201308004504 [DBG][V2] CHECK_BATCH_ADVANCE curBatch=0 allLeft=0 missing=[8 ] vehiclesLeft=[0 3 5 7 11 ]
38.201308012047 [DBG][V10] VEHICLE_LEFT_GOSSIP: V11 batch=1 ttl=16 curBatch=0 vehiclesLeftSoFar=[0 3 5 7 ]
38201.3ms Vehicle 10 RECEIVED vehicle-left (gossip) from vehicle 11
38.201308012047 [DBG][V10] CHECK_BATCH_ADVANCE curBatch=0 allLeft=0 missing=[8 ] vehiclesLeft=[0 3 5 7 11 ]
38.201308024342 [DBG][V12] VEHICLE_LEFT_GOSSIP: V11 batch=1 ttl=16 curBatch=0 vehiclesLeftSoFar=[0 3 5 7 ]
38201.3ms Vehicle 12 RECEIVED vehicle-left (gossip) from vehicle 11
38201.3ms Vehicle 12 RAFT node for vehicle 11 marked INACTIVE (left intersection)
38.201308040246 [DBG][V15] VEHICLE_LEFT_GOSSIP: V11 batch=1 ttl=16 curBatch=0 vehiclesLeftSoFar=[0 3 5 7 ]
38201.3ms Vehicle 15 RECEIVED vehicle-left (gossip) from vehicle 11
38201.3ms Vehicle 15 RAFT node for vehicle 11 marked INACTIVE (left intersection)
38.201308057065 [DBG][V14] VEHICLE_LEFT_GOSSIP: V11 batch=1 ttl=16 curBatch=0 vehiclesLeftSoFar=[0 3 5 7 ]
38201.3ms Vehicle 14 RECEIVED vehicle-left (gossip) from vehicle 11
38201.3ms Vehicle 14 RAFT node for vehicle 11 marked INACTIVE (left intersection)
38.25 [STOP_CHECK][V15] road=S2C dist=21.4m (lanePos=171.4 laneLen=192.8) stopDist=5.0m speed=1.8m/s
38.3 [STOP_CHECK][V15] road=S2C dist=21.2m (lanePos=171.6 laneLen=192.8) stopDist=5.0m speed=1.6m/s
38320.0ms Vehicle 13 sendRequestVote called for node 2
38320.0ms Vehicle 13 sendRequestVote called for node 3
38320.0ms Vehicle 13 sendRequestVote called for node 5
38320.0ms Vehicle 13 sendRequestVote called for node 7
38320.0ms Vehicle 13 sendRequestVote called for node 9
38320.0ms Vehicle 13 sendRequestVote called for node 10
38320.0ms Vehicle 13 sendRequestVote called for node 11
38320.0ms Vehicle 13 sendRequestVote called for node 13
38.35 [STOP_CHECK][V15] road=S2C dist=21.2m (lanePos=171.6 laneLen=192.8) stopDist=5.0m speed=1.6m/s
38.4 [STOP_CHECK][V15] road=S2C dist=21.0m (lanePos=171.8 laneLen=192.8) stopDist=5.0m speed=1.6m/s
** Event #4871168   t=38.443369930085   Elapsed: 28.0175s (0m 28s)  12% completed  (12% total)
     Speed:     ev/sec=178408   simsec/sec=1.13271   ev/simsec=157505
     Messages:  created: 3922917   present: 886   in FES: 45
38.45 [STOP_CHECK][V15] road=S2C dist=21.0m (lanePos=171.8 laneLen=192.8) stopDist=5.0m speed=1.6m/s
38.5 [STOP_CHECK][V15] road=S2C dist=20.9m (lanePos=171.9 laneLen=192.8) stopDist=5.0m speed=1.6m/s
38.5 [QUEUE_ADV][V13] dist=18.5m speed=0.0 leader=veh10 gap=0.0m gapOpened=0 (need gap>5.0m) myBatch=-1 curBatch=0
38.55 [STOP_CHECK][V15] road=S2C dist=20.9m (lanePos=171.9 laneLen=192.8) stopDist=5.0m speed=1.6m/s
38.6 [STOP_CHECK][V15] road=S2C dist=20.7m (lanePos=172.1 laneLen=192.8) stopDist=5.0m speed=1.5m/s
38.65 [STOP_CHECK][V15] road=S2C dist=20.7m (lanePos=172.1 laneLen=192.8) stopDist=5.0m speed=1.5m/s
38.7 [STOP_CHECK][V15] road=S2C dist=20.6m (lanePos=172.2 laneLen=192.8) stopDist=5.0m speed=1.4m/s
38.7 [QUEUE_ADV][V12] dist=11.9m speed=0.0 leader=veh13 gap=0.0m gapOpened=0 (need gap>5.0m) myBatch=-1 curBatch=0
38.75 [STOP_CHECK][V15] road=S2C dist=20.6m (lanePos=172.2 laneLen=192.8) stopDist=5.0m speed=1.4m/s
38.8 [STOP_CHECK][V15] road=S2C dist=20.5m (lanePos=172.3 laneLen=192.8) stopDist=5.0m speed=1.4m/s
38.85 [STOP_CHECK][V15] road=S2C dist=20.5m (lanePos=172.3 laneLen=192.8) stopDist=5.0m speed=1.4m/s
38.9 [STOP_CHECK][V15] road=S2C dist=20.3m (lanePos=172.5 laneLen=192.8) stopDist=5.0m speed=1.2m/s
38.9 [QUEUE_ADV][V10] dist=12.0m speed=0.5 leader=veh4 gap=0.5m gapOpened=0 (need gap>5.0m) myBatch=5 curBatch=0
38.95 [STOP_CHECK][V15] road=S2C dist=20.3m (lanePos=172.5 laneLen=192.8) stopDist=5.0m speed=1.2m/s
39 [STOP_CHECK][V15] road=S2C dist=20.2m (lanePos=172.6 laneLen=192.8) stopDist=5.0m speed=1.2m/s
39000.0ms Vehicle 15 sendRequestVote called for node 2
39000.0ms Vehicle 15 sendRequestVote called for node 3
39000.0ms Vehicle 15 sendRequestVote called for node 5
39000.0ms Vehicle 15 sendRequestVote called for node 7
39000.0ms Vehicle 15 sendRequestVote called for node 9
39000.0ms Vehicle 15 sendRequestVote called for node 10
39000.0ms Vehicle 15 sendRequestVote called for node 11
39000.0ms Vehicle 15 sendRequestVote called for node 13
39000.0ms Vehicle 15 sendRequestVote called for node 14
39000.0ms Vehicle 15 sendRequestVote called for node 15
39.05 [STOP_CHECK][V15] road=S2C dist=20.2m (lanePos=172.6 laneLen=192.8) stopDist=5.0m speed=1.2m/s
39.1 [STOP_CHECK][V15] road=S2C dist=20.1m (lanePos=172.7 laneLen=192.8) stopDist=5.0m speed=1.1m/s
39.1 [QUEUE_ADV][V9] dist=11.5m speed=0.0 leader=veh8 gap=0.0m gapOpened=0 (need gap>5.0m) myBatch=8 curBatch=0
39140.0ms Vehicle 6 sendRequestVote called for node 2
39140.0ms Vehicle 6 sendRequestVote called for node 3
39140.0ms Vehicle 6 sendRequestVote called for node 5
39140.0ms Vehicle 6 sendRequestVote called for node 9
39140.0ms Vehicle 6 sendRequestVote called for node 10
39140.0ms Vehicle 6 sendRequestVote called for node 11
39140.0ms Vehicle 6 RAFT STATE CHANGED from 1 to 2
39140.0ms Vehicle 6 I am a candidate now! Starting election...
39143.5ms Leader 6 SENDING AppendEntries to vehicle 1 (n_entries=0, leader_commit=2)
39143.5ms Leader 6 SENDING AppendEntries to vehicle 2 (n_entries=0, leader_commit=2)
39143.5ms Leader 6 SENDING AppendEntries to vehicle 4 (n_entries=0, leader_commit=2)
39143.5ms Leader 6 SENDING AppendEntries to vehicle 8 (n_entries=0, leader_commit=2)
39143.5ms Leader 6 SENDING AppendEntries to vehicle 9 (n_entries=0, leader_commit=2)
39143.5ms Leader 6 SENDING AppendEntries to vehicle 10 (n_entries=0, leader_commit=2)
39144.2ms Vehicle 2 RECEIVED AppendEntries from vehicle 6 (n_entries=0, leader_commit=2)
39144.5ms Vehicle 4 RECEIVED AppendEntries from vehicle 6 (n_entries=0, leader_commit=2)
39146.3ms Vehicle 9 RECEIVED AppendEntries from vehicle 6 (n_entries=0, leader_commit=2)
39146.9ms Vehicle 10 RECEIVED AppendEntries from vehicle 6 (n_entries=0, leader_commit=2)
39.15 [STOP_CHECK][V15] road=S2C dist=20.1m (lanePos=172.7 laneLen=192.8) stopDist=5.0m speed=1.1m/s
39.16 [DBG][V6] BECAME LEADER term=37 stopped=1 committed=1 activeVehicles=[1 2 3 4 6 7 8 9 10 12 13 14 15 ]
39160.0ms Vehicle 6 BECAME LEADER (term=37)
39.2 [STOP_CHECK][V15] road=S2C dist=20.0m (lanePos=172.8 laneLen=192.8) stopDist=5.0m speed=1.0m/s
39.25 [STOP_CHECK][V15] road=S2C dist=20.0m (lanePos=172.8 laneLen=192.8) stopDist=5.0m speed=1.0m/s
39.3 [STOP_CHECK][V15] road=S2C dist=19.9m (lanePos=172.9 laneLen=192.8) stopDist=5.0m speed=1.0m/s
39.3 [DBG][V15] WOS_CALC laneIdx=1 wos=0 traciLeader=veh6 gap=1.0
39.3 [STOP_CHECK][V15] QUEUED (no hard stop) dist=19.9m speed=1.0m/s road=S2C wos=0 frontVeh=-1 isLeader=0
39300.0ms Vehicle 15 QUEUED at dist=19.9m speed=1.0m/s
39300.0ms Vehicle 14 sendRequestVote called for node 2
39300.0ms Vehicle 14 sendRequestVote called for node 3
39300.0ms Vehicle 14 sendRequestVote called for node 5
39300.0ms Vehicle 14 sendRequestVote called for node 7
39300.0ms Vehicle 14 sendRequestVote called for node 9
39300.0ms Vehicle 14 sendRequestVote called for node 10
39300.0ms Vehicle 14 sendRequestVote called for node 11
39300.0ms Vehicle 14 sendRequestVote called for node 13
39300.0ms Vehicle 14 sendRequestVote called for node 14
39340.0ms Leader 6 SENDING AppendEntries to vehicle 1 (n_entries=0, leader_commit=2)
39340.0ms Leader 6 SENDING AppendEntries to vehicle 2 (n_entries=0, leader_commit=2)
39340.0ms Leader 6 SENDING AppendEntries to vehicle 4 (n_entries=0, leader_commit=2)
39340.0ms Leader 6 SENDING AppendEntries to vehicle 8 (n_entries=0, leader_commit=2)
39340.0ms Leader 6 SENDING AppendEntries to vehicle 9 (n_entries=0, leader_commit=2)
39340.0ms Leader 6 SENDING AppendEntries to vehicle 10 (n_entries=0, leader_commit=2)
39340.7ms Vehicle 2 RECEIVED AppendEntries from vehicle 6 (n_entries=0, leader_commit=2)
39341.3ms Vehicle 4 RECEIVED AppendEntries from vehicle 6 (n_entries=0, leader_commit=2)
39342.5ms Vehicle 9 RECEIVED AppendEntries from vehicle 6 (n_entries=0, leader_commit=2)
39343.2ms Vehicle 10 RECEIVED AppendEntries from vehicle 6 (n_entries=0, leader_commit=2)
39540.0ms Leader 6 SENDING AppendEntries to vehicle 1 (n_entries=0, leader_commit=2)
39540.0ms Leader 6 SENDING AppendEntries to vehicle 2 (n_entries=0, leader_commit=2)
39540.0ms Leader 6 SENDING AppendEntries to vehicle 4 (n_entries=0, leader_commit=2)
39540.0ms Leader 6 SENDING AppendEntries to vehicle 8 (n_entries=0, leader_commit=2)
39540.0ms Leader 6 SENDING AppendEntries to vehicle 9 (n_entries=0, leader_commit=2)
39540.0ms Leader 6 SENDING AppendEntries to vehicle 10 (n_entries=0, leader_commit=2)
39540.5ms Vehicle 2 RECEIVED AppendEntries from vehicle 6 (n_entries=0, leader_commit=2)
39541.0ms Vehicle 4 RECEIVED AppendEntries from vehicle 6 (n_entries=0, leader_commit=2)
39541.8ms Vehicle 9 RECEIVED AppendEntries from vehicle 6 (n_entries=0, leader_commit=2)
39542.0ms Vehicle 10 RECEIVED AppendEntries from vehicle 6 (n_entries=0, leader_commit=2)
39.55 [QUEUE_ADV][V13] dist=18.5m speed=0.0 leader=veh10 gap=0.0m gapOpened=0 (need gap>5.0m) myBatch=-1 curBatch=0
39640.0ms Vehicle 12 sendRequestVote called for node 2
39640.0ms Vehicle 12 sendRequestVote called for node 3
39640.0ms Vehicle 12 sendRequestVote called for node 5
39640.0ms Vehicle 12 sendRequestVote called for node 7
39640.0ms Vehicle 12 sendRequestVote called for node 9
39640.0ms Vehicle 12 sendRequestVote called for node 10
39640.0ms Vehicle 12 sendRequestVote called for node 11
39640.0ms Vehicle 12 sendRequestVote called for node 14
39640.0ms Vehicle 12 RAFT STATE CHANGED from 1 to 2
39640.0ms Vehicle 12 I am a candidate now! Starting election...
39740.0ms Leader 6 SENDING AppendEntries to vehicle 1 (n_entries=0, leader_commit=2)
39740.0ms Leader 6 SENDING AppendEntries to vehicle 2 (n_entries=0, leader_commit=2)
39740.0ms Leader 6 SENDING AppendEntries to vehicle 4 (n_entries=0, leader_commit=2)
39740.0ms Leader 6 SENDING AppendEntries to vehicle 8 (n_entries=0, leader_commit=2)
39740.0ms Leader 6 SENDING AppendEntries to vehicle 9 (n_entries=0, leader_commit=2)
39740.0ms Leader 6 SENDING AppendEntries to vehicle 10 (n_entries=0, leader_commit=2)
39740.4ms Vehicle 2 RECEIVED AppendEntries from vehicle 6 (n_entries=0, leader_commit=2)
39741.0ms Vehicle 4 RECEIVED AppendEntries from vehicle 6 (n_entries=0, leader_commit=2)
39742.1ms Vehicle 9 RECEIVED AppendEntries from vehicle 6 (n_entries=0, leader_commit=2)
39742.4ms Vehicle 10 RECEIVED AppendEntries from vehicle 6 (n_entries=0, leader_commit=2)
39.75 [QUEUE_ADV][V12] dist=11.9m speed=0.0 leader=veh13 gap=0.0m gapOpened=0 (need gap>5.0m) myBatch=-1 curBatch=0
39940.0ms Leader 6 SENDING AppendEntries to vehicle 1 (n_entries=0, leader_commit=2)
39940.0ms Leader 6 SENDING AppendEntries to vehicle 2 (n_entries=0, leader_commit=2)
39940.0ms Leader 6 SENDING AppendEntries to vehicle 4 (n_entries=0, leader_commit=2)
39940.0ms Leader 6 SENDING AppendEntries to vehicle 8 (n_entries=0, leader_commit=2)
39940.0ms Leader 6 SENDING AppendEntries to vehicle 9 (n_entries=0, leader_commit=2)
39940.0ms Leader 6 SENDING AppendEntries to vehicle 10 (n_entries=0, leader_commit=2)
39941.2ms Vehicle 2 RECEIVED AppendEntries from vehicle 6 (n_entries=0, leader_commit=2)
39942.1ms Vehicle 4 RECEIVED AppendEntries from vehicle 6 (n_entries=0, leader_commit=2)
39943.8ms Vehicle 9 RECEIVED AppendEntries from vehicle 6 (n_entries=0, leader_commit=2)
39944.7ms Vehicle 10 RECEIVED AppendEntries from vehicle 6 (n_entries=0, leader_commit=2)
39.95 [QUEUE_ADV][V10] dist=11.7m speed=0.2 leader=veh4 gap=0.2m gapOpened=0 (need gap>5.0m) myBatch=5 curBatch=0
40140.0ms Leader 6 SENDING AppendEntries to vehicle 1 (n_entries=0, leader_commit=2)
40140.0ms Leader 6 SENDING AppendEntries to vehicle 2 (n_entries=0, leader_commit=2)
40140.0ms Leader 6 SENDING AppendEntries to vehicle 4 (n_entries=0, leader_commit=2)
40140.0ms Leader 6 SENDING AppendEntries to vehicle 8 (n_entries=0, leader_commit=2)
40140.0ms Leader 6 SENDING AppendEntries to vehicle 9 (n_entries=0, leader_commit=2)
40140.0ms Leader 6 SENDING AppendEntries to vehicle 10 (n_entries=0, leader_commit=2)
40140.8ms Vehicle 2 RECEIVED AppendEntries from vehicle 6 (n_entries=0, leader_commit=2)
40141.5ms Vehicle 4 RECEIVED AppendEntries from vehicle 6 (n_entries=0, leader_commit=2)
40142.0ms Vehicle 9 RECEIVED AppendEntries from vehicle 6 (n_entries=0, leader_commit=2)
40142.9ms Vehicle 10 RECEIVED AppendEntries from vehicle 6 (n_entries=0, leader_commit=2)
40.15 [QUEUE_ADV][V9] dist=11.5m speed=0.0 leader=veh8 gap=0.0m gapOpened=0 (need gap>5.0m) myBatch=8 curBatch=0
40340.0ms Leader 6 SENDING AppendEntries to vehicle 1 (n_entries=0, leader_commit=2)
40340.0ms Leader 6 SENDING AppendEntries to vehicle 2 (n_entries=0, leader_commit=2)
40340.0ms Leader 6 SENDING AppendEntries to vehicle 4 (n_entries=0, leader_commit=2)
40340.0ms Leader 6 SENDING AppendEntries to vehicle 8 (n_entries=0, leader_commit=2)
40340.0ms Leader 6 SENDING AppendEntries to vehicle 9 (n_entries=0, leader_commit=2)
40340.0ms Leader 6 SENDING AppendEntries to vehicle 10 (n_entries=0, leader_commit=2)
40340.6ms Vehicle 2 RECEIVED AppendEntries from vehicle 6 (n_entries=0, leader_commit=2)
40341.2ms Vehicle 4 RECEIVED AppendEntries from vehicle 6 (n_entries=0, leader_commit=2)
40342.9ms Vehicle 9 RECEIVED AppendEntries from vehicle 6 (n_entries=0, leader_commit=2)
40344.2ms Vehicle 10 RECEIVED AppendEntries from vehicle 6 (n_entries=0, leader_commit=2)
40.4 [QUEUE_ADV][V15] dist=19.1m speed=0.5 leader=veh6 gap=0.5m gapOpened=0 (need gap>5.0m) myBatch=-1 curBatch=0
40.4 [DBG][V10] POS roadId=S2C dist=11.7m speed=0.1m/s onApproach=YES stopped=1 phase=2 leader=0 committed=1 myBatch=5 curBatch=0
40.4 [DBG][V9] POS roadId=E2C dist=11.5m speed=0.0m/s onApproach=YES stopped=1 phase=2 leader=0 committed=1 myBatch=8 curBatch=0
40.4 [DBG][V2] POS roadId=N2C dist=4.9m speed=0.0m/s onApproach=YES stopped=1 phase=2 leader=0 committed=1 myBatch=6 curBatch=0
40.4 [DBG][V4] POS roadId=S2C dist=4.6m speed=0.0m/s onApproach=YES stopped=1 phase=2 leader=0 committed=1 myBatch=4 curBatch=0
40.4 [DBG][V6] POS roadId=E2C dist=4.5m speed=0.0m/s onApproach=YES stopped=1 phase=2 leader=1 committed=1 myBatch=7 curBatch=0
40460.0ms Vehicle 14 sendRequestVote called for node 2
40460.0ms Vehicle 14 sendRequestVote called for node 3
40460.0ms Vehicle 14 sendRequestVote called for node 5
40460.0ms Vehicle 14 sendRequestVote called for node 7
40460.0ms Vehicle 14 sendRequestVote called for node 9
40460.0ms Vehicle 14 sendRequestVote called for node 10
40460.0ms Vehicle 14 sendRequestVote called for node 11
40460.0ms Vehicle 14 sendRequestVote called for node 13
40460.0ms Vehicle 14 sendRequestVote called for node 14
40520.0ms Vehicle 15 sendRequestVote called for node 2
40520.0ms Vehicle 15 sendRequestVote called for node 3
40520.0ms Vehicle 15 sendRequestVote called for node 5
40520.0ms Vehicle 15 sendRequestVote called for node 7
40520.0ms Vehicle 15 sendRequestVote called for node 9
40520.0ms Vehicle 15 sendRequestVote called for node 10
40520.0ms Vehicle 15 sendRequestVote called for node 11
40520.0ms Vehicle 15 sendRequestVote called for node 13
40520.0ms Vehicle 15 sendRequestVote called for node 14
40520.0ms Vehicle 15 sendRequestVote called for node 15
40540.0ms Leader 6 SENDING AppendEntries to vehicle 1 (n_entries=0, leader_commit=2)
40540.0ms Leader 6 SENDING AppendEntries to vehicle 2 (n_entries=0, leader_commit=2)
40540.0ms Leader 6 SENDING AppendEntries to vehicle 4 (n_entries=0, leader_commit=2)
40540.0ms Leader 6 SENDING AppendEntries to vehicle 8 (n_entries=0, leader_commit=2)
40540.0ms Leader 6 SENDING AppendEntries to vehicle 9 (n_entries=0, leader_commit=2)
40540.0ms Leader 6 SENDING AppendEntries to vehicle 10 (n_entries=0, leader_commit=2)
40540.9ms Vehicle 2 RECEIVED AppendEntries from vehicle 6 (n_entries=0, leader_commit=2)
40542.0ms Vehicle 9 RECEIVED AppendEntries from vehicle 6 (n_entries=0, leader_commit=2)
40543.0ms Vehicle 10 RECEIVED AppendEntries from vehicle 6 (n_entries=0, leader_commit=2)
40.56 [DBG][V4] BATCH SAFETY FALLBACK FIRED for batch 4 curBatch=0 hasPassedIntersection=0
40560.0ms Vehicle 4 BATCH SAFETY FALLBACK (lost VEHICLE_LEFT?) for batch 4
40.56 [DBG][V4] RESUME_MOVEMENT called hasStopped=1 myBatch=4 curBatch=4 isLeader=0 fallback=0
40560.0ms Vehicle 4 RESUMING movement
40.6 [QUEUE_ADV][V13] dist=18.5m speed=0.0 leader=veh10 gap=0.0m gapOpened=0 (need gap>5.0m) myBatch=-1 curBatch=0
40740.0ms Leader 6 SENDING AppendEntries to vehicle 1 (n_entries=0, leader_commit=2)
40740.0ms Leader 6 SENDING AppendEntries to vehicle 2 (n_entries=0, leader_commit=2)
40740.0ms Leader 6 SENDING AppendEntries to vehicle 4 (n_entries=0, leader_commit=2)
40740.0ms Leader 6 SENDING AppendEntries to vehicle 8 (n_entries=0, leader_commit=2)
40740.0ms Leader 6 SENDING AppendEntries to vehicle 9 (n_entries=0, leader_commit=2)
40740.0ms Leader 6 SENDING AppendEntries to vehicle 10 (n_entries=0, leader_commit=2)
40740.5ms Vehicle 2 RECEIVED AppendEntries from vehicle 6 (n_entries=0, leader_commit=2)
40741.4ms Vehicle 4 RECEIVED AppendEntries from vehicle 6 (n_entries=0, leader_commit=2)
40743.3ms Vehicle 9 RECEIVED AppendEntries from vehicle 6 (n_entries=0, leader_commit=2)
40743.5ms Vehicle 10 RECEIVED AppendEntries from vehicle 6 (n_entries=0, leader_commit=2)
40.8 [DBG][V12] POS roadId=N2C dist=11.9m speed=0.0m/s onApproach=YES stopped=1 phase=2 leader=0 committed=0 myBatch=-1 curBatch=0
40.8 [QUEUE_ADV][V12] dist=11.9m speed=0.0 leader=veh13 gap=0.0m gapOpened=0 (need gap>5.0m) myBatch=-1 curBatch=0
40940.0ms Leader 6 SENDING AppendEntries to vehicle 1 (n_entries=0, leader_commit=2)
40940.0ms Leader 6 SENDING AppendEntries to vehicle 2 (n_entries=0, leader_commit=2)
40940.0ms Leader 6 SENDING AppendEntries to vehicle 4 (n_entries=0, leader_commit=2)
40940.0ms Leader 6 SENDING AppendEntries to vehicle 8 (n_entries=0, leader_commit=2)
40940.0ms Leader 6 SENDING AppendEntries to vehicle 9 (n_entries=0, leader_commit=2)
40940.0ms Leader 6 SENDING AppendEntries to vehicle 10 (n_entries=0, leader_commit=2)
40940.4ms Vehicle 2 RECEIVED AppendEntries from vehicle 6 (n_entries=0, leader_commit=2)
40941.6ms Vehicle 4 RECEIVED AppendEntries from vehicle 6 (n_entries=0, leader_commit=2)
40943.6ms Vehicle 9 RECEIVED AppendEntries from vehicle 6 (n_entries=0, leader_commit=2)
40944.2ms Vehicle 10 RECEIVED AppendEntries from vehicle 6 (n_entries=0, leader_commit=2)
41.1 [DBG][V13] POS roadId=E2C dist=18.5m speed=0.0m/s onApproach=YES stopped=1 phase=2 leader=0 committed=0 myBatch=-1 curBatch=0
41140.0ms Leader 6 SENDING AppendEntries to vehicle 1 (n_entries=0, leader_commit=2)
41140.0ms Leader 6 SENDING AppendEntries to vehicle 2 (n_entries=0, leader_commit=2)
41140.0ms Leader 6 SENDING AppendEntries to vehicle 4 (n_entries=0, leader_commit=2)
41140.0ms Leader 6 SENDING AppendEntries to vehicle 8 (n_entries=0, leader_commit=2)
41140.0ms Leader 6 SENDING AppendEntries to vehicle 9 (n_entries=0, leader_commit=2)
41140.0ms Leader 6 SENDING AppendEntries to vehicle 10 (n_entries=0, leader_commit=2)
41141.4ms Vehicle 2 RECEIVED AppendEntries from vehicle 6 (n_entries=0, leader_commit=2)
41141.9ms Vehicle 4 RECEIVED AppendEntries from vehicle 6 (n_entries=0, leader_commit=2)
41143.1ms Vehicle 9 RECEIVED AppendEntries from vehicle 6 (n_entries=0, leader_commit=2)
41144.4ms Vehicle 10 RECEIVED AppendEntries from vehicle 6 (n_entries=0, leader_commit=2)
41.2 [QUEUE_ADV][V9] dist=11.5m speed=0.0 leader=veh8 gap=0.0m gapOpened=0 (need gap>5.0m) myBatch=8 curBatch=0
41260.0ms Vehicle 13 sendRequestVote called for node 2
41260.0ms Vehicle 13 sendRequestVote called for node 3
41260.0ms Vehicle 13 sendRequestVote called for node 5
41260.0ms Vehicle 13 sendRequestVote called for node 7
41260.0ms Vehicle 13 sendRequestVote called for node 9
41260.0ms Vehicle 13 sendRequestVote called for node 10
41260.0ms Vehicle 13 sendRequestVote called for node 11
41260.0ms Vehicle 13 sendRequestVote called for node 13
41260.0ms Vehicle 13 RAFT STATE CHANGED from 1 to 2
41260.0ms Vehicle 13 I am a candidate now! Starting election...
41340.0ms Leader 6 SENDING AppendEntries to vehicle 1 (n_entries=0, leader_commit=2)
41340.0ms Leader 6 SENDING AppendEntries to vehicle 2 (n_entries=0, leader_commit=2)
41340.0ms Leader 6 SENDING AppendEntries to vehicle 4 (n_entries=0, leader_commit=2)
41340.0ms Leader 6 SENDING AppendEntries to vehicle 8 (n_entries=0, leader_commit=2)
41340.0ms Leader 6 SENDING AppendEntries to vehicle 9 (n_entries=0, leader_commit=2)
41340.0ms Leader 6 SENDING AppendEntries to vehicle 10 (n_entries=0, leader_commit=2)
41340.6ms Vehicle 2 RECEIVED AppendEntries from vehicle 6 (n_entries=0, leader_commit=2)
41340.9ms Vehicle 4 RECEIVED AppendEntries from vehicle 6 (n_entries=0, leader_commit=2)
41342.3ms Vehicle 9 RECEIVED AppendEntries from vehicle 6 (n_entries=0, leader_commit=2)
** Event #5243904   t=41.399268692586   Elapsed: 30.0178s (0m 30s)  13% completed  (13% total)
     Speed:     ev/sec=186344   simsec/sec=1.47776   ev/simsec=126099
     Messages:  created: 4215599   present: 874   in FES: 39
41.4 Vehicle 4 hasPassed=true (on exit edge C2N)
41400.0ms Vehicle 4 LEFT intersection
41400.0ms Vehicle 4 BROADCASTING vehicle-passed
41400.0ms Vehicle 4 sending vehicle-left (gossip, isLeader=0, myBatch=4, ttl=16)
41.40011801505 [DBG][V2] VEHICLE_PASSED: V4 frontVeh=-1 myBatch=6 curBatch=0
41400.1ms Vehicle 2 RECEIVED vehicle-passed from vehicle 4
41400.1ms Vehicle 2 RAFT node for vehicle 4 marked INACTIVE (left intersection)
41.400118035601 [DBG][V12] VEHICLE_PASSED: V4 frontVeh=-1 myBatch=-1 curBatch=0
41400.1ms Vehicle 12 RECEIVED vehicle-passed from vehicle 4
41400.1ms Vehicle 12 RAFT node for vehicle 4 marked INACTIVE (left intersection)
41.400118041487 [DBG][V6] VEHICLE_PASSED: V4 frontVeh=-1 myBatch=7 curBatch=0
41400.1ms Vehicle 6 RECEIVED vehicle-passed from vehicle 4
41400.1ms Vehicle 6 RAFT node for vehicle 4 marked INACTIVE (left intersection)
41.40011805657 [DBG][V14] VEHICLE_PASSED: V4 frontVeh=-1 myBatch=-1 curBatch=0
41400.1ms Vehicle 14 RECEIVED vehicle-passed from vehicle 4
41400.1ms Vehicle 14 RAFT node for vehicle 4 marked INACTIVE (left intersection)
41.400118061957 [DBG][V9] VEHICLE_PASSED: V4 frontVeh=-1 myBatch=8 curBatch=0
41400.1ms Vehicle 9 RECEIVED vehicle-passed from vehicle 4
41400.1ms Vehicle 9 RAFT node for vehicle 4 marked INACTIVE (left intersection)
41.400118083949 [DBG][V13] VEHICLE_PASSED: V4 frontVeh=-1 myBatch=-1 curBatch=0
41400.1ms Vehicle 13 RECEIVED vehicle-passed from vehicle 4
41400.1ms Vehicle 13 RAFT node for vehicle 4 marked INACTIVE (left intersection)
41.4001180893 [DBG][V10] VEHICLE_PASSED: V4 frontVeh=-1 myBatch=5 curBatch=0
41400.1ms Vehicle 10 RECEIVED vehicle-passed from vehicle 4
41400.1ms Vehicle 10 RAFT node for vehicle 4 marked INACTIVE (left intersection)
41.400118115565 [DBG][V15] VEHICLE_PASSED: V4 frontVeh=-1 myBatch=-1 curBatch=0
41400.1ms Vehicle 15 RECEIVED vehicle-passed from vehicle 4
41400.1ms Vehicle 15 RAFT node for vehicle 4 marked INACTIVE (left intersection)
41.40047801505 [DBG][V2] VEHICLE_LEFT_GOSSIP: V4 batch=4 ttl=16 curBatch=0 vehiclesLeftSoFar=[0 3 5 7 11 ]
41400.5ms Vehicle 2 RECEIVED vehicle-left (gossip) from vehicle 4
41400.5ms Vehicle 2 RAFT node for vehicle 4 marked INACTIVE (left intersection)
41.40047801505 [DBG][V2] CHECK_BATCH_ADVANCE curBatch=0 allLeft=0 missing=[8 ] vehiclesLeft=[0 3 4 5 7 11 ]
41.400478035601 [DBG][V12] VEHICLE_LEFT_GOSSIP: V4 batch=4 ttl=16 curBatch=0 vehiclesLeftSoFar=[0 3 5 7 11 ]
41400.5ms Vehicle 12 RECEIVED vehicle-left (gossip) from vehicle 4
41400.5ms Vehicle 12 RAFT node for vehicle 4 marked INACTIVE (left intersection)
41.400478041487 [DBG][V6] VEHICLE_LEFT_GOSSIP: V4 batch=4 ttl=16 curBatch=0 vehiclesLeftSoFar=[0 3 5 7 11 ]
41400.5ms Vehicle 6 RECEIVED vehicle-left (gossip) from vehicle 4
41400.5ms Vehicle 6 RAFT node for vehicle 4 marked INACTIVE (left intersection)
41.400478041487 [DBG][V6] CHECK_BATCH_ADVANCE curBatch=0 allLeft=0 missing=[8 ] vehiclesLeft=[0 3 4 5 7 11 ]
41.40047805657 [DBG][V14] VEHICLE_LEFT_GOSSIP: V4 batch=4 ttl=16 curBatch=0 vehiclesLeftSoFar=[0 3 5 7 11 ]
41400.5ms Vehicle 14 RECEIVED vehicle-left (gossip) from vehicle 4
41400.5ms Vehicle 14 RAFT node for vehicle 4 marked INACTIVE (left intersection)
41.400478061957 [DBG][V9] VEHICLE_LEFT_GOSSIP: V4 batch=4 ttl=16 curBatch=0 vehiclesLeftSoFar=[0 3 5 7 11 ]
41400.5ms Vehicle 9 RECEIVED vehicle-left (gossip) from vehicle 4
41400.5ms Vehicle 9 RAFT node for vehicle 4 marked INACTIVE (left intersection)
41.400478061957 [DBG][V9] CHECK_BATCH_ADVANCE curBatch=0 allLeft=0 missing=[8 ] vehiclesLeft=[0 3 4 5 7 11 ]
41.400478083949 [DBG][V13] VEHICLE_LEFT_GOSSIP: V4 batch=4 ttl=16 curBatch=0 vehiclesLeftSoFar=[0 3 5 7 11 ]
41400.5ms Vehicle 13 RECEIVED vehicle-left (gossip) from vehicle 4
41400.5ms Vehicle 13 RAFT node for vehicle 4 marked INACTIVE (left intersection)
41.4004780893 [DBG][V10] VEHICLE_LEFT_GOSSIP: V4 batch=4 ttl=16 curBatch=0 vehiclesLeftSoFar=[0 3 5 7 11 ]
41400.5ms Vehicle 10 RECEIVED vehicle-left (gossip) from vehicle 4
41400.5ms Vehicle 10 RAFT node for vehicle 4 marked INACTIVE (left intersection)
41.4004780893 [DBG][V10] CHECK_BATCH_ADVANCE curBatch=0 allLeft=0 missing=[8 ] vehiclesLeft=[0 3 4 5 7 11 ]
41.400478115565 [DBG][V15] VEHICLE_LEFT_GOSSIP: V4 batch=4 ttl=16 curBatch=0 vehiclesLeftSoFar=[0 3 5 7 11 ]
41400.5ms Vehicle 15 RECEIVED vehicle-left (gossip) from vehicle 4
41400.5ms Vehicle 15 RAFT node for vehicle 4 marked INACTIVE (left intersection)
41540.0ms Leader 6 SENDING AppendEntries to vehicle 1 (n_entries=0, leader_commit=2)
41540.0ms Leader 6 SENDING AppendEntries to vehicle 2 (n_entries=0, leader_commit=2)
41540.0ms Leader 6 SENDING AppendEntries to vehicle 8 (n_entries=0, leader_commit=2)
41540.0ms Leader 6 SENDING AppendEntries to vehicle 9 (n_entries=0, leader_commit=2)
41540.0ms Leader 6 SENDING AppendEntries to vehicle 10 (n_entries=0, leader_commit=2)
41540.5ms Vehicle 2 RECEIVED AppendEntries from vehicle 6 (n_entries=0, leader_commit=2)
41541.5ms Vehicle 9 RECEIVED AppendEntries from vehicle 6 (n_entries=0, leader_commit=2)
41542.0ms Vehicle 10 RECEIVED AppendEntries from vehicle 6 (n_entries=0, leader_commit=2)
41.65 [QUEUE_ADV][V13] dist=18.5m speed=0.0 leader=veh10 gap=0.0m gapOpened=0 (need gap>5.0m) myBatch=-1 curBatch=0
41740.0ms Leader 6 SENDING AppendEntries to vehicle 1 (n_entries=0, leader_commit=2)
41740.0ms Leader 6 SENDING AppendEntries to vehicle 2 (n_entries=0, leader_commit=2)
41740.0ms Leader 6 SENDING AppendEntries to vehicle 8 (n_entries=0, leader_commit=2)
41740.0ms Leader 6 SENDING AppendEntries to vehicle 9 (n_entries=0, leader_commit=2)
41740.0ms Leader 6 SENDING AppendEntries to vehicle 10 (n_entries=0, leader_commit=2)
41740.6ms Vehicle 2 RECEIVED AppendEntries from vehicle 6 (n_entries=0, leader_commit=2)
41741.7ms Vehicle 9 RECEIVED AppendEntries from vehicle 6 (n_entries=0, leader_commit=2)
41742.3ms Vehicle 10 RECEIVED AppendEntries from vehicle 6 (n_entries=0, leader_commit=2)
41.85 [QUEUE_ADV][V12] dist=11.9m speed=0.0 leader=veh13 gap=0.0m gapOpened=0 (need gap>5.0m) myBatch=-1 curBatch=0
41920.0ms Vehicle 14 sendRequestVote called for node 2
41920.0ms Vehicle 14 sendRequestVote called for node 3
41920.0ms Vehicle 14 sendRequestVote called for node 7
41920.0ms Vehicle 14 sendRequestVote called for node 9
41920.0ms Vehicle 14 sendRequestVote called for node 10
41920.0ms Vehicle 14 sendRequestVote called for node 11
41920.0ms Vehicle 14 sendRequestVote called for node 13
41920.0ms Vehicle 14 sendRequestVote called for node 14
41940.0ms Leader 6 SENDING AppendEntries to vehicle 1 (n_entries=0, leader_commit=2)
41940.0ms Leader 6 SENDING AppendEntries to vehicle 2 (n_entries=0, leader_commit=2)
41940.0ms Leader 6 SENDING AppendEntries to vehicle 8 (n_entries=0, leader_commit=2)
41940.0ms Leader 6 SENDING AppendEntries to vehicle 9 (n_entries=0, leader_commit=2)
41940.0ms Leader 6 SENDING AppendEntries to vehicle 10 (n_entries=0, leader_commit=2)
41940.4ms Vehicle 2 RECEIVED AppendEntries from vehicle 6 (n_entries=0, leader_commit=2)
41941.5ms Vehicle 9 RECEIVED AppendEntries from vehicle 6 (n_entries=0, leader_commit=2)
41942.4ms Vehicle 10 RECEIVED AppendEntries from vehicle 6 (n_entries=0, leader_commit=2)
42 [DBG][V14] POS roadId=W2C dist=4.5m speed=0.0m/s onApproach=YES stopped=1 phase=2 leader=0 committed=0 myBatch=-1 curBatch=0
42020.0ms Vehicle 15 sendRequestVote called for node 2
42020.0ms Vehicle 15 sendRequestVote called for node 3
42020.0ms Vehicle 15 sendRequestVote called for node 7
42020.0ms Vehicle 15 sendRequestVote called for node 9
42020.0ms Vehicle 15 sendRequestVote called for node 10
42020.0ms Vehicle 15 sendRequestVote called for node 11
42020.0ms Vehicle 15 sendRequestVote called for node 13
42020.0ms Vehicle 15 sendRequestVote called for node 14
42020.0ms Vehicle 15 sendRequestVote called for node 15
42020.0ms Vehicle 14 RAFT TIMEOUT: 20820.0ms since ref (threshold=20800.0ms)
42.02 [DBG][V14] FALLBACK ACTIVATED wos=0 frontVeh=-1 failedElections=26 stopped=1 committed=0 isLeader=0
42020.0ms Vehicle 14 FALLBACK MODE activated
42.02 [DBG][V14] RESUME_MOVEMENT called hasStopped=1 myBatch=-1 curBatch=0 isLeader=0 fallback=1
42020.0ms Vehicle 14 RESUMING movement
42140.0ms Leader 6 SENDING AppendEntries to vehicle 1 (n_entries=0, leader_commit=2)
42140.0ms Leader 6 SENDING AppendEntries to vehicle 2 (n_entries=0, leader_commit=2)
42140.0ms Leader 6 SENDING AppendEntries to vehicle 8 (n_entries=0, leader_commit=2)
42140.0ms Leader 6 SENDING AppendEntries to vehicle 9 (n_entries=0, leader_commit=2)
42140.0ms Leader 6 SENDING AppendEntries to vehicle 10 (n_entries=0, leader_commit=2)
42140.6ms Vehicle 2 RECEIVED AppendEntries from vehicle 6 (n_entries=0, leader_commit=2)
42141.5ms Vehicle 9 RECEIVED AppendEntries from vehicle 6 (n_entries=0, leader_commit=2)
42.2 [DBG][V15] POS roadId=S2C dist=17.2m speed=2.3m/s onApproach=YES stopped=1 phase=2 leader=0 committed=0 myBatch=-1 curBatch=0
42.25 [QUEUE_ADV][V9] dist=11.5m speed=0.0 leader=veh8 gap=0.0m gapOpened=0 (need gap>5.0m) myBatch=8 curBatch=0
42340.0ms Leader 6 SENDING AppendEntries to vehicle 1 (n_entries=0, leader_commit=2)
42340.0ms Leader 6 SENDING AppendEntries to vehicle 2 (n_entries=0, leader_commit=2)
42340.0ms Leader 6 SENDING AppendEntries to vehicle 8 (n_entries=0, leader_commit=2)
42340.0ms Leader 6 SENDING AppendEntries to vehicle 9 (n_entries=0, leader_commit=2)
42340.0ms Leader 6 SENDING AppendEntries to vehicle 10 (n_entries=0, leader_commit=2)
42340.7ms Vehicle 2 RECEIVED AppendEntries from vehicle 6 (n_entries=0, leader_commit=2)
42341.2ms Vehicle 9 RECEIVED AppendEntries from vehicle 6 (n_entries=0, leader_commit=2)
42342.0ms Vehicle 10 RECEIVED AppendEntries from vehicle 6 (n_entries=0, leader_commit=2)
42460.0ms Vehicle 13 sendRequestVote called for node 2
42460.0ms Vehicle 13 sendRequestVote called for node 3
42460.0ms Vehicle 13 sendRequestVote called for node 7
42460.0ms Vehicle 13 sendRequestVote called for node 9
42460.0ms Vehicle 13 sendRequestVote called for node 10
42460.0ms Vehicle 13 sendRequestVote called for node 11
42460.0ms Vehicle 13 sendRequestVote called for node 13
42540.0ms Leader 6 SENDING AppendEntries to vehicle 1 (n_entries=0, leader_commit=2)
42540.0ms Leader 6 SENDING AppendEntries to vehicle 2 (n_entries=0, leader_commit=2)
42540.0ms Leader 6 SENDING AppendEntries to vehicle 8 (n_entries=0, leader_commit=2)
42540.0ms Leader 6 SENDING AppendEntries to vehicle 9 (n_entries=0, leader_commit=2)
42540.0ms Leader 6 SENDING AppendEntries to vehicle 10 (n_entries=0, leader_commit=2)
42540.6ms Vehicle 2 RECEIVED AppendEntries from vehicle 6 (n_entries=0, leader_commit=2)
42541.2ms Vehicle 9 RECEIVED AppendEntries from vehicle 6 (n_entries=0, leader_commit=2)
42542.1ms Vehicle 10 RECEIVED AppendEntries from vehicle 6 (n_entries=0, leader_commit=2)
42.7 [QUEUE_ADV][V13] dist=18.5m speed=0.0 leader=veh10 gap=0.0m gapOpened=0 (need gap>5.0m) myBatch=-1 curBatch=0
42740.0ms Leader 6 SENDING AppendEntries to vehicle 1 (n_entries=0, leader_commit=2)
42740.0ms Leader 6 SENDING AppendEntries to vehicle 2 (n_entries=0, leader_commit=2)
42740.0ms Leader 6 SENDING AppendEntries to vehicle 8 (n_entries=0, leader_commit=2)
42740.0ms Leader 6 SENDING AppendEntries to vehicle 9 (n_entries=0, leader_commit=2)
42740.0ms Leader 6 SENDING AppendEntries to vehicle 10 (n_entries=0, leader_commit=2)
42740.7ms Vehicle 2 RECEIVED AppendEntries from vehicle 6 (n_entries=0, leader_commit=2)
42742.2ms Vehicle 9 RECEIVED AppendEntries from vehicle 6 (n_entries=0, leader_commit=2)
42.9 Vehicle 14 hasPassed=true (on exit edge C2E)
42900.0ms Vehicle 14 LEFT intersection
42900.0ms Vehicle 14 BROADCASTING vehicle-passed
42900.0ms Vehicle 14 sending vehicle-left (gossip, isLeader=0, myBatch=-1, ttl=16)
42.9 [QUEUE_ADV][V12] dist=11.9m speed=0.0 leader=veh13 gap=0.0m gapOpened=0 (need gap>5.0m) myBatch=-1 curBatch=0
42.900118014193 [DBG][V6] VEHICLE_PASSED: V14 frontVeh=-1 myBatch=7 curBatch=0
42900.1ms Vehicle 6 RECEIVED vehicle-passed from vehicle 14
42.900118034405 [DBG][V9] VEHICLE_PASSED: V14 frontVeh=-1 myBatch=8 curBatch=0
42900.1ms Vehicle 9 RECEIVED vehicle-passed from vehicle 14
42.900118043835 [DBG][V10] VEHICLE_PASSED: V14 frontVeh=-1 myBatch=5 curBatch=0
42900.1ms Vehicle 10 RECEIVED vehicle-passed from vehicle 14
42.900118057068 [DBG][V13] VEHICLE_PASSED: V14 frontVeh=-1 myBatch=-1 curBatch=0
42900.1ms Vehicle 13 RECEIVED vehicle-passed from vehicle 14
42.900118057421 [DBG][V2] VEHICLE_PASSED: V14 frontVeh=-1 myBatch=6 curBatch=0
42900.1ms Vehicle 2 RECEIVED vehicle-passed from vehicle 14
42.900118073375 [DBG][V15] VEHICLE_PASSED: V14 frontVeh=-1 myBatch=-1 curBatch=0
42900.1ms Vehicle 15 RECEIVED vehicle-passed from vehicle 14
42900.1ms Vehicle 15 RAFT node for vehicle 14 marked INACTIVE (left intersection)
42.900118077261 [DBG][V12] VEHICLE_PASSED: V14 frontVeh=-1 myBatch=-1 curBatch=0
42900.1ms Vehicle 12 RECEIVED vehicle-passed from vehicle 14
42.900578014193 [DBG][V6] VEHICLE_LEFT_GOSSIP: V14 batch=-1 ttl=16 curBatch=0 vehiclesLeftSoFar=[0 3 4 5 7 11 ]
42900.6ms Vehicle 6 RECEIVED vehicle-left (gossip) from vehicle 14
42.900578014193 [DBG][V6] CHECK_BATCH_ADVANCE curBatch=0 allLeft=0 missing=[8 ] vehiclesLeft=[0 3 4 5 7 11 14 ]
42.900578034405 [DBG][V9] VEHICLE_LEFT_GOSSIP: V14 batch=-1 ttl=16 curBatch=0 vehiclesLeftSoFar=[0 3 4 5 7 11 ]
42900.6ms Vehicle 9 RECEIVED vehicle-left (gossip) from vehicle 14
42.900578034405 [DBG][V9] CHECK_BATCH_ADVANCE curBatch=0 allLeft=0 missing=[8 ] vehiclesLeft=[0 3 4 5 7 11 14 ]
42.900578043835 [DBG][V10] VEHICLE_LEFT_GOSSIP: V14 batch=-1 ttl=16 curBatch=0 vehiclesLeftSoFar=[0 3 4 5 7 11 ]
42900.6ms Vehicle 10 RECEIVED vehicle-left (gossip) from vehicle 14
42.900578043835 [DBG][V10] CHECK_BATCH_ADVANCE curBatch=0 allLeft=0 missing=[8 ] vehiclesLeft=[0 3 4 5 7 11 14 ]
42.900578057068 [DBG][V13] VEHICLE_LEFT_GOSSIP: V14 batch=-1 ttl=16 curBatch=0 vehiclesLeftSoFar=[0 3 4 5 7 11 ]
42900.6ms Vehicle 13 RECEIVED vehicle-left (gossip) from vehicle 14
42.900578057421 [DBG][V2] VEHICLE_LEFT_GOSSIP: V14 batch=-1 ttl=16 curBatch=0 vehiclesLeftSoFar=[0 3 4 5 7 11 ]
42900.6ms Vehicle 2 RECEIVED vehicle-left (gossip) from vehicle 14
42.900578057421 [DBG][V2] CHECK_BATCH_ADVANCE curBatch=0 allLeft=0 missing=[8 ] vehiclesLeft=[0 3 4 5 7 11 14 ]
42.900578073375 [DBG][V15] VEHICLE_LEFT_GOSSIP: V14 batch=-1 ttl=16 curBatch=0 vehiclesLeftSoFar=[0 3 4 5 7 11 ]
42900.6ms Vehicle 15 RECEIVED vehicle-left (gossip) from vehicle 14
42900.6ms Vehicle 15 RAFT node for vehicle 14 marked INACTIVE (left intersection)
42.900578077261 [DBG][V12] VEHICLE_LEFT_GOSSIP: V14 batch=-1 ttl=16 curBatch=0 vehiclesLeftSoFar=[0 3 4 5 7 11 ]
42900.6ms Vehicle 12 RECEIVED vehicle-left (gossip) from vehicle 14
42940.0ms Leader 6 SENDING AppendEntries to vehicle 1 (n_entries=0, leader_commit=2)
42940.0ms Leader 6 SENDING AppendEntries to vehicle 2 (n_entries=0, leader_commit=2)
42940.0ms Leader 6 SENDING AppendEntries to vehicle 8 (n_entries=0, leader_commit=2)
42940.0ms Leader 6 SENDING AppendEntries to vehicle 9 (n_entries=0, leader_commit=2)
42940.0ms Leader 6 SENDING AppendEntries to vehicle 10 (n_entries=0, leader_commit=2)
42940.9ms Vehicle 2 RECEIVED AppendEntries from vehicle 6 (n_entries=0, leader_commit=2)
42942.4ms Vehicle 9 RECEIVED AppendEntries from vehicle 6 (n_entries=0, leader_commit=2)
42943.2ms Vehicle 10 RECEIVED AppendEntries from vehicle 6 (n_entries=0, leader_commit=2)
43140.0ms Leader 6 SENDING AppendEntries to vehicle 1 (n_entries=0, leader_commit=2)
43140.0ms Leader 6 SENDING AppendEntries to vehicle 2 (n_entries=0, leader_commit=2)
43140.0ms Leader 6 SENDING AppendEntries to vehicle 8 (n_entries=0, leader_commit=2)
43140.0ms Leader 6 SENDING AppendEntries to vehicle 9 (n_entries=0, leader_commit=2)
43140.0ms Leader 6 SENDING AppendEntries to vehicle 10 (n_entries=0, leader_commit=2)
43140.6ms Vehicle 2 RECEIVED AppendEntries from vehicle 6 (n_entries=0, leader_commit=2)
43141.9ms Vehicle 9 RECEIVED AppendEntries from vehicle 6 (n_entries=0, leader_commit=2)
43142.8ms Vehicle 10 RECEIVED AppendEntries from vehicle 6 (n_entries=0, leader_commit=2)
43.3 [QUEUE_ADV][V9] dist=11.5m speed=0.0 leader=veh8 gap=0.0m gapOpened=0 (need gap>5.0m) myBatch=8 curBatch=0
43340.0ms Leader 6 SENDING AppendEntries to vehicle 1 (n_entries=0, leader_commit=2)
43340.0ms Leader 6 SENDING AppendEntries to vehicle 2 (n_entries=0, leader_commit=2)
43340.0ms Leader 6 SENDING AppendEntries to vehicle 8 (n_entries=0, leader_commit=2)
43340.0ms Leader 6 SENDING AppendEntries to vehicle 9 (n_entries=0, leader_commit=2)
43340.0ms Leader 6 SENDING AppendEntries to vehicle 10 (n_entries=0, leader_commit=2)
43341.1ms Vehicle 2 RECEIVED AppendEntries from vehicle 6 (n_entries=0, leader_commit=2)
43343.3ms Vehicle 9 RECEIVED AppendEntries from vehicle 6 (n_entries=0, leader_commit=2)
43343.5ms Vehicle 10 RECEIVED AppendEntries from vehicle 6 (n_entries=0, leader_commit=2)
43540.0ms Leader 6 SENDING AppendEntries to vehicle 1 (n_entries=0, leader_commit=2)
43540.0ms Leader 6 SENDING AppendEntries to vehicle 2 (n_entries=0, leader_commit=2)
43540.0ms Leader 6 SENDING AppendEntries to vehicle 8 (n_entries=0, leader_commit=2)
43540.0ms Leader 6 SENDING AppendEntries to vehicle 9 (n_entries=0, leader_commit=2)
43540.0ms Leader 6 SENDING AppendEntries to vehicle 10 (n_entries=0, leader_commit=2)
43541.4ms Vehicle 2 RECEIVED AppendEntries from vehicle 6 (n_entries=0, leader_commit=2)
43543.0ms Vehicle 9 RECEIVED AppendEntries from vehicle 6 (n_entries=0, leader_commit=2)
43543.5ms Vehicle 10 RECEIVED AppendEntries from vehicle 6 (n_entries=0, leader_commit=2)
43740.0ms Leader 6 SENDING AppendEntries to vehicle 1 (n_entries=0, leader_commit=2)
43740.0ms Leader 6 SENDING AppendEntries to vehicle 2 (n_entries=0, leader_commit=2)
43740.0ms Leader 6 SENDING AppendEntries to vehicle 8 (n_entries=0, leader_commit=2)
43740.0ms Leader 6 SENDING AppendEntries to vehicle 9 (n_entries=0, leader_commit=2)
43740.0ms Leader 6 SENDING AppendEntries to vehicle 10 (n_entries=0, leader_commit=2)
43740.6ms Vehicle 2 RECEIVED AppendEntries from vehicle 6 (n_entries=0, leader_commit=2)
43741.1ms Vehicle 9 RECEIVED AppendEntries from vehicle 6 (n_entries=0, leader_commit=2)
43741.7ms Vehicle 10 RECEIVED AppendEntries from vehicle 6 (n_entries=0, leader_commit=2)
43.75 [QUEUE_ADV][V13] dist=18.5m speed=0.0 leader=veh10 gap=0.0m gapOpened=0 (need gap>5.0m) myBatch=-1 curBatch=0
43840.0ms Vehicle 15 sendRequestVote called for node 2
43840.0ms Vehicle 15 sendRequestVote called for node 3
43840.0ms Vehicle 15 sendRequestVote called for node 7
43840.0ms Vehicle 15 sendRequestVote called for node 9
43840.0ms Vehicle 15 sendRequestVote called for node 10
43840.0ms Vehicle 15 sendRequestVote called for node 11
43840.0ms Vehicle 15 sendRequestVote called for node 13
43840.0ms Vehicle 15 sendRequestVote called for node 14
43940.0ms Leader 6 SENDING AppendEntries to vehicle 1 (n_entries=0, leader_commit=2)
43940.0ms Leader 6 SENDING AppendEntries to vehicle 2 (n_entries=0, leader_commit=2)
43940.0ms Leader 6 SENDING AppendEntries to vehicle 8 (n_entries=0, leader_commit=2)
43940.0ms Leader 6 SENDING AppendEntries to vehicle 9 (n_entries=0, leader_commit=2)
43940.0ms Leader 6 SENDING AppendEntries to vehicle 10 (n_entries=0, leader_commit=2)
43940.9ms Vehicle 2 RECEIVED AppendEntries from vehicle 6 (n_entries=0, leader_commit=2)
43943.1ms Vehicle 9 RECEIVED AppendEntries from vehicle 6 (n_entries=0, leader_commit=2)
43943.3ms Vehicle 10 RECEIVED AppendEntries from vehicle 6 (n_entries=0, leader_commit=2)
43.95 [QUEUE_ADV][V12] dist=11.9m speed=0.0 leader=veh13 gap=0.0m gapOpened=0 (need gap>5.0m) myBatch=-1 curBatch=0
44140.0ms Leader 6 SENDING AppendEntries to vehicle 1 (n_entries=0, leader_commit=2)
44140.0ms Leader 6 SENDING AppendEntries to vehicle 2 (n_entries=0, leader_commit=2)
44140.0ms Leader 6 SENDING AppendEntries to vehicle 8 (n_entries=0, leader_commit=2)
44140.0ms Leader 6 SENDING AppendEntries to vehicle 9 (n_entries=0, leader_commit=2)
44140.0ms Leader 6 SENDING AppendEntries to vehicle 10 (n_entries=0, leader_commit=2)
44140.6ms Vehicle 2 RECEIVED AppendEntries from vehicle 6 (n_entries=0, leader_commit=2)
44141.3ms Vehicle 9 RECEIVED AppendEntries from vehicle 6 (n_entries=0, leader_commit=2)
44142.2ms Vehicle 10 RECEIVED AppendEntries from vehicle 6 (n_entries=0, leader_commit=2)
44320.0ms Vehicle 12 sendRequestVote called for node 2
44320.0ms Vehicle 12 sendRequestVote called for node 3
44320.0ms Vehicle 12 sendRequestVote called for node 7
44320.0ms Vehicle 12 sendRequestVote called for node 9
44320.0ms Vehicle 12 sendRequestVote called for node 10
44320.0ms Vehicle 12 sendRequestVote called for node 11
44320.0ms Vehicle 12 sendRequestVote called for node 14
44320.0ms Vehicle 12 RAFT STATE CHANGED from 1 to 2
44320.0ms Vehicle 12 I am a candidate now! Starting election...
44340.0ms Leader 6 SENDING AppendEntries to vehicle 1 (n_entries=0, leader_commit=2)
44340.0ms Leader 6 SENDING AppendEntries to vehicle 2 (n_entries=0, leader_commit=2)
44340.0ms Leader 6 SENDING AppendEntries to vehicle 8 (n_entries=0, leader_commit=2)
44340.0ms Leader 6 SENDING AppendEntries to vehicle 9 (n_entries=0, leader_commit=2)
44340.0ms Leader 6 SENDING AppendEntries to vehicle 10 (n_entries=0, leader_commit=2)
44340.5ms Vehicle 2 RECEIVED AppendEntries from vehicle 6 (n_entries=0, leader_commit=2)
44341.3ms Vehicle 9 RECEIVED AppendEntries from vehicle 6 (n_entries=0, leader_commit=2)
44341.6ms Vehicle 10 RECEIVED AppendEntries from vehicle 6 (n_entries=0, leader_commit=2)
44.35 [QUEUE_ADV][V9] dist=11.5m speed=0.0 leader=veh8 gap=0.0m gapOpened=0 (need gap>5.0m) myBatch=8 curBatch=0
44540.0ms Leader 6 SENDING AppendEntries to vehicle 1 (n_entries=0, leader_commit=2)
44540.0ms Leader 6 SENDING AppendEntries to vehicle 2 (n_entries=0, leader_commit=2)
44540.0ms Leader 6 SENDING AppendEntries to vehicle 8 (n_entries=0, leader_commit=2)
44540.0ms Leader 6 SENDING AppendEntries to vehicle 9 (n_entries=0, leader_commit=2)
44540.0ms Leader 6 SENDING AppendEntries to vehicle 10 (n_entries=0, leader_commit=2)
44541.0ms Vehicle 2 RECEIVED AppendEntries from vehicle 6 (n_entries=0, leader_commit=2)
44542.9ms Vehicle 9 RECEIVED AppendEntries from vehicle 6 (n_entries=0, leader_commit=2)
44543.6ms Vehicle 10 RECEIVED AppendEntries from vehicle 6 (n_entries=0, leader_commit=2)
** Event #5606144   t=44.618005840359   Elapsed: 32.0186s (0m 32s)  14% completed  (14% total)
     Speed:     ev/sec=181046   simsec/sec=1.60871   ev/simsec=112541
     Messages:  created: 4500129   present: 833   in FES: 50
44.7 [QUEUE_ADV][V15] dist=12.3m speed=0.5 leader=veh6 gap=0.4m gapOpened=0 (need gap>5.0m) myBatch=-1 curBatch=0
44740.0ms Leader 6 SENDING AppendEntries to vehicle 1 (n_entries=0, leader_commit=2)
44740.0ms Leader 6 SENDING AppendEntries to vehicle 2 (n_entries=0, leader_commit=2)
44740.0ms Leader 6 SENDING AppendEntries to vehicle 8 (n_entries=0, leader_commit=2)
44740.0ms Leader 6 SENDING AppendEntries to vehicle 9 (n_entries=0, leader_commit=2)
44740.0ms Leader 6 SENDING AppendEntries to vehicle 10 (n_entries=0, leader_commit=2)
44740.6ms Vehicle 2 RECEIVED AppendEntries from vehicle 6 (n_entries=0, leader_commit=2)
44741.1ms Vehicle 9 RECEIVED AppendEntries from vehicle 6 (n_entries=0, leader_commit=2)
44.8 [QUEUE_ADV][V13] dist=18.5m speed=0.0 leader=veh10 gap=0.0m gapOpened=0 (need gap>5.0m) myBatch=-1 curBatch=0
44940.0ms Leader 6 SENDING AppendEntries to vehicle 1 (n_entries=0, leader_commit=2)
44940.0ms Leader 6 SENDING AppendEntries to vehicle 2 (n_entries=0, leader_commit=2)
44940.0ms Leader 6 SENDING AppendEntries to vehicle 8 (n_entries=0, leader_commit=2)
44940.0ms Leader 6 SENDING AppendEntries to vehicle 9 (n_entries=0, leader_commit=2)
44940.0ms Leader 6 SENDING AppendEntries to vehicle 10 (n_entries=0, leader_commit=2)
44940.7ms Vehicle 2 RECEIVED AppendEntries from vehicle 6 (n_entries=0, leader_commit=2)
44942.1ms Vehicle 9 RECEIVED AppendEntries from vehicle 6 (n_entries=0, leader_commit=2)
44942.5ms Vehicle 10 RECEIVED AppendEntries from vehicle 6 (n_entries=0, leader_commit=2)
45 [QUEUE_ADV][V12] dist=11.9m speed=0.0 leader=veh13 gap=0.0m gapOpened=0 (need gap>5.0m) myBatch=-1 curBatch=0
45140.0ms Leader 6 SENDING AppendEntries to vehicle 1 (n_entries=0, leader_commit=2)
45140.0ms Leader 6 SENDING AppendEntries to vehicle 2 (n_entries=0, leader_commit=2)
45140.0ms Leader 6 SENDING AppendEntries to vehicle 8 (n_entries=0, leader_commit=2)
45140.0ms Leader 6 SENDING AppendEntries to vehicle 9 (n_entries=0, leader_commit=2)
45140.0ms Leader 6 SENDING AppendEntries to vehicle 10 (n_entries=0, leader_commit=2)
45141.3ms Vehicle 2 RECEIVED AppendEntries from vehicle 6 (n_entries=0, leader_commit=2)
45142.3ms Vehicle 9 RECEIVED AppendEntries from vehicle 6 (n_entries=0, leader_commit=2)
45143.1ms Vehicle 10 RECEIVED AppendEntries from vehicle 6 (n_entries=0, leader_commit=2)
45340.0ms Leader 6 SENDING AppendEntries to vehicle 1 (n_entries=0, leader_commit=2)
45340.0ms Leader 6 SENDING AppendEntries to vehicle 2 (n_entries=0, leader_commit=2)
45340.0ms Leader 6 SENDING AppendEntries to vehicle 8 (n_entries=0, leader_commit=2)
45340.0ms Leader 6 SENDING AppendEntries to vehicle 9 (n_entries=0, leader_commit=2)
45340.0ms Leader 6 SENDING AppendEntries to vehicle 10 (n_entries=0, leader_commit=2)
45341.4ms Vehicle 2 RECEIVED AppendEntries from vehicle 6 (n_entries=0, leader_commit=2)
45342.4ms Vehicle 9 RECEIVED AppendEntries from vehicle 6 (n_entries=0, leader_commit=2)
45342.8ms Vehicle 10 RECEIVED AppendEntries from vehicle 6 (n_entries=0, leader_commit=2)
45.4 [QUEUE_ADV][V9] dist=11.5m speed=0.0 leader=veh8 gap=0.0m gapOpened=0 (need gap>5.0m) myBatch=8 curBatch=0
45.45 [DBG][V10] POS roadId=S2C dist=4.8m speed=0.0m/s onApproach=YES stopped=1 phase=2 leader=0 committed=1 myBatch=5 curBatch=0
45.45 [DBG][V9] POS roadId=E2C dist=11.5m speed=0.0m/s onApproach=YES stopped=1 phase=2 leader=0 committed=1 myBatch=8 curBatch=0
45.45 [DBG][V2] POS roadId=N2C dist=4.9m speed=0.0m/s onApproach=YES stopped=1 phase=2 leader=0 committed=1 myBatch=6 curBatch=0
45.45 [DBG][V6] POS roadId=E2C dist=4.5m speed=0.0m/s onApproach=YES stopped=1 phase=2 leader=1 committed=1 myBatch=7 curBatch=0
45540.0ms Leader 6 SENDING AppendEntries to vehicle 1 (n_entries=0, leader_commit=2)
45540.0ms Leader 6 SENDING AppendEntries to vehicle 2 (n_entries=0, leader_commit=2)
45540.0ms Leader 6 SENDING AppendEntries to vehicle 8 (n_entries=0, leader_commit=2)
45540.0ms Leader 6 SENDING AppendEntries to vehicle 9 (n_entries=0, leader_commit=2)
45540.0ms Leader 6 SENDING AppendEntries to vehicle 10 (n_entries=0, leader_commit=2)
45541.2ms Vehicle 2 RECEIVED AppendEntries from vehicle 6 (n_entries=0, leader_commit=2)
45542.8ms Vehicle 9 RECEIVED AppendEntries from vehicle 6 (n_entries=0, leader_commit=2)
45543.0ms Vehicle 10 RECEIVED AppendEntries from vehicle 6 (n_entries=0, leader_commit=2)
45740.0ms Leader 6 SENDING AppendEntries to vehicle 1 (n_entries=0, leader_commit=2)
45740.0ms Leader 6 SENDING AppendEntries to vehicle 2 (n_entries=0, leader_commit=2)
45740.0ms Leader 6 SENDING AppendEntries to vehicle 8 (n_entries=0, leader_commit=2)
45740.0ms Leader 6 SENDING AppendEntries to vehicle 9 (n_entries=0, leader_commit=2)
45740.0ms Leader 6 SENDING AppendEntries to vehicle 10 (n_entries=0, leader_commit=2)
45741.0ms Vehicle 2 RECEIVED AppendEntries from vehicle 6 (n_entries=0, leader_commit=2)
45741.8ms Vehicle 9 RECEIVED AppendEntries from vehicle 6 (n_entries=0, leader_commit=2)
45742.1ms Vehicle 10 RECEIVED AppendEntries from vehicle 6 (n_entries=0, leader_commit=2)
45.75 [QUEUE_ADV][V15] dist=12.0m speed=0.2 leader=veh6 gap=0.2m gapOpened=0 (need gap>5.0m) myBatch=-1 curBatch=0
45.85 [QUEUE_ADV][V13] dist=18.5m speed=0.0 leader=veh10 gap=0.0m gapOpened=0 (need gap>5.0m) myBatch=-1 curBatch=0
45.85 [DBG][V12] POS roadId=N2C dist=11.9m speed=0.0m/s onApproach=YES stopped=1 phase=2 leader=0 committed=0 myBatch=-1 curBatch=0
45940.0ms Leader 6 SENDING AppendEntries to vehicle 1 (n_entries=0, leader_commit=2)
45940.0ms Leader 6 SENDING AppendEntries to vehicle 2 (n_entries=0, leader_commit=2)
45940.0ms Leader 6 SENDING AppendEntries to vehicle 8 (n_entries=0, leader_commit=2)
45940.0ms Leader 6 SENDING AppendEntries to vehicle 9 (n_entries=0, leader_commit=2)
45940.0ms Leader 6 SENDING AppendEntries to vehicle 10 (n_entries=0, leader_commit=2)
45941.4ms Vehicle 2 RECEIVED AppendEntries from vehicle 6 (n_entries=0, leader_commit=2)
45942.9ms Vehicle 9 RECEIVED AppendEntries from vehicle 6 (n_entries=0, leader_commit=2)
45943.3ms Vehicle 10 RECEIVED AppendEntries from vehicle 6 (n_entries=0, leader_commit=2)
46020.0ms Vehicle 15 sendRequestVote called for node 2
46020.0ms Vehicle 15 sendRequestVote called for node 3
46020.0ms Vehicle 15 sendRequestVote called for node 7
46020.0ms Vehicle 15 sendRequestVote called for node 9
46020.0ms Vehicle 15 sendRequestVote called for node 10
46020.0ms Vehicle 15 sendRequestVote called for node 11
46020.0ms Vehicle 15 sendRequestVote called for node 13
46020.0ms Vehicle 15 sendRequestVote called for node 14
46.05 [QUEUE_ADV][V12] dist=11.9m speed=0.0 leader=veh13 gap=0.0m gapOpened=0 (need gap>5.0m) myBatch=-1 curBatch=0
46080.0ms Vehicle 12 sendRequestVote called for node 2
46080.0ms Vehicle 12 sendRequestVote called for node 3
46080.0ms Vehicle 12 sendRequestVote called for node 7
46080.0ms Vehicle 12 sendRequestVote called for node 9
46080.0ms Vehicle 12 sendRequestVote called for node 10
46080.0ms Vehicle 12 sendRequestVote called for node 11
46080.0ms Vehicle 12 sendRequestVote called for node 14
46140.0ms Leader 6 SENDING AppendEntries to vehicle 1 (n_entries=0, leader_commit=2)
46140.0ms Leader 6 SENDING AppendEntries to vehicle 2 (n_entries=0, leader_commit=2)
46140.0ms Leader 6 SENDING AppendEntries to vehicle 8 (n_entries=0, leader_commit=2)
46140.0ms Leader 6 SENDING AppendEntries to vehicle 9 (n_entries=0, leader_commit=2)
46140.0ms Leader 6 SENDING AppendEntries to vehicle 10 (n_entries=0, leader_commit=2)
46140.5ms Vehicle 2 RECEIVED AppendEntries from vehicle 6 (n_entries=0, leader_commit=2)
46141.5ms Vehicle 9 RECEIVED AppendEntries from vehicle 6 (n_entries=0, leader_commit=2)
46141.7ms Vehicle 10 RECEIVED AppendEntries from vehicle 6 (n_entries=0, leader_commit=2)
46.15 [DBG][V13] POS roadId=E2C dist=18.5m speed=0.0m/s onApproach=YES stopped=1 phase=2 leader=0 committed=0 myBatch=-1 curBatch=0
46340.0ms Leader 6 SENDING AppendEntries to vehicle 1 (n_entries=0, leader_commit=2)
46340.0ms Leader 6 SENDING AppendEntries to vehicle 2 (n_entries=0, leader_commit=2)
46340.0ms Leader 6 SENDING AppendEntries to vehicle 8 (n_entries=0, leader_commit=2)
46340.0ms Leader 6 SENDING AppendEntries to vehicle 9 (n_entries=0, leader_commit=2)
46340.0ms Leader 6 SENDING AppendEntries to vehicle 10 (n_entries=0, leader_commit=2)
46340.5ms Vehicle 2 RECEIVED AppendEntries from vehicle 6 (n_entries=0, leader_commit=2)
46342.2ms Vehicle 9 RECEIVED AppendEntries from vehicle 6 (n_entries=0, leader_commit=2)
46342.8ms Vehicle 10 RECEIVED AppendEntries from vehicle 6 (n_entries=0, leader_commit=2)
46.45 [QUEUE_ADV][V9] dist=11.5m speed=0.0 leader=veh8 gap=0.0m gapOpened=0 (need gap>5.0m) myBatch=8 curBatch=0
46520.0ms Vehicle 12 RAFT TIMEOUT: 20820.0ms since ref (threshold=20800.0ms)
46.52 [DBG][V12] FALLBACK ACTIVATED wos=0 frontVeh=-1 failedElections=27 stopped=1 committed=0 isLeader=0
46520.0ms Vehicle 12 FALLBACK MODE activated
46.52 [DBG][V12] RESUME_MOVEMENT called hasStopped=1 myBatch=-1 curBatch=0 isLeader=0 fallback=1
46520.0ms Vehicle 12 RESUMING movement
46540.0ms Leader 6 SENDING AppendEntries to vehicle 1 (n_entries=0, leader_commit=2)
46540.0ms Leader 6 SENDING AppendEntries to vehicle 2 (n_entries=0, leader_commit=2)
46540.0ms Leader 6 SENDING AppendEntries to vehicle 8 (n_entries=0, leader_commit=2)
46540.0ms Leader 6 SENDING AppendEntries to vehicle 9 (n_entries=0, leader_commit=2)
46540.0ms Leader 6 SENDING AppendEntries to vehicle 10 (n_entries=0, leader_commit=2)
46540.6ms Vehicle 2 RECEIVED AppendEntries from vehicle 6 (n_entries=0, leader_commit=2)
46541.5ms Vehicle 9 RECEIVED AppendEntries from vehicle 6 (n_entries=0, leader_commit=2)
46541.8ms Vehicle 10 RECEIVED AppendEntries from vehicle 6 (n_entries=0, leader_commit=2)
46.58 [DBG][V10] BATCH SAFETY FALLBACK FIRED for batch 5 curBatch=0 hasPassedIntersection=0
46580.0ms Vehicle 10 BATCH SAFETY FALLBACK (lost VEHICLE_LEFT?) for batch 5
46.58 [DBG][V10] RESUME_MOVEMENT called hasStopped=1 myBatch=5 curBatch=5 isLeader=0 fallback=0
46580.0ms Vehicle 10 RESUMING movement
Vehicle RAFT (UDP) starting application.
Vehicle 18 edge config: 4 approach, 4 exit edges
46600.0ms Vehicle 18 RAFT started single-node V18
46.600910225311 [DBG][V18] MERGE (invitation): theirTs=0.1 theirId=0 -> merging into 12 members
46.600910225311 [DBG][V18] MERGE_INTO_LARGER: reinitializing with 12 members [1 2 3 6 7 8 9 10 12 13 15 18 ]
46.600910225311 [DBG][V18] FORM_CLUSTER 12 members: [1 2 3 6 7 8 9 10 12 13 15 18 ] electionBase=500ms
46.65 [DBG][V18] ROAD_CHANGE -> C2S dist=133.6m speed=13.9m/s onApproach=NO
46.65 [DBG][V18] POS roadId=C2S dist=133.6m speed=13.9m/s onApproach=NO stopped=0 phase=2 leader=0 committed=0 myBatch=-1 curBatch=0
46740.0ms Leader 6 SENDING AppendEntries to vehicle 1 (n_entries=0, leader_commit=2)
46740.0ms Leader 6 SENDING AppendEntries to vehicle 2 (n_entries=0, leader_commit=2)
46740.0ms Leader 6 SENDING AppendEntries to vehicle 8 (n_entries=0, leader_commit=2)
46740.0ms Leader 6 SENDING AppendEntries to vehicle 9 (n_entries=0, leader_commit=2)
46740.0ms Leader 6 SENDING AppendEntries to vehicle 10 (n_entries=0, leader_commit=2)
46740.6ms Vehicle 2 RECEIVED AppendEntries from vehicle 6 (n_entries=0, leader_commit=2)
46741.5ms Vehicle 9 RECEIVED AppendEntries from vehicle 6 (n_entries=0, leader_commit=2)
46742.7ms Vehicle 10 RECEIVED AppendEntries from vehicle 6 (n_entries=0, leader_commit=2)
46.9 [QUEUE_ADV][V13] dist=18.5m speed=0.0 leader=veh10 gap=0.0m gapOpened=0 (need gap>5.0m) myBatch=-1 curBatch=0
46940.0ms Leader 6 SENDING AppendEntries to vehicle 1 (n_entries=0, leader_commit=2)
46940.0ms Leader 6 SENDING AppendEntries to vehicle 2 (n_entries=0, leader_commit=2)
46940.0ms Leader 6 SENDING AppendEntries to vehicle 8 (n_entries=0, leader_commit=2)
46940.0ms Leader 6 SENDING AppendEntries to vehicle 9 (n_entries=0, leader_commit=2)
46940.0ms Leader 6 SENDING AppendEntries to vehicle 10 (n_entries=0, leader_commit=2)
46941.0ms Vehicle 2 RECEIVED AppendEntries from vehicle 6 (n_entries=0, leader_commit=2)
46941.9ms Vehicle 9 RECEIVED AppendEntries from vehicle 6 (n_entries=0, leader_commit=2)
46942.4ms Vehicle 10 RECEIVED AppendEntries from vehicle 6 (n_entries=0, leader_commit=2)
47140.0ms Leader 6 SENDING AppendEntries to vehicle 1 (n_entries=0, leader_commit=2)
47140.0ms Leader 6 SENDING AppendEntries to vehicle 2 (n_entries=0, leader_commit=2)
47140.0ms Leader 6 SENDING AppendEntries to vehicle 8 (n_entries=0, leader_commit=2)
47140.0ms Leader 6 SENDING AppendEntries to vehicle 9 (n_entries=0, leader_commit=2)
47140.0ms Leader 6 SENDING AppendEntries to vehicle 10 (n_entries=0, leader_commit=2)
47140.9ms Vehicle 2 RECEIVED AppendEntries from vehicle 6 (n_entries=0, leader_commit=2)
47142.0ms Vehicle 9 RECEIVED AppendEntries from vehicle 6 (n_entries=0, leader_commit=2)
47142.7ms Vehicle 10 RECEIVED AppendEntries from vehicle 6 (n_entries=0, leader_commit=2)
47.25 [DBG][V15] POS roadId=S2C dist=11.3m speed=1.5m/s onApproach=YES stopped=1 phase=2 leader=0 committed=0 myBatch=-1 curBatch=0
47340.0ms Leader 6 SENDING AppendEntries to vehicle 1 (n_entries=0, leader_commit=2)
47340.0ms Leader 6 SENDING AppendEntries to vehicle 2 (n_entries=0, leader_commit=2)
47340.0ms Leader 6 SENDING AppendEntries to vehicle 8 (n_entries=0, leader_commit=2)
47340.0ms Leader 6 SENDING AppendEntries to vehicle 9 (n_entries=0, leader_commit=2)
47340.0ms Leader 6 SENDING AppendEntries to vehicle 10 (n_entries=0, leader_commit=2)
47341.6ms Vehicle 2 RECEIVED AppendEntries from vehicle 6 (n_entries=0, leader_commit=2)
47342.3ms Vehicle 9 RECEIVED AppendEntries from vehicle 6 (n_entries=0, leader_commit=2)
47343.1ms Vehicle 10 RECEIVED AppendEntries from vehicle 6 (n_entries=0, leader_commit=2)
47.4 Vehicle 10 hasPassed=true (on exit edge C2N)
47400.0ms Vehicle 10 LEFT intersection
47400.0ms Vehicle 10 BROADCASTING vehicle-passed
47400.0ms Vehicle 10 sending vehicle-left (gossip, isLeader=0, myBatch=5, ttl=16)
47.400118015708 [DBG][V2] VEHICLE_PASSED: V10 frontVeh=-1 myBatch=6 curBatch=0
47400.1ms Vehicle 2 RECEIVED vehicle-passed from vehicle 10
47.40011804096 [DBG][V6] VEHICLE_PASSED: V10 frontVeh=-1 myBatch=7 curBatch=0
47400.1ms Vehicle 6 RECEIVED vehicle-passed from vehicle 10
47400.1ms Vehicle 6 RAFT node for vehicle 10 marked INACTIVE (left intersection)
47.400118061605 [DBG][V9] VEHICLE_PASSED: V10 frontVeh=-1 myBatch=8 curBatch=0
47400.1ms Vehicle 9 RECEIVED vehicle-passed from vehicle 10
47400.1ms Vehicle 9 RAFT node for vehicle 10 marked INACTIVE (left intersection)
47.400118083687 [DBG][V13] VEHICLE_PASSED: V10 frontVeh=-1 myBatch=-1 curBatch=0
47400.1ms Vehicle 13 RECEIVED vehicle-passed from vehicle 10
47400.1ms Vehicle 13 RAFT node for vehicle 10 marked INACTIVE (left intersection)
47.400118089326 [DBG][V15] VEHICLE_PASSED: V10 frontVeh=-1 myBatch=-1 curBatch=0
47400.1ms Vehicle 15 RECEIVED vehicle-passed from vehicle 10
47400.1ms Vehicle 15 RAFT node for vehicle 10 marked INACTIVE (left intersection)
47.400118311442 [DBG][V18] VEHICLE_PASSED: V10 frontVeh=17 myBatch=-1 curBatch=0
47400.1ms Vehicle 18 RECEIVED vehicle-passed from vehicle 10
47400.1ms Vehicle 18 RAFT node for vehicle 10 marked INACTIVE (left intersection)
47.400458015708 [DBG][V2] VEHICLE_LEFT_GOSSIP: V10 batch=5 ttl=16 curBatch=0 vehiclesLeftSoFar=[0 3 4 5 7 11 14 ]
47400.5ms Vehicle 2 RECEIVED vehicle-left (gossip) from vehicle 10
47.400458015708 [DBG][V2] CHECK_BATCH_ADVANCE curBatch=0 allLeft=0 missing=[8 ] vehiclesLeft=[0 3 4 5 7 10 11 14 ]
47.40045804096 [DBG][V6] VEHICLE_LEFT_GOSSIP: V10 batch=5 ttl=16 curBatch=0 vehiclesLeftSoFar=[0 3 4 5 7 11 14 ]
47400.5ms Vehicle 6 RECEIVED vehicle-left (gossip) from vehicle 10
47400.5ms Vehicle 6 RAFT node for vehicle 10 marked INACTIVE (left intersection)
47.40045804096 [DBG][V6] CHECK_BATCH_ADVANCE curBatch=0 allLeft=0 missing=[8 ] vehiclesLeft=[0 3 4 5 7 10 11 14 ]
47.400458061605 [DBG][V9] VEHICLE_LEFT_GOSSIP: V10 batch=5 ttl=16 curBatch=0 vehiclesLeftSoFar=[0 3 4 5 7 11 14 ]
47400.5ms Vehicle 9 RECEIVED vehicle-left (gossip) from vehicle 10
47400.5ms Vehicle 9 RAFT node for vehicle 10 marked INACTIVE (left intersection)
47.400458061605 [DBG][V9] CHECK_BATCH_ADVANCE curBatch=0 allLeft=0 missing=[8 ] vehiclesLeft=[0 3 4 5 7 10 11 14 ]
47.400458083687 [DBG][V13] VEHICLE_LEFT_GOSSIP: V10 batch=5 ttl=16 curBatch=0 vehiclesLeftSoFar=[0 3 4 5 7 11 14 ]
47400.5ms Vehicle 13 RECEIVED vehicle-left (gossip) from vehicle 10
47400.5ms Vehicle 13 RAFT node for vehicle 10 marked INACTIVE (left intersection)
47.400458089326 [DBG][V15] VEHICLE_LEFT_GOSSIP: V10 batch=5 ttl=16 curBatch=0 vehiclesLeftSoFar=[0 3 4 5 7 11 14 ]
47400.5ms Vehicle 15 RECEIVED vehicle-left (gossip) from vehicle 10
47400.5ms Vehicle 15 RAFT node for vehicle 10 marked INACTIVE (left intersection)
47.400458311442 [DBG][V18] VEHICLE_LEFT_GOSSIP: V10 batch=5 ttl=16 curBatch=0 vehiclesLeftSoFar=[]
47400.5ms Vehicle 18 RECEIVED vehicle-left (gossip) from vehicle 10
47400.5ms Vehicle 18 RAFT node for vehicle 10 marked INACTIVE (left intersection)
47.5 [QUEUE_ADV][V9] dist=11.5m speed=0.0 leader=veh8 gap=0.0m gapOpened=0 (need gap>5.0m) myBatch=8 curBatch=0
47540.0ms Leader 6 SENDING AppendEntries to vehicle 1 (n_entries=0, leader_commit=2)
47540.0ms Leader 6 SENDING AppendEntries to vehicle 2 (n_entries=0, leader_commit=2)
47540.0ms Leader 6 SENDING AppendEntries to vehicle 8 (n_entries=0, leader_commit=2)
47540.0ms Leader 6 SENDING AppendEntries to vehicle 9 (n_entries=0, leader_commit=2)
47540.4ms Vehicle 2 RECEIVED AppendEntries from vehicle 6 (n_entries=0, leader_commit=2)
47541.6ms Vehicle 9 RECEIVED AppendEntries from vehicle 6 (n_entries=0, leader_commit=2)
47680.0ms Vehicle 13 sendRequestVote called for node 2
47680.0ms Vehicle 13 sendRequestVote called for node 3
47680.0ms Vehicle 13 sendRequestVote called for node 7
47680.0ms Vehicle 13 sendRequestVote called for node 9
47680.0ms Vehicle 13 sendRequestVote called for node 10
47680.0ms Vehicle 13 sendRequestVote called for node 13
47680.0ms Vehicle 13 RAFT STATE CHANGED from 1 to 2
47680.0ms Vehicle 13 I am a candidate now! Starting election...
47740.0ms Leader 6 SENDING AppendEntries to vehicle 1 (n_entries=0, leader_commit=2)
47740.0ms Leader 6 SENDING AppendEntries to vehicle 2 (n_entries=0, leader_commit=2)
47740.0ms Leader 6 SENDING AppendEntries to vehicle 8 (n_entries=0, leader_commit=2)
47740.0ms Leader 6 SENDING AppendEntries to vehicle 9 (n_entries=0, leader_commit=2)
47741.3ms Vehicle 2 RECEIVED AppendEntries from vehicle 6 (n_entries=0, leader_commit=2)
47742.4ms Vehicle 9 RECEIVED AppendEntries from vehicle 6 (n_entries=0, leader_commit=2)
47940.0ms Leader 6 SENDING AppendEntries to vehicle 1 (n_entries=0, leader_commit=2)
47940.0ms Leader 6 SENDING AppendEntries to vehicle 2 (n_entries=0, leader_commit=2)
47940.0ms Leader 6 SENDING AppendEntries to vehicle 8 (n_entries=0, leader_commit=2)
47940.0ms Leader 6 SENDING AppendEntries to vehicle 9 (n_entries=0, leader_commit=2)
47940.6ms Vehicle 2 RECEIVED AppendEntries from vehicle 6 (n_entries=0, leader_commit=2)
47941.2ms Vehicle 9 RECEIVED AppendEntries from vehicle 6 (n_entries=0, leader_commit=2)
47.95 [QUEUE_ADV][V13] dist=18.5m speed=0.0 leader=veh10 gap=0.0m gapOpened=0 (need gap>5.0m) myBatch=-1 curBatch=0
48140.0ms Leader 6 SENDING AppendEntries to vehicle 1 (n_entries=0, leader_commit=2)
48140.0ms Leader 6 SENDING AppendEntries to vehicle 2 (n_entries=0, leader_commit=2)
48140.0ms Leader 6 SENDING AppendEntries to vehicle 8 (n_entries=0, leader_commit=2)
48140.0ms Leader 6 SENDING AppendEntries to vehicle 9 (n_entries=0, leader_commit=2)
48140.6ms Vehicle 2 RECEIVED AppendEntries from vehicle 6 (n_entries=0, leader_commit=2)
48141.6ms Vehicle 9 RECEIVED AppendEntries from vehicle 6 (n_entries=0, leader_commit=2)
48160.0ms Vehicle 15 sendRequestVote called for node 2
48160.0ms Vehicle 15 sendRequestVote called for node 3
48160.0ms Vehicle 15 sendRequestVote called for node 7
48160.0ms Vehicle 15 sendRequestVote called for node 9
48160.0ms Vehicle 15 sendRequestVote called for node 10
48160.0ms Vehicle 15 sendRequestVote called for node 13
48160.0ms Vehicle 15 sendRequestVote called for node 14
48340.0ms Leader 6 SENDING AppendEntries to vehicle 1 (n_entries=0, leader_commit=2)
48340.0ms Leader 6 SENDING AppendEntries to vehicle 2 (n_entries=0, leader_commit=2)
48340.0ms Leader 6 SENDING AppendEntries to vehicle 8 (n_entries=0, leader_commit=2)
48340.0ms Leader 6 SENDING AppendEntries to vehicle 9 (n_entries=0, leader_commit=2)
48340.5ms Vehicle 2 RECEIVED AppendEntries from vehicle 6 (n_entries=0, leader_commit=2)
48341.7ms Vehicle 9 RECEIVED AppendEntries from vehicle 6 (n_entries=0, leader_commit=2)
48540.0ms Leader 6 SENDING AppendEntries to vehicle 1 (n_entries=0, leader_commit=2)
48540.0ms Leader 6 SENDING AppendEntries to vehicle 2 (n_entries=0, leader_commit=2)
48540.0ms Leader 6 SENDING AppendEntries to vehicle 8 (n_entries=0, leader_commit=2)
48540.0ms Leader 6 SENDING AppendEntries to vehicle 9 (n_entries=0, leader_commit=2)
48540.5ms Vehicle 2 RECEIVED AppendEntries from vehicle 6 (n_entries=0, leader_commit=2)
48541.0ms Vehicle 9 RECEIVED AppendEntries from vehicle 6 (n_entries=0, leader_commit=2)
48.55 [QUEUE_ADV][V9] dist=11.5m speed=0.0 leader=veh8 gap=0.0m gapOpened=0 (need gap>5.0m) myBatch=8 curBatch=0
48740.0ms Leader 6 SENDING AppendEntries to vehicle 1 (n_entries=0, leader_commit=2)
48740.0ms Leader 6 SENDING AppendEntries to vehicle 2 (n_entries=0, leader_commit=2)
48740.0ms Leader 6 SENDING AppendEntries to vehicle 8 (n_entries=0, leader_commit=2)
48740.0ms Leader 6 SENDING AppendEntries to vehicle 9 (n_entries=0, leader_commit=2)
48740.6ms Vehicle 2 RECEIVED AppendEntries from vehicle 6 (n_entries=0, leader_commit=2)
48741.3ms Vehicle 9 RECEIVED AppendEntries from vehicle 6 (n_entries=0, leader_commit=2)
48940.0ms Leader 6 SENDING AppendEntries to vehicle 1 (n_entries=0, leader_commit=2)
48940.0ms Leader 6 SENDING AppendEntries to vehicle 2 (n_entries=0, leader_commit=2)
48940.0ms Leader 6 SENDING AppendEntries to vehicle 8 (n_entries=0, leader_commit=2)
48940.0ms Leader 6 SENDING AppendEntries to vehicle 9 (n_entries=0, leader_commit=2)
48940.4ms Vehicle 2 RECEIVED AppendEntries from vehicle 6 (n_entries=0, leader_commit=2)
48941.8ms Vehicle 9 RECEIVED AppendEntries from vehicle 6 (n_entries=0, leader_commit=2)
49 [QUEUE_ADV][V13] dist=18.5m speed=0.0 leader=veh10 gap=0.0m gapOpened=0 (need gap>5.0m) myBatch=-1 curBatch=0
49080.0ms Vehicle 18 sendRequestVote called for node 2
49080.0ms Vehicle 18 sendRequestVote called for node 3
49080.0ms Vehicle 18 sendRequestVote called for node 4
49080.0ms Vehicle 18 sendRequestVote called for node 7
49080.0ms Vehicle 18 sendRequestVote called for node 8
49080.0ms Vehicle 18 sendRequestVote called for node 9
49080.0ms Vehicle 18 sendRequestVote called for node 10
49080.0ms Vehicle 18 sendRequestVote called for node 13
49080.0ms Vehicle 18 sendRequestVote called for node 14
49080.0ms Vehicle 18 sendRequestVote called for node 16
49080.0ms Vehicle 18 RAFT STATE CHANGED from 1 to 2
49080.0ms Vehicle 18 I am a candidate now! Starting election...
49140.0ms Leader 6 SENDING AppendEntries to vehicle 1 (n_entries=0, leader_commit=2)
49140.0ms Leader 6 SENDING AppendEntries to vehicle 2 (n_entries=0, leader_commit=2)
49140.0ms Leader 6 SENDING AppendEntries to vehicle 8 (n_entries=0, leader_commit=2)
49140.0ms Leader 6 SENDING AppendEntries to vehicle 9 (n_entries=0, leader_commit=2)
49140.8ms Vehicle 2 RECEIVED AppendEntries from vehicle 6 (n_entries=0, leader_commit=2)
49141.8ms Vehicle 9 RECEIVED AppendEntries from vehicle 6 (n_entries=0, leader_commit=2)
** Event #5968128   t=49.307769867168   Elapsed: 34.0193s (0m 34s)  16% completed  (16% total)
     Speed:     ev/sec=180927   simsec/sec=2.34404   ev/simsec=77186
     Messages:  created: 4779509   present: 611   in FES: 39
49340.0ms Leader 6 SENDING AppendEntries to vehicle 1 (n_entries=0, leader_commit=2)
49340.0ms Leader 6 SENDING AppendEntries to vehicle 2 (n_entries=0, leader_commit=2)
49340.0ms Leader 6 SENDING AppendEntries to vehicle 8 (n_entries=0, leader_commit=2)
49340.0ms Leader 6 SENDING AppendEntries to vehicle 9 (n_entries=0, leader_commit=2)
49340.5ms Vehicle 2 RECEIVED AppendEntries from vehicle 6 (n_entries=0, leader_commit=2)
49341.7ms Vehicle 9 RECEIVED AppendEntries from vehicle 6 (n_entries=0, leader_commit=2)
49420.0ms Vehicle 13 sendRequestVote called for node 2
49420.0ms Vehicle 13 sendRequestVote called for node 3
49420.0ms Vehicle 13 sendRequestVote called for node 7
49420.0ms Vehicle 13 sendRequestVote called for node 9
49420.0ms Vehicle 13 sendRequestVote called for node 10
49420.0ms Vehicle 13 sendRequestVote called for node 13
49540.0ms Leader 6 SENDING AppendEntries to vehicle 1 (n_entries=0, leader_commit=2)
49540.0ms Leader 6 SENDING AppendEntries to vehicle 2 (n_entries=0, leader_commit=2)
49540.0ms Leader 6 SENDING AppendEntries to vehicle 8 (n_entries=0, leader_commit=2)
49540.0ms Leader 6 SENDING AppendEntries to vehicle 9 (n_entries=0, leader_commit=2)
49540.5ms Vehicle 2 RECEIVED AppendEntries from vehicle 6 (n_entries=0, leader_commit=2)
49541.4ms Vehicle 9 RECEIVED AppendEntries from vehicle 6 (n_entries=0, leader_commit=2)
49.6 [QUEUE_ADV][V9] dist=11.5m speed=0.0 leader=veh8 gap=0.0m gapOpened=0 (need gap>5.0m) myBatch=8 curBatch=0
49600.0ms Vehicle 15 sendRequestVote called for node 2
49600.0ms Vehicle 15 sendRequestVote called for node 3
49600.0ms Vehicle 15 sendRequestVote called for node 7
49600.0ms Vehicle 15 sendRequestVote called for node 9
49600.0ms Vehicle 15 sendRequestVote called for node 10
49600.0ms Vehicle 15 sendRequestVote called for node 13
49600.0ms Vehicle 15 sendRequestVote called for node 14
49740.0ms Leader 6 SENDING AppendEntries to vehicle 1 (n_entries=0, leader_commit=2)
49740.0ms Leader 6 SENDING AppendEntries to vehicle 2 (n_entries=0, leader_commit=2)
49740.0ms Leader 6 SENDING AppendEntries to vehicle 8 (n_entries=0, leader_commit=2)
49740.0ms Leader 6 SENDING AppendEntries to vehicle 9 (n_entries=0, leader_commit=2)
49740.5ms Vehicle 2 RECEIVED AppendEntries from vehicle 6 (n_entries=0, leader_commit=2)
49741.4ms Vehicle 9 RECEIVED AppendEntries from vehicle 6 (n_entries=0, leader_commit=2)
49940.0ms Leader 6 SENDING AppendEntries to vehicle 1 (n_entries=0, leader_commit=2)
49940.0ms Leader 6 SENDING AppendEntries to vehicle 2 (n_entries=0, leader_commit=2)
49940.0ms Leader 6 SENDING AppendEntries to vehicle 8 (n_entries=0, leader_commit=2)
49940.0ms Leader 6 SENDING AppendEntries to vehicle 9 (n_entries=0, leader_commit=2)
49940.8ms Vehicle 2 RECEIVED AppendEntries from vehicle 6 (n_entries=0, leader_commit=2)
49941.4ms Vehicle 9 RECEIVED AppendEntries from vehicle 6 (n_entries=0, leader_commit=2)
50.05 [QUEUE_ADV][V13] dist=18.5m speed=0.0 leader=veh10 gap=0.0m gapOpened=0 (need gap>5.0m) myBatch=-1 curBatch=0
50140.0ms Leader 6 SENDING AppendEntries to vehicle 1 (n_entries=0, leader_commit=2)
50140.0ms Leader 6 SENDING AppendEntries to vehicle 2 (n_entries=0, leader_commit=2)
50140.0ms Leader 6 SENDING AppendEntries to vehicle 8 (n_entries=0, leader_commit=2)
50140.0ms Leader 6 SENDING AppendEntries to vehicle 9 (n_entries=0, leader_commit=2)
50140.5ms Vehicle 2 RECEIVED AppendEntries from vehicle 6 (n_entries=0, leader_commit=2)
50141.5ms Vehicle 9 RECEIVED AppendEntries from vehicle 6 (n_entries=0, leader_commit=2)
50340.0ms Leader 6 SENDING AppendEntries to vehicle 1 (n_entries=0, leader_commit=2)
50340.0ms Leader 6 SENDING AppendEntries to vehicle 2 (n_entries=0, leader_commit=2)
50340.0ms Leader 6 SENDING AppendEntries to vehicle 8 (n_entries=0, leader_commit=2)
50340.0ms Leader 6 SENDING AppendEntries to vehicle 9 (n_entries=0, leader_commit=2)
50341.7ms Vehicle 2 RECEIVED AppendEntries from vehicle 6 (n_entries=0, leader_commit=2)
50342.5ms Vehicle 9 RECEIVED AppendEntries from vehicle 6 (n_entries=0, leader_commit=2)
50.5 [DBG][V9] POS roadId=E2C dist=11.5m speed=0.0m/s onApproach=YES stopped=1 phase=2 leader=0 committed=1 myBatch=8 curBatch=0
50.5 [DBG][V2] POS roadId=N2C dist=4.9m speed=0.0m/s onApproach=YES stopped=1 phase=2 leader=0 committed=1 myBatch=6 curBatch=0
50.5 [DBG][V6] POS roadId=E2C dist=4.5m speed=0.0m/s onApproach=YES stopped=1 phase=2 leader=1 committed=1 myBatch=7 curBatch=0
50540.0ms Vehicle 13 sendRequestVote called for node 2
50540.0ms Vehicle 13 sendRequestVote called for node 3
50540.0ms Vehicle 13 sendRequestVote called for node 7
50540.0ms Vehicle 13 sendRequestVote called for node 9
50540.0ms Vehicle 13 sendRequestVote called for node 10
50540.0ms Vehicle 13 sendRequestVote called for node 13
50540.0ms Leader 6 SENDING AppendEntries to vehicle 1 (n_entries=0, leader_commit=2)
50540.0ms Leader 6 SENDING AppendEntries to vehicle 2 (n_entries=0, leader_commit=2)
50540.0ms Leader 6 SENDING AppendEntries to vehicle 8 (n_entries=0, leader_commit=2)
50540.0ms Leader 6 SENDING AppendEntries to vehicle 9 (n_entries=0, leader_commit=2)
50540.4ms Vehicle 2 RECEIVED AppendEntries from vehicle 6 (n_entries=0, leader_commit=2)
50541.4ms Vehicle 9 RECEIVED AppendEntries from vehicle 6 (n_entries=0, leader_commit=2)
50.65 [QUEUE_ADV][V9] dist=11.5m speed=0.0 leader=veh8 gap=0.0m gapOpened=0 (need gap>5.0m) myBatch=8 curBatch=0
50740.0ms Leader 6 SENDING AppendEntries to vehicle 1 (n_entries=0, leader_commit=2)
50740.0ms Leader 6 SENDING AppendEntries to vehicle 2 (n_entries=0, leader_commit=2)
50740.0ms Leader 6 SENDING AppendEntries to vehicle 8 (n_entries=0, leader_commit=2)
50740.0ms Leader 6 SENDING AppendEntries to vehicle 9 (n_entries=0, leader_commit=2)
50740.4ms Vehicle 2 RECEIVED AppendEntries from vehicle 6 (n_entries=0, leader_commit=2)
50741.0ms Vehicle 9 RECEIVED AppendEntries from vehicle 6 (n_entries=0, leader_commit=2)
50940.0ms Leader 6 SENDING AppendEntries to vehicle 1 (n_entries=0, leader_commit=2)
50940.0ms Leader 6 SENDING AppendEntries to vehicle 2 (n_entries=0, leader_commit=2)
50940.0ms Leader 6 SENDING AppendEntries to vehicle 8 (n_entries=0, leader_commit=2)
50940.0ms Leader 6 SENDING AppendEntries to vehicle 9 (n_entries=0, leader_commit=2)
50940.5ms Vehicle 2 RECEIVED AppendEntries from vehicle 6 (n_entries=0, leader_commit=2)
50941.6ms Vehicle 9 RECEIVED AppendEntries from vehicle 6 (n_entries=0, leader_commit=2)
51.1 [QUEUE_ADV][V13] dist=18.5m speed=0.0 leader=veh10 gap=0.0m gapOpened=0 (need gap>5.0m) myBatch=-1 curBatch=0
51140.0ms Leader 6 SENDING AppendEntries to vehicle 1 (n_entries=0, leader_commit=2)
51140.0ms Leader 6 SENDING AppendEntries to vehicle 2 (n_entries=0, leader_commit=2)
51140.0ms Leader 6 SENDING AppendEntries to vehicle 8 (n_entries=0, leader_commit=2)
51140.0ms Leader 6 SENDING AppendEntries to vehicle 9 (n_entries=0, leader_commit=2)
51140.8ms Vehicle 2 RECEIVED AppendEntries from vehicle 6 (n_entries=0, leader_commit=2)
51141.6ms Vehicle 9 RECEIVED AppendEntries from vehicle 6 (n_entries=0, leader_commit=2)
51.2 [DBG][V13] POS roadId=E2C dist=18.5m speed=0.0m/s onApproach=YES stopped=1 phase=2 leader=0 committed=0 myBatch=-1 curBatch=0
51340.0ms Leader 6 SENDING AppendEntries to vehicle 1 (n_entries=0, leader_commit=2)
51340.0ms Leader 6 SENDING AppendEntries to vehicle 2 (n_entries=0, leader_commit=2)
51340.0ms Leader 6 SENDING AppendEntries to vehicle 8 (n_entries=0, leader_commit=2)
51340.0ms Leader 6 SENDING AppendEntries to vehicle 9 (n_entries=0, leader_commit=2)
51340.7ms Vehicle 2 RECEIVED AppendEntries from vehicle 6 (n_entries=0, leader_commit=2)
51341.7ms Vehicle 9 RECEIVED AppendEntries from vehicle 6 (n_entries=0, leader_commit=2)
51540.0ms Leader 6 SENDING AppendEntries to vehicle 1 (n_entries=0, leader_commit=2)
51540.0ms Leader 6 SENDING AppendEntries to vehicle 2 (n_entries=0, leader_commit=2)
51540.0ms Leader 6 SENDING AppendEntries to vehicle 8 (n_entries=0, leader_commit=2)
51540.0ms Leader 6 SENDING AppendEntries to vehicle 9 (n_entries=0, leader_commit=2)
51541.8ms Vehicle 2 RECEIVED AppendEntries from vehicle 6 (n_entries=0, leader_commit=2)
51542.7ms Vehicle 9 RECEIVED AppendEntries from vehicle 6 (n_entries=0, leader_commit=2)
51.7 [DBG][V18] POS roadId=C2S dist=16.7m speed=22.9m/s onApproach=NO stopped=0 phase=2 leader=0 committed=0 myBatch=-1 curBatch=0
51.7 [QUEUE_ADV][V9] dist=11.5m speed=0.0 leader=veh8 gap=0.0m gapOpened=0 (need gap>5.0m) myBatch=8 curBatch=0
51740.0ms Leader 6 SENDING AppendEntries to vehicle 1 (n_entries=0, leader_commit=2)
51740.0ms Leader 6 SENDING AppendEntries to vehicle 2 (n_entries=0, leader_commit=2)
51740.0ms Leader 6 SENDING AppendEntries to vehicle 8 (n_entries=0, leader_commit=2)
51740.0ms Leader 6 SENDING AppendEntries to vehicle 9 (n_entries=0, leader_commit=2)
51740.7ms Vehicle 2 RECEIVED AppendEntries from vehicle 6 (n_entries=0, leader_commit=2)
51741.7ms Vehicle 9 RECEIVED AppendEntries from vehicle 6 (n_entries=0, leader_commit=2)
51940.0ms Leader 6 SENDING AppendEntries to vehicle 1 (n_entries=0, leader_commit=2)
51940.0ms Leader 6 SENDING AppendEntries to vehicle 2 (n_entries=0, leader_commit=2)
51940.0ms Leader 6 SENDING AppendEntries to vehicle 8 (n_entries=0, leader_commit=2)
51940.0ms Leader 6 SENDING AppendEntries to vehicle 9 (n_entries=0, leader_commit=2)
51940.6ms Vehicle 2 RECEIVED AppendEntries from vehicle 6 (n_entries=0, leader_commit=2)
51941.2ms Vehicle 9 RECEIVED AppendEntries from vehicle 6 (n_entries=0, leader_commit=2)
52040.0ms Vehicle 18 sendRequestVote called for node 2
52040.0ms Vehicle 18 sendRequestVote called for node 3
52040.0ms Vehicle 18 sendRequestVote called for node 4
52040.0ms Vehicle 18 sendRequestVote called for node 7
52040.0ms Vehicle 18 sendRequestVote called for node 8
52040.0ms Vehicle 18 sendRequestVote called for node 9
52040.0ms Vehicle 18 sendRequestVote called for node 10
52040.0ms Vehicle 18 sendRequestVote called for node 13
52040.0ms Vehicle 18 sendRequestVote called for node 14
52040.0ms Vehicle 18 sendRequestVote called for node 16
52140.0ms Leader 6 SENDING AppendEntries to vehicle 1 (n_entries=0, leader_commit=2)
52140.0ms Leader 6 SENDING AppendEntries to vehicle 2 (n_entries=0, leader_commit=2)
52140.0ms Leader 6 SENDING AppendEntries to vehicle 8 (n_entries=0, leader_commit=2)
52140.0ms Leader 6 SENDING AppendEntries to vehicle 9 (n_entries=0, leader_commit=2)
52140.4ms Vehicle 2 RECEIVED AppendEntries from vehicle 6 (n_entries=0, leader_commit=2)
52141.3ms Vehicle 9 RECEIVED AppendEntries from vehicle 6 (n_entries=0, leader_commit=2)
52.15 [QUEUE_ADV][V13] dist=18.5m speed=0.0 leader=veh10 gap=0.0m gapOpened=0 (need gap>5.0m) myBatch=-1 curBatch=0
52160.0ms Vehicle 13 sendRequestVote called for node 2
52160.0ms Vehicle 13 sendRequestVote called for node 3
52160.0ms Vehicle 13 sendRequestVote called for node 7
52160.0ms Vehicle 13 sendRequestVote called for node 9
52160.0ms Vehicle 13 sendRequestVote called for node 10
52160.0ms Vehicle 13 sendRequestVote called for node 13
52220.0ms Vehicle 15 sendRequestVote called for node 2
52220.0ms Vehicle 15 sendRequestVote called for node 3
52220.0ms Vehicle 15 sendRequestVote called for node 7
52220.0ms Vehicle 15 sendRequestVote called for node 9
52220.0ms Vehicle 15 sendRequestVote called for node 10
52220.0ms Vehicle 15 sendRequestVote called for node 13
52220.0ms Vehicle 15 sendRequestVote called for node 14
52.3 [DBG][V15] POS roadId=S2C dist=4.7m speed=0.0m/s onApproach=YES stopped=1 phase=2 leader=0 committed=0 myBatch=-1 curBatch=0
52340.0ms Leader 6 SENDING AppendEntries to vehicle 1 (n_entries=0, leader_commit=2)
52340.0ms Leader 6 SENDING AppendEntries to vehicle 2 (n_entries=0, leader_commit=2)
52340.0ms Leader 6 SENDING AppendEntries to vehicle 8 (n_entries=0, leader_commit=2)
52340.0ms Leader 6 SENDING AppendEntries to vehicle 9 (n_entries=0, leader_commit=2)
52340.9ms Vehicle 2 RECEIVED AppendEntries from vehicle 6 (n_entries=0, leader_commit=2)
52342.0ms Vehicle 9 RECEIVED AppendEntries from vehicle 6 (n_entries=0, leader_commit=2)
52540.0ms Leader 6 SENDING AppendEntries to vehicle 1 (n_entries=0, leader_commit=2)
52540.0ms Leader 6 SENDING AppendEntries to vehicle 2 (n_entries=0, leader_commit=2)
52540.0ms Leader 6 SENDING AppendEntries to vehicle 8 (n_entries=0, leader_commit=2)
52540.0ms Leader 6 SENDING AppendEntries to vehicle 9 (n_entries=0, leader_commit=2)
52541.4ms Vehicle 2 RECEIVED AppendEntries from vehicle 6 (n_entries=0, leader_commit=2)
52542.7ms Vehicle 9 RECEIVED AppendEntries from vehicle 6 (n_entries=0, leader_commit=2)
52.56 [DBG][V2] BATCH SAFETY FALLBACK FIRED for batch 6 curBatch=0 hasPassedIntersection=0
52560.0ms Vehicle 2 BATCH SAFETY FALLBACK (lost VEHICLE_LEFT?) for batch 6
52.56 [DBG][V2] RESUME_MOVEMENT called hasStopped=1 myBatch=6 curBatch=6 isLeader=0 fallback=0
52560.0ms Vehicle 2 RESUMING movement
52740.0ms Leader 6 SENDING AppendEntries to vehicle 1 (n_entries=0, leader_commit=2)
52740.0ms Leader 6 SENDING AppendEntries to vehicle 2 (n_entries=0, leader_commit=2)
52740.0ms Leader 6 SENDING AppendEntries to vehicle 8 (n_entries=0, leader_commit=2)
52740.0ms Leader 6 SENDING AppendEntries to vehicle 9 (n_entries=0, leader_commit=2)
52740.5ms Vehicle 2 RECEIVED AppendEntries from vehicle 6 (n_entries=0, leader_commit=2)
52741.8ms Vehicle 9 RECEIVED AppendEntries from vehicle 6 (n_entries=0, leader_commit=2)
52.75 [QUEUE_ADV][V9] dist=11.5m speed=0.0 leader=veh8 gap=0.0m gapOpened=0 (need gap>5.0m) myBatch=8 curBatch=0
52940.0ms Leader 6 SENDING AppendEntries to vehicle 1 (n_entries=0, leader_commit=2)
52940.0ms Leader 6 SENDING AppendEntries to vehicle 2 (n_entries=0, leader_commit=2)
52940.0ms Leader 6 SENDING AppendEntries to vehicle 8 (n_entries=0, leader_commit=2)
52940.0ms Leader 6 SENDING AppendEntries to vehicle 9 (n_entries=0, leader_commit=2)
52941.3ms Vehicle 2 RECEIVED AppendEntries from vehicle 6 (n_entries=0, leader_commit=2)
52942.2ms Vehicle 9 RECEIVED AppendEntries from vehicle 6 (n_entries=0, leader_commit=2)
53140.0ms Leader 6 SENDING AppendEntries to vehicle 1 (n_entries=0, leader_commit=2)
53140.0ms Leader 6 SENDING AppendEntries to vehicle 2 (n_entries=0, leader_commit=2)
53140.0ms Leader 6 SENDING AppendEntries to vehicle 8 (n_entries=0, leader_commit=2)
53140.0ms Leader 6 SENDING AppendEntries to vehicle 9 (n_entries=0, leader_commit=2)
53141.2ms Vehicle 2 RECEIVED AppendEntries from vehicle 6 (n_entries=0, leader_commit=2)
53142.2ms Vehicle 9 RECEIVED AppendEntries from vehicle 6 (n_entries=0, leader_commit=2)
53.2 [QUEUE_ADV][V13] dist=18.5m speed=0.0 leader=veh10 gap=0.0m gapOpened=0 (need gap>5.0m) myBatch=-1 curBatch=0
53340.0ms Leader 6 SENDING AppendEntries to vehicle 1 (n_entries=0, leader_commit=2)
53340.0ms Leader 6 SENDING AppendEntries to vehicle 2 (n_entries=0, leader_commit=2)
53340.0ms Leader 6 SENDING AppendEntries to vehicle 8 (n_entries=0, leader_commit=2)
53340.0ms Leader 6 SENDING AppendEntries to vehicle 9 (n_entries=0, leader_commit=2)
53340.5ms Vehicle 2 RECEIVED AppendEntries from vehicle 6 (n_entries=0, leader_commit=2)
53341.6ms Vehicle 9 RECEIVED AppendEntries from vehicle 6 (n_entries=0, leader_commit=2)
53.4 Vehicle 2 hasPassed=true (on exit edge C2S)
53400.0ms Vehicle 2 LEFT intersection
53400.0ms Vehicle 2 BROADCASTING vehicle-passed
53400.0ms Vehicle 2 sending vehicle-left (gossip, isLeader=0, myBatch=6, ttl=16)
53.400524110659 [DBG][V15] VEHICLE_PASSED: V2 frontVeh=-1 myBatch=-1 curBatch=0
53400.5ms Vehicle 15 RECEIVED vehicle-passed from vehicle 2
53400.5ms Vehicle 15 RAFT node for vehicle 2 marked INACTIVE (left intersection)
53.400524151101 [DBG][V6] VEHICLE_PASSED: V2 frontVeh=-1 myBatch=7 curBatch=0
53400.5ms Vehicle 6 RECEIVED vehicle-passed from vehicle 2
53400.5ms Vehicle 6 RAFT node for vehicle 2 marked INACTIVE (left intersection)
53.400524170986 [DBG][V9] VEHICLE_PASSED: V2 frontVeh=-1 myBatch=8 curBatch=0
53400.5ms Vehicle 9 RECEIVED vehicle-passed from vehicle 2
53400.5ms Vehicle 9 RAFT node for vehicle 2 marked INACTIVE (left intersection)
53.400524192426 [DBG][V13] VEHICLE_PASSED: V2 frontVeh=-1 myBatch=-1 curBatch=0
53400.5ms Vehicle 13 RECEIVED vehicle-passed from vehicle 2
53400.5ms Vehicle 13 RAFT node for vehicle 2 marked INACTIVE (left intersection)
53.400724110659 [DBG][V15] VEHICLE_LEFT_GOSSIP: V2 batch=6 ttl=16 curBatch=0 vehiclesLeftSoFar=[0 3 4 5 7 10 11 14 ]
53400.7ms Vehicle 15 RECEIVED vehicle-left (gossip) from vehicle 2
53400.7ms Vehicle 15 RAFT node for vehicle 2 marked INACTIVE (left intersection)
53.400724151101 [DBG][V6] VEHICLE_LEFT_GOSSIP: V2 batch=6 ttl=16 curBatch=0 vehiclesLeftSoFar=[0 3 4 5 7 10 11 14 ]
53400.7ms Vehicle 6 RECEIVED vehicle-left (gossip) from vehicle 2
53400.7ms Vehicle 6 RAFT node for vehicle 2 marked INACTIVE (left intersection)
53.400724151101 [DBG][V6] CHECK_BATCH_ADVANCE curBatch=0 allLeft=0 missing=[8 ] vehiclesLeft=[0 2 3 4 5 7 10 11 14 ]
53.400724170986 [DBG][V9] VEHICLE_LEFT_GOSSIP: V2 batch=6 ttl=16 curBatch=0 vehiclesLeftSoFar=[0 3 4 5 7 10 11 14 ]
53400.7ms Vehicle 9 RECEIVED vehicle-left (gossip) from vehicle 2
53400.7ms Vehicle 9 RAFT node for vehicle 2 marked INACTIVE (left intersection)
53.400724170986 [DBG][V9] CHECK_BATCH_ADVANCE curBatch=0 allLeft=0 missing=[8 ] vehiclesLeft=[0 2 3 4 5 7 10 11 14 ]
53.400724192426 [DBG][V13] VEHICLE_LEFT_GOSSIP: V2 batch=6 ttl=16 curBatch=0 vehiclesLeftSoFar=[0 3 4 5 7 10 11 14 ]
53400.7ms Vehicle 13 RECEIVED vehicle-left (gossip) from vehicle 2
53400.7ms Vehicle 13 RAFT node for vehicle 2 marked INACTIVE (left intersection)
53540.0ms Leader 6 SENDING AppendEntries to vehicle 1 (n_entries=0, leader_commit=2)
53540.0ms Leader 6 SENDING AppendEntries to vehicle 8 (n_entries=0, leader_commit=2)
53540.0ms Leader 6 SENDING AppendEntries to vehicle 9 (n_entries=0, leader_commit=2)
53541.2ms Vehicle 9 RECEIVED AppendEntries from vehicle 6 (n_entries=0, leader_commit=2)
53740.0ms Leader 6 SENDING AppendEntries to vehicle 1 (n_entries=0, leader_commit=2)
53740.0ms Leader 6 SENDING AppendEntries to vehicle 8 (n_entries=0, leader_commit=2)
53740.0ms Leader 6 SENDING AppendEntries to vehicle 9 (n_entries=0, leader_commit=2)
53741.4ms Vehicle 9 RECEIVED AppendEntries from vehicle 6 (n_entries=0, leader_commit=2)
53.8 [QUEUE_ADV][V9] dist=11.5m speed=0.0 leader=veh8 gap=0.0m gapOpened=0 (need gap>5.0m) myBatch=8 curBatch=0
53820.0ms Vehicle 13 RAFT TIMEOUT: 20820.0ms since ref (threshold=20800.0ms)
53.82 [DBG][V13] FALLBACK ACTIVATED wos=0 frontVeh=-1 failedElections=31 stopped=1 committed=0 isLeader=0
53820.0ms Vehicle 13 FALLBACK MODE activated
53.82 [DBG][V13] RESUME_MOVEMENT called hasStopped=1 myBatch=-1 curBatch=0 isLeader=0 fallback=1
53820.0ms Vehicle 13 RESUMING movement
Vehicle RAFT (UDP) starting application.
Vehicle 19 edge config: 4 approach, 4 exit edges
53900.0ms Vehicle 19 RAFT started single-node V19
53.90058261689 [DBG][V19] MERGE (invitation): theirTs=0.1 theirId=0 -> merging into 10 members
53.90058261689 [DBG][V19] MERGE_INTO_LARGER: reinitializing with 10 members [1 3 6 7 8 9 12 13 15 19 ]
53.90058261689 [DBG][V19] FORM_CLUSTER 10 members: [1 3 6 7 8 9 12 13 15 19 ] electionBase=500ms
53940.0ms Leader 6 SENDING AppendEntries to vehicle 1 (n_entries=0, leader_commit=2)
53940.0ms Leader 6 SENDING AppendEntries to vehicle 8 (n_entries=0, leader_commit=2)
53940.0ms Leader 6 SENDING AppendEntries to vehicle 9 (n_entries=0, leader_commit=2)
53940.8ms Vehicle 9 RECEIVED AppendEntries from vehicle 6 (n_entries=0, leader_commit=2)
53.95 [DBG][V19] ROAD_CHANGE -> C2W dist=188.3m speed=13.9m/s onApproach=NO
53.95 [DBG][V19] POS roadId=C2W dist=188.3m speed=13.9m/s onApproach=NO stopped=0 phase=2 leader=0 committed=0 myBatch=-1 curBatch=0
54140.0ms Leader 6 SENDING AppendEntries to vehicle 1 (n_entries=0, leader_commit=2)
54140.0ms Leader 6 SENDING AppendEntries to vehicle 8 (n_entries=0, leader_commit=2)
54140.0ms Leader 6 SENDING AppendEntries to vehicle 9 (n_entries=0, leader_commit=2)
54141.0ms Vehicle 9 RECEIVED AppendEntries from vehicle 6 (n_entries=0, leader_commit=2)
54180.0ms Vehicle 15 sendRequestVote called for node 2
54180.0ms Vehicle 15 sendRequestVote called for node 7
54180.0ms Vehicle 15 sendRequestVote called for node 9
54180.0ms Vehicle 15 sendRequestVote called for node 10
54180.0ms Vehicle 15 sendRequestVote called for node 13
54180.0ms Vehicle 15 sendRequestVote called for node 14
54340.0ms Leader 6 SENDING AppendEntries to vehicle 1 (n_entries=0, leader_commit=2)
54340.0ms Leader 6 SENDING AppendEntries to vehicle 8 (n_entries=0, leader_commit=2)
54340.0ms Leader 6 SENDING AppendEntries to vehicle 9 (n_entries=0, leader_commit=2)
54340.7ms Vehicle 9 RECEIVED AppendEntries from vehicle 6 (n_entries=0, leader_commit=2)
54540.0ms Leader 6 SENDING AppendEntries to vehicle 1 (n_entries=0, leader_commit=2)
54540.0ms Leader 6 SENDING AppendEntries to vehicle 8 (n_entries=0, leader_commit=2)
54540.0ms Leader 6 SENDING AppendEntries to vehicle 9 (n_entries=0, leader_commit=2)
54541.4ms Vehicle 9 RECEIVED AppendEntries from vehicle 6 (n_entries=0, leader_commit=2)
54740.0ms Leader 6 SENDING AppendEntries to vehicle 1 (n_entries=0, leader_commit=2)
54740.0ms Leader 6 SENDING AppendEntries to vehicle 8 (n_entries=0, leader_commit=2)
54740.0ms Leader 6 SENDING AppendEntries to vehicle 9 (n_entries=0, leader_commit=2)
54741.0ms Vehicle 9 RECEIVED AppendEntries from vehicle 6 (n_entries=0, leader_commit=2)
54.85 [QUEUE_ADV][V9] dist=11.5m speed=0.0 leader=veh8 gap=0.0m gapOpened=0 (need gap>5.0m) myBatch=8 curBatch=0
54940.0ms Leader 6 SENDING AppendEntries to vehicle 1 (n_entries=0, leader_commit=2)
54940.0ms Leader 6 SENDING AppendEntries to vehicle 8 (n_entries=0, leader_commit=2)
54940.0ms Leader 6 SENDING AppendEntries to vehicle 9 (n_entries=0, leader_commit=2)
54940.9ms Vehicle 9 RECEIVED AppendEntries from vehicle 6 (n_entries=0, leader_commit=2)
55140.0ms Leader 6 SENDING AppendEntries to vehicle 1 (n_entries=0, leader_commit=2)
55140.0ms Leader 6 SENDING AppendEntries to vehicle 8 (n_entries=0, leader_commit=2)
55140.0ms Leader 6 SENDING AppendEntries to vehicle 9 (n_entries=0, leader_commit=2)
55140.7ms Vehicle 9 RECEIVED AppendEntries from vehicle 6 (n_entries=0, leader_commit=2)
55340.0ms Leader 6 SENDING AppendEntries to vehicle 1 (n_entries=0, leader_commit=2)
55340.0ms Leader 6 SENDING AppendEntries to vehicle 8 (n_entries=0, leader_commit=2)
55340.0ms Leader 6 SENDING AppendEntries to vehicle 9 (n_entries=0, leader_commit=2)
55340.9ms Vehicle 9 RECEIVED AppendEntries from vehicle 6 (n_entries=0, leader_commit=2)
55420.0ms Vehicle 19 sendRequestVote called for node 2
55420.0ms Vehicle 19 sendRequestVote called for node 4
55420.0ms Vehicle 19 sendRequestVote called for node 7
55420.0ms Vehicle 19 sendRequestVote called for node 8
55420.0ms Vehicle 19 sendRequestVote called for node 9
55420.0ms Vehicle 19 sendRequestVote called for node 10
55420.0ms Vehicle 19 sendRequestVote called for node 13
55420.0ms Vehicle 19 sendRequestVote called for node 14
55420.0ms Vehicle 19 sendRequestVote called for node 16
55420.0ms Vehicle 19 RAFT STATE CHANGED from 1 to 2
55420.0ms Vehicle 19 I am a candidate now! Starting election...
55540.0ms Leader 6 SENDING AppendEntries to vehicle 1 (n_entries=0, leader_commit=2)
55540.0ms Leader 6 SENDING AppendEntries to vehicle 8 (n_entries=0, leader_commit=2)
55540.0ms Leader 6 SENDING AppendEntries to vehicle 9 (n_entries=0, leader_commit=2)
55541.4ms Vehicle 9 RECEIVED AppendEntries from vehicle 6 (n_entries=0, leader_commit=2)
55.55 [DBG][V9] POS roadId=E2C dist=11.5m speed=0.0m/s onApproach=YES stopped=1 phase=2 leader=0 committed=1 myBatch=8 curBatch=0
55.55 [DBG][V6] POS roadId=E2C dist=4.5m speed=0.0m/s onApproach=YES stopped=1 phase=2 leader=1 committed=1 myBatch=7 curBatch=0
55660.0ms Vehicle 15 sendRequestVote called for node 2
55660.0ms Vehicle 15 sendRequestVote called for node 7
55660.0ms Vehicle 15 sendRequestVote called for node 9
55660.0ms Vehicle 15 sendRequestVote called for node 10
55660.0ms Vehicle 15 sendRequestVote called for node 13
55660.0ms Vehicle 15 sendRequestVote called for node 14
55740.0ms Leader 6 SENDING AppendEntries to vehicle 1 (n_entries=0, leader_commit=2)
55740.0ms Leader 6 SENDING AppendEntries to vehicle 8 (n_entries=0, leader_commit=2)
55740.0ms Leader 6 SENDING AppendEntries to vehicle 9 (n_entries=0, leader_commit=2)
55740.9ms Vehicle 9 RECEIVED AppendEntries from vehicle 6 (n_entries=0, leader_commit=2)
55.9 [QUEUE_ADV][V9] dist=11.5m speed=0.0 leader=veh8 gap=0.0m gapOpened=0 (need gap>5.0m) myBatch=8 curBatch=0
55940.0ms Leader 6 SENDING AppendEntries to vehicle 1 (n_entries=0, leader_commit=2)
55940.0ms Leader 6 SENDING AppendEntries to vehicle 8 (n_entries=0, leader_commit=2)
55940.0ms Leader 6 SENDING AppendEntries to vehicle 9 (n_entries=0, leader_commit=2)
55940.7ms Vehicle 9 RECEIVED AppendEntries from vehicle 6 (n_entries=0, leader_commit=2)
56140.0ms Leader 6 SENDING AppendEntries to vehicle 1 (n_entries=0, leader_commit=2)
56140.0ms Leader 6 SENDING AppendEntries to vehicle 8 (n_entries=0, leader_commit=2)
56140.0ms Leader 6 SENDING AppendEntries to vehicle 9 (n_entries=0, leader_commit=2)
56140.7ms Vehicle 9 RECEIVED AppendEntries from vehicle 6 (n_entries=0, leader_commit=2)
56340.0ms Leader 6 SENDING AppendEntries to vehicle 1 (n_entries=0, leader_commit=2)
56340.0ms Leader 6 SENDING AppendEntries to vehicle 8 (n_entries=0, leader_commit=2)
56340.0ms Leader 6 SENDING AppendEntries to vehicle 9 (n_entries=0, leader_commit=2)
56340.8ms Vehicle 9 RECEIVED AppendEntries from vehicle 6 (n_entries=0, leader_commit=2)
56540.0ms Vehicle 19 sendRequestVote called for node 2
56540.0ms Vehicle 19 sendRequestVote called for node 4
56540.0ms Vehicle 19 sendRequestVote called for node 7
56540.0ms Vehicle 19 sendRequestVote called for node 8
56540.0ms Vehicle 19 sendRequestVote called for node 9
56540.0ms Vehicle 19 sendRequestVote called for node 10
56540.0ms Vehicle 19 sendRequestVote called for node 13
56540.0ms Vehicle 19 sendRequestVote called for node 14
56540.0ms Vehicle 19 sendRequestVote called for node 16
56540.0ms Leader 6 SENDING AppendEntries to vehicle 1 (n_entries=0, leader_commit=2)
56540.0ms Leader 6 SENDING AppendEntries to vehicle 8 (n_entries=0, leader_commit=2)
56540.0ms Leader 6 SENDING AppendEntries to vehicle 9 (n_entries=0, leader_commit=2)
56541.8ms Vehicle 9 RECEIVED AppendEntries from vehicle 6 (n_entries=0, leader_commit=2)
56740.0ms Leader 6 SENDING AppendEntries to vehicle 1 (n_entries=0, leader_commit=2)
56740.0ms Leader 6 SENDING AppendEntries to vehicle 8 (n_entries=0, leader_commit=2)
56740.0ms Leader 6 SENDING AppendEntries to vehicle 9 (n_entries=0, leader_commit=2)
56741.1ms Vehicle 9 RECEIVED AppendEntries from vehicle 6 (n_entries=0, leader_commit=2)
56940.0ms Leader 6 SENDING AppendEntries to vehicle 1 (n_entries=0, leader_commit=2)
56940.0ms Leader 6 SENDING AppendEntries to vehicle 8 (n_entries=0, leader_commit=2)
56940.0ms Leader 6 SENDING AppendEntries to vehicle 9 (n_entries=0, leader_commit=2)
56941.1ms Vehicle 9 RECEIVED AppendEntries from vehicle 6 (n_entries=0, leader_commit=2)
56.95 [QUEUE_ADV][V9] dist=11.5m speed=0.0 leader=veh8 gap=0.0m gapOpened=0 (need gap>5.0m) myBatch=8 curBatch=0
57080.0ms Vehicle 15 sendRequestVote called for node 2
57080.0ms Vehicle 15 sendRequestVote called for node 7
57080.0ms Vehicle 15 sendRequestVote called for node 9
57080.0ms Vehicle 15 sendRequestVote called for node 10
57080.0ms Vehicle 15 sendRequestVote called for node 13
57080.0ms Vehicle 15 sendRequestVote called for node 14
57140.0ms Leader 6 SENDING AppendEntries to vehicle 1 (n_entries=0, leader_commit=2)
57140.0ms Leader 6 SENDING AppendEntries to vehicle 8 (n_entries=0, leader_commit=2)
57140.0ms Leader 6 SENDING AppendEntries to vehicle 9 (n_entries=0, leader_commit=2)
57140.8ms Vehicle 9 RECEIVED AppendEntries from vehicle 6 (n_entries=0, leader_commit=2)
57340.0ms Leader 6 SENDING AppendEntries to vehicle 1 (n_entries=0, leader_commit=2)
57340.0ms Leader 6 SENDING AppendEntries to vehicle 8 (n_entries=0, leader_commit=2)
57340.0ms Leader 6 SENDING AppendEntries to vehicle 9 (n_entries=0, leader_commit=2)
57341.0ms Vehicle 9 RECEIVED AppendEntries from vehicle 6 (n_entries=0, leader_commit=2)
57.35 [DBG][V15] POS roadId=S2C dist=4.7m speed=0.0m/s onApproach=YES stopped=1 phase=2 leader=0 committed=0 myBatch=-1 curBatch=0
57540.0ms Leader 6 SENDING AppendEntries to vehicle 1 (n_entries=0, leader_commit=2)
57540.0ms Leader 6 SENDING AppendEntries to vehicle 8 (n_entries=0, leader_commit=2)
57540.0ms Leader 6 SENDING AppendEntries to vehicle 9 (n_entries=0, leader_commit=2)
57540.7ms Vehicle 9 RECEIVED AppendEntries from vehicle 6 (n_entries=0, leader_commit=2)
57740.0ms Leader 6 SENDING AppendEntries to vehicle 1 (n_entries=0, leader_commit=2)
57740.0ms Leader 6 SENDING AppendEntries to vehicle 8 (n_entries=0, leader_commit=2)
57740.0ms Leader 6 SENDING AppendEntries to vehicle 9 (n_entries=0, leader_commit=2)
57741.2ms Vehicle 9 RECEIVED AppendEntries from vehicle 6 (n_entries=0, leader_commit=2)
57940.0ms Leader 6 SENDING AppendEntries to vehicle 1 (n_entries=0, leader_commit=2)
57940.0ms Leader 6 SENDING AppendEntries to vehicle 8 (n_entries=0, leader_commit=2)
57940.0ms Leader 6 SENDING AppendEntries to vehicle 9 (n_entries=0, leader_commit=2)
57941.3ms Vehicle 9 RECEIVED AppendEntries from vehicle 6 (n_entries=0, leader_commit=2)
58 [QUEUE_ADV][V9] dist=11.5m speed=0.0 leader=veh8 gap=0.0m gapOpened=0 (need gap>5.0m) myBatch=8 curBatch=0
58000.0ms Vehicle 19 sendRequestVote called for node 2
58000.0ms Vehicle 19 sendRequestVote called for node 4
58000.0ms Vehicle 19 sendRequestVote called for node 7
58000.0ms Vehicle 19 sendRequestVote called for node 8
58000.0ms Vehicle 19 sendRequestVote called for node 9
58000.0ms Vehicle 19 sendRequestVote called for node 10
58000.0ms Vehicle 19 sendRequestVote called for node 13
58000.0ms Vehicle 19 sendRequestVote called for node 14
58000.0ms Vehicle 19 sendRequestVote called for node 16
58140.0ms Leader 6 SENDING AppendEntries to vehicle 1 (n_entries=0, leader_commit=2)
58140.0ms Leader 6 SENDING AppendEntries to vehicle 8 (n_entries=0, leader_commit=2)
58140.0ms Leader 6 SENDING AppendEntries to vehicle 9 (n_entries=0, leader_commit=2)
58141.0ms Vehicle 9 RECEIVED AppendEntries from vehicle 6 (n_entries=0, leader_commit=2)
58340.0ms Leader 6 SENDING AppendEntries to vehicle 1 (n_entries=0, leader_commit=2)
58340.0ms Leader 6 SENDING AppendEntries to vehicle 8 (n_entries=0, leader_commit=2)
58340.0ms Leader 6 SENDING AppendEntries to vehicle 9 (n_entries=0, leader_commit=2)
58340.9ms Vehicle 9 RECEIVED AppendEntries from vehicle 6 (n_entries=0, leader_commit=2)
58540.0ms Leader 6 SENDING AppendEntries to vehicle 1 (n_entries=0, leader_commit=2)
58540.0ms Leader 6 SENDING AppendEntries to vehicle 8 (n_entries=0, leader_commit=2)
58540.0ms Leader 6 SENDING AppendEntries to vehicle 9 (n_entries=0, leader_commit=2)
58540.7ms Vehicle 9 RECEIVED AppendEntries from vehicle 6 (n_entries=0, leader_commit=2)
58.56 [DBG][V6] BATCH SAFETY FALLBACK FIRED for batch 7 curBatch=0 hasPassedIntersection=0
58560.0ms Vehicle 6 BATCH SAFETY FALLBACK (lost VEHICLE_LEFT?) for batch 7
58.56 [DBG][V6] RESUME_MOVEMENT called hasStopped=1 myBatch=7 curBatch=7 isLeader=1 fallback=0
58560.0ms Vehicle 6 RESUMING movement
58740.0ms Leader 6 SENDING AppendEntries to vehicle 1 (n_entries=0, leader_commit=2)
58740.0ms Leader 6 SENDING AppendEntries to vehicle 8 (n_entries=0, leader_commit=2)
58740.0ms Leader 6 SENDING AppendEntries to vehicle 9 (n_entries=0, leader_commit=2)
58740.7ms Vehicle 9 RECEIVED AppendEntries from vehicle 6 (n_entries=0, leader_commit=2)
58.8 [QUEUE_ADV][V9] RELEASING - front moved, taking place dist=11.4m gap=6.8m
58800.0ms Vehicle 9 QUEUE ADVANCE (TraCI): gap=6.8m dist=11.4m leader=veh8
58.85 [QUEUE_ADV][V9] RELEASING - front moved, taking place dist=11.4m gap=6.8m
58850.0ms Vehicle 9 QUEUE ADVANCE (TraCI): gap=6.8m dist=11.4m leader=veh8
58940.0ms Leader 6 SENDING AppendEntries to vehicle 1 (n_entries=0, leader_commit=2)
58940.0ms Leader 6 SENDING AppendEntries to vehicle 8 (n_entries=0, leader_commit=2)
58940.0ms Leader 6 SENDING AppendEntries to vehicle 9 (n_entries=0, leader_commit=2)
58941.0ms Vehicle 9 RECEIVED AppendEntries from vehicle 6 (n_entries=0, leader_commit=2)
59 [DBG][V19] POS roadId=C2W dist=71.4m speed=22.9m/s onApproach=NO stopped=0 phase=2 leader=0 committed=0 myBatch=-1 curBatch=0
59080.0ms Vehicle 19 sendRequestVote called for node 2
59080.0ms Vehicle 19 sendRequestVote called for node 4
59080.0ms Vehicle 19 sendRequestVote called for node 7
59080.0ms Vehicle 19 sendRequestVote called for node 8
59080.0ms Vehicle 19 sendRequestVote called for node 9
59080.0ms Vehicle 19 sendRequestVote called for node 10
59080.0ms Vehicle 19 sendRequestVote called for node 13
59080.0ms Vehicle 19 sendRequestVote called for node 14
59080.0ms Vehicle 19 sendRequestVote called for node 16
59140.0ms Leader 6 SENDING AppendEntries to vehicle 1 (n_entries=0, leader_commit=2)
59140.0ms Leader 6 SENDING AppendEntries to vehicle 8 (n_entries=0, leader_commit=2)
59140.0ms Leader 6 SENDING AppendEntries to vehicle 9 (n_entries=0, leader_commit=2)
59140.9ms Vehicle 9 RECEIVED AppendEntries from vehicle 6 (n_entries=0, leader_commit=2)
** Event #6313216   t=59.15285750677   Elapsed: 36.0198s (0m 36s)  19% completed  (19% total)
     Speed:     ev/sec=172501   simsec/sec=4.92132   ev/simsec=35051.8
     Messages:  created: 5032562   present: 299   in FES: 24
59340.0ms Leader 6 SENDING AppendEntries to vehicle 1 (n_entries=0, leader_commit=2)
59340.0ms Leader 6 SENDING AppendEntries to vehicle 8 (n_entries=0, leader_commit=2)
59340.0ms Leader 6 SENDING AppendEntries to vehicle 9 (n_entries=0, leader_commit=2)
59341.4ms Vehicle 9 RECEIVED AppendEntries from vehicle 6 (n_entries=0, leader_commit=2)
59.4 Vehicle 6 hasPassed=true (on exit edge C2W)
59400.0ms Vehicle 6 LEFT intersection
59400.0ms Vehicle 6 BROADCASTING vehicle-passed
59400.0ms Vehicle 6 sending vehicle-left (gossip, isLeader=1, myBatch=7, ttl=16)
59.400133334294 [DBG][V15] VEHICLE_PASSED: V6 frontVeh=-1 myBatch=-1 curBatch=0
59400.1ms Vehicle 15 RECEIVED vehicle-passed from vehicle 6
59400.1ms Vehicle 15 RAFT node for vehicle 6 marked INACTIVE (left intersection)
59.400133366427 [DBG][V9] VEHICLE_PASSED: V6 frontVeh=-1 myBatch=8 curBatch=0
59400.1ms Vehicle 9 RECEIVED vehicle-passed from vehicle 6
59400.1ms Vehicle 9 RAFT node for vehicle 6 marked INACTIVE (left intersection)
59.40013370687 [DBG][V19] VEHICLE_PASSED: V6 frontVeh=18 myBatch=-1 curBatch=0
59400.1ms Vehicle 19 RECEIVED vehicle-passed from vehicle 6
59400.1ms Vehicle 19 RAFT node for vehicle 6 marked INACTIVE (left intersection)
59.400613334294 [DBG][V15] VEHICLE_LEFT_GOSSIP: V6 batch=7 ttl=16 curBatch=0 vehiclesLeftSoFar=[0 2 3 4 5 7 10 11 14 ]
59400.6ms Vehicle 15 RECEIVED vehicle-left (gossip) from vehicle 6
59400.6ms Vehicle 15 RAFT node for vehicle 6 marked INACTIVE (left intersection)
59.400613366427 [DBG][V9] VEHICLE_LEFT_GOSSIP: V6 batch=7 ttl=16 curBatch=0 vehiclesLeftSoFar=[0 2 3 4 5 7 10 11 14 ]
59400.6ms Vehicle 9 RECEIVED vehicle-left (gossip) from vehicle 6
59400.6ms Vehicle 9 RAFT node for vehicle 6 marked INACTIVE (left intersection)
59.400613366427 [DBG][V9] CHECK_BATCH_ADVANCE curBatch=0 allLeft=0 missing=[8 ] vehiclesLeft=[0 2 3 4 5 6 7 10 11 14 ]
59.40061370687 [DBG][V19] VEHICLE_LEFT_GOSSIP: V6 batch=7 ttl=16 curBatch=0 vehiclesLeftSoFar=[]
59400.6ms Vehicle 19 RECEIVED vehicle-left (gossip) from vehicle 6
59400.6ms Vehicle 19 RAFT node for vehicle 6 marked INACTIVE (left intersection)
59640.0ms Vehicle 15 sendRequestVote called for node 2
59640.0ms Vehicle 15 sendRequestVote called for node 9
59640.0ms Vehicle 15 sendRequestVote called for node 10
59640.0ms Vehicle 15 sendRequestVote called for node 13
59640.0ms Vehicle 15 sendRequestVote called for node 14
60120.0ms Vehicle 15 RAFT TIMEOUT: 20820.0ms since ref (threshold=20800.0ms)
60.12 [DBG][V15] FALLBACK ACTIVATED wos=0 frontVeh=-1 failedElections=27 stopped=1 committed=0 isLeader=0
60120.0ms Vehicle 15 FALLBACK MODE activated
60.12 [DBG][V15] RESUME_MOVEMENT called hasStopped=1 myBatch=-1 curBatch=0 isLeader=0 fallback=1
60120.0ms Vehicle 15 RESUMING movement
60540.0ms Vehicle 19 sendRequestVote called for node 2
60540.0ms Vehicle 19 sendRequestVote called for node 4
60540.0ms Vehicle 19 sendRequestVote called for node 8
60540.0ms Vehicle 19 sendRequestVote called for node 9
60540.0ms Vehicle 19 sendRequestVote called for node 10
60540.0ms Vehicle 19 sendRequestVote called for node 13
60540.0ms Vehicle 19 sendRequestVote called for node 14
60540.0ms Vehicle 19 sendRequestVote called for node 16
60.6 [DBG][V9] POS roadId=E2C dist=6.9m speed=4.2m/s onApproach=YES stopped=1 phase=2 leader=0 committed=1 myBatch=8 curBatch=0
61 Vehicle 15 hasPassed=true (on exit edge C2N)
61000.0ms Vehicle 15 LEFT intersection
61000.0ms Vehicle 15 BROADCASTING vehicle-passed
61000.0ms Vehicle 15 sending vehicle-left (gossip, isLeader=0, myBatch=-1, ttl=16)
61000.0ms Vehicle 9 sendRequestVote called for node 2
61000.0ms Vehicle 9 sendRequestVote called for node 9
61000.0ms Vehicle 9 RAFT STATE CHANGED from 1 to 2
61000.0ms Vehicle 9 I am a candidate now! Starting election...
61.00011858766 [DBG][V19] VEHICLE_PASSED: V15 frontVeh=18 myBatch=-1 curBatch=0
61000.1ms Vehicle 19 RECEIVED vehicle-passed from vehicle 15
61000.1ms Vehicle 19 RAFT node for vehicle 15 marked INACTIVE (left intersection)
61.000398085148 [DBG][V9] VEHICLE_LEFT_GOSSIP: V15 batch=-1 ttl=16 curBatch=0 vehiclesLeftSoFar=[0 2 3 4 5 6 7 10 11 14 ]
61000.4ms Vehicle 9 RECEIVED vehicle-left (gossip) from vehicle 15
61.000398085148 [DBG][V9] CHECK_BATCH_ADVANCE curBatch=0 allLeft=0 missing=[8 ] vehiclesLeft=[0 2 3 4 5 6 7 10 11 14 15 ]
61.000398630234 [DBG][V19] VEHICLE_LEFT_GOSSIP: V15 batch=-1 ttl=16 curBatch=0 vehiclesLeftSoFar=[6 ]
61000.4ms Vehicle 19 RECEIVED vehicle-left (gossip) from vehicle 15
61000.4ms Vehicle 19 RAFT node for vehicle 15 marked INACTIVE (left intersection)
61560.0ms Vehicle 19 sendRequestVote called for node 2
61560.0ms Vehicle 19 sendRequestVote called for node 4
61560.0ms Vehicle 19 sendRequestVote called for node 8
61560.0ms Vehicle 19 sendRequestVote called for node 9
61560.0ms Vehicle 19 sendRequestVote called for node 10
61560.0ms Vehicle 19 sendRequestVote called for node 13
61560.0ms Vehicle 19 sendRequestVote called for node 14
62100.0ms Vehicle 9 sendRequestVote called for node 2
62100.0ms Vehicle 9 sendRequestVote called for node 9
63640.0ms Vehicle 9 sendRequestVote called for node 2
63640.0ms Vehicle 9 sendRequestVote called for node 9
64.56 [DBG][V9] BATCH SAFETY FALLBACK FIRED for batch 8 curBatch=0 hasPassedIntersection=0
64560.0ms Vehicle 9 BATCH SAFETY FALLBACK (lost VEHICLE_LEFT?) for batch 8
64.56 [DBG][V9] RESUME_MOVEMENT called hasStopped=1 myBatch=8 curBatch=8 isLeader=0 fallback=0
64560.0ms Vehicle 9 RESUMING movement
65220.0ms Vehicle 9 sendRequestVote called for node 2
65220.0ms Vehicle 9 sendRequestVote called for node 9
65.4 Vehicle 9 hasPassed=true (on exit edge C2W)
65400.0ms Vehicle 9 LEFT intersection
65400.0ms Vehicle 9 BROADCASTING vehicle-passed
65400.0ms Vehicle 9 sending vehicle-left (gossip, isLeader=0, myBatch=8, ttl=16)
Closed results file.
** Event #6368201   t=300   Elapsed: 36.3305s (0m 36s)  100% completed  (100% total)
     Speed:     ev/sec=176996   simsec/sec=47.1498   ev/simsec=3753.91
     Messages:  created: 5067620   present: 3   in FES: 0

<!> Simulation time limit reached -- at t=300s, event #6368201

Calling finish() at end of Run #0...
[INFO]	Radio signal arrival computation count = 785636
[INFO]	Transmission count = 64428
[INFO]	Signal send count = 785589
[INFO]	Reception computation count = 785589
[INFO]	Interference computation count = 2395406
[INFO]	Reception decision computation count = 755343
[INFO]	Listening decision computation count = 856941
[INFO]	Reception cache hit = 85.5668 %
[INFO]	Interference cache hit = 66.6667 %
[INFO]	Noise cache hit = 0 %
[INFO]	SNIR cache hit = 50 %
[INFO]	Reception decision cache hit = 50 %
[INFO]	Reception result cache hit = 0 %

End.
