OMNeT++ Discrete Event Simulation  (C) 1992-2019 Andras Varga, OpenSim Ltd.
Version: 5.6.2, build: 200518-aa79d0918f, edition: Academic Public License -- NOT FOR COMMERCIAL USE
See the license for distribution terms and warranty disclaimer

Setting up Cmdenv...

Loading NED files from ..:  9
Loading NED files from ../../src:  11
Loading NED files from ../../../inet/src:  831
Loading NED files from ../../../inet/examples:  174
Loading NED files from ../../../inet/tutorials:  10
Loading NED files from ../../../inet/showcases:  46
Loading NED files from ../../../../veins/examples/veins:  1
Loading NED files from ../../../../veins/src/veins:  44

Preparing for running configuration General, run #0...
Assigned runID=General-0-20260225-00:03:37-457996
Setting up network "IntersectionScenarioInet"...
Initializing...

Running simulation...
** Event #0   t=0   Elapsed: 8e-06s (0m 00s)  0% completed  (0% total)
     Speed:     ev/sec=0   simsec/sec=0   ev/simsec=0
     Messages:  created: 3   present: 3   in FES: 3
Vehicle RAFT (UDP) starting application.
Vehicle 0 edge config: 4 approach, 4 exit edges
Opened results file: /home/mathesh/omnetpp-workspace/benchmark/results/raft_8veh_fixed/run_2/raft_results.json
Vehicle RAFT (UDP) starting application.
Vehicle 1 edge config: 4 approach, 4 exit edges
Vehicle RAFT (UDP) starting application.
Vehicle 2 edge config: 4 approach, 4 exit edges
Vehicle RAFT (UDP) starting application.
Vehicle 3 edge config: 4 approach, 4 exit edges
Vehicle RAFT (UDP) starting application.
Vehicle 4 edge config: 4 approach, 4 exit edges
Vehicle RAFT (UDP) starting application.
Vehicle 5 edge config: 4 approach, 4 exit edges
Vehicle RAFT (UDP) starting application.
Vehicle 6 edge config: 4 approach, 4 exit edges
Vehicle RAFT (UDP) starting application.
Vehicle 7 edge config: 4 approach, 4 exit edges
2300.0ms Vehicle 2 STOPPED (front) at dist=24.9m
Vehicle RAFT (UDP) starting application.
Vehicle 8 edge config: 4 approach, 4 exit edges
3500.0ms Vehicle 1 STOPPED (front) at dist=24.9m
Vehicle RAFT (UDP) starting application.
Vehicle 9 edge config: 4 approach, 4 exit edges
5600.0ms Vehicle 3 STOPPED (front) at dist=24.5m
5963.2ms Vehicle 3 CLUSTER FORMATION (all 8 vehicles discovered)
5963.2ms Vehicle 3 FORMING CLUSTER with 8 members: [
0 1 2 3 4 5 6 7 ]
5963.5ms Vehicle 7 FORMING CLUSTER with 8 members: [
0 1 2 3 4 5 6 7 ]
5963.5ms Vehicle 8 FORMING CLUSTER with 9 members: [
0 1 2 3 4 5 6 7 8 ]
5963.5ms Vehicle 1 FORMING CLUSTER with 8 members: [
0 1 2 3 4 5 6 7 ]
5963.5ms Vehicle 9 FORMING CLUSTER with 9 members: [
0 1 2 3 4 5 6 7 9 ]
5963.5ms Vehicle 2 FORMING CLUSTER with 8 members: [
0 1 2 3 4 5 6 7 ]
5963.6ms Vehicle 0 FORMING CLUSTER with 8 members: [
0 1 2 3 4 5 6 7 ]
5964.1ms Vehicle 4 FORMING CLUSTER with 8 members: [
0 1 2 3 4 5 6 7 ]
6003.2ms Vehicle 3 processRaftPeriodic executes! delta=0.02, msecElapsed=20
6003.5ms Vehicle 7 processRaftPeriodic executes! delta=0.02, msecElapsed=20
6003.5ms Vehicle 8 processRaftPeriodic executes! delta=0.02, msecElapsed=20
6003.5ms Vehicle 1 processRaftPeriodic executes! delta=0.02, msecElapsed=20
6003.5ms Vehicle 9 processRaftPeriodic executes! delta=0.02, msecElapsed=20
6003.5ms Vehicle 2 processRaftPeriodic executes! delta=0.02, msecElapsed=20
6003.6ms Vehicle 0 processRaftPeriodic executes! delta=0.02, msecElapsed=20
6004.1ms Vehicle 4 processRaftPeriodic executes! delta=0.02, msecElapsed=20
6023.2ms Vehicle 3 processRaftPeriodic executes! delta=0.02, msecElapsed=20
6023.5ms Vehicle 7 processRaftPeriodic executes! delta=0.02, msecElapsed=20
6883.5ms Vehicle 8 sendRequestVote called for node 1
6883.5ms Vehicle 8 sendRequestVote called for node 2
6883.5ms Vehicle 8 sendRequestVote called for node 3
6883.5ms Vehicle 8 sendRequestVote called for node 4
6883.5ms Vehicle 8 sendRequestVote called for node 5
6883.5ms Vehicle 8 sendRequestVote called for node 6
6883.5ms Vehicle 8 sendRequestVote called for node 7
6883.5ms Vehicle 8 sendRequestVote called for node 8
6883.5ms Vehicle 8 RAFT STATE CHANGED from 1 to 2
6883.5ms Vehicle 8 I am a candidate now! Starting election...
6944.1ms Vehicle 4 sendRequestVote called for node 1
6944.1ms Vehicle 4 sendRequestVote called for node 2
6944.1ms Vehicle 4 sendRequestVote called for node 3
6944.1ms Vehicle 4 sendRequestVote called for node 4
6944.1ms Vehicle 4 sendRequestVote called for node 6
6944.1ms Vehicle 4 sendRequestVote called for node 7
6944.1ms Vehicle 4 sendRequestVote called for node 8
6944.1ms Vehicle 4 RAFT STATE CHANGED from 1 to 2
6944.1ms Vehicle 4 I am a candidate now! Starting election...
7023.5ms Vehicle 9 sendRequestVote called for node 1
7023.5ms Vehicle 9 sendRequestVote called for node 2
7023.5ms Vehicle 9 sendRequestVote called for node 3
7023.5ms Vehicle 9 sendRequestVote called for node 4
7023.5ms Vehicle 9 sendRequestVote called for node 5
7023.5ms Vehicle 9 sendRequestVote called for node 6
7023.5ms Vehicle 9 sendRequestVote called for node 7
7023.5ms Vehicle 9 sendRequestVote called for node 8
7023.5ms Vehicle 9 RAFT STATE CHANGED from 1 to 2
7023.5ms Vehicle 9 I am a candidate now! Starting election...
7083.5ms Vehicle 2 sendRequestVote called for node 1
7083.5ms Vehicle 2 sendRequestVote called for node 2
7083.5ms Vehicle 2 sendRequestVote called for node 4
7083.5ms Vehicle 2 sendRequestVote called for node 5
7083.5ms Vehicle 2 sendRequestVote called for node 6
7083.5ms Vehicle 2 sendRequestVote called for node 7
7083.5ms Vehicle 2 sendRequestVote called for node 8
7083.5ms Vehicle 2 RAFT STATE CHANGED from 1 to 2
7083.5ms Vehicle 2 I am a candidate now! Starting election...
7684.1ms Vehicle 4 sendRequestVote called for node 1
7684.1ms Vehicle 4 sendRequestVote called for node 2
7684.1ms Vehicle 4 sendRequestVote called for node 3
7684.1ms Vehicle 4 sendRequestVote called for node 4
7684.1ms Vehicle 4 sendRequestVote called for node 6
7684.1ms Vehicle 4 sendRequestVote called for node 7
7684.1ms Vehicle 4 sendRequestVote called for node 8
7783.5ms Vehicle 8 sendRequestVote called for node 1
7783.5ms Vehicle 8 sendRequestVote called for node 2
7783.5ms Vehicle 8 sendRequestVote called for node 3
7783.5ms Vehicle 8 sendRequestVote called for node 4
7783.5ms Vehicle 8 sendRequestVote called for node 5
7783.5ms Vehicle 8 sendRequestVote called for node 6
7783.5ms Vehicle 8 sendRequestVote called for node 7
7783.5ms Vehicle 8 sendRequestVote called for node 8
7800.0ms Vehicle 7 QUEUED at dist=33.0m speed=1.4m/s
7883.5ms Vehicle 9 sendRequestVote called for node 1
7883.5ms Vehicle 9 sendRequestVote called for node 2
7883.5ms Vehicle 9 sendRequestVote called for node 3
7883.5ms Vehicle 9 sendRequestVote called for node 4
7883.5ms Vehicle 9 sendRequestVote called for node 5
7883.5ms Vehicle 9 sendRequestVote called for node 6
7883.5ms Vehicle 9 sendRequestVote called for node 7
7883.5ms Vehicle 9 sendRequestVote called for node 8
7923.5ms Vehicle 1 sendRequestVote called for node 1
7923.5ms Vehicle 1 sendRequestVote called for node 3
7923.5ms Vehicle 1 sendRequestVote called for node 4
7923.5ms Vehicle 1 sendRequestVote called for node 5
7923.5ms Vehicle 1 sendRequestVote called for node 6
7923.5ms Vehicle 1 sendRequestVote called for node 7
7923.5ms Vehicle 1 sendRequestVote called for node 8
7923.5ms Vehicle 1 RAFT STATE CHANGED from 1 to 2
7923.5ms Vehicle 1 I am a candidate now! Starting election...
8304.1ms Vehicle 4 sendRequestVote called for node 1
8304.1ms Vehicle 4 sendRequestVote called for node 2
8304.1ms Vehicle 4 sendRequestVote called for node 3
8304.1ms Vehicle 4 sendRequestVote called for node 4
8304.1ms Vehicle 4 sendRequestVote called for node 6
8304.1ms Vehicle 4 sendRequestVote called for node 7
8304.1ms Vehicle 4 sendRequestVote called for node 8
8423.5ms Vehicle 9 sendRequestVote called for node 1
8423.5ms Vehicle 9 sendRequestVote called for node 2
8423.5ms Vehicle 9 sendRequestVote called for node 3
8423.5ms Vehicle 9 sendRequestVote called for node 4
8423.5ms Vehicle 9 sendRequestVote called for node 5
8423.5ms Vehicle 9 sendRequestVote called for node 6
8423.5ms Vehicle 9 sendRequestVote called for node 7
8423.5ms Vehicle 9 sendRequestVote called for node 8
8703.5ms Vehicle 8 sendRequestVote called for node 1
8703.5ms Vehicle 8 sendRequestVote called for node 2
8703.5ms Vehicle 8 sendRequestVote called for node 3
8703.5ms Vehicle 8 sendRequestVote called for node 4
8703.5ms Vehicle 8 sendRequestVote called for node 5
8703.5ms Vehicle 8 sendRequestVote called for node 6
8703.5ms Vehicle 8 sendRequestVote called for node 7
8703.5ms Vehicle 8 sendRequestVote called for node 8
8803.5ms Vehicle 1 sendRequestVote called for node 1
8803.5ms Vehicle 1 sendRequestVote called for node 3
8803.5ms Vehicle 1 sendRequestVote called for node 4
8803.5ms Vehicle 1 sendRequestVote called for node 5
8803.5ms Vehicle 1 sendRequestVote called for node 6
8803.5ms Vehicle 1 sendRequestVote called for node 7
8803.5ms Vehicle 1 sendRequestVote called for node 8
9103.5ms Vehicle 9 sendRequestVote called for node 1
9103.5ms Vehicle 9 sendRequestVote called for node 2
9103.5ms Vehicle 9 sendRequestVote called for node 3
9103.5ms Vehicle 9 sendRequestVote called for node 4
9103.5ms Vehicle 9 sendRequestVote called for node 5
9103.5ms Vehicle 9 sendRequestVote called for node 6
9103.5ms Vehicle 9 sendRequestVote called for node 7
9103.5ms Vehicle 9 sendRequestVote called for node 8
9103.5ms Vehicle 2 sendRequestVote called for node 1
9103.5ms Vehicle 2 sendRequestVote called for node 2
9103.5ms Vehicle 2 sendRequestVote called for node 4
9103.5ms Vehicle 2 sendRequestVote called for node 5
9103.5ms Vehicle 2 sendRequestVote called for node 6
9103.5ms Vehicle 2 sendRequestVote called for node 7
9103.5ms Vehicle 2 sendRequestVote called for node 8
9103.5ms Vehicle 2 RAFT STATE CHANGED from 1 to 2
9103.5ms Vehicle 2 I am a candidate now! Starting election...
9223.6ms Vehicle 0 sendRequestVote called for node 2
9223.6ms Vehicle 0 sendRequestVote called for node 3
9223.6ms Vehicle 0 sendRequestVote called for node 4
9223.6ms Vehicle 0 sendRequestVote called for node 5
9223.6ms Vehicle 0 sendRequestVote called for node 6
9223.6ms Vehicle 0 sendRequestVote called for node 7
9223.6ms Vehicle 0 sendRequestVote called for node 8
9223.6ms Vehicle 0 RAFT STATE CHANGED from 1 to 2
9223.6ms Vehicle 0 I am a candidate now! Starting election...
9224.1ms Vehicle 4 sendRequestVote called for node 1
9224.1ms Vehicle 4 sendRequestVote called for node 2
9224.1ms Vehicle 4 sendRequestVote called for node 3
9224.1ms Vehicle 4 sendRequestVote called for node 4
9224.1ms Vehicle 4 sendRequestVote called for node 6
9224.1ms Vehicle 4 sendRequestVote called for node 7
9224.1ms Vehicle 4 sendRequestVote called for node 8
9900.0ms Vehicle 0 STOPPED (front) at dist=23.9m
10003.6ms Vehicle 0 sendRequestVote called for node 2
10003.6ms Vehicle 0 sendRequestVote called for node 3
10003.6ms Vehicle 0 sendRequestVote called for node 4
10003.6ms Vehicle 0 sendRequestVote called for node 5
10003.6ms Vehicle 0 sendRequestVote called for node 6
10003.6ms Vehicle 0 sendRequestVote called for node 7
10003.6ms Vehicle 0 sendRequestVote called for node 8
10103.5ms Vehicle 9 sendRequestVote called for node 1
10103.5ms Vehicle 9 sendRequestVote called for node 2
10103.5ms Vehicle 9 sendRequestVote called for node 3
10103.5ms Vehicle 9 sendRequestVote called for node 4
10103.5ms Vehicle 9 sendRequestVote called for node 5
10103.5ms Vehicle 9 sendRequestVote called for node 6
10103.5ms Vehicle 9 sendRequestVote called for node 7
10103.5ms Vehicle 9 sendRequestVote called for node 8
10183.5ms Vehicle 7 sendRequestVote called for node 1
10183.5ms Vehicle 7 sendRequestVote called for node 2
10183.5ms Vehicle 7 sendRequestVote called for node 3
10183.5ms Vehicle 7 sendRequestVote called for node 4
10183.5ms Vehicle 7 sendRequestVote called for node 5
10183.5ms Vehicle 7 sendRequestVote called for node 6
10183.5ms Vehicle 7 sendRequestVote called for node 7
10183.5ms Vehicle 7 RAFT STATE CHANGED from 1 to 2
10183.5ms Vehicle 7 I am a candidate now! Starting election...
10643.6ms Vehicle 0 sendRequestVote called for node 2
10643.6ms Vehicle 0 sendRequestVote called for node 3
10643.6ms Vehicle 0 sendRequestVote called for node 4
10643.6ms Vehicle 0 sendRequestVote called for node 5
10643.6ms Vehicle 0 sendRequestVote called for node 6
10643.6ms Vehicle 0 sendRequestVote called for node 7
10643.6ms Vehicle 0 sendRequestVote called for node 8
10645.7ms Leader 0 SENDING AppendEntries to vehicle 1 (n_entries=0, leader_commit=0)
10645.7ms Leader 0 SENDING AppendEntries to vehicle 2 (n_entries=0, leader_commit=0)
10645.7ms Leader 0 SENDING AppendEntries to vehicle 3 (n_entries=0, leader_commit=0)
10645.7ms Leader 0 SENDING AppendEntries to vehicle 4 (n_entries=0, leader_commit=0)
10645.7ms Leader 0 SENDING AppendEntries to vehicle 5 (n_entries=0, leader_commit=0)
10645.7ms Leader 0 SENDING AppendEntries to vehicle 6 (n_entries=0, leader_commit=0)
10645.7ms Leader 0 SENDING AppendEntries to vehicle 7 (n_entries=0, leader_commit=0)
10645.9ms Vehicle 1 RECEIVED AppendEntries from vehicle 0 (n_entries=0, leader_commit=0)
10646.4ms Vehicle 2 RECEIVED AppendEntries from vehicle 0 (n_entries=0, leader_commit=0)
10646.6ms Vehicle 3 RECEIVED AppendEntries from vehicle 0 (n_entries=0, leader_commit=0)
10647.2ms Vehicle 4 RECEIVED AppendEntries from vehicle 0 (n_entries=0, leader_commit=0)
10648.3ms Vehicle 7 RECEIVED AppendEntries from vehicle 0 (n_entries=0, leader_commit=0)
10663.6ms Vehicle 0 BECAME LEADER (term=6)
10663.6ms Leader 0 sending STATUS_REQUEST (timeout=1700ms)
10723.5ms Vehicle 9 sendRequestVote called for node 1
10723.5ms Vehicle 9 sendRequestVote called for node 2
10723.5ms Vehicle 9 sendRequestVote called for node 3
10723.5ms Vehicle 9 sendRequestVote called for node 4
10723.5ms Vehicle 9 sendRequestVote called for node 5
10723.5ms Vehicle 9 sendRequestVote called for node 6
10723.5ms Vehicle 9 sendRequestVote called for node 7
10723.5ms Vehicle 9 sendRequestVote called for node 8
10783.6ms Leader 0 SENDING AppendEntries to vehicle 1 (n_entries=0, leader_commit=0)
10783.6ms Leader 0 SENDING AppendEntries to vehicle 2 (n_entries=0, leader_commit=0)
10783.6ms Leader 0 SENDING AppendEntries to vehicle 3 (n_entries=0, leader_commit=0)
10783.6ms Leader 0 SENDING AppendEntries to vehicle 4 (n_entries=0, leader_commit=0)
10783.6ms Leader 0 SENDING AppendEntries to vehicle 5 (n_entries=0, leader_commit=0)
10783.6ms Leader 0 SENDING AppendEntries to vehicle 6 (n_entries=0, leader_commit=0)
10783.6ms Leader 0 SENDING AppendEntries to vehicle 7 (n_entries=0, leader_commit=0)
10783.7ms Vehicle 1 RECEIVED AppendEntries from vehicle 0 (n_entries=0, leader_commit=0)
10784.2ms Vehicle 2 RECEIVED AppendEntries from vehicle 0 (n_entries=0, leader_commit=0)
10784.3ms Vehicle 3 RECEIVED AppendEntries from vehicle 0 (n_entries=0, leader_commit=0)
10784.9ms Vehicle 4 RECEIVED AppendEntries from vehicle 0 (n_entries=0, leader_commit=0)
10785.7ms Vehicle 7 RECEIVED AppendEntries from vehicle 0 (n_entries=0, leader_commit=0)
10923.6ms Leader 0 SENDING AppendEntries to vehicle 1 (n_entries=0, leader_commit=0)
10923.6ms Leader 0 SENDING AppendEntries to vehicle 2 (n_entries=0, leader_commit=0)
10923.6ms Leader 0 SENDING AppendEntries to vehicle 3 (n_entries=0, leader_commit=0)
10923.6ms Leader 0 SENDING AppendEntries to vehicle 4 (n_entries=0, leader_commit=0)
10923.6ms Leader 0 SENDING AppendEntries to vehicle 5 (n_entries=0, leader_commit=0)
10923.6ms Leader 0 SENDING AppendEntries to vehicle 6 (n_entries=0, leader_commit=0)
10923.6ms Leader 0 SENDING AppendEntries to vehicle 7 (n_entries=0, leader_commit=0)
10923.7ms Vehicle 1 RECEIVED AppendEntries from vehicle 0 (n_entries=0, leader_commit=0)
10924.1ms Vehicle 2 RECEIVED AppendEntries from vehicle 0 (n_entries=0, leader_commit=0)
10924.3ms Vehicle 3 RECEIVED AppendEntries from vehicle 0 (n_entries=0, leader_commit=0)
10924.4ms Vehicle 4 RECEIVED AppendEntries from vehicle 0 (n_entries=0, leader_commit=0)
Vehicle RAFT (UDP) starting application.
Vehicle 10 edge config: 4 approach, 4 exit edges
11040.8ms Vehicle 10 FORMING CLUSTER with 9 members: [
0 1 2 3 4 5 6 7 10 ]
11063.6ms Leader 0 SENDING AppendEntries to vehicle 1 (n_entries=0, leader_commit=0)
11063.6ms Leader 0 SENDING AppendEntries to vehicle 2 (n_entries=0, leader_commit=0)
11063.6ms Leader 0 SENDING AppendEntries to vehicle 3 (n_entries=0, leader_commit=0)
11063.6ms Leader 0 SENDING AppendEntries to vehicle 4 (n_entries=0, leader_commit=0)
11063.6ms Leader 0 SENDING AppendEntries to vehicle 5 (n_entries=0, leader_commit=0)
11063.6ms Leader 0 SENDING AppendEntries to vehicle 6 (n_entries=0, leader_commit=0)
11063.6ms Leader 0 SENDING AppendEntries to vehicle 7 (n_entries=0, leader_commit=0)
11063.7ms Vehicle 1 RECEIVED AppendEntries from vehicle 0 (n_entries=0, leader_commit=0)
11064.2ms Vehicle 2 RECEIVED AppendEntries from vehicle 0 (n_entries=0, leader_commit=0)
11064.6ms Vehicle 3 RECEIVED AppendEntries from vehicle 0 (n_entries=0, leader_commit=0)
11065.5ms Vehicle 7 RECEIVED AppendEntries from vehicle 0 (n_entries=0, leader_commit=0)
11203.6ms Leader 0 SENDING AppendEntries to vehicle 1 (n_entries=0, leader_commit=0)
11203.6ms Leader 0 SENDING AppendEntries to vehicle 2 (n_entries=0, leader_commit=0)
11203.6ms Leader 0 SENDING AppendEntries to vehicle 3 (n_entries=0, leader_commit=0)
11203.6ms Leader 0 SENDING AppendEntries to vehicle 4 (n_entries=0, leader_commit=0)
11203.6ms Leader 0 SENDING AppendEntries to vehicle 5 (n_entries=0, leader_commit=0)
11203.6ms Leader 0 SENDING AppendEntries to vehicle 6 (n_entries=0, leader_commit=0)
11203.6ms Leader 0 SENDING AppendEntries to vehicle 7 (n_entries=0, leader_commit=0)
11203.7ms Vehicle 1 RECEIVED AppendEntries from vehicle 0 (n_entries=0, leader_commit=0)
11204.0ms Vehicle 2 RECEIVED AppendEntries from vehicle 0 (n_entries=0, leader_commit=0)
11205.8ms Vehicle 7 RECEIVED AppendEntries from vehicle 0 (n_entries=0, leader_commit=0)
11343.6ms Leader 0 SENDING AppendEntries to vehicle 1 (n_entries=0, leader_commit=0)
11343.6ms Leader 0 SENDING AppendEntries to vehicle 2 (n_entries=0, leader_commit=0)
11343.6ms Leader 0 SENDING AppendEntries to vehicle 3 (n_entries=0, leader_commit=0)
11343.6ms Leader 0 SENDING AppendEntries to vehicle 4 (n_entries=0, leader_commit=0)
11343.6ms Leader 0 SENDING AppendEntries to vehicle 5 (n_entries=0, leader_commit=0)
11343.6ms Leader 0 SENDING AppendEntries to vehicle 6 (n_entries=0, leader_commit=0)
11343.6ms Leader 0 SENDING AppendEntries to vehicle 7 (n_entries=0, leader_commit=0)
11343.7ms Vehicle 1 RECEIVED AppendEntries from vehicle 0 (n_entries=0, leader_commit=0)
11343.9ms Vehicle 2 RECEIVED AppendEntries from vehicle 0 (n_entries=0, leader_commit=0)
11344.3ms Vehicle 3 RECEIVED AppendEntries from vehicle 0 (n_entries=0, leader_commit=0)
11344.9ms Vehicle 7 RECEIVED AppendEntries from vehicle 0 (n_entries=0, leader_commit=0)
11483.6ms Leader 0 SENDING AppendEntries to vehicle 1 (n_entries=0, leader_commit=0)
11483.6ms Leader 0 SENDING AppendEntries to vehicle 2 (n_entries=0, leader_commit=0)
11483.6ms Leader 0 SENDING AppendEntries to vehicle 3 (n_entries=0, leader_commit=0)
11483.6ms Leader 0 SENDING AppendEntries to vehicle 4 (n_entries=0, leader_commit=0)
11483.6ms Leader 0 SENDING AppendEntries to vehicle 5 (n_entries=0, leader_commit=0)
11483.6ms Leader 0 SENDING AppendEntries to vehicle 6 (n_entries=0, leader_commit=0)
11483.6ms Leader 0 SENDING AppendEntries to vehicle 7 (n_entries=0, leader_commit=0)
11483.7ms Vehicle 1 RECEIVED AppendEntries from vehicle 0 (n_entries=0, leader_commit=0)
11483.9ms Vehicle 2 RECEIVED AppendEntries from vehicle 0 (n_entries=0, leader_commit=0)
11484.0ms Vehicle 3 RECEIVED AppendEntries from vehicle 0 (n_entries=0, leader_commit=0)
11485.2ms Vehicle 7 RECEIVED AppendEntries from vehicle 0 (n_entries=0, leader_commit=0)
11623.6ms Leader 0 SENDING AppendEntries to vehicle 1 (n_entries=0, leader_commit=0)
11623.6ms Leader 0 SENDING AppendEntries to vehicle 2 (n_entries=0, leader_commit=0)
11623.6ms Leader 0 SENDING AppendEntries to vehicle 3 (n_entries=0, leader_commit=0)
11623.6ms Leader 0 SENDING AppendEntries to vehicle 4 (n_entries=0, leader_commit=0)
11623.6ms Leader 0 SENDING AppendEntries to vehicle 5 (n_entries=0, leader_commit=0)
11623.6ms Leader 0 SENDING AppendEntries to vehicle 6 (n_entries=0, leader_commit=0)
11623.6ms Leader 0 SENDING AppendEntries to vehicle 7 (n_entries=0, leader_commit=0)
11623.7ms Vehicle 1 RECEIVED AppendEntries from vehicle 0 (n_entries=0, leader_commit=0)
11624.3ms Vehicle 3 RECEIVED AppendEntries from vehicle 0 (n_entries=0, leader_commit=0)
11625.2ms Vehicle 7 RECEIVED AppendEntries from vehicle 0 (n_entries=0, leader_commit=0)
11640.8ms Vehicle 10 sendRequestVote called for node 1
11640.8ms Vehicle 10 sendRequestVote called for node 2
11640.8ms Vehicle 10 sendRequestVote called for node 3
11640.8ms Vehicle 10 sendRequestVote called for node 4
11640.8ms Vehicle 10 sendRequestVote called for node 5
11640.8ms Vehicle 10 sendRequestVote called for node 6
11640.8ms Vehicle 10 sendRequestVote called for node 7
11640.8ms Vehicle 10 sendRequestVote called for node 8
11640.8ms Vehicle 10 RAFT STATE CHANGED from 1 to 2
11640.8ms Vehicle 10 I am a candidate now! Starting election...
11723.5ms Vehicle 9 sendRequestVote called for node 1
11723.5ms Vehicle 9 sendRequestVote called for node 2
11723.5ms Vehicle 9 sendRequestVote called for node 3
11723.5ms Vehicle 9 sendRequestVote called for node 4
11723.5ms Vehicle 9 sendRequestVote called for node 5
11723.5ms Vehicle 9 sendRequestVote called for node 6
11723.5ms Vehicle 9 sendRequestVote called for node 7
11723.5ms Vehicle 9 sendRequestVote called for node 8
11763.6ms Leader 0 SENDING AppendEntries to vehicle 1 (n_entries=0, leader_commit=0)
11763.6ms Leader 0 SENDING AppendEntries to vehicle 2 (n_entries=0, leader_commit=0)
11763.6ms Leader 0 SENDING AppendEntries to vehicle 3 (n_entries=0, leader_commit=0)
11763.6ms Leader 0 SENDING AppendEntries to vehicle 4 (n_entries=0, leader_commit=0)
11763.6ms Leader 0 SENDING AppendEntries to vehicle 5 (n_entries=0, leader_commit=0)
11763.6ms Leader 0 SENDING AppendEntries to vehicle 6 (n_entries=0, leader_commit=0)
11763.6ms Leader 0 SENDING AppendEntries to vehicle 7 (n_entries=0, leader_commit=0)
11763.7ms Vehicle 1 RECEIVED AppendEntries from vehicle 0 (n_entries=0, leader_commit=0)
11764.0ms Vehicle 2 RECEIVED AppendEntries from vehicle 0 (n_entries=0, leader_commit=0)
11764.6ms Vehicle 3 RECEIVED AppendEntries from vehicle 0 (n_entries=0, leader_commit=0)
11766.1ms Vehicle 7 RECEIVED AppendEntries from vehicle 0 (n_entries=0, leader_commit=0)
11903.6ms Leader 0 SENDING AppendEntries to vehicle 1 (n_entries=0, leader_commit=0)
11903.6ms Leader 0 SENDING AppendEntries to vehicle 2 (n_entries=0, leader_commit=0)
11903.6ms Leader 0 SENDING AppendEntries to vehicle 3 (n_entries=0, leader_commit=0)
11903.6ms Leader 0 SENDING AppendEntries to vehicle 4 (n_entries=0, leader_commit=0)
11903.6ms Leader 0 SENDING AppendEntries to vehicle 5 (n_entries=0, leader_commit=0)
11903.6ms Leader 0 SENDING AppendEntries to vehicle 6 (n_entries=0, leader_commit=0)
11903.6ms Leader 0 SENDING AppendEntries to vehicle 7 (n_entries=0, leader_commit=0)
11903.7ms Vehicle 1 RECEIVED AppendEntries from vehicle 0 (n_entries=0, leader_commit=0)
11904.0ms Vehicle 2 RECEIVED AppendEntries from vehicle 0 (n_entries=0, leader_commit=0)
11904.1ms Vehicle 3 RECEIVED AppendEntries from vehicle 0 (n_entries=0, leader_commit=0)
11905.5ms Vehicle 7 RECEIVED AppendEntries from vehicle 0 (n_entries=0, leader_commit=0)
12043.6ms Leader 0 SENDING AppendEntries to vehicle 1 (n_entries=0, leader_commit=0)
12043.6ms Leader 0 SENDING AppendEntries to vehicle 2 (n_entries=0, leader_commit=0)
12043.6ms Leader 0 SENDING AppendEntries to vehicle 3 (n_entries=0, leader_commit=0)
12043.6ms Leader 0 SENDING AppendEntries to vehicle 4 (n_entries=0, leader_commit=0)
12043.6ms Leader 0 SENDING AppendEntries to vehicle 5 (n_entries=0, leader_commit=0)
12043.6ms Leader 0 SENDING AppendEntries to vehicle 6 (n_entries=0, leader_commit=0)
12043.6ms Leader 0 SENDING AppendEntries to vehicle 7 (n_entries=0, leader_commit=0)
12043.7ms Vehicle 1 RECEIVED AppendEntries from vehicle 0 (n_entries=0, leader_commit=0)
12043.9ms Vehicle 2 RECEIVED AppendEntries from vehicle 0 (n_entries=0, leader_commit=0)
12044.4ms Vehicle 3 RECEIVED AppendEntries from vehicle 0 (n_entries=0, leader_commit=0)
12045.5ms Vehicle 7 RECEIVED AppendEntries from vehicle 0 (n_entries=0, leader_commit=0)
12183.6ms Leader 0 SENDING AppendEntries to vehicle 1 (n_entries=0, leader_commit=0)
12183.6ms Leader 0 SENDING AppendEntries to vehicle 2 (n_entries=0, leader_commit=0)
12183.6ms Leader 0 SENDING AppendEntries to vehicle 3 (n_entries=0, leader_commit=0)
12183.6ms Leader 0 SENDING AppendEntries to vehicle 4 (n_entries=0, leader_commit=0)
12183.6ms Leader 0 SENDING AppendEntries to vehicle 5 (n_entries=0, leader_commit=0)
12183.6ms Leader 0 SENDING AppendEntries to vehicle 6 (n_entries=0, leader_commit=0)
12183.6ms Leader 0 SENDING AppendEntries to vehicle 7 (n_entries=0, leader_commit=0)
12183.7ms Vehicle 1 RECEIVED AppendEntries from vehicle 0 (n_entries=0, leader_commit=0)
12184.2ms Vehicle 2 RECEIVED AppendEntries from vehicle 0 (n_entries=0, leader_commit=0)
12184.6ms Vehicle 3 RECEIVED AppendEntries from vehicle 0 (n_entries=0, leader_commit=0)
12185.8ms Vehicle 7 RECEIVED AppendEntries from vehicle 0 (n_entries=0, leader_commit=0)
12323.6ms Leader 0 SENDING AppendEntries to vehicle 1 (n_entries=0, leader_commit=0)
12323.6ms Leader 0 SENDING AppendEntries to vehicle 2 (n_entries=0, leader_commit=0)
12323.6ms Leader 0 SENDING AppendEntries to vehicle 3 (n_entries=0, leader_commit=0)
12323.6ms Leader 0 SENDING AppendEntries to vehicle 4 (n_entries=0, leader_commit=0)
12323.6ms Leader 0 SENDING AppendEntries to vehicle 5 (n_entries=0, leader_commit=0)
12323.6ms Leader 0 SENDING AppendEntries to vehicle 6 (n_entries=0, leader_commit=0)
12323.6ms Leader 0 SENDING AppendEntries to vehicle 7 (n_entries=0, leader_commit=0)
12323.7ms Vehicle 1 RECEIVED AppendEntries from vehicle 0 (n_entries=0, leader_commit=0)
12323.8ms Vehicle 2 RECEIVED AppendEntries from vehicle 0 (n_entries=0, leader_commit=0)
12324.2ms Vehicle 3 RECEIVED AppendEntries from vehicle 0 (n_entries=0, leader_commit=0)
12325.3ms Vehicle 7 RECEIVED AppendEntries from vehicle 0 (n_entries=0, leader_commit=0)
12363.6ms Leader 0 collected status from 4 vehicles
12363.6ms Leader 0 PROPOSING STATUS_REPORT to quorum
12363.6ms Vehicle 0 doLogOffer entry #1 (len=2565)
12363.6ms Leader 0 SENDING AppendEntries to vehicle 1 (n_entries=1, leader_commit=0)
12363.6ms Leader 0 SENDING AppendEntries to vehicle 2 (n_entries=1, leader_commit=0)
12363.6ms Leader 0 SENDING AppendEntries to vehicle 3 (n_entries=1, leader_commit=0)
12363.6ms Leader 0 SENDING AppendEntries to vehicle 4 (n_entries=1, leader_commit=0)
12363.6ms Leader 0 SENDING AppendEntries to vehicle 5 (n_entries=1, leader_commit=0)
12363.6ms Leader 0 SENDING AppendEntries to vehicle 6 (n_entries=1, leader_commit=0)
12363.6ms Leader 0 SENDING AppendEntries to vehicle 7 (n_entries=1, leader_commit=0)
12363.6ms Leader 0 submitted STATUS_REPORT entry #1
12365.2ms Vehicle 1 RECEIVED AppendEntries from vehicle 0 (n_entries=1, leader_commit=0)
12365.2ms Vehicle 1 doLogOffer entry #1 (len=2565)
12367.1ms Vehicle 2 RECEIVED AppendEntries from vehicle 0 (n_entries=1, leader_commit=0)
12367.1ms Vehicle 2 doLogOffer entry #1 (len=2565)
12368.8ms Vehicle 3 RECEIVED AppendEntries from vehicle 0 (n_entries=1, leader_commit=0)
12368.8ms Vehicle 3 doLogOffer entry #1 (len=2565)
12375.0ms Vehicle 7 RECEIVED AppendEntries from vehicle 0 (n_entries=1, leader_commit=0)
12375.0ms Vehicle 7 doLogOffer entry #1 (len=2565)
12383.6ms Vehicle 0 doApplyLog entry #1 (lastApplied=0, len=2565)
12463.6ms Leader 0 vehicle 1 response lost — using default proposal
12463.6ms Leader 0 vehicle 2 response lost — using default proposal
12463.6ms Leader 0 vehicle 5 response lost — using default proposal
12463.6ms Leader 0 vehicle 6 response lost — using default proposal
12463.6ms Leader 0 PROPOSING PASS_SCHEDULE with 4 batches:
  Batch 0: [1,5]
  Batch 1: [2,6]
  Batch 2: [0,4]
  Batch 3: [3,7]
12463.6ms Vehicle 0 doLogOffer entry #2 (len=581)
12463.6ms Leader 0 SENDING AppendEntries to vehicle 1 (n_entries=1, leader_commit=1)
12463.6ms Leader 0 SENDING AppendEntries to vehicle 2 (n_entries=1, leader_commit=1)
12463.6ms Leader 0 SENDING AppendEntries to vehicle 3 (n_entries=1, leader_commit=1)
12463.6ms Leader 0 SENDING AppendEntries to vehicle 7 (n_entries=1, leader_commit=1)
12463.6ms Leader 0 submitted PASS_SCHEDULE entry #2
12463.6ms Leader 0 SENDING AppendEntries to vehicle 1 (n_entries=1, leader_commit=1)
12463.6ms Leader 0 SENDING AppendEntries to vehicle 2 (n_entries=1, leader_commit=1)
12463.6ms Leader 0 SENDING AppendEntries to vehicle 3 (n_entries=1, leader_commit=1)
12463.6ms Leader 0 SENDING AppendEntries to vehicle 4 (n_entries=2, leader_commit=1)
12463.6ms Leader 0 SENDING AppendEntries to vehicle 5 (n_entries=2, leader_commit=1)
12463.6ms Leader 0 SENDING AppendEntries to vehicle 6 (n_entries=2, leader_commit=1)
12463.6ms Leader 0 SENDING AppendEntries to vehicle 7 (n_entries=1, leader_commit=1)
12464.3ms Vehicle 2 RECEIVED AppendEntries from vehicle 0 (n_entries=1, leader_commit=1)
12464.3ms Vehicle 2 doLogOffer entry #2 (len=581)
12464.9ms Vehicle 3 RECEIVED AppendEntries from vehicle 0 (n_entries=1, leader_commit=1)
12464.9ms Vehicle 3 doLogOffer entry #2 (len=581)
12465.4ms Vehicle 7 RECEIVED AppendEntries from vehicle 0 (n_entries=1, leader_commit=1)
12465.4ms Vehicle 7 doLogOffer entry #2 (len=581)
12466.1ms Vehicle 1 RECEIVED AppendEntries from vehicle 0 (n_entries=1, leader_commit=1)
12466.1ms Vehicle 1 doLogOffer entry #2 (len=581)
12466.5ms Vehicle 2 RECEIVED AppendEntries from vehicle 0 (n_entries=1, leader_commit=1)
12467.5ms Vehicle 3 RECEIVED AppendEntries from vehicle 0 (n_entries=1, leader_commit=1)
12473.8ms Vehicle 7 RECEIVED AppendEntries from vehicle 0 (n_entries=1, leader_commit=1)
12483.2ms Vehicle 3 doApplyLog entry #1 (lastApplied=0, len=2565)
12483.2ms Vehicle 3 APPLYING STATUS_REPORT entry #1 (8 vehicles)
12483.5ms Vehicle 7 doApplyLog entry #1 (lastApplied=0, len=2565)
12483.5ms Vehicle 7 APPLYING STATUS_REPORT entry #1 (8 vehicles)
12483.5ms Vehicle 1 doApplyLog entry #1 (lastApplied=0, len=2565)
12483.5ms Vehicle 1 APPLYING STATUS_REPORT entry #1 (8 vehicles)
12483.5ms Vehicle 2 doApplyLog entry #1 (lastApplied=0, len=2565)
12483.5ms Vehicle 2 APPLYING STATUS_REPORT entry #1 (8 vehicles)
12603.6ms Leader 0 SENDING AppendEntries to vehicle 1 (n_entries=1, leader_commit=1)
12603.6ms Leader 0 SENDING AppendEntries to vehicle 2 (n_entries=0, leader_commit=1)
12603.6ms Leader 0 SENDING AppendEntries to vehicle 3 (n_entries=0, leader_commit=1)
12603.6ms Leader 0 SENDING AppendEntries to vehicle 4 (n_entries=2, leader_commit=1)
12603.6ms Leader 0 SENDING AppendEntries to vehicle 5 (n_entries=2, leader_commit=1)
12603.6ms Leader 0 SENDING AppendEntries to vehicle 6 (n_entries=2, leader_commit=1)
12603.6ms Leader 0 SENDING AppendEntries to vehicle 7 (n_entries=0, leader_commit=1)
12603.9ms Vehicle 1 RECEIVED AppendEntries from vehicle 0 (n_entries=1, leader_commit=1)
12604.2ms Vehicle 2 RECEIVED AppendEntries from vehicle 0 (n_entries=0, leader_commit=1)
12604.3ms Vehicle 3 RECEIVED AppendEntries from vehicle 0 (n_entries=0, leader_commit=1)
12610.3ms Vehicle 7 RECEIVED AppendEntries from vehicle 0 (n_entries=0, leader_commit=1)
12640.8ms Vehicle 10 sendRequestVote called for node 1
12640.8ms Vehicle 10 sendRequestVote called for node 2
12640.8ms Vehicle 10 sendRequestVote called for node 3
12640.8ms Vehicle 10 sendRequestVote called for node 4
12640.8ms Vehicle 10 sendRequestVote called for node 5
12640.8ms Vehicle 10 sendRequestVote called for node 6
12640.8ms Vehicle 10 sendRequestVote called for node 7
12640.8ms Vehicle 10 sendRequestVote called for node 8
12703.5ms Vehicle 9 sendRequestVote called for node 1
12703.5ms Vehicle 9 sendRequestVote called for node 2
12703.5ms Vehicle 9 sendRequestVote called for node 3
12703.5ms Vehicle 9 sendRequestVote called for node 4
12703.5ms Vehicle 9 sendRequestVote called for node 5
12703.5ms Vehicle 9 sendRequestVote called for node 6
12703.5ms Vehicle 9 sendRequestVote called for node 7
12703.5ms Vehicle 9 sendRequestVote called for node 8
12743.6ms Leader 0 SENDING AppendEntries to vehicle 1 (n_entries=1, leader_commit=1)
12743.6ms Leader 0 SENDING AppendEntries to vehicle 2 (n_entries=0, leader_commit=1)
12743.6ms Leader 0 SENDING AppendEntries to vehicle 3 (n_entries=0, leader_commit=1)
12743.6ms Leader 0 SENDING AppendEntries to vehicle 4 (n_entries=2, leader_commit=1)
12743.6ms Leader 0 SENDING AppendEntries to vehicle 5 (n_entries=2, leader_commit=1)
12743.6ms Leader 0 SENDING AppendEntries to vehicle 6 (n_entries=2, leader_commit=1)
12743.6ms Leader 0 SENDING AppendEntries to vehicle 7 (n_entries=0, leader_commit=1)
12743.9ms Vehicle 1 RECEIVED AppendEntries from vehicle 0 (n_entries=1, leader_commit=1)
12744.0ms Vehicle 2 RECEIVED AppendEntries from vehicle 0 (n_entries=0, leader_commit=1)
12744.2ms Vehicle 3 RECEIVED AppendEntries from vehicle 0 (n_entries=0, leader_commit=1)
12750.7ms Vehicle 7 RECEIVED AppendEntries from vehicle 0 (n_entries=0, leader_commit=1)
12763.6ms Vehicle 0 doApplyLog entry #2 (lastApplied=0, len=581)
12763.6ms Vehicle 0 APPLYING PASS_ORDER entry #2 (4 batches)
12763.6ms Vehicle 0 assigned to batch 2 (current batch: 0)
12763.6ms Vehicle 0 waiting for batch 2 via checkBatchAdvance
12883.6ms Leader 0 SENDING AppendEntries to vehicle 1 (n_entries=0, leader_commit=2)
12883.6ms Leader 0 SENDING AppendEntries to vehicle 2 (n_entries=0, leader_commit=2)
12883.6ms Leader 0 SENDING AppendEntries to vehicle 3 (n_entries=0, leader_commit=2)
12883.6ms Leader 0 SENDING AppendEntries to vehicle 4 (n_entries=2, leader_commit=2)
12883.6ms Leader 0 SENDING AppendEntries to vehicle 5 (n_entries=2, leader_commit=2)
12883.6ms Leader 0 SENDING AppendEntries to vehicle 6 (n_entries=2, leader_commit=2)
12883.6ms Leader 0 SENDING AppendEntries to vehicle 7 (n_entries=0, leader_commit=2)
12883.7ms Vehicle 1 RECEIVED AppendEntries from vehicle 0 (n_entries=0, leader_commit=2)
12884.2ms Vehicle 3 RECEIVED AppendEntries from vehicle 0 (n_entries=0, leader_commit=2)
12890.6ms Vehicle 7 RECEIVED AppendEntries from vehicle 0 (n_entries=0, leader_commit=2)
12903.2ms Vehicle 3 doApplyLog entry #2 (lastApplied=1, len=581)
12903.2ms Vehicle 3 APPLYING PASS_ORDER entry #2 (4 batches)
12903.2ms Vehicle 3 assigned to batch 3 (current batch: 0)
12903.2ms Vehicle 3 waiting for batch 3 via checkBatchAdvance
12903.5ms Vehicle 7 doApplyLog entry #2 (lastApplied=1, len=581)
12903.5ms Vehicle 7 APPLYING PASS_ORDER entry #2 (4 batches)
12903.5ms Vehicle 7 assigned to batch 3 (current batch: 0)
12903.5ms Vehicle 7 waiting for batch 3 via checkBatchAdvance
12903.5ms Vehicle 1 doApplyLog entry #2 (lastApplied=1, len=581)
12903.5ms Vehicle 1 APPLYING PASS_ORDER entry #2 (4 batches)
12903.5ms Vehicle 1 assigned to batch 0 (current batch: 0)
12903.5ms Vehicle 1 RESUMING movement
13023.6ms Leader 0 SENDING AppendEntries to vehicle 1 (n_entries=0, leader_commit=2)
13023.6ms Leader 0 SENDING AppendEntries to vehicle 2 (n_entries=0, leader_commit=2)
13023.6ms Leader 0 SENDING AppendEntries to vehicle 3 (n_entries=0, leader_commit=2)
13023.6ms Leader 0 SENDING AppendEntries to vehicle 4 (n_entries=2, leader_commit=2)
13023.6ms Leader 0 SENDING AppendEntries to vehicle 5 (n_entries=2, leader_commit=2)
13023.6ms Leader 0 SENDING AppendEntries to vehicle 6 (n_entries=2, leader_commit=2)
13023.6ms Leader 0 SENDING AppendEntries to vehicle 7 (n_entries=0, leader_commit=2)
13024.0ms Vehicle 2 RECEIVED AppendEntries from vehicle 0 (n_entries=0, leader_commit=2)
13024.3ms Vehicle 3 RECEIVED AppendEntries from vehicle 0 (n_entries=0, leader_commit=2)
13029.7ms Vehicle 7 RECEIVED AppendEntries from vehicle 0 (n_entries=0, leader_commit=2)
13043.5ms Vehicle 2 doApplyLog entry #2 (lastApplied=1, len=581)
13043.5ms Vehicle 2 APPLYING PASS_ORDER entry #2 (4 batches)
13043.5ms Vehicle 2 assigned to batch 1 (current batch: 0)
13043.5ms Vehicle 2 waiting for batch 1 via checkBatchAdvance
13163.6ms Leader 0 SENDING AppendEntries to vehicle 1 (n_entries=0, leader_commit=2)
13163.6ms Leader 0 SENDING AppendEntries to vehicle 2 (n_entries=0, leader_commit=2)
13163.6ms Leader 0 SENDING AppendEntries to vehicle 3 (n_entries=0, leader_commit=2)
13163.6ms Leader 0 SENDING AppendEntries to vehicle 4 (n_entries=2, leader_commit=2)
13163.6ms Leader 0 SENDING AppendEntries to vehicle 5 (n_entries=2, leader_commit=2)
13163.6ms Leader 0 SENDING AppendEntries to vehicle 6 (n_entries=2, leader_commit=2)
13163.6ms Leader 0 SENDING AppendEntries to vehicle 7 (n_entries=0, leader_commit=2)
13163.7ms Vehicle 1 RECEIVED AppendEntries from vehicle 0 (n_entries=0, leader_commit=2)
13164.0ms Vehicle 2 RECEIVED AppendEntries from vehicle 0 (n_entries=0, leader_commit=2)
13164.1ms Vehicle 3 RECEIVED AppendEntries from vehicle 0 (n_entries=0, leader_commit=2)
13170.0ms Vehicle 7 RECEIVED AppendEntries from vehicle 0 (n_entries=0, leader_commit=2)
13200.8ms Vehicle 10 sendRequestVote called for node 1
13200.8ms Vehicle 10 sendRequestVote called for node 2
13200.8ms Vehicle 10 sendRequestVote called for node 3
13200.8ms Vehicle 10 sendRequestVote called for node 4
13200.8ms Vehicle 10 sendRequestVote called for node 5
13200.8ms Vehicle 10 sendRequestVote called for node 6
13200.8ms Vehicle 10 sendRequestVote called for node 7
13200.8ms Vehicle 10 sendRequestVote called for node 8
13303.6ms Leader 0 SENDING AppendEntries to vehicle 1 (n_entries=0, leader_commit=2)
13303.6ms Leader 0 SENDING AppendEntries to vehicle 2 (n_entries=0, leader_commit=2)
13303.6ms Leader 0 SENDING AppendEntries to vehicle 3 (n_entries=0, leader_commit=2)
13303.6ms Leader 0 SENDING AppendEntries to vehicle 4 (n_entries=2, leader_commit=2)
13303.6ms Leader 0 SENDING AppendEntries to vehicle 5 (n_entries=2, leader_commit=2)
13303.6ms Leader 0 SENDING AppendEntries to vehicle 6 (n_entries=2, leader_commit=2)
13303.6ms Leader 0 SENDING AppendEntries to vehicle 7 (n_entries=0, leader_commit=2)
13303.7ms Vehicle 1 RECEIVED AppendEntries from vehicle 0 (n_entries=0, leader_commit=2)
13304.0ms Vehicle 2 RECEIVED AppendEntries from vehicle 0 (n_entries=0, leader_commit=2)
13304.2ms Vehicle 3 RECEIVED AppendEntries from vehicle 0 (n_entries=0, leader_commit=2)
13310.5ms Vehicle 7 RECEIVED AppendEntries from vehicle 0 (n_entries=0, leader_commit=2)
13443.6ms Leader 0 SENDING AppendEntries to vehicle 1 (n_entries=0, leader_commit=2)
13443.6ms Leader 0 SENDING AppendEntries to vehicle 2 (n_entries=0, leader_commit=2)
13443.6ms Leader 0 SENDING AppendEntries to vehicle 3 (n_entries=0, leader_commit=2)
13443.6ms Leader 0 SENDING AppendEntries to vehicle 4 (n_entries=2, leader_commit=2)
13443.6ms Leader 0 SENDING AppendEntries to vehicle 5 (n_entries=2, leader_commit=2)
13443.6ms Leader 0 SENDING AppendEntries to vehicle 6 (n_entries=2, leader_commit=2)
13443.6ms Leader 0 SENDING AppendEntries to vehicle 7 (n_entries=0, leader_commit=2)
13443.7ms Vehicle 1 RECEIVED AppendEntries from vehicle 0 (n_entries=0, leader_commit=2)
13443.8ms Vehicle 2 RECEIVED AppendEntries from vehicle 0 (n_entries=0, leader_commit=2)
13444.2ms Vehicle 3 RECEIVED AppendEntries from vehicle 0 (n_entries=0, leader_commit=2)
13450.6ms Vehicle 7 RECEIVED AppendEntries from vehicle 0 (n_entries=0, leader_commit=2)
13583.6ms Leader 0 SENDING AppendEntries to vehicle 1 (n_entries=0, leader_commit=2)
13583.6ms Leader 0 SENDING AppendEntries to vehicle 2 (n_entries=0, leader_commit=2)
13583.6ms Leader 0 SENDING AppendEntries to vehicle 3 (n_entries=0, leader_commit=2)
13583.6ms Leader 0 SENDING AppendEntries to vehicle 4 (n_entries=2, leader_commit=2)
13583.6ms Leader 0 SENDING AppendEntries to vehicle 5 (n_entries=2, leader_commit=2)
13583.6ms Leader 0 SENDING AppendEntries to vehicle 6 (n_entries=2, leader_commit=2)
13583.6ms Leader 0 SENDING AppendEntries to vehicle 7 (n_entries=0, leader_commit=2)
13583.7ms Vehicle 1 RECEIVED AppendEntries from vehicle 0 (n_entries=0, leader_commit=2)
13584.1ms Vehicle 2 RECEIVED AppendEntries from vehicle 0 (n_entries=0, leader_commit=2)
13584.4ms Vehicle 3 RECEIVED AppendEntries from vehicle 0 (n_entries=0, leader_commit=2)
13590.1ms Vehicle 7 RECEIVED AppendEntries from vehicle 0 (n_entries=0, leader_commit=2)
13683.5ms Vehicle 9 sendRequestVote called for node 1
13683.5ms Vehicle 9 sendRequestVote called for node 2
13683.5ms Vehicle 9 sendRequestVote called for node 3
13683.5ms Vehicle 9 sendRequestVote called for node 4
13683.5ms Vehicle 9 sendRequestVote called for node 5
13683.5ms Vehicle 9 sendRequestVote called for node 6
13683.5ms Vehicle 9 sendRequestVote called for node 7
13683.5ms Vehicle 9 sendRequestVote called for node 8
13723.6ms Leader 0 SENDING AppendEntries to vehicle 1 (n_entries=0, leader_commit=2)
13723.6ms Leader 0 SENDING AppendEntries to vehicle 2 (n_entries=0, leader_commit=2)
13723.6ms Leader 0 SENDING AppendEntries to vehicle 3 (n_entries=0, leader_commit=2)
13723.6ms Leader 0 SENDING AppendEntries to vehicle 4 (n_entries=2, leader_commit=2)
13723.6ms Leader 0 SENDING AppendEntries to vehicle 5 (n_entries=2, leader_commit=2)
13723.6ms Leader 0 SENDING AppendEntries to vehicle 6 (n_entries=2, leader_commit=2)
13723.6ms Leader 0 SENDING AppendEntries to vehicle 7 (n_entries=0, leader_commit=2)
13723.7ms Vehicle 1 RECEIVED AppendEntries from vehicle 0 (n_entries=0, leader_commit=2)
13724.2ms Vehicle 2 RECEIVED AppendEntries from vehicle 0 (n_entries=0, leader_commit=2)
13724.4ms Vehicle 3 RECEIVED AppendEntries from vehicle 0 (n_entries=0, leader_commit=2)
13730.2ms Vehicle 7 RECEIVED AppendEntries from vehicle 0 (n_entries=0, leader_commit=2)
13863.6ms Leader 0 SENDING AppendEntries to vehicle 1 (n_entries=0, leader_commit=2)
13863.6ms Leader 0 SENDING AppendEntries to vehicle 2 (n_entries=0, leader_commit=2)
13863.6ms Leader 0 SENDING AppendEntries to vehicle 3 (n_entries=0, leader_commit=2)
13863.6ms Leader 0 SENDING AppendEntries to vehicle 4 (n_entries=2, leader_commit=2)
13863.6ms Leader 0 SENDING AppendEntries to vehicle 5 (n_entries=2, leader_commit=2)
13863.6ms Leader 0 SENDING AppendEntries to vehicle 6 (n_entries=2, leader_commit=2)
13863.6ms Leader 0 SENDING AppendEntries to vehicle 7 (n_entries=0, leader_commit=2)
13863.7ms Vehicle 1 RECEIVED AppendEntries from vehicle 0 (n_entries=0, leader_commit=2)
13863.9ms Vehicle 2 RECEIVED AppendEntries from vehicle 0 (n_entries=0, leader_commit=2)
13870.4ms Vehicle 7 RECEIVED AppendEntries from vehicle 0 (n_entries=0, leader_commit=2)
14003.6ms Leader 0 SENDING AppendEntries to vehicle 1 (n_entries=0, leader_commit=2)
14003.6ms Leader 0 SENDING AppendEntries to vehicle 2 (n_entries=0, leader_commit=2)
14003.6ms Leader 0 SENDING AppendEntries to vehicle 3 (n_entries=0, leader_commit=2)
14003.6ms Leader 0 SENDING AppendEntries to vehicle 4 (n_entries=2, leader_commit=2)
14003.6ms Leader 0 SENDING AppendEntries to vehicle 5 (n_entries=2, leader_commit=2)
14003.6ms Leader 0 SENDING AppendEntries to vehicle 6 (n_entries=2, leader_commit=2)
14003.6ms Leader 0 SENDING AppendEntries to vehicle 7 (n_entries=0, leader_commit=2)
14003.7ms Vehicle 1 RECEIVED AppendEntries from vehicle 0 (n_entries=0, leader_commit=2)
14004.1ms Vehicle 2 RECEIVED AppendEntries from vehicle 0 (n_entries=0, leader_commit=2)
14004.3ms Vehicle 3 RECEIVED AppendEntries from vehicle 0 (n_entries=0, leader_commit=2)
14080.8ms Vehicle 10 sendRequestVote called for node 1
14080.8ms Vehicle 10 sendRequestVote called for node 2
14080.8ms Vehicle 10 sendRequestVote called for node 3
14080.8ms Vehicle 10 sendRequestVote called for node 4
14080.8ms Vehicle 10 sendRequestVote called for node 5
14080.8ms Vehicle 10 sendRequestVote called for node 6
14080.8ms Vehicle 10 sendRequestVote called for node 7
14080.8ms Vehicle 10 sendRequestVote called for node 8
14143.6ms Leader 0 SENDING AppendEntries to vehicle 1 (n_entries=0, leader_commit=2)
14143.6ms Leader 0 SENDING AppendEntries to vehicle 2 (n_entries=0, leader_commit=2)
14143.6ms Leader 0 SENDING AppendEntries to vehicle 3 (n_entries=0, leader_commit=2)
14143.6ms Leader 0 SENDING AppendEntries to vehicle 4 (n_entries=2, leader_commit=2)
14143.6ms Leader 0 SENDING AppendEntries to vehicle 5 (n_entries=2, leader_commit=2)
14143.6ms Leader 0 SENDING AppendEntries to vehicle 6 (n_entries=2, leader_commit=2)
14143.6ms Leader 0 SENDING AppendEntries to vehicle 7 (n_entries=0, leader_commit=2)
14143.7ms Vehicle 1 RECEIVED AppendEntries from vehicle 0 (n_entries=0, leader_commit=2)
14144.2ms Vehicle 2 RECEIVED AppendEntries from vehicle 0 (n_entries=0, leader_commit=2)
14144.7ms Vehicle 3 RECEIVED AppendEntries from vehicle 0 (n_entries=0, leader_commit=2)
14150.4ms Vehicle 7 RECEIVED AppendEntries from vehicle 0 (n_entries=0, leader_commit=2)
14283.6ms Leader 0 SENDING AppendEntries to vehicle 1 (n_entries=0, leader_commit=2)
14283.6ms Leader 0 SENDING AppendEntries to vehicle 2 (n_entries=0, leader_commit=2)
14283.6ms Leader 0 SENDING AppendEntries to vehicle 3 (n_entries=0, leader_commit=2)
14283.6ms Leader 0 SENDING AppendEntries to vehicle 4 (n_entries=2, leader_commit=2)
14283.6ms Leader 0 SENDING AppendEntries to vehicle 5 (n_entries=2, leader_commit=2)
14283.6ms Leader 0 SENDING AppendEntries to vehicle 6 (n_entries=2, leader_commit=2)
14283.6ms Leader 0 SENDING AppendEntries to vehicle 7 (n_entries=0, leader_commit=2)
14283.7ms Vehicle 1 RECEIVED AppendEntries from vehicle 0 (n_entries=0, leader_commit=2)
14283.9ms Vehicle 2 RECEIVED AppendEntries from vehicle 0 (n_entries=0, leader_commit=2)
14284.3ms Vehicle 3 RECEIVED AppendEntries from vehicle 0 (n_entries=0, leader_commit=2)
14290.3ms Vehicle 7 RECEIVED AppendEntries from vehicle 0 (n_entries=0, leader_commit=2)
14403.5ms Vehicle 9 sendRequestVote called for node 1
14403.5ms Vehicle 9 sendRequestVote called for node 2
14403.5ms Vehicle 9 sendRequestVote called for node 3
14403.5ms Vehicle 9 sendRequestVote called for node 4
14403.5ms Vehicle 9 sendRequestVote called for node 5
14403.5ms Vehicle 9 sendRequestVote called for node 6
14403.5ms Vehicle 9 sendRequestVote called for node 7
14403.5ms Vehicle 9 sendRequestVote called for node 8
14423.6ms Leader 0 SENDING AppendEntries to vehicle 1 (n_entries=0, leader_commit=2)
14423.6ms Leader 0 SENDING AppendEntries to vehicle 2 (n_entries=0, leader_commit=2)
14423.6ms Leader 0 SENDING AppendEntries to vehicle 3 (n_entries=0, leader_commit=2)
14423.6ms Leader 0 SENDING AppendEntries to vehicle 4 (n_entries=2, leader_commit=2)
14423.6ms Leader 0 SENDING AppendEntries to vehicle 5 (n_entries=2, leader_commit=2)
14423.6ms Leader 0 SENDING AppendEntries to vehicle 6 (n_entries=2, leader_commit=2)
14423.6ms Leader 0 SENDING AppendEntries to vehicle 7 (n_entries=0, leader_commit=2)
14423.7ms Vehicle 1 RECEIVED AppendEntries from vehicle 0 (n_entries=0, leader_commit=2)
14423.9ms Vehicle 2 RECEIVED AppendEntries from vehicle 0 (n_entries=0, leader_commit=2)
14424.5ms Vehicle 3 RECEIVED AppendEntries from vehicle 0 (n_entries=0, leader_commit=2)
14429.8ms Vehicle 7 RECEIVED AppendEntries from vehicle 0 (n_entries=0, leader_commit=2)
14563.6ms Leader 0 SENDING AppendEntries to vehicle 1 (n_entries=0, leader_commit=2)
14563.6ms Leader 0 SENDING AppendEntries to vehicle 2 (n_entries=0, leader_commit=2)
14563.6ms Leader 0 SENDING AppendEntries to vehicle 3 (n_entries=0, leader_commit=2)
14563.6ms Leader 0 SENDING AppendEntries to vehicle 4 (n_entries=2, leader_commit=2)
14563.6ms Leader 0 SENDING AppendEntries to vehicle 5 (n_entries=2, leader_commit=2)
14563.6ms Leader 0 SENDING AppendEntries to vehicle 6 (n_entries=2, leader_commit=2)
14563.6ms Leader 0 SENDING AppendEntries to vehicle 7 (n_entries=0, leader_commit=2)
14563.7ms Vehicle 1 RECEIVED AppendEntries from vehicle 0 (n_entries=0, leader_commit=2)
14563.8ms Vehicle 2 RECEIVED AppendEntries from vehicle 0 (n_entries=0, leader_commit=2)
14564.1ms Vehicle 3 RECEIVED AppendEntries from vehicle 0 (n_entries=0, leader_commit=2)
14570.3ms Vehicle 7 RECEIVED AppendEntries from vehicle 0 (n_entries=0, leader_commit=2)
14640.8ms Vehicle 10 sendRequestVote called for node 1
14640.8ms Vehicle 10 sendRequestVote called for node 2
14640.8ms Vehicle 10 sendRequestVote called for node 3
14640.8ms Vehicle 10 sendRequestVote called for node 4
14640.8ms Vehicle 10 sendRequestVote called for node 5
14640.8ms Vehicle 10 sendRequestVote called for node 6
14640.8ms Vehicle 10 sendRequestVote called for node 7
14640.8ms Vehicle 10 sendRequestVote called for node 8
14703.6ms Leader 0 SENDING AppendEntries to vehicle 1 (n_entries=0, leader_commit=2)
14703.6ms Leader 0 SENDING AppendEntries to vehicle 2 (n_entries=0, leader_commit=2)
14703.6ms Leader 0 SENDING AppendEntries to vehicle 3 (n_entries=0, leader_commit=2)
14703.6ms Leader 0 SENDING AppendEntries to vehicle 4 (n_entries=2, leader_commit=2)
14703.6ms Leader 0 SENDING AppendEntries to vehicle 5 (n_entries=2, leader_commit=2)
14703.6ms Leader 0 SENDING AppendEntries to vehicle 6 (n_entries=2, leader_commit=2)
14703.6ms Leader 0 SENDING AppendEntries to vehicle 7 (n_entries=0, leader_commit=2)
14703.7ms Vehicle 1 RECEIVED AppendEntries from vehicle 0 (n_entries=0, leader_commit=2)
14703.9ms Vehicle 2 RECEIVED AppendEntries from vehicle 0 (n_entries=0, leader_commit=2)
14704.3ms Vehicle 3 RECEIVED AppendEntries from vehicle 0 (n_entries=0, leader_commit=2)
14709.7ms Vehicle 7 RECEIVED AppendEntries from vehicle 0 (n_entries=0, leader_commit=2)
14843.6ms Leader 0 SENDING AppendEntries to vehicle 1 (n_entries=0, leader_commit=2)
14843.6ms Leader 0 SENDING AppendEntries to vehicle 2 (n_entries=0, leader_commit=2)
14843.6ms Leader 0 SENDING AppendEntries to vehicle 3 (n_entries=0, leader_commit=2)
14843.6ms Leader 0 SENDING AppendEntries to vehicle 4 (n_entries=2, leader_commit=2)
14843.6ms Leader 0 SENDING AppendEntries to vehicle 5 (n_entries=2, leader_commit=2)
14843.6ms Leader 0 SENDING AppendEntries to vehicle 6 (n_entries=2, leader_commit=2)
14843.6ms Leader 0 SENDING AppendEntries to vehicle 7 (n_entries=0, leader_commit=2)
14843.7ms Vehicle 1 RECEIVED AppendEntries from vehicle 0 (n_entries=0, leader_commit=2)
14844.0ms Vehicle 2 RECEIVED AppendEntries from vehicle 0 (n_entries=0, leader_commit=2)
14844.6ms Vehicle 3 RECEIVED AppendEntries from vehicle 0 (n_entries=0, leader_commit=2)
14850.3ms Vehicle 7 RECEIVED AppendEntries from vehicle 0 (n_entries=0, leader_commit=2)
14983.6ms Leader 0 SENDING AppendEntries to vehicle 1 (n_entries=0, leader_commit=2)
14983.6ms Leader 0 SENDING AppendEntries to vehicle 2 (n_entries=0, leader_commit=2)
14983.6ms Leader 0 SENDING AppendEntries to vehicle 3 (n_entries=0, leader_commit=2)
14983.6ms Leader 0 SENDING AppendEntries to vehicle 4 (n_entries=2, leader_commit=2)
14983.6ms Leader 0 SENDING AppendEntries to vehicle 5 (n_entries=2, leader_commit=2)
14983.6ms Leader 0 SENDING AppendEntries to vehicle 6 (n_entries=2, leader_commit=2)
14983.6ms Leader 0 SENDING AppendEntries to vehicle 7 (n_entries=0, leader_commit=2)
14983.7ms Vehicle 1 RECEIVED AppendEntries from vehicle 0 (n_entries=0, leader_commit=2)
14984.0ms Vehicle 2 RECEIVED AppendEntries from vehicle 0 (n_entries=0, leader_commit=2)
14984.1ms Vehicle 3 RECEIVED AppendEntries from vehicle 0 (n_entries=0, leader_commit=2)
14990.0ms Vehicle 7 RECEIVED AppendEntries from vehicle 0 (n_entries=0, leader_commit=2)
15.1 Vehicle 1 hasPassed=true (on exit edge 34894202#13)
15100.0ms Vehicle 1 LEFT intersection
15100.0ms Vehicle 1 BROADCASTING vehicle-passed
15100.0ms Vehicle 1 sending vehicle-left (isLeader=0, myBatch=0)
15100.1ms Vehicle 0 RECEIVED vehicle-passed from vehicle 1
15100.1ms Vehicle 9 RECEIVED vehicle-passed from vehicle 1
15100.1ms Vehicle 2 RECEIVED vehicle-passed from vehicle 1
15100.1ms Vehicle 3 RECEIVED vehicle-passed from vehicle 1
15100.1ms Vehicle 7 RECEIVED vehicle-passed from vehicle 1
15100.1ms Vehicle 10 RECEIVED vehicle-passed from vehicle 1
15100.2ms Vehicle 0 RECEIVED vehicle-left from vehicle 1
15100.2ms Leader 0 proposing VEHICLE_LEFT for vehicle 1 (batch=0)
15100.2ms Vehicle 0 doLogOffer entry #3 (len=9)
15100.2ms Leader 0 SENDING AppendEntries to vehicle 2 (n_entries=1, leader_commit=2)
15100.2ms Leader 0 SENDING AppendEntries to vehicle 3 (n_entries=1, leader_commit=2)
15100.2ms Leader 0 SENDING AppendEntries to vehicle 7 (n_entries=1, leader_commit=2)
15100.2ms Vehicle 9 RECEIVED vehicle-left from vehicle 1
15100.2ms Vehicle 2 RECEIVED vehicle-left from vehicle 1
15100.2ms Vehicle 3 RECEIVED vehicle-left from vehicle 1
15100.2ms Vehicle 7 RECEIVED vehicle-left from vehicle 1
15100.6ms Vehicle 2 RECEIVED AppendEntries from vehicle 0 (n_entries=1, leader_commit=2)
15100.6ms Vehicle 2 doLogOffer entry #3 (len=9)
15100.7ms Vehicle 3 RECEIVED AppendEntries from vehicle 0 (n_entries=1, leader_commit=2)
15100.7ms Vehicle 3 doLogOffer entry #3 (len=9)
15101.2ms Vehicle 7 RECEIVED AppendEntries from vehicle 0 (n_entries=1, leader_commit=2)
15101.2ms Vehicle 7 doLogOffer entry #3 (len=9)
15123.6ms Leader 0 SENDING AppendEntries to vehicle 2 (n_entries=0, leader_commit=2)
15123.6ms Leader 0 SENDING AppendEntries to vehicle 3 (n_entries=0, leader_commit=2)
15123.6ms Leader 0 SENDING AppendEntries to vehicle 4 (n_entries=3, leader_commit=2)
15123.6ms Leader 0 SENDING AppendEntries to vehicle 5 (n_entries=3, leader_commit=2)
15123.6ms Leader 0 SENDING AppendEntries to vehicle 6 (n_entries=3, leader_commit=2)
15123.6ms Leader 0 SENDING AppendEntries to vehicle 7 (n_entries=0, leader_commit=2)
15123.7ms Vehicle 2 RECEIVED AppendEntries from vehicle 0 (n_entries=0, leader_commit=2)
15124.2ms Vehicle 3 RECEIVED AppendEntries from vehicle 0 (n_entries=0, leader_commit=2)
15130.3ms Vehicle 7 RECEIVED AppendEntries from vehicle 0 (n_entries=0, leader_commit=2)
15263.5ms Vehicle 9 sendRequestVote called for node 1
15263.5ms Vehicle 9 sendRequestVote called for node 2
15263.5ms Vehicle 9 sendRequestVote called for node 3
15263.5ms Vehicle 9 sendRequestVote called for node 4
15263.5ms Vehicle 9 sendRequestVote called for node 5
15263.5ms Vehicle 9 sendRequestVote called for node 6
15263.5ms Vehicle 9 sendRequestVote called for node 7
15263.5ms Vehicle 9 sendRequestVote called for node 8
15263.6ms Leader 0 SENDING AppendEntries to vehicle 2 (n_entries=0, leader_commit=2)
15263.6ms Leader 0 SENDING AppendEntries to vehicle 3 (n_entries=0, leader_commit=2)
15263.6ms Leader 0 SENDING AppendEntries to vehicle 4 (n_entries=3, leader_commit=2)
15263.6ms Leader 0 SENDING AppendEntries to vehicle 5 (n_entries=3, leader_commit=2)
15263.6ms Leader 0 SENDING AppendEntries to vehicle 6 (n_entries=3, leader_commit=2)
15263.6ms Leader 0 SENDING AppendEntries to vehicle 7 (n_entries=0, leader_commit=2)
15264.2ms Vehicle 2 RECEIVED AppendEntries from vehicle 0 (n_entries=0, leader_commit=2)
15264.9ms Vehicle 3 RECEIVED AppendEntries from vehicle 0 (n_entries=0, leader_commit=2)
15271.1ms Vehicle 7 RECEIVED AppendEntries from vehicle 0 (n_entries=0, leader_commit=2)
15403.6ms Leader 0 SENDING AppendEntries to vehicle 2 (n_entries=0, leader_commit=2)
15403.6ms Leader 0 SENDING AppendEntries to vehicle 3 (n_entries=0, leader_commit=2)
15403.6ms Leader 0 SENDING AppendEntries to vehicle 4 (n_entries=3, leader_commit=2)
15403.6ms Leader 0 SENDING AppendEntries to vehicle 5 (n_entries=3, leader_commit=2)
15403.6ms Leader 0 SENDING AppendEntries to vehicle 6 (n_entries=3, leader_commit=2)
15403.6ms Leader 0 SENDING AppendEntries to vehicle 7 (n_entries=0, leader_commit=2)
15403.7ms Vehicle 2 RECEIVED AppendEntries from vehicle 0 (n_entries=0, leader_commit=2)
15404.0ms Vehicle 3 RECEIVED AppendEntries from vehicle 0 (n_entries=0, leader_commit=2)
15410.1ms Vehicle 7 RECEIVED AppendEntries from vehicle 0 (n_entries=0, leader_commit=2)
15440.8ms Vehicle 10 sendRequestVote called for node 1
15440.8ms Vehicle 10 sendRequestVote called for node 2
15440.8ms Vehicle 10 sendRequestVote called for node 3
15440.8ms Vehicle 10 sendRequestVote called for node 4
15440.8ms Vehicle 10 sendRequestVote called for node 5
15440.8ms Vehicle 10 sendRequestVote called for node 6
15440.8ms Vehicle 10 sendRequestVote called for node 7
15440.8ms Vehicle 10 sendRequestVote called for node 8
15543.6ms Leader 0 SENDING AppendEntries to vehicle 2 (n_entries=0, leader_commit=2)
15543.6ms Leader 0 SENDING AppendEntries to vehicle 3 (n_entries=0, leader_commit=2)
15543.6ms Leader 0 SENDING AppendEntries to vehicle 4 (n_entries=3, leader_commit=2)
15543.6ms Leader 0 SENDING AppendEntries to vehicle 5 (n_entries=3, leader_commit=2)
15543.6ms Leader 0 SENDING AppendEntries to vehicle 6 (n_entries=3, leader_commit=2)
15543.6ms Leader 0 SENDING AppendEntries to vehicle 7 (n_entries=0, leader_commit=2)
15543.7ms Vehicle 2 RECEIVED AppendEntries from vehicle 0 (n_entries=0, leader_commit=2)
15544.0ms Vehicle 3 RECEIVED AppendEntries from vehicle 0 (n_entries=0, leader_commit=2)
15549.4ms Vehicle 7 RECEIVED AppendEntries from vehicle 0 (n_entries=0, leader_commit=2)
15683.6ms Leader 0 SENDING AppendEntries to vehicle 2 (n_entries=0, leader_commit=2)
15683.6ms Leader 0 SENDING AppendEntries to vehicle 3 (n_entries=0, leader_commit=2)
15683.6ms Leader 0 SENDING AppendEntries to vehicle 4 (n_entries=3, leader_commit=2)
15683.6ms Leader 0 SENDING AppendEntries to vehicle 5 (n_entries=3, leader_commit=2)
15683.6ms Leader 0 SENDING AppendEntries to vehicle 6 (n_entries=3, leader_commit=2)
15683.6ms Leader 0 SENDING AppendEntries to vehicle 7 (n_entries=0, leader_commit=2)
15683.7ms Vehicle 2 RECEIVED AppendEntries from vehicle 0 (n_entries=0, leader_commit=2)
15684.0ms Vehicle 3 RECEIVED AppendEntries from vehicle 0 (n_entries=0, leader_commit=2)
15690.6ms Vehicle 7 RECEIVED AppendEntries from vehicle 0 (n_entries=0, leader_commit=2)
15823.6ms Leader 0 SENDING AppendEntries to vehicle 2 (n_entries=0, leader_commit=2)
15823.6ms Leader 0 SENDING AppendEntries to vehicle 3 (n_entries=0, leader_commit=2)
15823.6ms Leader 0 SENDING AppendEntries to vehicle 4 (n_entries=3, leader_commit=2)
15823.6ms Leader 0 SENDING AppendEntries to vehicle 5 (n_entries=3, leader_commit=2)
15823.6ms Leader 0 SENDING AppendEntries to vehicle 6 (n_entries=3, leader_commit=2)
15823.6ms Leader 0 SENDING AppendEntries to vehicle 7 (n_entries=0, leader_commit=2)
15823.7ms Vehicle 2 RECEIVED AppendEntries from vehicle 0 (n_entries=0, leader_commit=2)
15823.8ms Vehicle 3 RECEIVED AppendEntries from vehicle 0 (n_entries=0, leader_commit=2)
15829.0ms Vehicle 7 RECEIVED AppendEntries from vehicle 0 (n_entries=0, leader_commit=2)
15963.6ms Leader 0 SENDING AppendEntries to vehicle 2 (n_entries=0, leader_commit=2)
15963.6ms Leader 0 SENDING AppendEntries to vehicle 3 (n_entries=0, leader_commit=2)
15963.6ms Leader 0 SENDING AppendEntries to vehicle 4 (n_entries=3, leader_commit=2)
15963.6ms Leader 0 SENDING AppendEntries to vehicle 5 (n_entries=3, leader_commit=2)
15963.6ms Leader 0 SENDING AppendEntries to vehicle 6 (n_entries=3, leader_commit=2)
15963.6ms Leader 0 SENDING AppendEntries to vehicle 7 (n_entries=0, leader_commit=2)
15963.7ms Vehicle 2 RECEIVED AppendEntries from vehicle 0 (n_entries=0, leader_commit=2)
15964.2ms Vehicle 3 RECEIVED AppendEntries from vehicle 0 (n_entries=0, leader_commit=2)
15969.5ms Vehicle 7 RECEIVED AppendEntries from vehicle 0 (n_entries=0, leader_commit=2)
15983.5ms Vehicle 9 sendRequestVote called for node 1
15983.5ms Vehicle 9 sendRequestVote called for node 2
15983.5ms Vehicle 9 sendRequestVote called for node 3
15983.5ms Vehicle 9 sendRequestVote called for node 4
15983.5ms Vehicle 9 sendRequestVote called for node 5
15983.5ms Vehicle 9 sendRequestVote called for node 6
15983.5ms Vehicle 9 sendRequestVote called for node 7
15983.5ms Vehicle 9 sendRequestVote called for node 8
16000.8ms Vehicle 10 sendRequestVote called for node 1
16000.8ms Vehicle 10 sendRequestVote called for node 2
16000.8ms Vehicle 10 sendRequestVote called for node 3
16000.8ms Vehicle 10 sendRequestVote called for node 4
16000.8ms Vehicle 10 sendRequestVote called for node 5
16000.8ms Vehicle 10 sendRequestVote called for node 6
16000.8ms Vehicle 10 sendRequestVote called for node 7
16000.8ms Vehicle 10 sendRequestVote called for node 8
16103.6ms Leader 0 SENDING AppendEntries to vehicle 2 (n_entries=0, leader_commit=2)
16103.6ms Leader 0 SENDING AppendEntries to vehicle 3 (n_entries=0, leader_commit=2)
16103.6ms Leader 0 SENDING AppendEntries to vehicle 4 (n_entries=3, leader_commit=2)
16103.6ms Leader 0 SENDING AppendEntries to vehicle 5 (n_entries=3, leader_commit=2)
16103.6ms Leader 0 SENDING AppendEntries to vehicle 6 (n_entries=3, leader_commit=2)
16103.6ms Leader 0 SENDING AppendEntries to vehicle 7 (n_entries=0, leader_commit=2)
16103.7ms Vehicle 2 RECEIVED AppendEntries from vehicle 0 (n_entries=0, leader_commit=2)
16103.9ms Vehicle 3 RECEIVED AppendEntries from vehicle 0 (n_entries=0, leader_commit=2)
16110.0ms Vehicle 7 RECEIVED AppendEntries from vehicle 0 (n_entries=0, leader_commit=2)
16243.6ms Leader 0 SENDING AppendEntries to vehicle 2 (n_entries=0, leader_commit=2)
16243.6ms Leader 0 SENDING AppendEntries to vehicle 3 (n_entries=0, leader_commit=2)
16243.6ms Leader 0 SENDING AppendEntries to vehicle 4 (n_entries=3, leader_commit=2)
16243.6ms Leader 0 SENDING AppendEntries to vehicle 5 (n_entries=3, leader_commit=2)
16243.6ms Leader 0 SENDING AppendEntries to vehicle 6 (n_entries=3, leader_commit=2)
16243.6ms Leader 0 SENDING AppendEntries to vehicle 7 (n_entries=0, leader_commit=2)
16243.7ms Vehicle 2 RECEIVED AppendEntries from vehicle 0 (n_entries=0, leader_commit=2)
16244.1ms Vehicle 3 RECEIVED AppendEntries from vehicle 0 (n_entries=0, leader_commit=2)
16249.8ms Vehicle 7 RECEIVED AppendEntries from vehicle 0 (n_entries=0, leader_commit=2)
16383.6ms Leader 0 SENDING AppendEntries to vehicle 2 (n_entries=0, leader_commit=2)
16383.6ms Leader 0 SENDING AppendEntries to vehicle 3 (n_entries=0, leader_commit=2)
16383.6ms Leader 0 SENDING AppendEntries to vehicle 4 (n_entries=3, leader_commit=2)
16383.6ms Leader 0 SENDING AppendEntries to vehicle 5 (n_entries=3, leader_commit=2)
16383.6ms Leader 0 SENDING AppendEntries to vehicle 6 (n_entries=3, leader_commit=2)
16383.6ms Leader 0 SENDING AppendEntries to vehicle 7 (n_entries=0, leader_commit=2)
16383.7ms Vehicle 2 RECEIVED AppendEntries from vehicle 0 (n_entries=0, leader_commit=2)
16384.0ms Vehicle 3 RECEIVED AppendEntries from vehicle 0 (n_entries=0, leader_commit=2)
16389.9ms Vehicle 7 RECEIVED AppendEntries from vehicle 0 (n_entries=0, leader_commit=2)
16523.6ms Leader 0 SENDING AppendEntries to vehicle 2 (n_entries=0, leader_commit=2)
16523.6ms Leader 0 SENDING AppendEntries to vehicle 3 (n_entries=0, leader_commit=2)
16523.6ms Leader 0 SENDING AppendEntries to vehicle 4 (n_entries=3, leader_commit=2)
16523.6ms Leader 0 SENDING AppendEntries to vehicle 5 (n_entries=3, leader_commit=2)
16523.6ms Leader 0 SENDING AppendEntries to vehicle 6 (n_entries=3, leader_commit=2)
16523.6ms Leader 0 SENDING AppendEntries to vehicle 7 (n_entries=0, leader_commit=2)
16523.7ms Vehicle 2 RECEIVED AppendEntries from vehicle 0 (n_entries=0, leader_commit=2)
16524.1ms Vehicle 3 RECEIVED AppendEntries from vehicle 0 (n_entries=0, leader_commit=2)
16529.9ms Vehicle 7 RECEIVED AppendEntries from vehicle 0 (n_entries=0, leader_commit=2)
16603.5ms Vehicle 9 sendRequestVote called for node 1
16603.5ms Vehicle 9 sendRequestVote called for node 2
16603.5ms Vehicle 9 sendRequestVote called for node 3
16603.5ms Vehicle 9 sendRequestVote called for node 4
16603.5ms Vehicle 9 sendRequestVote called for node 5
16603.5ms Vehicle 9 sendRequestVote called for node 6
16603.5ms Vehicle 9 sendRequestVote called for node 7
16603.5ms Vehicle 9 sendRequestVote called for node 8
16663.6ms Leader 0 SENDING AppendEntries to vehicle 2 (n_entries=0, leader_commit=2)
16663.6ms Leader 0 SENDING AppendEntries to vehicle 3 (n_entries=0, leader_commit=2)
16663.6ms Leader 0 SENDING AppendEntries to vehicle 4 (n_entries=3, leader_commit=2)
16663.6ms Leader 0 SENDING AppendEntries to vehicle 5 (n_entries=3, leader_commit=2)
16663.6ms Leader 0 SENDING AppendEntries to vehicle 6 (n_entries=3, leader_commit=2)
16663.6ms Leader 0 SENDING AppendEntries to vehicle 7 (n_entries=0, leader_commit=2)
16663.7ms Vehicle 2 RECEIVED AppendEntries from vehicle 0 (n_entries=0, leader_commit=2)
16664.2ms Vehicle 3 RECEIVED AppendEntries from vehicle 0 (n_entries=0, leader_commit=2)
16670.0ms Vehicle 7 RECEIVED AppendEntries from vehicle 0 (n_entries=0, leader_commit=2)
16800.0ms Vehicle 9 QUEUED at dist=32.4m speed=1.5m/s
16803.5ms Vehicle 9 RAFT TIMEOUT: 10840.0ms since cluster formed (threshold=8700.0ms)
16803.5ms Vehicle 9 FALLBACK MODE activated
16803.5ms Vehicle 9 RESUMING movement
16803.6ms Leader 0 SENDING AppendEntries to vehicle 2 (n_entries=0, leader_commit=2)
16803.6ms Leader 0 SENDING AppendEntries to vehicle 3 (n_entries=0, leader_commit=2)
16803.6ms Leader 0 SENDING AppendEntries to vehicle 4 (n_entries=3, leader_commit=2)
16803.6ms Leader 0 SENDING AppendEntries to vehicle 5 (n_entries=3, leader_commit=2)
16803.6ms Leader 0 SENDING AppendEntries to vehicle 6 (n_entries=3, leader_commit=2)
16803.6ms Leader 0 SENDING AppendEntries to vehicle 7 (n_entries=0, leader_commit=2)
16803.7ms Vehicle 2 RECEIVED AppendEntries from vehicle 0 (n_entries=0, leader_commit=2)
16804.2ms Vehicle 3 RECEIVED AppendEntries from vehicle 0 (n_entries=0, leader_commit=2)
16809.6ms Vehicle 7 RECEIVED AppendEntries from vehicle 0 (n_entries=0, leader_commit=2)
16943.6ms Leader 0 SENDING AppendEntries to vehicle 2 (n_entries=0, leader_commit=2)
16943.6ms Leader 0 SENDING AppendEntries to vehicle 3 (n_entries=0, leader_commit=2)
16943.6ms Leader 0 SENDING AppendEntries to vehicle 4 (n_entries=3, leader_commit=2)
16943.6ms Leader 0 SENDING AppendEntries to vehicle 5 (n_entries=3, leader_commit=2)
16943.6ms Leader 0 SENDING AppendEntries to vehicle 6 (n_entries=3, leader_commit=2)
16943.6ms Leader 0 SENDING AppendEntries to vehicle 7 (n_entries=0, leader_commit=2)
16943.7ms Vehicle 2 RECEIVED AppendEntries from vehicle 0 (n_entries=0, leader_commit=2)
16944.2ms Vehicle 3 RECEIVED AppendEntries from vehicle 0 (n_entries=0, leader_commit=2)
16950.7ms Vehicle 7 RECEIVED AppendEntries from vehicle 0 (n_entries=0, leader_commit=2)
17083.6ms Leader 0 SENDING AppendEntries to vehicle 2 (n_entries=0, leader_commit=2)
17083.6ms Leader 0 SENDING AppendEntries to vehicle 3 (n_entries=0, leader_commit=2)
17083.6ms Leader 0 SENDING AppendEntries to vehicle 4 (n_entries=3, leader_commit=2)
17083.6ms Leader 0 SENDING AppendEntries to vehicle 5 (n_entries=3, leader_commit=2)
17083.6ms Leader 0 SENDING AppendEntries to vehicle 6 (n_entries=3, leader_commit=2)
17083.6ms Leader 0 SENDING AppendEntries to vehicle 7 (n_entries=0, leader_commit=2)
17083.7ms Vehicle 2 RECEIVED AppendEntries from vehicle 0 (n_entries=0, leader_commit=2)
17084.2ms Vehicle 3 RECEIVED AppendEntries from vehicle 0 (n_entries=0, leader_commit=2)
17089.8ms Vehicle 7 RECEIVED AppendEntries from vehicle 0 (n_entries=0, leader_commit=2)
17223.6ms Leader 0 SENDING AppendEntries to vehicle 2 (n_entries=0, leader_commit=2)
17223.6ms Leader 0 SENDING AppendEntries to vehicle 3 (n_entries=0, leader_commit=2)
17223.6ms Leader 0 SENDING AppendEntries to vehicle 4 (n_entries=3, leader_commit=2)
17223.6ms Leader 0 SENDING AppendEntries to vehicle 5 (n_entries=3, leader_commit=2)
17223.6ms Leader 0 SENDING AppendEntries to vehicle 6 (n_entries=3, leader_commit=2)
17223.6ms Leader 0 SENDING AppendEntries to vehicle 7 (n_entries=0, leader_commit=2)
17223.7ms Vehicle 2 RECEIVED AppendEntries from vehicle 0 (n_entries=0, leader_commit=2)
17223.8ms Vehicle 3 RECEIVED AppendEntries from vehicle 0 (n_entries=0, leader_commit=2)
17229.9ms Vehicle 7 RECEIVED AppendEntries from vehicle 0 (n_entries=0, leader_commit=2)
17363.6ms Leader 0 SENDING AppendEntries to vehicle 2 (n_entries=0, leader_commit=2)
17363.6ms Leader 0 SENDING AppendEntries to vehicle 3 (n_entries=0, leader_commit=2)
17363.6ms Leader 0 SENDING AppendEntries to vehicle 4 (n_entries=3, leader_commit=2)
17363.6ms Leader 0 SENDING AppendEntries to vehicle 5 (n_entries=3, leader_commit=2)
17363.6ms Leader 0 SENDING AppendEntries to vehicle 6 (n_entries=3, leader_commit=2)
17363.6ms Leader 0 SENDING AppendEntries to vehicle 7 (n_entries=0, leader_commit=2)
17363.7ms Vehicle 2 RECEIVED AppendEntries from vehicle 0 (n_entries=0, leader_commit=2)
17369.6ms Vehicle 7 RECEIVED AppendEntries from vehicle 0 (n_entries=0, leader_commit=2)
17503.6ms Leader 0 SENDING AppendEntries to vehicle 2 (n_entries=0, leader_commit=2)
17503.6ms Leader 0 SENDING AppendEntries to vehicle 3 (n_entries=0, leader_commit=2)
17503.6ms Leader 0 SENDING AppendEntries to vehicle 4 (n_entries=3, leader_commit=2)
17503.6ms Leader 0 SENDING AppendEntries to vehicle 5 (n_entries=3, leader_commit=2)
17503.6ms Leader 0 SENDING AppendEntries to vehicle 6 (n_entries=3, leader_commit=2)
17503.6ms Leader 0 SENDING AppendEntries to vehicle 7 (n_entries=0, leader_commit=2)
17503.7ms Vehicle 2 RECEIVED AppendEntries from vehicle 0 (n_entries=0, leader_commit=2)
17504.0ms Vehicle 3 RECEIVED AppendEntries from vehicle 0 (n_entries=0, leader_commit=2)
17510.1ms Vehicle 7 RECEIVED AppendEntries from vehicle 0 (n_entries=0, leader_commit=2)
17643.6ms Leader 0 SENDING AppendEntries to vehicle 2 (n_entries=0, leader_commit=2)
17643.6ms Leader 0 SENDING AppendEntries to vehicle 3 (n_entries=0, leader_commit=2)
17643.6ms Leader 0 SENDING AppendEntries to vehicle 4 (n_entries=3, leader_commit=2)
17643.6ms Leader 0 SENDING AppendEntries to vehicle 5 (n_entries=3, leader_commit=2)
17643.6ms Leader 0 SENDING AppendEntries to vehicle 6 (n_entries=3, leader_commit=2)
17643.6ms Leader 0 SENDING AppendEntries to vehicle 7 (n_entries=0, leader_commit=2)
17643.7ms Vehicle 2 RECEIVED AppendEntries from vehicle 0 (n_entries=0, leader_commit=2)
17644.1ms Vehicle 3 RECEIVED AppendEntries from vehicle 0 (n_entries=0, leader_commit=2)
17649.6ms Vehicle 7 RECEIVED AppendEntries from vehicle 0 (n_entries=0, leader_commit=2)
17783.6ms Leader 0 SENDING AppendEntries to vehicle 2 (n_entries=0, leader_commit=2)
17783.6ms Leader 0 SENDING AppendEntries to vehicle 3 (n_entries=0, leader_commit=2)
17783.6ms Leader 0 SENDING AppendEntries to vehicle 4 (n_entries=3, leader_commit=2)
17783.6ms Leader 0 SENDING AppendEntries to vehicle 5 (n_entries=3, leader_commit=2)
17783.6ms Leader 0 SENDING AppendEntries to vehicle 6 (n_entries=3, leader_commit=2)
17783.6ms Leader 0 SENDING AppendEntries to vehicle 7 (n_entries=0, leader_commit=2)
17783.7ms Vehicle 2 RECEIVED AppendEntries from vehicle 0 (n_entries=0, leader_commit=2)
17784.1ms Vehicle 3 RECEIVED AppendEntries from vehicle 0 (n_entries=0, leader_commit=2)
17789.7ms Vehicle 7 RECEIVED AppendEntries from vehicle 0 (n_entries=0, leader_commit=2)
17923.6ms Leader 0 SENDING AppendEntries to vehicle 2 (n_entries=0, leader_commit=2)
17923.6ms Leader 0 SENDING AppendEntries to vehicle 3 (n_entries=0, leader_commit=2)
17923.6ms Leader 0 SENDING AppendEntries to vehicle 4 (n_entries=3, leader_commit=2)
17923.6ms Leader 0 SENDING AppendEntries to vehicle 5 (n_entries=3, leader_commit=2)
17923.6ms Leader 0 SENDING AppendEntries to vehicle 6 (n_entries=3, leader_commit=2)
17923.6ms Leader 0 SENDING AppendEntries to vehicle 7 (n_entries=0, leader_commit=2)
17923.7ms Vehicle 2 RECEIVED AppendEntries from vehicle 0 (n_entries=0, leader_commit=2)
17923.8ms Vehicle 3 RECEIVED AppendEntries from vehicle 0 (n_entries=0, leader_commit=2)
17930.2ms Vehicle 7 RECEIVED AppendEntries from vehicle 0 (n_entries=0, leader_commit=2)
18063.6ms Leader 0 SENDING AppendEntries to vehicle 2 (n_entries=0, leader_commit=2)
18063.6ms Leader 0 SENDING AppendEntries to vehicle 3 (n_entries=0, leader_commit=2)
18063.6ms Leader 0 SENDING AppendEntries to vehicle 4 (n_entries=3, leader_commit=2)
18063.6ms Leader 0 SENDING AppendEntries to vehicle 5 (n_entries=3, leader_commit=2)
18063.6ms Leader 0 SENDING AppendEntries to vehicle 6 (n_entries=3, leader_commit=2)
18063.6ms Leader 0 SENDING AppendEntries to vehicle 7 (n_entries=0, leader_commit=2)
18063.7ms Vehicle 2 RECEIVED AppendEntries from vehicle 0 (n_entries=0, leader_commit=2)
18064.0ms Vehicle 3 RECEIVED AppendEntries from vehicle 0 (n_entries=0, leader_commit=2)
18069.7ms Vehicle 7 RECEIVED AppendEntries from vehicle 0 (n_entries=0, leader_commit=2)
18203.6ms Leader 0 SENDING AppendEntries to vehicle 2 (n_entries=0, leader_commit=2)
18203.6ms Leader 0 SENDING AppendEntries to vehicle 3 (n_entries=0, leader_commit=2)
18203.6ms Leader 0 SENDING AppendEntries to vehicle 4 (n_entries=3, leader_commit=2)
18203.6ms Leader 0 SENDING AppendEntries to vehicle 5 (n_entries=3, leader_commit=2)
18203.6ms Leader 0 SENDING AppendEntries to vehicle 6 (n_entries=3, leader_commit=2)
18203.6ms Leader 0 SENDING AppendEntries to vehicle 7 (n_entries=0, leader_commit=2)
18203.7ms Vehicle 2 RECEIVED AppendEntries from vehicle 0 (n_entries=0, leader_commit=2)
18204.0ms Vehicle 3 RECEIVED AppendEntries from vehicle 0 (n_entries=0, leader_commit=2)
18210.1ms Vehicle 7 RECEIVED AppendEntries from vehicle 0 (n_entries=0, leader_commit=2)
18343.6ms Leader 0 SENDING AppendEntries to vehicle 2 (n_entries=0, leader_commit=2)
18343.6ms Leader 0 SENDING AppendEntries to vehicle 3 (n_entries=0, leader_commit=2)
18343.6ms Leader 0 SENDING AppendEntries to vehicle 4 (n_entries=3, leader_commit=2)
18343.6ms Leader 0 SENDING AppendEntries to vehicle 5 (n_entries=3, leader_commit=2)
18343.6ms Leader 0 SENDING AppendEntries to vehicle 6 (n_entries=3, leader_commit=2)
18343.6ms Leader 0 SENDING AppendEntries to vehicle 7 (n_entries=0, leader_commit=2)
18343.7ms Vehicle 2 RECEIVED AppendEntries from vehicle 0 (n_entries=0, leader_commit=2)
18343.8ms Vehicle 3 RECEIVED AppendEntries from vehicle 0 (n_entries=0, leader_commit=2)
18349.8ms Vehicle 7 RECEIVED AppendEntries from vehicle 0 (n_entries=0, leader_commit=2)
18483.6ms Leader 0 SENDING AppendEntries to vehicle 2 (n_entries=0, leader_commit=2)
18483.6ms Leader 0 SENDING AppendEntries to vehicle 3 (n_entries=0, leader_commit=2)
18483.6ms Leader 0 SENDING AppendEntries to vehicle 4 (n_entries=3, leader_commit=2)
18483.6ms Leader 0 SENDING AppendEntries to vehicle 5 (n_entries=3, leader_commit=2)
18483.6ms Leader 0 SENDING AppendEntries to vehicle 6 (n_entries=3, leader_commit=2)
18483.6ms Leader 0 SENDING AppendEntries to vehicle 7 (n_entries=0, leader_commit=2)
18483.7ms Vehicle 2 RECEIVED AppendEntries from vehicle 0 (n_entries=0, leader_commit=2)
18484.1ms Vehicle 3 RECEIVED AppendEntries from vehicle 0 (n_entries=0, leader_commit=2)
18490.1ms Vehicle 7 RECEIVED AppendEntries from vehicle 0 (n_entries=0, leader_commit=2)
18623.6ms Leader 0 SENDING AppendEntries to vehicle 2 (n_entries=0, leader_commit=2)
18623.6ms Leader 0 SENDING AppendEntries to vehicle 3 (n_entries=0, leader_commit=2)
18623.6ms Leader 0 SENDING AppendEntries to vehicle 4 (n_entries=3, leader_commit=2)
18623.6ms Leader 0 SENDING AppendEntries to vehicle 5 (n_entries=3, leader_commit=2)
18623.6ms Leader 0 SENDING AppendEntries to vehicle 6 (n_entries=3, leader_commit=2)
18623.6ms Leader 0 SENDING AppendEntries to vehicle 7 (n_entries=0, leader_commit=2)
18624.1ms Vehicle 3 RECEIVED AppendEntries from vehicle 0 (n_entries=0, leader_commit=2)
18629.6ms Vehicle 7 RECEIVED AppendEntries from vehicle 0 (n_entries=0, leader_commit=2)
18763.6ms Leader 0 SENDING AppendEntries to vehicle 2 (n_entries=0, leader_commit=2)
18763.6ms Leader 0 SENDING AppendEntries to vehicle 3 (n_entries=0, leader_commit=2)
18763.6ms Leader 0 SENDING AppendEntries to vehicle 4 (n_entries=3, leader_commit=2)
18763.6ms Leader 0 SENDING AppendEntries to vehicle 5 (n_entries=3, leader_commit=2)
18763.6ms Leader 0 SENDING AppendEntries to vehicle 6 (n_entries=3, leader_commit=2)
18763.6ms Leader 0 SENDING AppendEntries to vehicle 7 (n_entries=0, leader_commit=2)
18763.7ms Vehicle 2 RECEIVED AppendEntries from vehicle 0 (n_entries=0, leader_commit=2)
18764.0ms Vehicle 3 RECEIVED AppendEntries from vehicle 0 (n_entries=0, leader_commit=2)
18770.3ms Vehicle 7 RECEIVED AppendEntries from vehicle 0 (n_entries=0, leader_commit=2)
18903.6ms Leader 0 SENDING AppendEntries to vehicle 2 (n_entries=0, leader_commit=2)
18903.6ms Leader 0 SENDING AppendEntries to vehicle 3 (n_entries=0, leader_commit=2)
18903.6ms Leader 0 SENDING AppendEntries to vehicle 4 (n_entries=3, leader_commit=2)
18903.6ms Leader 0 SENDING AppendEntries to vehicle 5 (n_entries=3, leader_commit=2)
18903.6ms Leader 0 SENDING AppendEntries to vehicle 6 (n_entries=3, leader_commit=2)
18903.6ms Leader 0 SENDING AppendEntries to vehicle 7 (n_entries=0, leader_commit=2)
18903.7ms Vehicle 2 RECEIVED AppendEntries from vehicle 0 (n_entries=0, leader_commit=2)
18903.8ms Vehicle 3 RECEIVED AppendEntries from vehicle 0 (n_entries=0, leader_commit=2)
18909.5ms Vehicle 7 RECEIVED AppendEntries from vehicle 0 (n_entries=0, leader_commit=2)
19043.6ms Leader 0 SENDING AppendEntries to vehicle 2 (n_entries=0, leader_commit=2)
19043.6ms Leader 0 SENDING AppendEntries to vehicle 3 (n_entries=0, leader_commit=2)
19043.6ms Leader 0 SENDING AppendEntries to vehicle 4 (n_entries=3, leader_commit=2)
19043.6ms Leader 0 SENDING AppendEntries to vehicle 5 (n_entries=3, leader_commit=2)
19043.6ms Leader 0 SENDING AppendEntries to vehicle 6 (n_entries=3, leader_commit=2)
19043.6ms Leader 0 SENDING AppendEntries to vehicle 7 (n_entries=0, leader_commit=2)
19043.7ms Vehicle 2 RECEIVED AppendEntries from vehicle 0 (n_entries=0, leader_commit=2)
19044.0ms Vehicle 3 RECEIVED AppendEntries from vehicle 0 (n_entries=0, leader_commit=2)
19049.2ms Vehicle 7 RECEIVED AppendEntries from vehicle 0 (n_entries=0, leader_commit=2)
19183.6ms Leader 0 SENDING AppendEntries to vehicle 2 (n_entries=0, leader_commit=2)
19183.6ms Leader 0 SENDING AppendEntries to vehicle 3 (n_entries=0, leader_commit=2)
19183.6ms Leader 0 SENDING AppendEntries to vehicle 4 (n_entries=3, leader_commit=2)
19183.6ms Leader 0 SENDING AppendEntries to vehicle 5 (n_entries=3, leader_commit=2)
19183.6ms Leader 0 SENDING AppendEntries to vehicle 6 (n_entries=3, leader_commit=2)
19183.6ms Leader 0 SENDING AppendEntries to vehicle 7 (n_entries=0, leader_commit=2)
19183.7ms Vehicle 2 RECEIVED AppendEntries from vehicle 0 (n_entries=0, leader_commit=2)
19184.2ms Vehicle 3 RECEIVED AppendEntries from vehicle 0 (n_entries=0, leader_commit=2)
19189.9ms Vehicle 7 RECEIVED AppendEntries from vehicle 0 (n_entries=0, leader_commit=2)
19323.6ms Leader 0 SENDING AppendEntries to vehicle 2 (n_entries=0, leader_commit=2)
19323.6ms Leader 0 SENDING AppendEntries to vehicle 3 (n_entries=0, leader_commit=2)
19323.6ms Leader 0 SENDING AppendEntries to vehicle 4 (n_entries=3, leader_commit=2)
19323.6ms Leader 0 SENDING AppendEntries to vehicle 5 (n_entries=3, leader_commit=2)
19323.6ms Leader 0 SENDING AppendEntries to vehicle 6 (n_entries=3, leader_commit=2)
19323.6ms Leader 0 SENDING AppendEntries to vehicle 7 (n_entries=0, leader_commit=2)
19323.7ms Vehicle 2 RECEIVED AppendEntries from vehicle 0 (n_entries=0, leader_commit=2)
19324.1ms Vehicle 3 RECEIVED AppendEntries from vehicle 0 (n_entries=0, leader_commit=2)
19329.8ms Vehicle 7 RECEIVED AppendEntries from vehicle 0 (n_entries=0, leader_commit=2)
19463.6ms Leader 0 SENDING AppendEntries to vehicle 2 (n_entries=0, leader_commit=2)
19463.6ms Leader 0 SENDING AppendEntries to vehicle 3 (n_entries=0, leader_commit=2)
19463.6ms Leader 0 SENDING AppendEntries to vehicle 4 (n_entries=3, leader_commit=2)
19463.6ms Leader 0 SENDING AppendEntries to vehicle 5 (n_entries=3, leader_commit=2)
19463.6ms Leader 0 SENDING AppendEntries to vehicle 6 (n_entries=3, leader_commit=2)
19463.6ms Leader 0 SENDING AppendEntries to vehicle 7 (n_entries=0, leader_commit=2)
19463.7ms Vehicle 2 RECEIVED AppendEntries from vehicle 0 (n_entries=0, leader_commit=2)
19464.1ms Vehicle 3 RECEIVED AppendEntries from vehicle 0 (n_entries=0, leader_commit=2)
19469.9ms Vehicle 7 RECEIVED AppendEntries from vehicle 0 (n_entries=0, leader_commit=2)
19603.6ms Leader 0 SENDING AppendEntries to vehicle 2 (n_entries=0, leader_commit=2)
19603.6ms Leader 0 SENDING AppendEntries to vehicle 3 (n_entries=0, leader_commit=2)
19603.6ms Leader 0 SENDING AppendEntries to vehicle 4 (n_entries=3, leader_commit=2)
19603.6ms Leader 0 SENDING AppendEntries to vehicle 5 (n_entries=3, leader_commit=2)
19603.6ms Leader 0 SENDING AppendEntries to vehicle 6 (n_entries=3, leader_commit=2)
19603.6ms Leader 0 SENDING AppendEntries to vehicle 7 (n_entries=0, leader_commit=2)
19603.7ms Vehicle 2 RECEIVED AppendEntries from vehicle 0 (n_entries=0, leader_commit=2)
19604.2ms Vehicle 3 RECEIVED AppendEntries from vehicle 0 (n_entries=0, leader_commit=2)
19609.7ms Vehicle 7 RECEIVED AppendEntries from vehicle 0 (n_entries=0, leader_commit=2)
19743.6ms Leader 0 SENDING AppendEntries to vehicle 2 (n_entries=0, leader_commit=2)
19743.6ms Leader 0 SENDING AppendEntries to vehicle 3 (n_entries=0, leader_commit=2)
19743.6ms Leader 0 SENDING AppendEntries to vehicle 4 (n_entries=3, leader_commit=2)
19743.6ms Leader 0 SENDING AppendEntries to vehicle 5 (n_entries=3, leader_commit=2)
19743.6ms Leader 0 SENDING AppendEntries to vehicle 6 (n_entries=3, leader_commit=2)
19743.6ms Leader 0 SENDING AppendEntries to vehicle 7 (n_entries=0, leader_commit=2)
19743.7ms Vehicle 2 RECEIVED AppendEntries from vehicle 0 (n_entries=0, leader_commit=2)
19743.9ms Vehicle 3 RECEIVED AppendEntries from vehicle 0 (n_entries=0, leader_commit=2)
19750.0ms Vehicle 7 RECEIVED AppendEntries from vehicle 0 (n_entries=0, leader_commit=2)
19883.6ms Leader 0 SENDING AppendEntries to vehicle 2 (n_entries=0, leader_commit=2)
19883.6ms Leader 0 SENDING AppendEntries to vehicle 3 (n_entries=0, leader_commit=2)
19883.6ms Leader 0 SENDING AppendEntries to vehicle 4 (n_entries=3, leader_commit=2)
19883.6ms Leader 0 SENDING AppendEntries to vehicle 5 (n_entries=3, leader_commit=2)
19883.6ms Leader 0 SENDING AppendEntries to vehicle 6 (n_entries=3, leader_commit=2)
19883.6ms Leader 0 SENDING AppendEntries to vehicle 7 (n_entries=0, leader_commit=2)
19883.7ms Vehicle 2 RECEIVED AppendEntries from vehicle 0 (n_entries=0, leader_commit=2)
19883.9ms Vehicle 3 RECEIVED AppendEntries from vehicle 0 (n_entries=0, leader_commit=2)
19889.0ms Vehicle 7 RECEIVED AppendEntries from vehicle 0 (n_entries=0, leader_commit=2)
20023.6ms Leader 0 SENDING AppendEntries to vehicle 2 (n_entries=0, leader_commit=2)
20023.6ms Leader 0 SENDING AppendEntries to vehicle 3 (n_entries=0, leader_commit=2)
20023.6ms Leader 0 SENDING AppendEntries to vehicle 4 (n_entries=3, leader_commit=2)
20023.6ms Leader 0 SENDING AppendEntries to vehicle 5 (n_entries=3, leader_commit=2)
20023.6ms Leader 0 SENDING AppendEntries to vehicle 6 (n_entries=3, leader_commit=2)
20023.6ms Leader 0 SENDING AppendEntries to vehicle 7 (n_entries=0, leader_commit=2)
20023.7ms Vehicle 2 RECEIVED AppendEntries from vehicle 0 (n_entries=0, leader_commit=2)
20024.1ms Vehicle 3 RECEIVED AppendEntries from vehicle 0 (n_entries=0, leader_commit=2)
20030.0ms Vehicle 7 RECEIVED AppendEntries from vehicle 0 (n_entries=0, leader_commit=2)
20163.6ms Leader 0 SENDING AppendEntries to vehicle 2 (n_entries=0, leader_commit=2)
20163.6ms Leader 0 SENDING AppendEntries to vehicle 3 (n_entries=0, leader_commit=2)
20163.6ms Leader 0 SENDING AppendEntries to vehicle 4 (n_entries=3, leader_commit=2)
20163.6ms Leader 0 SENDING AppendEntries to vehicle 5 (n_entries=3, leader_commit=2)
20163.6ms Leader 0 SENDING AppendEntries to vehicle 6 (n_entries=3, leader_commit=2)
20163.6ms Leader 0 SENDING AppendEntries to vehicle 7 (n_entries=0, leader_commit=2)
20163.7ms Vehicle 2 RECEIVED AppendEntries from vehicle 0 (n_entries=0, leader_commit=2)
20164.1ms Vehicle 3 RECEIVED AppendEntries from vehicle 0 (n_entries=0, leader_commit=2)
20170.0ms Vehicle 7 RECEIVED AppendEntries from vehicle 0 (n_entries=0, leader_commit=2)
20303.6ms Leader 0 SENDING AppendEntries to vehicle 2 (n_entries=0, leader_commit=2)
20303.6ms Leader 0 SENDING AppendEntries to vehicle 3 (n_entries=0, leader_commit=2)
20303.6ms Leader 0 SENDING AppendEntries to vehicle 4 (n_entries=3, leader_commit=2)
20303.6ms Leader 0 SENDING AppendEntries to vehicle 5 (n_entries=3, leader_commit=2)
20303.6ms Leader 0 SENDING AppendEntries to vehicle 6 (n_entries=3, leader_commit=2)
20303.6ms Leader 0 SENDING AppendEntries to vehicle 7 (n_entries=0, leader_commit=2)
20303.7ms Vehicle 2 RECEIVED AppendEntries from vehicle 0 (n_entries=0, leader_commit=2)
20304.1ms Vehicle 3 RECEIVED AppendEntries from vehicle 0 (n_entries=0, leader_commit=2)
20310.2ms Vehicle 7 RECEIVED AppendEntries from vehicle 0 (n_entries=0, leader_commit=2)
20443.6ms Leader 0 SENDING AppendEntries to vehicle 2 (n_entries=0, leader_commit=2)
20443.6ms Leader 0 SENDING AppendEntries to vehicle 3 (n_entries=0, leader_commit=2)
20443.6ms Leader 0 SENDING AppendEntries to vehicle 4 (n_entries=3, leader_commit=2)
20443.6ms Leader 0 SENDING AppendEntries to vehicle 5 (n_entries=3, leader_commit=2)
20443.6ms Leader 0 SENDING AppendEntries to vehicle 6 (n_entries=3, leader_commit=2)
20443.6ms Leader 0 SENDING AppendEntries to vehicle 7 (n_entries=0, leader_commit=2)
20443.7ms Vehicle 2 RECEIVED AppendEntries from vehicle 0 (n_entries=0, leader_commit=2)
20443.9ms Vehicle 3 RECEIVED AppendEntries from vehicle 0 (n_entries=0, leader_commit=2)
20450.2ms Vehicle 7 RECEIVED AppendEntries from vehicle 0 (n_entries=0, leader_commit=2)
20583.6ms Leader 0 SENDING AppendEntries to vehicle 2 (n_entries=0, leader_commit=2)
20583.6ms Leader 0 SENDING AppendEntries to vehicle 3 (n_entries=0, leader_commit=2)
20583.6ms Leader 0 SENDING AppendEntries to vehicle 4 (n_entries=3, leader_commit=2)
20583.6ms Leader 0 SENDING AppendEntries to vehicle 5 (n_entries=3, leader_commit=2)
20583.6ms Leader 0 SENDING AppendEntries to vehicle 6 (n_entries=3, leader_commit=2)
20583.6ms Leader 0 SENDING AppendEntries to vehicle 7 (n_entries=0, leader_commit=2)
20583.7ms Vehicle 2 RECEIVED AppendEntries from vehicle 0 (n_entries=0, leader_commit=2)
20584.0ms Vehicle 3 RECEIVED AppendEntries from vehicle 0 (n_entries=0, leader_commit=2)
20589.7ms Vehicle 7 RECEIVED AppendEntries from vehicle 0 (n_entries=0, leader_commit=2)
20723.6ms Leader 0 SENDING AppendEntries to vehicle 2 (n_entries=0, leader_commit=2)
20723.6ms Leader 0 SENDING AppendEntries to vehicle 3 (n_entries=0, leader_commit=2)
20723.6ms Leader 0 SENDING AppendEntries to vehicle 4 (n_entries=3, leader_commit=2)
20723.6ms Leader 0 SENDING AppendEntries to vehicle 5 (n_entries=3, leader_commit=2)
20723.6ms Leader 0 SENDING AppendEntries to vehicle 6 (n_entries=3, leader_commit=2)
20723.6ms Leader 0 SENDING AppendEntries to vehicle 7 (n_entries=0, leader_commit=2)
20723.7ms Vehicle 2 RECEIVED AppendEntries from vehicle 0 (n_entries=0, leader_commit=2)
20723.8ms Vehicle 3 RECEIVED AppendEntries from vehicle 0 (n_entries=0, leader_commit=2)
20729.3ms Vehicle 7 RECEIVED AppendEntries from vehicle 0 (n_entries=0, leader_commit=2)
20863.6ms Leader 0 SENDING AppendEntries to vehicle 2 (n_entries=0, leader_commit=2)
20863.6ms Leader 0 SENDING AppendEntries to vehicle 3 (n_entries=0, leader_commit=2)
20863.6ms Leader 0 SENDING AppendEntries to vehicle 4 (n_entries=3, leader_commit=2)
20863.6ms Leader 0 SENDING AppendEntries to vehicle 5 (n_entries=3, leader_commit=2)
20863.6ms Leader 0 SENDING AppendEntries to vehicle 6 (n_entries=3, leader_commit=2)
20863.6ms Leader 0 SENDING AppendEntries to vehicle 7 (n_entries=0, leader_commit=2)
20863.7ms Vehicle 2 RECEIVED AppendEntries from vehicle 0 (n_entries=0, leader_commit=2)
20864.1ms Vehicle 3 RECEIVED AppendEntries from vehicle 0 (n_entries=0, leader_commit=2)
20870.1ms Vehicle 7 RECEIVED AppendEntries from vehicle 0 (n_entries=0, leader_commit=2)
21003.6ms Leader 0 SENDING AppendEntries to vehicle 2 (n_entries=0, leader_commit=2)
21003.6ms Leader 0 SENDING AppendEntries to vehicle 3 (n_entries=0, leader_commit=2)
21003.6ms Leader 0 SENDING AppendEntries to vehicle 4 (n_entries=3, leader_commit=2)
21003.6ms Leader 0 SENDING AppendEntries to vehicle 5 (n_entries=3, leader_commit=2)
21003.6ms Leader 0 SENDING AppendEntries to vehicle 6 (n_entries=3, leader_commit=2)
21003.6ms Leader 0 SENDING AppendEntries to vehicle 7 (n_entries=0, leader_commit=2)
21003.7ms Vehicle 2 RECEIVED AppendEntries from vehicle 0 (n_entries=0, leader_commit=2)
21004.1ms Vehicle 3 RECEIVED AppendEntries from vehicle 0 (n_entries=0, leader_commit=2)
21009.9ms Vehicle 7 RECEIVED AppendEntries from vehicle 0 (n_entries=0, leader_commit=2)
21143.6ms Leader 0 SENDING AppendEntries to vehicle 2 (n_entries=0, leader_commit=2)
21143.6ms Leader 0 SENDING AppendEntries to vehicle 3 (n_entries=0, leader_commit=2)
21143.6ms Leader 0 SENDING AppendEntries to vehicle 4 (n_entries=3, leader_commit=2)
21143.6ms Leader 0 SENDING AppendEntries to vehicle 5 (n_entries=3, leader_commit=2)
21143.6ms Leader 0 SENDING AppendEntries to vehicle 6 (n_entries=3, leader_commit=2)
21143.6ms Leader 0 SENDING AppendEntries to vehicle 7 (n_entries=0, leader_commit=2)
21143.7ms Vehicle 2 RECEIVED AppendEntries from vehicle 0 (n_entries=0, leader_commit=2)
21144.1ms Vehicle 3 RECEIVED AppendEntries from vehicle 0 (n_entries=0, leader_commit=2)
21149.7ms Vehicle 7 RECEIVED AppendEntries from vehicle 0 (n_entries=0, leader_commit=2)
21283.6ms Leader 0 SENDING AppendEntries to vehicle 2 (n_entries=0, leader_commit=2)
21283.6ms Leader 0 SENDING AppendEntries to vehicle 3 (n_entries=0, leader_commit=2)
21283.6ms Leader 0 SENDING AppendEntries to vehicle 4 (n_entries=3, leader_commit=2)
21283.6ms Leader 0 SENDING AppendEntries to vehicle 5 (n_entries=3, leader_commit=2)
21283.6ms Leader 0 SENDING AppendEntries to vehicle 6 (n_entries=3, leader_commit=2)
21283.6ms Leader 0 SENDING AppendEntries to vehicle 7 (n_entries=0, leader_commit=2)
21283.7ms Vehicle 2 RECEIVED AppendEntries from vehicle 0 (n_entries=0, leader_commit=2)
21284.1ms Vehicle 3 RECEIVED AppendEntries from vehicle 0 (n_entries=0, leader_commit=2)
21289.6ms Vehicle 7 RECEIVED AppendEntries from vehicle 0 (n_entries=0, leader_commit=2)
21423.6ms Leader 0 SENDING AppendEntries to vehicle 2 (n_entries=0, leader_commit=2)
21423.6ms Leader 0 SENDING AppendEntries to vehicle 3 (n_entries=0, leader_commit=2)
21423.6ms Leader 0 SENDING AppendEntries to vehicle 4 (n_entries=3, leader_commit=2)
21423.6ms Leader 0 SENDING AppendEntries to vehicle 5 (n_entries=3, leader_commit=2)
21423.6ms Leader 0 SENDING AppendEntries to vehicle 6 (n_entries=3, leader_commit=2)
21423.6ms Leader 0 SENDING AppendEntries to vehicle 7 (n_entries=0, leader_commit=2)
21423.7ms Vehicle 2 RECEIVED AppendEntries from vehicle 0 (n_entries=0, leader_commit=2)
21424.1ms Vehicle 3 RECEIVED AppendEntries from vehicle 0 (n_entries=0, leader_commit=2)
21429.6ms Vehicle 7 RECEIVED AppendEntries from vehicle 0 (n_entries=0, leader_commit=2)
21563.6ms Leader 0 SENDING AppendEntries to vehicle 2 (n_entries=0, leader_commit=2)
21563.6ms Leader 0 SENDING AppendEntries to vehicle 3 (n_entries=0, leader_commit=2)
21563.6ms Leader 0 SENDING AppendEntries to vehicle 4 (n_entries=3, leader_commit=2)
21563.6ms Leader 0 SENDING AppendEntries to vehicle 5 (n_entries=3, leader_commit=2)
21563.6ms Leader 0 SENDING AppendEntries to vehicle 6 (n_entries=3, leader_commit=2)
21563.6ms Leader 0 SENDING AppendEntries to vehicle 7 (n_entries=0, leader_commit=2)
21563.7ms Vehicle 2 RECEIVED AppendEntries from vehicle 0 (n_entries=0, leader_commit=2)
21564.2ms Vehicle 3 RECEIVED AppendEntries from vehicle 0 (n_entries=0, leader_commit=2)
21570.7ms Vehicle 7 RECEIVED AppendEntries from vehicle 0 (n_entries=0, leader_commit=2)
21703.6ms Leader 0 SENDING AppendEntries to vehicle 2 (n_entries=0, leader_commit=2)
21703.6ms Leader 0 SENDING AppendEntries to vehicle 3 (n_entries=0, leader_commit=2)
21703.6ms Leader 0 SENDING AppendEntries to vehicle 4 (n_entries=3, leader_commit=2)
21703.6ms Leader 0 SENDING AppendEntries to vehicle 5 (n_entries=3, leader_commit=2)
21703.6ms Leader 0 SENDING AppendEntries to vehicle 6 (n_entries=3, leader_commit=2)
21703.6ms Leader 0 SENDING AppendEntries to vehicle 7 (n_entries=0, leader_commit=2)
21703.7ms Vehicle 2 RECEIVED AppendEntries from vehicle 0 (n_entries=0, leader_commit=2)
21703.8ms Vehicle 3 RECEIVED AppendEntries from vehicle 0 (n_entries=0, leader_commit=2)
21710.3ms Vehicle 7 RECEIVED AppendEntries from vehicle 0 (n_entries=0, leader_commit=2)
21843.6ms Leader 0 SENDING AppendEntries to vehicle 2 (n_entries=0, leader_commit=2)
21843.6ms Leader 0 SENDING AppendEntries to vehicle 3 (n_entries=0, leader_commit=2)
21843.6ms Leader 0 SENDING AppendEntries to vehicle 4 (n_entries=3, leader_commit=2)
21843.6ms Leader 0 SENDING AppendEntries to vehicle 5 (n_entries=3, leader_commit=2)
21843.6ms Leader 0 SENDING AppendEntries to vehicle 6 (n_entries=3, leader_commit=2)
21843.6ms Leader 0 SENDING AppendEntries to vehicle 7 (n_entries=0, leader_commit=2)
21843.7ms Vehicle 2 RECEIVED AppendEntries from vehicle 0 (n_entries=0, leader_commit=2)
21844.0ms Vehicle 3 RECEIVED AppendEntries from vehicle 0 (n_entries=0, leader_commit=2)
21849.9ms Vehicle 7 RECEIVED AppendEntries from vehicle 0 (n_entries=0, leader_commit=2)
21983.6ms Leader 0 SENDING AppendEntries to vehicle 2 (n_entries=0, leader_commit=2)
21983.6ms Leader 0 SENDING AppendEntries to vehicle 3 (n_entries=0, leader_commit=2)
21983.6ms Leader 0 SENDING AppendEntries to vehicle 4 (n_entries=3, leader_commit=2)
21983.6ms Leader 0 SENDING AppendEntries to vehicle 5 (n_entries=3, leader_commit=2)
21983.6ms Leader 0 SENDING AppendEntries to vehicle 6 (n_entries=3, leader_commit=2)
21983.6ms Leader 0 SENDING AppendEntries to vehicle 7 (n_entries=0, leader_commit=2)
21983.7ms Vehicle 2 RECEIVED AppendEntries from vehicle 0 (n_entries=0, leader_commit=2)
21983.8ms Vehicle 3 RECEIVED AppendEntries from vehicle 0 (n_entries=0, leader_commit=2)
21989.9ms Vehicle 7 RECEIVED AppendEntries from vehicle 0 (n_entries=0, leader_commit=2)
22123.6ms Leader 0 SENDING AppendEntries to vehicle 2 (n_entries=0, leader_commit=2)
22123.6ms Leader 0 SENDING AppendEntries to vehicle 3 (n_entries=0, leader_commit=2)
22123.6ms Leader 0 SENDING AppendEntries to vehicle 4 (n_entries=3, leader_commit=2)
22123.6ms Leader 0 SENDING AppendEntries to vehicle 5 (n_entries=3, leader_commit=2)
22123.6ms Leader 0 SENDING AppendEntries to vehicle 6 (n_entries=3, leader_commit=2)
22123.6ms Leader 0 SENDING AppendEntries to vehicle 7 (n_entries=0, leader_commit=2)
22123.7ms Vehicle 2 RECEIVED AppendEntries from vehicle 0 (n_entries=0, leader_commit=2)
22123.9ms Vehicle 3 RECEIVED AppendEntries from vehicle 0 (n_entries=0, leader_commit=2)
22130.5ms Vehicle 7 RECEIVED AppendEntries from vehicle 0 (n_entries=0, leader_commit=2)
22263.6ms Leader 0 SENDING AppendEntries to vehicle 2 (n_entries=0, leader_commit=2)
22263.6ms Leader 0 SENDING AppendEntries to vehicle 3 (n_entries=0, leader_commit=2)
22263.6ms Leader 0 SENDING AppendEntries to vehicle 4 (n_entries=3, leader_commit=2)
22263.6ms Leader 0 SENDING AppendEntries to vehicle 5 (n_entries=3, leader_commit=2)
22263.6ms Leader 0 SENDING AppendEntries to vehicle 6 (n_entries=3, leader_commit=2)
22263.6ms Leader 0 SENDING AppendEntries to vehicle 7 (n_entries=0, leader_commit=2)
22263.7ms Vehicle 2 RECEIVED AppendEntries from vehicle 0 (n_entries=0, leader_commit=2)
22264.1ms Vehicle 3 RECEIVED AppendEntries from vehicle 0 (n_entries=0, leader_commit=2)
22270.7ms Vehicle 7 RECEIVED AppendEntries from vehicle 0 (n_entries=0, leader_commit=2)
22403.6ms Leader 0 SENDING AppendEntries to vehicle 2 (n_entries=0, leader_commit=2)
22403.6ms Leader 0 SENDING AppendEntries to vehicle 3 (n_entries=0, leader_commit=2)
22403.6ms Leader 0 SENDING AppendEntries to vehicle 4 (n_entries=3, leader_commit=2)
22403.6ms Leader 0 SENDING AppendEntries to vehicle 5 (n_entries=3, leader_commit=2)
22403.6ms Leader 0 SENDING AppendEntries to vehicle 6 (n_entries=3, leader_commit=2)
22403.6ms Leader 0 SENDING AppendEntries to vehicle 7 (n_entries=0, leader_commit=2)
22403.7ms Vehicle 2 RECEIVED AppendEntries from vehicle 0 (n_entries=0, leader_commit=2)
22404.1ms Vehicle 3 RECEIVED AppendEntries from vehicle 0 (n_entries=0, leader_commit=2)
22410.1ms Vehicle 7 RECEIVED AppendEntries from vehicle 0 (n_entries=0, leader_commit=2)
22543.6ms Leader 0 SENDING AppendEntries to vehicle 2 (n_entries=0, leader_commit=2)
22543.6ms Leader 0 SENDING AppendEntries to vehicle 3 (n_entries=0, leader_commit=2)
22543.6ms Leader 0 SENDING AppendEntries to vehicle 4 (n_entries=3, leader_commit=2)
22543.6ms Leader 0 SENDING AppendEntries to vehicle 5 (n_entries=3, leader_commit=2)
22543.6ms Leader 0 SENDING AppendEntries to vehicle 6 (n_entries=3, leader_commit=2)
22543.6ms Leader 0 SENDING AppendEntries to vehicle 7 (n_entries=0, leader_commit=2)
22543.7ms Vehicle 2 RECEIVED AppendEntries from vehicle 0 (n_entries=0, leader_commit=2)
22544.0ms Vehicle 3 RECEIVED AppendEntries from vehicle 0 (n_entries=0, leader_commit=2)
22550.0ms Vehicle 7 RECEIVED AppendEntries from vehicle 0 (n_entries=0, leader_commit=2)
22683.6ms Leader 0 SENDING AppendEntries to vehicle 2 (n_entries=0, leader_commit=2)
22683.6ms Leader 0 SENDING AppendEntries to vehicle 3 (n_entries=0, leader_commit=2)
22683.6ms Leader 0 SENDING AppendEntries to vehicle 4 (n_entries=3, leader_commit=2)
22683.6ms Leader 0 SENDING AppendEntries to vehicle 5 (n_entries=3, leader_commit=2)
22683.6ms Leader 0 SENDING AppendEntries to vehicle 6 (n_entries=3, leader_commit=2)
22683.6ms Leader 0 SENDING AppendEntries to vehicle 7 (n_entries=0, leader_commit=2)
22683.7ms Vehicle 2 RECEIVED AppendEntries from vehicle 0 (n_entries=0, leader_commit=2)
22683.9ms Vehicle 3 RECEIVED AppendEntries from vehicle 0 (n_entries=0, leader_commit=2)
22690.0ms Vehicle 7 RECEIVED AppendEntries from vehicle 0 (n_entries=0, leader_commit=2)
22823.6ms Leader 0 SENDING AppendEntries to vehicle 2 (n_entries=0, leader_commit=2)
22823.6ms Leader 0 SENDING AppendEntries to vehicle 3 (n_entries=0, leader_commit=2)
22823.6ms Leader 0 SENDING AppendEntries to vehicle 4 (n_entries=3, leader_commit=2)
22823.6ms Leader 0 SENDING AppendEntries to vehicle 5 (n_entries=3, leader_commit=2)
22823.6ms Leader 0 SENDING AppendEntries to vehicle 6 (n_entries=3, leader_commit=2)
22823.6ms Leader 0 SENDING AppendEntries to vehicle 7 (n_entries=0, leader_commit=2)
22823.7ms Vehicle 2 RECEIVED AppendEntries from vehicle 0 (n_entries=0, leader_commit=2)
22823.9ms Vehicle 3 RECEIVED AppendEntries from vehicle 0 (n_entries=0, leader_commit=2)
22829.5ms Vehicle 7 RECEIVED AppendEntries from vehicle 0 (n_entries=0, leader_commit=2)
22963.6ms Leader 0 SENDING AppendEntries to vehicle 2 (n_entries=0, leader_commit=2)
22963.6ms Leader 0 SENDING AppendEntries to vehicle 3 (n_entries=0, leader_commit=2)
22963.6ms Leader 0 SENDING AppendEntries to vehicle 4 (n_entries=3, leader_commit=2)
22963.6ms Leader 0 SENDING AppendEntries to vehicle 5 (n_entries=3, leader_commit=2)
22963.6ms Leader 0 SENDING AppendEntries to vehicle 6 (n_entries=3, leader_commit=2)
22963.6ms Leader 0 SENDING AppendEntries to vehicle 7 (n_entries=0, leader_commit=2)
22963.7ms Vehicle 2 RECEIVED AppendEntries from vehicle 0 (n_entries=0, leader_commit=2)
22963.9ms Vehicle 3 RECEIVED AppendEntries from vehicle 0 (n_entries=0, leader_commit=2)
22970.0ms Vehicle 7 RECEIVED AppendEntries from vehicle 0 (n_entries=0, leader_commit=2)
23103.6ms Leader 0 SENDING AppendEntries to vehicle 2 (n_entries=0, leader_commit=2)
23103.6ms Leader 0 SENDING AppendEntries to vehicle 3 (n_entries=0, leader_commit=2)
23103.6ms Leader 0 SENDING AppendEntries to vehicle 4 (n_entries=3, leader_commit=2)
23103.6ms Leader 0 SENDING AppendEntries to vehicle 5 (n_entries=3, leader_commit=2)
23103.6ms Leader 0 SENDING AppendEntries to vehicle 6 (n_entries=3, leader_commit=2)
23103.6ms Leader 0 SENDING AppendEntries to vehicle 7 (n_entries=0, leader_commit=2)
23103.7ms Vehicle 2 RECEIVED AppendEntries from vehicle 0 (n_entries=0, leader_commit=2)
23103.8ms Vehicle 3 RECEIVED AppendEntries from vehicle 0 (n_entries=0, leader_commit=2)
23110.2ms Vehicle 7 RECEIVED AppendEntries from vehicle 0 (n_entries=0, leader_commit=2)
23243.6ms Leader 0 SENDING AppendEntries to vehicle 2 (n_entries=0, leader_commit=2)
23243.6ms Leader 0 SENDING AppendEntries to vehicle 3 (n_entries=0, leader_commit=2)
23243.6ms Leader 0 SENDING AppendEntries to vehicle 4 (n_entries=3, leader_commit=2)
23243.6ms Leader 0 SENDING AppendEntries to vehicle 5 (n_entries=3, leader_commit=2)
23243.6ms Leader 0 SENDING AppendEntries to vehicle 6 (n_entries=3, leader_commit=2)
23243.6ms Leader 0 SENDING AppendEntries to vehicle 7 (n_entries=0, leader_commit=2)
23243.7ms Vehicle 2 RECEIVED AppendEntries from vehicle 0 (n_entries=0, leader_commit=2)
23243.9ms Vehicle 3 RECEIVED AppendEntries from vehicle 0 (n_entries=0, leader_commit=2)
23249.7ms Vehicle 7 RECEIVED AppendEntries from vehicle 0 (n_entries=0, leader_commit=2)
23383.6ms Leader 0 SENDING AppendEntries to vehicle 2 (n_entries=0, leader_commit=2)
23383.6ms Leader 0 SENDING AppendEntries to vehicle 3 (n_entries=0, leader_commit=2)
23383.6ms Leader 0 SENDING AppendEntries to vehicle 4 (n_entries=3, leader_commit=2)
23383.6ms Leader 0 SENDING AppendEntries to vehicle 5 (n_entries=3, leader_commit=2)
23383.6ms Leader 0 SENDING AppendEntries to vehicle 6 (n_entries=3, leader_commit=2)
23383.6ms Leader 0 SENDING AppendEntries to vehicle 7 (n_entries=0, leader_commit=2)
23383.7ms Vehicle 2 RECEIVED AppendEntries from vehicle 0 (n_entries=0, leader_commit=2)
23383.9ms Vehicle 3 RECEIVED AppendEntries from vehicle 0 (n_entries=0, leader_commit=2)
23390.1ms Vehicle 7 RECEIVED AppendEntries from vehicle 0 (n_entries=0, leader_commit=2)
23523.6ms Leader 0 SENDING AppendEntries to vehicle 2 (n_entries=0, leader_commit=2)
23523.6ms Leader 0 SENDING AppendEntries to vehicle 3 (n_entries=0, leader_commit=2)
23523.6ms Leader 0 SENDING AppendEntries to vehicle 4 (n_entries=3, leader_commit=2)
23523.6ms Leader 0 SENDING AppendEntries to vehicle 5 (n_entries=3, leader_commit=2)
23523.6ms Leader 0 SENDING AppendEntries to vehicle 6 (n_entries=3, leader_commit=2)
23523.6ms Leader 0 SENDING AppendEntries to vehicle 7 (n_entries=0, leader_commit=2)
23523.7ms Vehicle 2 RECEIVED AppendEntries from vehicle 0 (n_entries=0, leader_commit=2)
23523.9ms Vehicle 3 RECEIVED AppendEntries from vehicle 0 (n_entries=0, leader_commit=2)
23530.4ms Vehicle 7 RECEIVED AppendEntries from vehicle 0 (n_entries=0, leader_commit=2)
23663.6ms Leader 0 SENDING AppendEntries to vehicle 2 (n_entries=0, leader_commit=2)
23663.6ms Leader 0 SENDING AppendEntries to vehicle 3 (n_entries=0, leader_commit=2)
23663.6ms Leader 0 SENDING AppendEntries to vehicle 4 (n_entries=3, leader_commit=2)
23663.6ms Leader 0 SENDING AppendEntries to vehicle 5 (n_entries=3, leader_commit=2)
23663.6ms Leader 0 SENDING AppendEntries to vehicle 6 (n_entries=3, leader_commit=2)
23663.6ms Leader 0 SENDING AppendEntries to vehicle 7 (n_entries=0, leader_commit=2)
23663.7ms Vehicle 2 RECEIVED AppendEntries from vehicle 0 (n_entries=0, leader_commit=2)
23664.0ms Vehicle 3 RECEIVED AppendEntries from vehicle 0 (n_entries=0, leader_commit=2)
23669.0ms Vehicle 7 RECEIVED AppendEntries from vehicle 0 (n_entries=0, leader_commit=2)
23803.6ms Leader 0 SENDING AppendEntries to vehicle 2 (n_entries=0, leader_commit=2)
23803.6ms Leader 0 SENDING AppendEntries to vehicle 3 (n_entries=0, leader_commit=2)
23803.6ms Leader 0 SENDING AppendEntries to vehicle 4 (n_entries=3, leader_commit=2)
23803.6ms Leader 0 SENDING AppendEntries to vehicle 5 (n_entries=3, leader_commit=2)
23803.6ms Leader 0 SENDING AppendEntries to vehicle 6 (n_entries=3, leader_commit=2)
23803.6ms Leader 0 SENDING AppendEntries to vehicle 7 (n_entries=0, leader_commit=2)
23803.7ms Vehicle 2 RECEIVED AppendEntries from vehicle 0 (n_entries=0, leader_commit=2)
23804.0ms Vehicle 3 RECEIVED AppendEntries from vehicle 0 (n_entries=0, leader_commit=2)
23810.1ms Vehicle 7 RECEIVED AppendEntries from vehicle 0 (n_entries=0, leader_commit=2)
23943.6ms Leader 0 SENDING AppendEntries to vehicle 2 (n_entries=0, leader_commit=2)
23943.6ms Leader 0 SENDING AppendEntries to vehicle 3 (n_entries=0, leader_commit=2)
23943.6ms Leader 0 SENDING AppendEntries to vehicle 4 (n_entries=3, leader_commit=2)
23943.6ms Leader 0 SENDING AppendEntries to vehicle 5 (n_entries=3, leader_commit=2)
23943.6ms Leader 0 SENDING AppendEntries to vehicle 6 (n_entries=3, leader_commit=2)
23943.6ms Leader 0 SENDING AppendEntries to vehicle 7 (n_entries=0, leader_commit=2)
23943.9ms Vehicle 3 RECEIVED AppendEntries from vehicle 0 (n_entries=0, leader_commit=2)
24083.6ms Leader 0 SENDING AppendEntries to vehicle 2 (n_entries=0, leader_commit=2)
24083.6ms Leader 0 SENDING AppendEntries to vehicle 3 (n_entries=0, leader_commit=2)
24083.6ms Leader 0 SENDING AppendEntries to vehicle 4 (n_entries=3, leader_commit=2)
24083.6ms Leader 0 SENDING AppendEntries to vehicle 5 (n_entries=3, leader_commit=2)
24083.6ms Leader 0 SENDING AppendEntries to vehicle 6 (n_entries=3, leader_commit=2)
24083.6ms Leader 0 SENDING AppendEntries to vehicle 7 (n_entries=0, leader_commit=2)
24083.7ms Vehicle 2 RECEIVED AppendEntries from vehicle 0 (n_entries=0, leader_commit=2)
24083.8ms Vehicle 3 RECEIVED AppendEntries from vehicle 0 (n_entries=0, leader_commit=2)
24089.1ms Vehicle 7 RECEIVED AppendEntries from vehicle 0 (n_entries=0, leader_commit=2)
24223.6ms Leader 0 SENDING AppendEntries to vehicle 2 (n_entries=0, leader_commit=2)
24223.6ms Leader 0 SENDING AppendEntries to vehicle 3 (n_entries=0, leader_commit=2)
24223.6ms Leader 0 SENDING AppendEntries to vehicle 4 (n_entries=3, leader_commit=2)
24223.6ms Leader 0 SENDING AppendEntries to vehicle 5 (n_entries=3, leader_commit=2)
24223.6ms Leader 0 SENDING AppendEntries to vehicle 6 (n_entries=3, leader_commit=2)
24223.6ms Leader 0 SENDING AppendEntries to vehicle 7 (n_entries=0, leader_commit=2)
24223.7ms Vehicle 2 RECEIVED AppendEntries from vehicle 0 (n_entries=0, leader_commit=2)
24223.9ms Vehicle 3 RECEIVED AppendEntries from vehicle 0 (n_entries=0, leader_commit=2)
24229.4ms Vehicle 7 RECEIVED AppendEntries from vehicle 0 (n_entries=0, leader_commit=2)
24363.6ms Leader 0 SENDING AppendEntries to vehicle 2 (n_entries=0, leader_commit=2)
24363.6ms Leader 0 SENDING AppendEntries to vehicle 3 (n_entries=0, leader_commit=2)
24363.6ms Leader 0 SENDING AppendEntries to vehicle 4 (n_entries=3, leader_commit=2)
24363.6ms Leader 0 SENDING AppendEntries to vehicle 5 (n_entries=3, leader_commit=2)
24363.6ms Leader 0 SENDING AppendEntries to vehicle 6 (n_entries=3, leader_commit=2)
24363.6ms Leader 0 SENDING AppendEntries to vehicle 7 (n_entries=0, leader_commit=2)
24363.7ms Vehicle 2 RECEIVED AppendEntries from vehicle 0 (n_entries=0, leader_commit=2)
24363.8ms Vehicle 3 RECEIVED AppendEntries from vehicle 0 (n_entries=0, leader_commit=2)
24369.7ms Vehicle 7 RECEIVED AppendEntries from vehicle 0 (n_entries=0, leader_commit=2)
24503.6ms Leader 0 SENDING AppendEntries to vehicle 2 (n_entries=0, leader_commit=2)
24503.6ms Leader 0 SENDING AppendEntries to vehicle 3 (n_entries=0, leader_commit=2)
24503.6ms Leader 0 SENDING AppendEntries to vehicle 4 (n_entries=3, leader_commit=2)
24503.6ms Leader 0 SENDING AppendEntries to vehicle 5 (n_entries=3, leader_commit=2)
24503.6ms Leader 0 SENDING AppendEntries to vehicle 6 (n_entries=3, leader_commit=2)
24503.6ms Leader 0 SENDING AppendEntries to vehicle 7 (n_entries=0, leader_commit=2)
24503.9ms Vehicle 2 RECEIVED AppendEntries from vehicle 0 (n_entries=0, leader_commit=2)
24504.4ms Vehicle 3 RECEIVED AppendEntries from vehicle 0 (n_entries=0, leader_commit=2)
24510.1ms Vehicle 7 RECEIVED AppendEntries from vehicle 0 (n_entries=0, leader_commit=2)
24643.6ms Leader 0 SENDING AppendEntries to vehicle 2 (n_entries=0, leader_commit=2)
24643.6ms Leader 0 SENDING AppendEntries to vehicle 3 (n_entries=0, leader_commit=2)
24643.6ms Leader 0 SENDING AppendEntries to vehicle 4 (n_entries=3, leader_commit=2)
24643.6ms Leader 0 SENDING AppendEntries to vehicle 5 (n_entries=3, leader_commit=2)
24643.6ms Leader 0 SENDING AppendEntries to vehicle 6 (n_entries=3, leader_commit=2)
24643.6ms Leader 0 SENDING AppendEntries to vehicle 7 (n_entries=0, leader_commit=2)
24643.7ms Vehicle 2 RECEIVED AppendEntries from vehicle 0 (n_entries=0, leader_commit=2)
24644.0ms Vehicle 3 RECEIVED AppendEntries from vehicle 0 (n_entries=0, leader_commit=2)
24649.8ms Vehicle 7 RECEIVED AppendEntries from vehicle 0 (n_entries=0, leader_commit=2)
24783.6ms Leader 0 SENDING AppendEntries to vehicle 2 (n_entries=0, leader_commit=2)
24783.6ms Leader 0 SENDING AppendEntries to vehicle 3 (n_entries=0, leader_commit=2)
24783.6ms Leader 0 SENDING AppendEntries to vehicle 4 (n_entries=3, leader_commit=2)
24783.6ms Leader 0 SENDING AppendEntries to vehicle 5 (n_entries=3, leader_commit=2)
24783.6ms Leader 0 SENDING AppendEntries to vehicle 6 (n_entries=3, leader_commit=2)
24783.6ms Leader 0 SENDING AppendEntries to vehicle 7 (n_entries=0, leader_commit=2)
24783.7ms Vehicle 2 RECEIVED AppendEntries from vehicle 0 (n_entries=0, leader_commit=2)
24783.9ms Vehicle 3 RECEIVED AppendEntries from vehicle 0 (n_entries=0, leader_commit=2)
24790.1ms Vehicle 7 RECEIVED AppendEntries from vehicle 0 (n_entries=0, leader_commit=2)
24923.6ms Leader 0 SENDING AppendEntries to vehicle 2 (n_entries=0, leader_commit=2)
24923.6ms Leader 0 SENDING AppendEntries to vehicle 3 (n_entries=0, leader_commit=2)
24923.6ms Leader 0 SENDING AppendEntries to vehicle 4 (n_entries=3, leader_commit=2)
24923.6ms Leader 0 SENDING AppendEntries to vehicle 5 (n_entries=3, leader_commit=2)
24923.6ms Leader 0 SENDING AppendEntries to vehicle 6 (n_entries=3, leader_commit=2)
24923.6ms Leader 0 SENDING AppendEntries to vehicle 7 (n_entries=0, leader_commit=2)
24923.7ms Vehicle 2 RECEIVED AppendEntries from vehicle 0 (n_entries=0, leader_commit=2)
24923.9ms Vehicle 3 RECEIVED AppendEntries from vehicle 0 (n_entries=0, leader_commit=2)
25063.6ms Leader 0 SENDING AppendEntries to vehicle 2 (n_entries=0, leader_commit=2)
25063.6ms Leader 0 SENDING AppendEntries to vehicle 3 (n_entries=0, leader_commit=2)
25063.6ms Leader 0 SENDING AppendEntries to vehicle 4 (n_entries=3, leader_commit=2)
25063.6ms Leader 0 SENDING AppendEntries to vehicle 5 (n_entries=3, leader_commit=2)
25063.6ms Leader 0 SENDING AppendEntries to vehicle 6 (n_entries=3, leader_commit=2)
25063.6ms Leader 0 SENDING AppendEntries to vehicle 7 (n_entries=0, leader_commit=2)
25063.7ms Vehicle 2 RECEIVED AppendEntries from vehicle 0 (n_entries=0, leader_commit=2)
25063.9ms Vehicle 3 RECEIVED AppendEntries from vehicle 0 (n_entries=0, leader_commit=2)
25069.4ms Vehicle 7 RECEIVED AppendEntries from vehicle 0 (n_entries=0, leader_commit=2)
25203.6ms Leader 0 SENDING AppendEntries to vehicle 2 (n_entries=0, leader_commit=2)
25203.6ms Leader 0 SENDING AppendEntries to vehicle 3 (n_entries=0, leader_commit=2)
25203.6ms Leader 0 SENDING AppendEntries to vehicle 4 (n_entries=3, leader_commit=2)
25203.6ms Leader 0 SENDING AppendEntries to vehicle 5 (n_entries=3, leader_commit=2)
25203.6ms Leader 0 SENDING AppendEntries to vehicle 6 (n_entries=3, leader_commit=2)
25203.6ms Leader 0 SENDING AppendEntries to vehicle 7 (n_entries=0, leader_commit=2)
25203.7ms Vehicle 2 RECEIVED AppendEntries from vehicle 0 (n_entries=0, leader_commit=2)
25204.1ms Vehicle 3 RECEIVED AppendEntries from vehicle 0 (n_entries=0, leader_commit=2)
25209.8ms Vehicle 7 RECEIVED AppendEntries from vehicle 0 (n_entries=0, leader_commit=2)
25343.6ms Leader 0 SENDING AppendEntries to vehicle 2 (n_entries=0, leader_commit=2)
25343.6ms Leader 0 SENDING AppendEntries to vehicle 3 (n_entries=0, leader_commit=2)
25343.6ms Leader 0 SENDING AppendEntries to vehicle 4 (n_entries=3, leader_commit=2)
25343.6ms Leader 0 SENDING AppendEntries to vehicle 5 (n_entries=3, leader_commit=2)
25343.6ms Leader 0 SENDING AppendEntries to vehicle 6 (n_entries=3, leader_commit=2)
25343.6ms Leader 0 SENDING AppendEntries to vehicle 7 (n_entries=0, leader_commit=2)
25343.7ms Vehicle 2 RECEIVED AppendEntries from vehicle 0 (n_entries=0, leader_commit=2)
25343.8ms Vehicle 3 RECEIVED AppendEntries from vehicle 0 (n_entries=0, leader_commit=2)
25349.6ms Vehicle 7 RECEIVED AppendEntries from vehicle 0 (n_entries=0, leader_commit=2)
25483.6ms Leader 0 SENDING AppendEntries to vehicle 2 (n_entries=0, leader_commit=2)
25483.6ms Leader 0 SENDING AppendEntries to vehicle 3 (n_entries=0, leader_commit=2)
25483.6ms Leader 0 SENDING AppendEntries to vehicle 4 (n_entries=3, leader_commit=2)
25483.6ms Leader 0 SENDING AppendEntries to vehicle 5 (n_entries=3, leader_commit=2)
25483.6ms Leader 0 SENDING AppendEntries to vehicle 6 (n_entries=3, leader_commit=2)
25483.6ms Leader 0 SENDING AppendEntries to vehicle 7 (n_entries=0, leader_commit=2)
25483.7ms Vehicle 2 RECEIVED AppendEntries from vehicle 0 (n_entries=0, leader_commit=2)
25483.8ms Vehicle 3 RECEIVED AppendEntries from vehicle 0 (n_entries=0, leader_commit=2)
25490.2ms Vehicle 7 RECEIVED AppendEntries from vehicle 0 (n_entries=0, leader_commit=2)
25623.6ms Leader 0 SENDING AppendEntries to vehicle 2 (n_entries=0, leader_commit=2)
25623.6ms Leader 0 SENDING AppendEntries to vehicle 3 (n_entries=0, leader_commit=2)
25623.6ms Leader 0 SENDING AppendEntries to vehicle 4 (n_entries=3, leader_commit=2)
25623.6ms Leader 0 SENDING AppendEntries to vehicle 5 (n_entries=3, leader_commit=2)
25623.6ms Leader 0 SENDING AppendEntries to vehicle 6 (n_entries=3, leader_commit=2)
25623.6ms Leader 0 SENDING AppendEntries to vehicle 7 (n_entries=0, leader_commit=2)
25623.7ms Vehicle 2 RECEIVED AppendEntries from vehicle 0 (n_entries=0, leader_commit=2)
25623.9ms Vehicle 3 RECEIVED AppendEntries from vehicle 0 (n_entries=0, leader_commit=2)
25629.9ms Vehicle 7 RECEIVED AppendEntries from vehicle 0 (n_entries=0, leader_commit=2)
25763.6ms Leader 0 SENDING AppendEntries to vehicle 2 (n_entries=0, leader_commit=2)
25763.6ms Leader 0 SENDING AppendEntries to vehicle 3 (n_entries=0, leader_commit=2)
25763.6ms Leader 0 SENDING AppendEntries to vehicle 4 (n_entries=3, leader_commit=2)
25763.6ms Leader 0 SENDING AppendEntries to vehicle 5 (n_entries=3, leader_commit=2)
25763.6ms Leader 0 SENDING AppendEntries to vehicle 6 (n_entries=3, leader_commit=2)
25763.6ms Leader 0 SENDING AppendEntries to vehicle 7 (n_entries=0, leader_commit=2)
25763.7ms Vehicle 2 RECEIVED AppendEntries from vehicle 0 (n_entries=0, leader_commit=2)
25764.2ms Vehicle 3 RECEIVED AppendEntries from vehicle 0 (n_entries=0, leader_commit=2)
25769.7ms Vehicle 7 RECEIVED AppendEntries from vehicle 0 (n_entries=0, leader_commit=2)
25903.6ms Leader 0 SENDING AppendEntries to vehicle 2 (n_entries=0, leader_commit=2)
25903.6ms Leader 0 SENDING AppendEntries to vehicle 3 (n_entries=0, leader_commit=2)
25903.6ms Leader 0 SENDING AppendEntries to vehicle 4 (n_entries=3, leader_commit=2)
25903.6ms Leader 0 SENDING AppendEntries to vehicle 5 (n_entries=3, leader_commit=2)
25903.6ms Leader 0 SENDING AppendEntries to vehicle 6 (n_entries=3, leader_commit=2)
25903.6ms Leader 0 SENDING AppendEntries to vehicle 7 (n_entries=0, leader_commit=2)
25903.8ms Vehicle 3 RECEIVED AppendEntries from vehicle 0 (n_entries=0, leader_commit=2)
25910.1ms Vehicle 7 RECEIVED AppendEntries from vehicle 0 (n_entries=0, leader_commit=2)
26043.6ms Leader 0 SENDING AppendEntries to vehicle 2 (n_entries=0, leader_commit=2)
26043.6ms Leader 0 SENDING AppendEntries to vehicle 3 (n_entries=0, leader_commit=2)
26043.6ms Leader 0 SENDING AppendEntries to vehicle 4 (n_entries=3, leader_commit=2)
26043.6ms Leader 0 SENDING AppendEntries to vehicle 5 (n_entries=3, leader_commit=2)
26043.6ms Leader 0 SENDING AppendEntries to vehicle 6 (n_entries=3, leader_commit=2)
26043.6ms Leader 0 SENDING AppendEntries to vehicle 7 (n_entries=0, leader_commit=2)
26043.7ms Vehicle 2 RECEIVED AppendEntries from vehicle 0 (n_entries=0, leader_commit=2)
26044.0ms Vehicle 3 RECEIVED AppendEntries from vehicle 0 (n_entries=0, leader_commit=2)
26050.0ms Vehicle 7 RECEIVED AppendEntries from vehicle 0 (n_entries=0, leader_commit=2)
26183.6ms Leader 0 SENDING AppendEntries to vehicle 2 (n_entries=0, leader_commit=2)
26183.6ms Leader 0 SENDING AppendEntries to vehicle 3 (n_entries=0, leader_commit=2)
26183.6ms Leader 0 SENDING AppendEntries to vehicle 4 (n_entries=3, leader_commit=2)
26183.6ms Leader 0 SENDING AppendEntries to vehicle 5 (n_entries=3, leader_commit=2)
26183.6ms Leader 0 SENDING AppendEntries to vehicle 6 (n_entries=3, leader_commit=2)
26183.6ms Leader 0 SENDING AppendEntries to vehicle 7 (n_entries=0, leader_commit=2)
26183.7ms Vehicle 2 RECEIVED AppendEntries from vehicle 0 (n_entries=0, leader_commit=2)
26184.1ms Vehicle 3 RECEIVED AppendEntries from vehicle 0 (n_entries=0, leader_commit=2)
26190.2ms Vehicle 7 RECEIVED AppendEntries from vehicle 0 (n_entries=0, leader_commit=2)
26323.6ms Leader 0 SENDING AppendEntries to vehicle 2 (n_entries=0, leader_commit=2)
26323.6ms Leader 0 SENDING AppendEntries to vehicle 3 (n_entries=0, leader_commit=2)
26323.6ms Leader 0 SENDING AppendEntries to vehicle 4 (n_entries=3, leader_commit=2)
26323.6ms Leader 0 SENDING AppendEntries to vehicle 5 (n_entries=3, leader_commit=2)
26323.6ms Leader 0 SENDING AppendEntries to vehicle 6 (n_entries=3, leader_commit=2)
26323.6ms Leader 0 SENDING AppendEntries to vehicle 7 (n_entries=0, leader_commit=2)
26323.7ms Vehicle 2 RECEIVED AppendEntries from vehicle 0 (n_entries=0, leader_commit=2)
26324.2ms Vehicle 3 RECEIVED AppendEntries from vehicle 0 (n_entries=0, leader_commit=2)
26330.2ms Vehicle 7 RECEIVED AppendEntries from vehicle 0 (n_entries=0, leader_commit=2)
26463.6ms Leader 0 SENDING AppendEntries to vehicle 2 (n_entries=0, leader_commit=2)
26463.6ms Leader 0 SENDING AppendEntries to vehicle 3 (n_entries=0, leader_commit=2)
26463.6ms Leader 0 SENDING AppendEntries to vehicle 4 (n_entries=3, leader_commit=2)
26463.6ms Leader 0 SENDING AppendEntries to vehicle 5 (n_entries=3, leader_commit=2)
26463.6ms Leader 0 SENDING AppendEntries to vehicle 6 (n_entries=3, leader_commit=2)
26463.6ms Leader 0 SENDING AppendEntries to vehicle 7 (n_entries=0, leader_commit=2)
26463.8ms Vehicle 3 RECEIVED AppendEntries from vehicle 0 (n_entries=0, leader_commit=2)
26469.1ms Vehicle 7 RECEIVED AppendEntries from vehicle 0 (n_entries=0, leader_commit=2)
26603.6ms Leader 0 SENDING AppendEntries to vehicle 2 (n_entries=0, leader_commit=2)
26603.6ms Leader 0 SENDING AppendEntries to vehicle 3 (n_entries=0, leader_commit=2)
26603.6ms Leader 0 SENDING AppendEntries to vehicle 4 (n_entries=3, leader_commit=2)
26603.6ms Leader 0 SENDING AppendEntries to vehicle 5 (n_entries=3, leader_commit=2)
26603.6ms Leader 0 SENDING AppendEntries to vehicle 6 (n_entries=3, leader_commit=2)
26603.6ms Leader 0 SENDING AppendEntries to vehicle 7 (n_entries=0, leader_commit=2)
26603.7ms Vehicle 2 RECEIVED AppendEntries from vehicle 0 (n_entries=0, leader_commit=2)
26603.9ms Vehicle 3 RECEIVED AppendEntries from vehicle 0 (n_entries=0, leader_commit=2)
26609.5ms Vehicle 7 RECEIVED AppendEntries from vehicle 0 (n_entries=0, leader_commit=2)
26743.6ms Leader 0 SENDING AppendEntries to vehicle 2 (n_entries=0, leader_commit=2)
26743.6ms Leader 0 SENDING AppendEntries to vehicle 3 (n_entries=0, leader_commit=2)
26743.6ms Leader 0 SENDING AppendEntries to vehicle 4 (n_entries=3, leader_commit=2)
26743.6ms Leader 0 SENDING AppendEntries to vehicle 5 (n_entries=3, leader_commit=2)
26743.6ms Leader 0 SENDING AppendEntries to vehicle 6 (n_entries=3, leader_commit=2)
26743.6ms Leader 0 SENDING AppendEntries to vehicle 7 (n_entries=0, leader_commit=2)
26743.7ms Vehicle 2 RECEIVED AppendEntries from vehicle 0 (n_entries=0, leader_commit=2)
26744.2ms Vehicle 3 RECEIVED AppendEntries from vehicle 0 (n_entries=0, leader_commit=2)
26749.6ms Vehicle 7 RECEIVED AppendEntries from vehicle 0 (n_entries=0, leader_commit=2)
26883.6ms Leader 0 SENDING AppendEntries to vehicle 2 (n_entries=0, leader_commit=2)
26883.6ms Leader 0 SENDING AppendEntries to vehicle 3 (n_entries=0, leader_commit=2)
26883.6ms Leader 0 SENDING AppendEntries to vehicle 4 (n_entries=3, leader_commit=2)
26883.6ms Leader 0 SENDING AppendEntries to vehicle 5 (n_entries=3, leader_commit=2)
26883.6ms Leader 0 SENDING AppendEntries to vehicle 6 (n_entries=3, leader_commit=2)
26883.6ms Leader 0 SENDING AppendEntries to vehicle 7 (n_entries=0, leader_commit=2)
26883.7ms Vehicle 2 RECEIVED AppendEntries from vehicle 0 (n_entries=0, leader_commit=2)
26883.8ms Vehicle 3 RECEIVED AppendEntries from vehicle 0 (n_entries=0, leader_commit=2)
26889.9ms Vehicle 7 RECEIVED AppendEntries from vehicle 0 (n_entries=0, leader_commit=2)
27023.6ms Leader 0 SENDING AppendEntries to vehicle 2 (n_entries=0, leader_commit=2)
27023.6ms Leader 0 SENDING AppendEntries to vehicle 3 (n_entries=0, leader_commit=2)
27023.6ms Leader 0 SENDING AppendEntries to vehicle 4 (n_entries=3, leader_commit=2)
27023.6ms Leader 0 SENDING AppendEntries to vehicle 5 (n_entries=3, leader_commit=2)
27023.6ms Leader 0 SENDING AppendEntries to vehicle 6 (n_entries=3, leader_commit=2)
27023.6ms Leader 0 SENDING AppendEntries to vehicle 7 (n_entries=0, leader_commit=2)
27023.7ms Vehicle 2 RECEIVED AppendEntries from vehicle 0 (n_entries=0, leader_commit=2)
27024.1ms Vehicle 3 RECEIVED AppendEntries from vehicle 0 (n_entries=0, leader_commit=2)
27030.2ms Vehicle 7 RECEIVED AppendEntries from vehicle 0 (n_entries=0, leader_commit=2)
27163.6ms Leader 0 SENDING AppendEntries to vehicle 2 (n_entries=0, leader_commit=2)
27163.6ms Leader 0 SENDING AppendEntries to vehicle 3 (n_entries=0, leader_commit=2)
27163.6ms Leader 0 SENDING AppendEntries to vehicle 4 (n_entries=3, leader_commit=2)
27163.6ms Leader 0 SENDING AppendEntries to vehicle 5 (n_entries=3, leader_commit=2)
27163.6ms Leader 0 SENDING AppendEntries to vehicle 6 (n_entries=3, leader_commit=2)
27163.6ms Leader 0 SENDING AppendEntries to vehicle 7 (n_entries=0, leader_commit=2)
27163.7ms Vehicle 2 RECEIVED AppendEntries from vehicle 0 (n_entries=0, leader_commit=2)
27164.1ms Vehicle 3 RECEIVED AppendEntries from vehicle 0 (n_entries=0, leader_commit=2)
27170.4ms Vehicle 7 RECEIVED AppendEntries from vehicle 0 (n_entries=0, leader_commit=2)
27303.6ms Leader 0 SENDING AppendEntries to vehicle 2 (n_entries=0, leader_commit=2)
27303.6ms Leader 0 SENDING AppendEntries to vehicle 3 (n_entries=0, leader_commit=2)
27303.6ms Leader 0 SENDING AppendEntries to vehicle 4 (n_entries=3, leader_commit=2)
27303.6ms Leader 0 SENDING AppendEntries to vehicle 5 (n_entries=3, leader_commit=2)
27303.6ms Leader 0 SENDING AppendEntries to vehicle 6 (n_entries=3, leader_commit=2)
27303.6ms Leader 0 SENDING AppendEntries to vehicle 7 (n_entries=0, leader_commit=2)
27303.7ms Vehicle 2 RECEIVED AppendEntries from vehicle 0 (n_entries=0, leader_commit=2)
27304.2ms Vehicle 3 RECEIVED AppendEntries from vehicle 0 (n_entries=0, leader_commit=2)
27310.5ms Vehicle 7 RECEIVED AppendEntries from vehicle 0 (n_entries=0, leader_commit=2)
27443.6ms Leader 0 SENDING AppendEntries to vehicle 2 (n_entries=0, leader_commit=2)
27443.6ms Leader 0 SENDING AppendEntries to vehicle 3 (n_entries=0, leader_commit=2)
27443.6ms Leader 0 SENDING AppendEntries to vehicle 4 (n_entries=3, leader_commit=2)
27443.6ms Leader 0 SENDING AppendEntries to vehicle 5 (n_entries=3, leader_commit=2)
27443.6ms Leader 0 SENDING AppendEntries to vehicle 6 (n_entries=3, leader_commit=2)
27443.6ms Leader 0 SENDING AppendEntries to vehicle 7 (n_entries=0, leader_commit=2)
27443.7ms Vehicle 2 RECEIVED AppendEntries from vehicle 0 (n_entries=0, leader_commit=2)
27444.2ms Vehicle 3 RECEIVED AppendEntries from vehicle 0 (n_entries=0, leader_commit=2)
27450.4ms Vehicle 7 RECEIVED AppendEntries from vehicle 0 (n_entries=0, leader_commit=2)
27583.6ms Leader 0 SENDING AppendEntries to vehicle 2 (n_entries=0, leader_commit=2)
27583.6ms Leader 0 SENDING AppendEntries to vehicle 3 (n_entries=0, leader_commit=2)
27583.6ms Leader 0 SENDING AppendEntries to vehicle 4 (n_entries=3, leader_commit=2)
27583.6ms Leader 0 SENDING AppendEntries to vehicle 5 (n_entries=3, leader_commit=2)
27583.6ms Leader 0 SENDING AppendEntries to vehicle 6 (n_entries=3, leader_commit=2)
27583.6ms Leader 0 SENDING AppendEntries to vehicle 7 (n_entries=0, leader_commit=2)
27583.7ms Vehicle 2 RECEIVED AppendEntries from vehicle 0 (n_entries=0, leader_commit=2)
27584.2ms Vehicle 3 RECEIVED AppendEntries from vehicle 0 (n_entries=0, leader_commit=2)
27590.4ms Vehicle 7 RECEIVED AppendEntries from vehicle 0 (n_entries=0, leader_commit=2)
27723.6ms Leader 0 SENDING AppendEntries to vehicle 2 (n_entries=0, leader_commit=2)
27723.6ms Leader 0 SENDING AppendEntries to vehicle 3 (n_entries=0, leader_commit=2)
27723.6ms Leader 0 SENDING AppendEntries to vehicle 4 (n_entries=3, leader_commit=2)
27723.6ms Leader 0 SENDING AppendEntries to vehicle 5 (n_entries=3, leader_commit=2)
27723.6ms Leader 0 SENDING AppendEntries to vehicle 6 (n_entries=3, leader_commit=2)
27723.6ms Leader 0 SENDING AppendEntries to vehicle 7 (n_entries=0, leader_commit=2)
27723.7ms Vehicle 2 RECEIVED AppendEntries from vehicle 0 (n_entries=0, leader_commit=2)
27724.2ms Vehicle 3 RECEIVED AppendEntries from vehicle 0 (n_entries=0, leader_commit=2)
27730.2ms Vehicle 7 RECEIVED AppendEntries from vehicle 0 (n_entries=0, leader_commit=2)
27863.6ms Leader 0 SENDING AppendEntries to vehicle 2 (n_entries=0, leader_commit=2)
27863.6ms Leader 0 SENDING AppendEntries to vehicle 3 (n_entries=0, leader_commit=2)
27863.6ms Leader 0 SENDING AppendEntries to vehicle 4 (n_entries=3, leader_commit=2)
27863.6ms Leader 0 SENDING AppendEntries to vehicle 5 (n_entries=3, leader_commit=2)
27863.6ms Leader 0 SENDING AppendEntries to vehicle 6 (n_entries=3, leader_commit=2)
27863.6ms Leader 0 SENDING AppendEntries to vehicle 7 (n_entries=0, leader_commit=2)
27863.8ms Vehicle 3 RECEIVED AppendEntries from vehicle 0 (n_entries=0, leader_commit=2)
27869.6ms Vehicle 7 RECEIVED AppendEntries from vehicle 0 (n_entries=0, leader_commit=2)
28003.6ms Leader 0 SENDING AppendEntries to vehicle 2 (n_entries=0, leader_commit=2)
28003.6ms Leader 0 SENDING AppendEntries to vehicle 3 (n_entries=0, leader_commit=2)
28003.6ms Leader 0 SENDING AppendEntries to vehicle 4 (n_entries=3, leader_commit=2)
28003.6ms Leader 0 SENDING AppendEntries to vehicle 5 (n_entries=3, leader_commit=2)
28003.6ms Leader 0 SENDING AppendEntries to vehicle 6 (n_entries=3, leader_commit=2)
28003.6ms Leader 0 SENDING AppendEntries to vehicle 7 (n_entries=0, leader_commit=2)
28003.7ms Vehicle 2 RECEIVED AppendEntries from vehicle 0 (n_entries=0, leader_commit=2)
28004.0ms Vehicle 3 RECEIVED AppendEntries from vehicle 0 (n_entries=0, leader_commit=2)
28009.4ms Vehicle 7 RECEIVED AppendEntries from vehicle 0 (n_entries=0, leader_commit=2)
28143.6ms Leader 0 SENDING AppendEntries to vehicle 2 (n_entries=0, leader_commit=2)
28143.6ms Leader 0 SENDING AppendEntries to vehicle 3 (n_entries=0, leader_commit=2)
28143.6ms Leader 0 SENDING AppendEntries to vehicle 4 (n_entries=3, leader_commit=2)
28143.6ms Leader 0 SENDING AppendEntries to vehicle 5 (n_entries=3, leader_commit=2)
28143.6ms Leader 0 SENDING AppendEntries to vehicle 6 (n_entries=3, leader_commit=2)
28143.6ms Leader 0 SENDING AppendEntries to vehicle 7 (n_entries=0, leader_commit=2)
28143.7ms Vehicle 2 RECEIVED AppendEntries from vehicle 0 (n_entries=0, leader_commit=2)
28144.0ms Vehicle 3 RECEIVED AppendEntries from vehicle 0 (n_entries=0, leader_commit=2)
28149.3ms Vehicle 7 RECEIVED AppendEntries from vehicle 0 (n_entries=0, leader_commit=2)
28283.6ms Leader 0 SENDING AppendEntries to vehicle 2 (n_entries=0, leader_commit=2)
28283.6ms Leader 0 SENDING AppendEntries to vehicle 3 (n_entries=0, leader_commit=2)
28283.6ms Leader 0 SENDING AppendEntries to vehicle 4 (n_entries=3, leader_commit=2)
28283.6ms Leader 0 SENDING AppendEntries to vehicle 5 (n_entries=3, leader_commit=2)
28283.6ms Leader 0 SENDING AppendEntries to vehicle 6 (n_entries=3, leader_commit=2)
28283.6ms Leader 0 SENDING AppendEntries to vehicle 7 (n_entries=0, leader_commit=2)
28283.7ms Vehicle 2 RECEIVED AppendEntries from vehicle 0 (n_entries=0, leader_commit=2)
28284.0ms Vehicle 3 RECEIVED AppendEntries from vehicle 0 (n_entries=0, leader_commit=2)
28290.2ms Vehicle 7 RECEIVED AppendEntries from vehicle 0 (n_entries=0, leader_commit=2)
28423.6ms Leader 0 SENDING AppendEntries to vehicle 2 (n_entries=0, leader_commit=2)
28423.6ms Leader 0 SENDING AppendEntries to vehicle 3 (n_entries=0, leader_commit=2)
28423.6ms Leader 0 SENDING AppendEntries to vehicle 4 (n_entries=3, leader_commit=2)
28423.6ms Leader 0 SENDING AppendEntries to vehicle 5 (n_entries=3, leader_commit=2)
28423.6ms Leader 0 SENDING AppendEntries to vehicle 6 (n_entries=3, leader_commit=2)
28423.6ms Leader 0 SENDING AppendEntries to vehicle 7 (n_entries=0, leader_commit=2)
28423.7ms Vehicle 2 RECEIVED AppendEntries from vehicle 0 (n_entries=0, leader_commit=2)
28423.8ms Vehicle 3 RECEIVED AppendEntries from vehicle 0 (n_entries=0, leader_commit=2)
28429.9ms Vehicle 7 RECEIVED AppendEntries from vehicle 0 (n_entries=0, leader_commit=2)
28563.6ms Leader 0 SENDING AppendEntries to vehicle 2 (n_entries=0, leader_commit=2)
28563.6ms Leader 0 SENDING AppendEntries to vehicle 3 (n_entries=0, leader_commit=2)
28563.6ms Leader 0 SENDING AppendEntries to vehicle 4 (n_entries=3, leader_commit=2)
28563.6ms Leader 0 SENDING AppendEntries to vehicle 5 (n_entries=3, leader_commit=2)
28563.6ms Leader 0 SENDING AppendEntries to vehicle 6 (n_entries=3, leader_commit=2)
28563.6ms Leader 0 SENDING AppendEntries to vehicle 7 (n_entries=0, leader_commit=2)
28563.7ms Vehicle 2 RECEIVED AppendEntries from vehicle 0 (n_entries=0, leader_commit=2)
28564.0ms Vehicle 3 RECEIVED AppendEntries from vehicle 0 (n_entries=0, leader_commit=2)
28569.3ms Vehicle 7 RECEIVED AppendEntries from vehicle 0 (n_entries=0, leader_commit=2)
28703.6ms Leader 0 SENDING AppendEntries to vehicle 2 (n_entries=0, leader_commit=2)
28703.6ms Leader 0 SENDING AppendEntries to vehicle 3 (n_entries=0, leader_commit=2)
28703.6ms Leader 0 SENDING AppendEntries to vehicle 4 (n_entries=3, leader_commit=2)
28703.6ms Leader 0 SENDING AppendEntries to vehicle 5 (n_entries=3, leader_commit=2)
28703.6ms Leader 0 SENDING AppendEntries to vehicle 6 (n_entries=3, leader_commit=2)
28703.6ms Leader 0 SENDING AppendEntries to vehicle 7 (n_entries=0, leader_commit=2)
** Event #185856   t=28.703626035528   Elapsed: 2.00419s (0m 02s)  9% completed  (9% total)
     Speed:     ev/sec=92734.6   simsec/sec=14.3219   ev/simsec=6475.04
     Messages:  created: 142490   present: 337   in FES: 30
28703.7ms Vehicle 2 RECEIVED AppendEntries from vehicle 0 (n_entries=0, leader_commit=2)
28704.2ms Vehicle 3 RECEIVED AppendEntries from vehicle 0 (n_entries=0, leader_commit=2)
28709.8ms Vehicle 7 RECEIVED AppendEntries from vehicle 0 (n_entries=0, leader_commit=2)
28843.6ms Leader 0 SENDING AppendEntries to vehicle 2 (n_entries=0, leader_commit=2)
28843.6ms Leader 0 SENDING AppendEntries to vehicle 3 (n_entries=0, leader_commit=2)
28843.6ms Leader 0 SENDING AppendEntries to vehicle 4 (n_entries=3, leader_commit=2)
28843.6ms Leader 0 SENDING AppendEntries to vehicle 5 (n_entries=3, leader_commit=2)
28843.6ms Leader 0 SENDING AppendEntries to vehicle 6 (n_entries=3, leader_commit=2)
28843.6ms Leader 0 SENDING AppendEntries to vehicle 7 (n_entries=0, leader_commit=2)
28843.7ms Vehicle 2 RECEIVED AppendEntries from vehicle 0 (n_entries=0, leader_commit=2)
28844.0ms Vehicle 3 RECEIVED AppendEntries from vehicle 0 (n_entries=0, leader_commit=2)
28849.7ms Vehicle 7 RECEIVED AppendEntries from vehicle 0 (n_entries=0, leader_commit=2)
28983.6ms Leader 0 SENDING AppendEntries to vehicle 2 (n_entries=0, leader_commit=2)
28983.6ms Leader 0 SENDING AppendEntries to vehicle 3 (n_entries=0, leader_commit=2)
28983.6ms Leader 0 SENDING AppendEntries to vehicle 4 (n_entries=3, leader_commit=2)
28983.6ms Leader 0 SENDING AppendEntries to vehicle 5 (n_entries=3, leader_commit=2)
28983.6ms Leader 0 SENDING AppendEntries to vehicle 6 (n_entries=3, leader_commit=2)
28983.6ms Leader 0 SENDING AppendEntries to vehicle 7 (n_entries=0, leader_commit=2)
28983.7ms Vehicle 2 RECEIVED AppendEntries from vehicle 0 (n_entries=0, leader_commit=2)
28984.1ms Vehicle 3 RECEIVED AppendEntries from vehicle 0 (n_entries=0, leader_commit=2)
28989.9ms Vehicle 7 RECEIVED AppendEntries from vehicle 0 (n_entries=0, leader_commit=2)
29123.6ms Leader 0 SENDING AppendEntries to vehicle 2 (n_entries=0, leader_commit=2)
29123.6ms Leader 0 SENDING AppendEntries to vehicle 3 (n_entries=0, leader_commit=2)
29123.6ms Leader 0 SENDING AppendEntries to vehicle 4 (n_entries=3, leader_commit=2)
29123.6ms Leader 0 SENDING AppendEntries to vehicle 5 (n_entries=3, leader_commit=2)
29123.6ms Leader 0 SENDING AppendEntries to vehicle 6 (n_entries=3, leader_commit=2)
29123.6ms Leader 0 SENDING AppendEntries to vehicle 7 (n_entries=0, leader_commit=2)
29123.7ms Vehicle 2 RECEIVED AppendEntries from vehicle 0 (n_entries=0, leader_commit=2)
29124.2ms Vehicle 3 RECEIVED AppendEntries from vehicle 0 (n_entries=0, leader_commit=2)
29130.5ms Vehicle 7 RECEIVED AppendEntries from vehicle 0 (n_entries=0, leader_commit=2)
29263.6ms Leader 0 SENDING AppendEntries to vehicle 2 (n_entries=0, leader_commit=2)
29263.6ms Leader 0 SENDING AppendEntries to vehicle 3 (n_entries=0, leader_commit=2)
29263.6ms Leader 0 SENDING AppendEntries to vehicle 4 (n_entries=3, leader_commit=2)
29263.6ms Leader 0 SENDING AppendEntries to vehicle 5 (n_entries=3, leader_commit=2)
29263.6ms Leader 0 SENDING AppendEntries to vehicle 6 (n_entries=3, leader_commit=2)
29263.6ms Leader 0 SENDING AppendEntries to vehicle 7 (n_entries=0, leader_commit=2)
29263.7ms Vehicle 2 RECEIVED AppendEntries from vehicle 0 (n_entries=0, leader_commit=2)
29264.0ms Vehicle 3 RECEIVED AppendEntries from vehicle 0 (n_entries=0, leader_commit=2)
29269.9ms Vehicle 7 RECEIVED AppendEntries from vehicle 0 (n_entries=0, leader_commit=2)
29403.6ms Leader 0 SENDING AppendEntries to vehicle 2 (n_entries=0, leader_commit=2)
29403.6ms Leader 0 SENDING AppendEntries to vehicle 3 (n_entries=0, leader_commit=2)
29403.6ms Leader 0 SENDING AppendEntries to vehicle 4 (n_entries=3, leader_commit=2)
29403.6ms Leader 0 SENDING AppendEntries to vehicle 5 (n_entries=3, leader_commit=2)
29403.6ms Leader 0 SENDING AppendEntries to vehicle 6 (n_entries=3, leader_commit=2)
29403.6ms Leader 0 SENDING AppendEntries to vehicle 7 (n_entries=0, leader_commit=2)
29403.7ms Vehicle 2 RECEIVED AppendEntries from vehicle 0 (n_entries=0, leader_commit=2)
29404.0ms Vehicle 3 RECEIVED AppendEntries from vehicle 0 (n_entries=0, leader_commit=2)
29409.8ms Vehicle 7 RECEIVED AppendEntries from vehicle 0 (n_entries=0, leader_commit=2)
29543.6ms Leader 0 SENDING AppendEntries to vehicle 2 (n_entries=0, leader_commit=2)
29543.6ms Leader 0 SENDING AppendEntries to vehicle 3 (n_entries=0, leader_commit=2)
29543.6ms Leader 0 SENDING AppendEntries to vehicle 4 (n_entries=3, leader_commit=2)
29543.6ms Leader 0 SENDING AppendEntries to vehicle 5 (n_entries=3, leader_commit=2)
29543.6ms Leader 0 SENDING AppendEntries to vehicle 6 (n_entries=3, leader_commit=2)
29543.6ms Leader 0 SENDING AppendEntries to vehicle 7 (n_entries=0, leader_commit=2)
29543.7ms Vehicle 2 RECEIVED AppendEntries from vehicle 0 (n_entries=0, leader_commit=2)
29543.8ms Vehicle 3 RECEIVED AppendEntries from vehicle 0 (n_entries=0, leader_commit=2)
29549.2ms Vehicle 7 RECEIVED AppendEntries from vehicle 0 (n_entries=0, leader_commit=2)
29683.6ms Leader 0 SENDING AppendEntries to vehicle 2 (n_entries=0, leader_commit=2)
29683.6ms Leader 0 SENDING AppendEntries to vehicle 3 (n_entries=0, leader_commit=2)
29683.6ms Leader 0 SENDING AppendEntries to vehicle 4 (n_entries=3, leader_commit=2)
29683.6ms Leader 0 SENDING AppendEntries to vehicle 5 (n_entries=3, leader_commit=2)
29683.6ms Leader 0 SENDING AppendEntries to vehicle 6 (n_entries=3, leader_commit=2)
29683.6ms Leader 0 SENDING AppendEntries to vehicle 7 (n_entries=0, leader_commit=2)
29683.7ms Vehicle 2 RECEIVED AppendEntries from vehicle 0 (n_entries=0, leader_commit=2)
29684.1ms Vehicle 3 RECEIVED AppendEntries from vehicle 0 (n_entries=0, leader_commit=2)
29689.8ms Vehicle 7 RECEIVED AppendEntries from vehicle 0 (n_entries=0, leader_commit=2)
29823.6ms Leader 0 SENDING AppendEntries to vehicle 2 (n_entries=0, leader_commit=2)
29823.6ms Leader 0 SENDING AppendEntries to vehicle 3 (n_entries=0, leader_commit=2)
29823.6ms Leader 0 SENDING AppendEntries to vehicle 4 (n_entries=3, leader_commit=2)
29823.6ms Leader 0 SENDING AppendEntries to vehicle 5 (n_entries=3, leader_commit=2)
29823.6ms Leader 0 SENDING AppendEntries to vehicle 6 (n_entries=3, leader_commit=2)
29823.6ms Leader 0 SENDING AppendEntries to vehicle 7 (n_entries=0, leader_commit=2)
29823.7ms Vehicle 2 RECEIVED AppendEntries from vehicle 0 (n_entries=0, leader_commit=2)
29824.1ms Vehicle 3 RECEIVED AppendEntries from vehicle 0 (n_entries=0, leader_commit=2)
29829.8ms Vehicle 7 RECEIVED AppendEntries from vehicle 0 (n_entries=0, leader_commit=2)
29963.6ms Leader 0 SENDING AppendEntries to vehicle 2 (n_entries=0, leader_commit=2)
29963.6ms Leader 0 SENDING AppendEntries to vehicle 3 (n_entries=0, leader_commit=2)
29963.6ms Leader 0 SENDING AppendEntries to vehicle 4 (n_entries=3, leader_commit=2)
29963.6ms Leader 0 SENDING AppendEntries to vehicle 5 (n_entries=3, leader_commit=2)
29963.6ms Leader 0 SENDING AppendEntries to vehicle 6 (n_entries=3, leader_commit=2)
29963.6ms Leader 0 SENDING AppendEntries to vehicle 7 (n_entries=0, leader_commit=2)
29963.7ms Vehicle 2 RECEIVED AppendEntries from vehicle 0 (n_entries=0, leader_commit=2)
29964.2ms Vehicle 3 RECEIVED AppendEntries from vehicle 0 (n_entries=0, leader_commit=2)
30103.6ms Leader 0 SENDING AppendEntries to vehicle 2 (n_entries=0, leader_commit=2)
30103.6ms Leader 0 SENDING AppendEntries to vehicle 3 (n_entries=0, leader_commit=2)
30103.6ms Leader 0 SENDING AppendEntries to vehicle 4 (n_entries=3, leader_commit=2)
30103.6ms Leader 0 SENDING AppendEntries to vehicle 5 (n_entries=3, leader_commit=2)
30103.6ms Leader 0 SENDING AppendEntries to vehicle 6 (n_entries=3, leader_commit=2)
30103.6ms Leader 0 SENDING AppendEntries to vehicle 7 (n_entries=0, leader_commit=2)
30103.7ms Vehicle 2 RECEIVED AppendEntries from vehicle 0 (n_entries=0, leader_commit=2)
30104.1ms Vehicle 3 RECEIVED AppendEntries from vehicle 0 (n_entries=0, leader_commit=2)
30110.5ms Vehicle 7 RECEIVED AppendEntries from vehicle 0 (n_entries=0, leader_commit=2)
30243.6ms Leader 0 SENDING AppendEntries to vehicle 2 (n_entries=0, leader_commit=2)
30243.6ms Leader 0 SENDING AppendEntries to vehicle 3 (n_entries=0, leader_commit=2)
30243.6ms Leader 0 SENDING AppendEntries to vehicle 4 (n_entries=3, leader_commit=2)
30243.6ms Leader 0 SENDING AppendEntries to vehicle 5 (n_entries=3, leader_commit=2)
30243.6ms Leader 0 SENDING AppendEntries to vehicle 6 (n_entries=3, leader_commit=2)
30243.6ms Leader 0 SENDING AppendEntries to vehicle 7 (n_entries=0, leader_commit=2)
30243.7ms Vehicle 2 RECEIVED AppendEntries from vehicle 0 (n_entries=0, leader_commit=2)
30243.8ms Vehicle 3 RECEIVED AppendEntries from vehicle 0 (n_entries=0, leader_commit=2)
30249.9ms Vehicle 7 RECEIVED AppendEntries from vehicle 0 (n_entries=0, leader_commit=2)
30383.6ms Leader 0 SENDING AppendEntries to vehicle 2 (n_entries=0, leader_commit=2)
30383.6ms Leader 0 SENDING AppendEntries to vehicle 3 (n_entries=0, leader_commit=2)
30383.6ms Leader 0 SENDING AppendEntries to vehicle 4 (n_entries=3, leader_commit=2)
30383.6ms Leader 0 SENDING AppendEntries to vehicle 5 (n_entries=3, leader_commit=2)
30383.6ms Leader 0 SENDING AppendEntries to vehicle 6 (n_entries=3, leader_commit=2)
30383.6ms Leader 0 SENDING AppendEntries to vehicle 7 (n_entries=0, leader_commit=2)
30383.7ms Vehicle 2 RECEIVED AppendEntries from vehicle 0 (n_entries=0, leader_commit=2)
30383.9ms Vehicle 3 RECEIVED AppendEntries from vehicle 0 (n_entries=0, leader_commit=2)
30389.7ms Vehicle 7 RECEIVED AppendEntries from vehicle 0 (n_entries=0, leader_commit=2)
30523.6ms Leader 0 SENDING AppendEntries to vehicle 2 (n_entries=0, leader_commit=2)
30523.6ms Leader 0 SENDING AppendEntries to vehicle 3 (n_entries=0, leader_commit=2)
30523.6ms Leader 0 SENDING AppendEntries to vehicle 4 (n_entries=3, leader_commit=2)
30523.6ms Leader 0 SENDING AppendEntries to vehicle 5 (n_entries=3, leader_commit=2)
30523.6ms Leader 0 SENDING AppendEntries to vehicle 6 (n_entries=3, leader_commit=2)
30523.6ms Leader 0 SENDING AppendEntries to vehicle 7 (n_entries=0, leader_commit=2)
30523.7ms Vehicle 2 RECEIVED AppendEntries from vehicle 0 (n_entries=0, leader_commit=2)
30524.0ms Vehicle 3 RECEIVED AppendEntries from vehicle 0 (n_entries=0, leader_commit=2)
30663.6ms Leader 0 SENDING AppendEntries to vehicle 2 (n_entries=0, leader_commit=2)
30663.6ms Leader 0 SENDING AppendEntries to vehicle 3 (n_entries=0, leader_commit=2)
30663.6ms Leader 0 SENDING AppendEntries to vehicle 4 (n_entries=3, leader_commit=2)
30663.6ms Leader 0 SENDING AppendEntries to vehicle 5 (n_entries=3, leader_commit=2)
30663.6ms Leader 0 SENDING AppendEntries to vehicle 6 (n_entries=3, leader_commit=2)
30663.6ms Leader 0 SENDING AppendEntries to vehicle 7 (n_entries=0, leader_commit=2)
30663.7ms Vehicle 2 RECEIVED AppendEntries from vehicle 0 (n_entries=0, leader_commit=2)
30664.1ms Vehicle 3 RECEIVED AppendEntries from vehicle 0 (n_entries=0, leader_commit=2)
30670.0ms Vehicle 7 RECEIVED AppendEntries from vehicle 0 (n_entries=0, leader_commit=2)
30803.6ms Leader 0 SENDING AppendEntries to vehicle 2 (n_entries=0, leader_commit=2)
30803.6ms Leader 0 SENDING AppendEntries to vehicle 3 (n_entries=0, leader_commit=2)
30803.6ms Leader 0 SENDING AppendEntries to vehicle 4 (n_entries=3, leader_commit=2)
30803.6ms Leader 0 SENDING AppendEntries to vehicle 5 (n_entries=3, leader_commit=2)
30803.6ms Leader 0 SENDING AppendEntries to vehicle 6 (n_entries=3, leader_commit=2)
30803.6ms Leader 0 SENDING AppendEntries to vehicle 7 (n_entries=0, leader_commit=2)
30803.7ms Vehicle 2 RECEIVED AppendEntries from vehicle 0 (n_entries=0, leader_commit=2)
30803.8ms Vehicle 3 RECEIVED AppendEntries from vehicle 0 (n_entries=0, leader_commit=2)
30809.9ms Vehicle 7 RECEIVED AppendEntries from vehicle 0 (n_entries=0, leader_commit=2)
30943.6ms Leader 0 SENDING AppendEntries to vehicle 2 (n_entries=0, leader_commit=2)
30943.6ms Leader 0 SENDING AppendEntries to vehicle 3 (n_entries=0, leader_commit=2)
30943.6ms Leader 0 SENDING AppendEntries to vehicle 4 (n_entries=3, leader_commit=2)
30943.6ms Leader 0 SENDING AppendEntries to vehicle 5 (n_entries=3, leader_commit=2)
30943.6ms Leader 0 SENDING AppendEntries to vehicle 6 (n_entries=3, leader_commit=2)
30943.6ms Leader 0 SENDING AppendEntries to vehicle 7 (n_entries=0, leader_commit=2)
30943.7ms Vehicle 2 RECEIVED AppendEntries from vehicle 0 (n_entries=0, leader_commit=2)
30943.9ms Vehicle 3 RECEIVED AppendEntries from vehicle 0 (n_entries=0, leader_commit=2)
30950.2ms Vehicle 7 RECEIVED AppendEntries from vehicle 0 (n_entries=0, leader_commit=2)
31083.6ms Leader 0 SENDING AppendEntries to vehicle 2 (n_entries=0, leader_commit=2)
31083.6ms Leader 0 SENDING AppendEntries to vehicle 3 (n_entries=0, leader_commit=2)
31083.6ms Leader 0 SENDING AppendEntries to vehicle 4 (n_entries=3, leader_commit=2)
31083.6ms Leader 0 SENDING AppendEntries to vehicle 5 (n_entries=3, leader_commit=2)
31083.6ms Leader 0 SENDING AppendEntries to vehicle 6 (n_entries=3, leader_commit=2)
31083.6ms Leader 0 SENDING AppendEntries to vehicle 7 (n_entries=0, leader_commit=2)
31083.7ms Vehicle 2 RECEIVED AppendEntries from vehicle 0 (n_entries=0, leader_commit=2)
31084.0ms Vehicle 3 RECEIVED AppendEntries from vehicle 0 (n_entries=0, leader_commit=2)
31089.7ms Vehicle 7 RECEIVED AppendEntries from vehicle 0 (n_entries=0, leader_commit=2)
31223.6ms Leader 0 SENDING AppendEntries to vehicle 2 (n_entries=0, leader_commit=2)
31223.6ms Leader 0 SENDING AppendEntries to vehicle 3 (n_entries=0, leader_commit=2)
31223.6ms Leader 0 SENDING AppendEntries to vehicle 4 (n_entries=3, leader_commit=2)
31223.6ms Leader 0 SENDING AppendEntries to vehicle 5 (n_entries=3, leader_commit=2)
31223.6ms Leader 0 SENDING AppendEntries to vehicle 6 (n_entries=3, leader_commit=2)
31223.6ms Leader 0 SENDING AppendEntries to vehicle 7 (n_entries=0, leader_commit=2)
31223.8ms Vehicle 2 RECEIVED AppendEntries from vehicle 0 (n_entries=0, leader_commit=2)
31224.2ms Vehicle 3 RECEIVED AppendEntries from vehicle 0 (n_entries=0, leader_commit=2)
31230.1ms Vehicle 7 RECEIVED AppendEntries from vehicle 0 (n_entries=0, leader_commit=2)
31363.6ms Leader 0 SENDING AppendEntries to vehicle 2 (n_entries=0, leader_commit=2)
31363.6ms Leader 0 SENDING AppendEntries to vehicle 3 (n_entries=0, leader_commit=2)
31363.6ms Leader 0 SENDING AppendEntries to vehicle 4 (n_entries=3, leader_commit=2)
31363.6ms Leader 0 SENDING AppendEntries to vehicle 5 (n_entries=3, leader_commit=2)
31363.6ms Leader 0 SENDING AppendEntries to vehicle 6 (n_entries=3, leader_commit=2)
31363.6ms Leader 0 SENDING AppendEntries to vehicle 7 (n_entries=0, leader_commit=2)
31363.7ms Vehicle 2 RECEIVED AppendEntries from vehicle 0 (n_entries=0, leader_commit=2)
31364.2ms Vehicle 3 RECEIVED AppendEntries from vehicle 0 (n_entries=0, leader_commit=2)
31370.2ms Vehicle 7 RECEIVED AppendEntries from vehicle 0 (n_entries=0, leader_commit=2)
31503.6ms Leader 0 SENDING AppendEntries to vehicle 2 (n_entries=0, leader_commit=2)
31503.6ms Leader 0 SENDING AppendEntries to vehicle 3 (n_entries=0, leader_commit=2)
31503.6ms Leader 0 SENDING AppendEntries to vehicle 4 (n_entries=3, leader_commit=2)
31503.6ms Leader 0 SENDING AppendEntries to vehicle 5 (n_entries=3, leader_commit=2)
31503.6ms Leader 0 SENDING AppendEntries to vehicle 6 (n_entries=3, leader_commit=2)
31503.6ms Leader 0 SENDING AppendEntries to vehicle 7 (n_entries=0, leader_commit=2)
31503.7ms Vehicle 2 RECEIVED AppendEntries from vehicle 0 (n_entries=0, leader_commit=2)
31504.0ms Vehicle 3 RECEIVED AppendEntries from vehicle 0 (n_entries=0, leader_commit=2)
31509.9ms Vehicle 7 RECEIVED AppendEntries from vehicle 0 (n_entries=0, leader_commit=2)
31643.6ms Leader 0 SENDING AppendEntries to vehicle 2 (n_entries=0, leader_commit=2)
31643.6ms Leader 0 SENDING AppendEntries to vehicle 3 (n_entries=0, leader_commit=2)
31643.6ms Leader 0 SENDING AppendEntries to vehicle 4 (n_entries=3, leader_commit=2)
31643.6ms Leader 0 SENDING AppendEntries to vehicle 5 (n_entries=3, leader_commit=2)
31643.6ms Leader 0 SENDING AppendEntries to vehicle 6 (n_entries=3, leader_commit=2)
31643.6ms Leader 0 SENDING AppendEntries to vehicle 7 (n_entries=0, leader_commit=2)
31643.7ms Vehicle 2 RECEIVED AppendEntries from vehicle 0 (n_entries=0, leader_commit=2)
31643.8ms Vehicle 3 RECEIVED AppendEntries from vehicle 0 (n_entries=0, leader_commit=2)
31650.1ms Vehicle 7 RECEIVED AppendEntries from vehicle 0 (n_entries=0, leader_commit=2)
31783.6ms Leader 0 SENDING AppendEntries to vehicle 2 (n_entries=0, leader_commit=2)
31783.6ms Leader 0 SENDING AppendEntries to vehicle 3 (n_entries=0, leader_commit=2)
31783.6ms Leader 0 SENDING AppendEntries to vehicle 4 (n_entries=3, leader_commit=2)
31783.6ms Leader 0 SENDING AppendEntries to vehicle 5 (n_entries=3, leader_commit=2)
31783.6ms Leader 0 SENDING AppendEntries to vehicle 6 (n_entries=3, leader_commit=2)
31783.6ms Leader 0 SENDING AppendEntries to vehicle 7 (n_entries=0, leader_commit=2)
31783.8ms Vehicle 3 RECEIVED AppendEntries from vehicle 0 (n_entries=0, leader_commit=2)
31789.3ms Vehicle 7 RECEIVED AppendEntries from vehicle 0 (n_entries=0, leader_commit=2)
31923.6ms Leader 0 SENDING AppendEntries to vehicle 2 (n_entries=0, leader_commit=2)
31923.6ms Leader 0 SENDING AppendEntries to vehicle 3 (n_entries=0, leader_commit=2)
31923.6ms Leader 0 SENDING AppendEntries to vehicle 4 (n_entries=3, leader_commit=2)
31923.6ms Leader 0 SENDING AppendEntries to vehicle 5 (n_entries=3, leader_commit=2)
31923.6ms Leader 0 SENDING AppendEntries to vehicle 6 (n_entries=3, leader_commit=2)
31923.6ms Leader 0 SENDING AppendEntries to vehicle 7 (n_entries=0, leader_commit=2)
31923.7ms Vehicle 2 RECEIVED AppendEntries from vehicle 0 (n_entries=0, leader_commit=2)
31923.8ms Vehicle 3 RECEIVED AppendEntries from vehicle 0 (n_entries=0, leader_commit=2)
31929.8ms Vehicle 7 RECEIVED AppendEntries from vehicle 0 (n_entries=0, leader_commit=2)
32063.6ms Leader 0 SENDING AppendEntries to vehicle 2 (n_entries=0, leader_commit=2)
32063.6ms Leader 0 SENDING AppendEntries to vehicle 3 (n_entries=0, leader_commit=2)
32063.6ms Leader 0 SENDING AppendEntries to vehicle 4 (n_entries=3, leader_commit=2)
32063.6ms Leader 0 SENDING AppendEntries to vehicle 5 (n_entries=3, leader_commit=2)
32063.6ms Leader 0 SENDING AppendEntries to vehicle 6 (n_entries=3, leader_commit=2)
32063.6ms Leader 0 SENDING AppendEntries to vehicle 7 (n_entries=0, leader_commit=2)
32063.7ms Vehicle 2 RECEIVED AppendEntries from vehicle 0 (n_entries=0, leader_commit=2)
32064.1ms Vehicle 3 RECEIVED AppendEntries from vehicle 0 (n_entries=0, leader_commit=2)
32069.3ms Vehicle 7 RECEIVED AppendEntries from vehicle 0 (n_entries=0, leader_commit=2)
32203.6ms Leader 0 SENDING AppendEntries to vehicle 2 (n_entries=0, leader_commit=2)
32203.6ms Leader 0 SENDING AppendEntries to vehicle 3 (n_entries=0, leader_commit=2)
32203.6ms Leader 0 SENDING AppendEntries to vehicle 4 (n_entries=3, leader_commit=2)
32203.6ms Leader 0 SENDING AppendEntries to vehicle 5 (n_entries=3, leader_commit=2)
32203.6ms Leader 0 SENDING AppendEntries to vehicle 6 (n_entries=3, leader_commit=2)
32203.6ms Leader 0 SENDING AppendEntries to vehicle 7 (n_entries=0, leader_commit=2)
32203.7ms Vehicle 2 RECEIVED AppendEntries from vehicle 0 (n_entries=0, leader_commit=2)
32204.0ms Vehicle 3 RECEIVED AppendEntries from vehicle 0 (n_entries=0, leader_commit=2)
32210.4ms Vehicle 7 RECEIVED AppendEntries from vehicle 0 (n_entries=0, leader_commit=2)
32343.6ms Leader 0 SENDING AppendEntries to vehicle 2 (n_entries=0, leader_commit=2)
32343.6ms Leader 0 SENDING AppendEntries to vehicle 3 (n_entries=0, leader_commit=2)
32343.6ms Leader 0 SENDING AppendEntries to vehicle 4 (n_entries=3, leader_commit=2)
32343.6ms Leader 0 SENDING AppendEntries to vehicle 5 (n_entries=3, leader_commit=2)
32343.6ms Leader 0 SENDING AppendEntries to vehicle 6 (n_entries=3, leader_commit=2)
32343.6ms Leader 0 SENDING AppendEntries to vehicle 7 (n_entries=0, leader_commit=2)
32343.7ms Vehicle 2 RECEIVED AppendEntries from vehicle 0 (n_entries=0, leader_commit=2)
32344.0ms Vehicle 3 RECEIVED AppendEntries from vehicle 0 (n_entries=0, leader_commit=2)
32349.5ms Vehicle 7 RECEIVED AppendEntries from vehicle 0 (n_entries=0, leader_commit=2)
32483.6ms Leader 0 SENDING AppendEntries to vehicle 2 (n_entries=0, leader_commit=2)
32483.6ms Leader 0 SENDING AppendEntries to vehicle 3 (n_entries=0, leader_commit=2)
32483.6ms Leader 0 SENDING AppendEntries to vehicle 4 (n_entries=3, leader_commit=2)
32483.6ms Leader 0 SENDING AppendEntries to vehicle 5 (n_entries=3, leader_commit=2)
32483.6ms Leader 0 SENDING AppendEntries to vehicle 6 (n_entries=3, leader_commit=2)
32483.6ms Leader 0 SENDING AppendEntries to vehicle 7 (n_entries=0, leader_commit=2)
32483.7ms Vehicle 2 RECEIVED AppendEntries from vehicle 0 (n_entries=0, leader_commit=2)
32484.2ms Vehicle 3 RECEIVED AppendEntries from vehicle 0 (n_entries=0, leader_commit=2)
32490.4ms Vehicle 7 RECEIVED AppendEntries from vehicle 0 (n_entries=0, leader_commit=2)
32623.6ms Leader 0 SENDING AppendEntries to vehicle 2 (n_entries=0, leader_commit=2)
32623.6ms Leader 0 SENDING AppendEntries to vehicle 3 (n_entries=0, leader_commit=2)
32623.6ms Leader 0 SENDING AppendEntries to vehicle 4 (n_entries=3, leader_commit=2)
32623.6ms Leader 0 SENDING AppendEntries to vehicle 5 (n_entries=3, leader_commit=2)
32623.6ms Leader 0 SENDING AppendEntries to vehicle 6 (n_entries=3, leader_commit=2)
32623.6ms Leader 0 SENDING AppendEntries to vehicle 7 (n_entries=0, leader_commit=2)
32623.7ms Vehicle 2 RECEIVED AppendEntries from vehicle 0 (n_entries=0, leader_commit=2)
32623.9ms Vehicle 3 RECEIVED AppendEntries from vehicle 0 (n_entries=0, leader_commit=2)
32629.8ms Vehicle 7 RECEIVED AppendEntries from vehicle 0 (n_entries=0, leader_commit=2)
32763.6ms Leader 0 SENDING AppendEntries to vehicle 2 (n_entries=0, leader_commit=2)
32763.6ms Leader 0 SENDING AppendEntries to vehicle 3 (n_entries=0, leader_commit=2)
32763.6ms Leader 0 SENDING AppendEntries to vehicle 4 (n_entries=3, leader_commit=2)
32763.6ms Leader 0 SENDING AppendEntries to vehicle 5 (n_entries=3, leader_commit=2)
32763.6ms Leader 0 SENDING AppendEntries to vehicle 6 (n_entries=3, leader_commit=2)
32763.6ms Leader 0 SENDING AppendEntries to vehicle 7 (n_entries=0, leader_commit=2)
32763.7ms Vehicle 2 RECEIVED AppendEntries from vehicle 0 (n_entries=0, leader_commit=2)
32763.9ms Vehicle 3 RECEIVED AppendEntries from vehicle 0 (n_entries=0, leader_commit=2)
32769.9ms Vehicle 7 RECEIVED AppendEntries from vehicle 0 (n_entries=0, leader_commit=2)
32903.6ms Leader 0 SENDING AppendEntries to vehicle 2 (n_entries=0, leader_commit=2)
32903.6ms Leader 0 SENDING AppendEntries to vehicle 3 (n_entries=0, leader_commit=2)
32903.6ms Leader 0 SENDING AppendEntries to vehicle 4 (n_entries=3, leader_commit=2)
32903.6ms Leader 0 SENDING AppendEntries to vehicle 5 (n_entries=3, leader_commit=2)
32903.6ms Leader 0 SENDING AppendEntries to vehicle 6 (n_entries=3, leader_commit=2)
32903.6ms Leader 0 SENDING AppendEntries to vehicle 7 (n_entries=0, leader_commit=2)
32903.7ms Vehicle 2 RECEIVED AppendEntries from vehicle 0 (n_entries=0, leader_commit=2)
32903.9ms Vehicle 3 RECEIVED AppendEntries from vehicle 0 (n_entries=0, leader_commit=2)
32909.8ms Vehicle 7 RECEIVED AppendEntries from vehicle 0 (n_entries=0, leader_commit=2)
33043.6ms Leader 0 SENDING AppendEntries to vehicle 2 (n_entries=0, leader_commit=2)
33043.6ms Leader 0 SENDING AppendEntries to vehicle 3 (n_entries=0, leader_commit=2)
33043.6ms Leader 0 SENDING AppendEntries to vehicle 4 (n_entries=3, leader_commit=2)
33043.6ms Leader 0 SENDING AppendEntries to vehicle 5 (n_entries=3, leader_commit=2)
33043.6ms Leader 0 SENDING AppendEntries to vehicle 6 (n_entries=3, leader_commit=2)
33043.6ms Leader 0 SENDING AppendEntries to vehicle 7 (n_entries=0, leader_commit=2)
33043.7ms Vehicle 2 RECEIVED AppendEntries from vehicle 0 (n_entries=0, leader_commit=2)
33044.0ms Vehicle 3 RECEIVED AppendEntries from vehicle 0 (n_entries=0, leader_commit=2)
33183.6ms Leader 0 SENDING AppendEntries to vehicle 2 (n_entries=0, leader_commit=2)
33183.6ms Leader 0 SENDING AppendEntries to vehicle 3 (n_entries=0, leader_commit=2)
33183.6ms Leader 0 SENDING AppendEntries to vehicle 4 (n_entries=3, leader_commit=2)
33183.6ms Leader 0 SENDING AppendEntries to vehicle 5 (n_entries=3, leader_commit=2)
33183.6ms Leader 0 SENDING AppendEntries to vehicle 6 (n_entries=3, leader_commit=2)
33183.6ms Leader 0 SENDING AppendEntries to vehicle 7 (n_entries=0, leader_commit=2)
33183.7ms Vehicle 2 RECEIVED AppendEntries from vehicle 0 (n_entries=0, leader_commit=2)
33183.9ms Vehicle 3 RECEIVED AppendEntries from vehicle 0 (n_entries=0, leader_commit=2)
33189.6ms Vehicle 7 RECEIVED AppendEntries from vehicle 0 (n_entries=0, leader_commit=2)
33323.6ms Leader 0 SENDING AppendEntries to vehicle 2 (n_entries=0, leader_commit=2)
33323.6ms Leader 0 SENDING AppendEntries to vehicle 3 (n_entries=0, leader_commit=2)
33323.6ms Leader 0 SENDING AppendEntries to vehicle 4 (n_entries=3, leader_commit=2)
33323.6ms Leader 0 SENDING AppendEntries to vehicle 5 (n_entries=3, leader_commit=2)
33323.6ms Leader 0 SENDING AppendEntries to vehicle 6 (n_entries=3, leader_commit=2)
33323.6ms Leader 0 SENDING AppendEntries to vehicle 7 (n_entries=0, leader_commit=2)
33323.7ms Vehicle 2 RECEIVED AppendEntries from vehicle 0 (n_entries=0, leader_commit=2)
33323.9ms Vehicle 3 RECEIVED AppendEntries from vehicle 0 (n_entries=0, leader_commit=2)
33330.3ms Vehicle 7 RECEIVED AppendEntries from vehicle 0 (n_entries=0, leader_commit=2)
33463.6ms Leader 0 SENDING AppendEntries to vehicle 2 (n_entries=0, leader_commit=2)
33463.6ms Leader 0 SENDING AppendEntries to vehicle 3 (n_entries=0, leader_commit=2)
33463.6ms Leader 0 SENDING AppendEntries to vehicle 4 (n_entries=3, leader_commit=2)
33463.6ms Leader 0 SENDING AppendEntries to vehicle 5 (n_entries=3, leader_commit=2)
33463.6ms Leader 0 SENDING AppendEntries to vehicle 6 (n_entries=3, leader_commit=2)
33463.6ms Leader 0 SENDING AppendEntries to vehicle 7 (n_entries=0, leader_commit=2)
33463.7ms Vehicle 2 RECEIVED AppendEntries from vehicle 0 (n_entries=0, leader_commit=2)
33463.8ms Vehicle 3 RECEIVED AppendEntries from vehicle 0 (n_entries=0, leader_commit=2)
33469.9ms Vehicle 7 RECEIVED AppendEntries from vehicle 0 (n_entries=0, leader_commit=2)
33603.6ms Leader 0 SENDING AppendEntries to vehicle 2 (n_entries=0, leader_commit=2)
33603.6ms Leader 0 SENDING AppendEntries to vehicle 3 (n_entries=0, leader_commit=2)
33603.6ms Leader 0 SENDING AppendEntries to vehicle 4 (n_entries=3, leader_commit=2)
33603.6ms Leader 0 SENDING AppendEntries to vehicle 5 (n_entries=3, leader_commit=2)
33603.6ms Leader 0 SENDING AppendEntries to vehicle 6 (n_entries=3, leader_commit=2)
33603.6ms Leader 0 SENDING AppendEntries to vehicle 7 (n_entries=0, leader_commit=2)
33603.7ms Vehicle 2 RECEIVED AppendEntries from vehicle 0 (n_entries=0, leader_commit=2)
33604.1ms Vehicle 3 RECEIVED AppendEntries from vehicle 0 (n_entries=0, leader_commit=2)
33610.0ms Vehicle 7 RECEIVED AppendEntries from vehicle 0 (n_entries=0, leader_commit=2)
33743.6ms Leader 0 SENDING AppendEntries to vehicle 2 (n_entries=0, leader_commit=2)
33743.6ms Leader 0 SENDING AppendEntries to vehicle 3 (n_entries=0, leader_commit=2)
33743.6ms Leader 0 SENDING AppendEntries to vehicle 4 (n_entries=3, leader_commit=2)
33743.6ms Leader 0 SENDING AppendEntries to vehicle 5 (n_entries=3, leader_commit=2)
33743.6ms Leader 0 SENDING AppendEntries to vehicle 6 (n_entries=3, leader_commit=2)
33743.6ms Leader 0 SENDING AppendEntries to vehicle 7 (n_entries=0, leader_commit=2)
33743.7ms Vehicle 2 RECEIVED AppendEntries from vehicle 0 (n_entries=0, leader_commit=2)
33743.8ms Vehicle 3 RECEIVED AppendEntries from vehicle 0 (n_entries=0, leader_commit=2)
33749.8ms Vehicle 7 RECEIVED AppendEntries from vehicle 0 (n_entries=0, leader_commit=2)
33883.6ms Leader 0 SENDING AppendEntries to vehicle 2 (n_entries=0, leader_commit=2)
33883.6ms Leader 0 SENDING AppendEntries to vehicle 3 (n_entries=0, leader_commit=2)
33883.6ms Leader 0 SENDING AppendEntries to vehicle 4 (n_entries=3, leader_commit=2)
33883.6ms Leader 0 SENDING AppendEntries to vehicle 5 (n_entries=3, leader_commit=2)
33883.6ms Leader 0 SENDING AppendEntries to vehicle 6 (n_entries=3, leader_commit=2)
33883.6ms Leader 0 SENDING AppendEntries to vehicle 7 (n_entries=0, leader_commit=2)
33883.7ms Vehicle 2 RECEIVED AppendEntries from vehicle 0 (n_entries=0, leader_commit=2)
33883.9ms Vehicle 3 RECEIVED AppendEntries from vehicle 0 (n_entries=0, leader_commit=2)
33890.0ms Vehicle 7 RECEIVED AppendEntries from vehicle 0 (n_entries=0, leader_commit=2)
34023.6ms Leader 0 SENDING AppendEntries to vehicle 2 (n_entries=0, leader_commit=2)
34023.6ms Leader 0 SENDING AppendEntries to vehicle 3 (n_entries=0, leader_commit=2)
34023.6ms Leader 0 SENDING AppendEntries to vehicle 4 (n_entries=3, leader_commit=2)
34023.6ms Leader 0 SENDING AppendEntries to vehicle 5 (n_entries=3, leader_commit=2)
34023.6ms Leader 0 SENDING AppendEntries to vehicle 6 (n_entries=3, leader_commit=2)
34023.6ms Leader 0 SENDING AppendEntries to vehicle 7 (n_entries=0, leader_commit=2)
34023.7ms Vehicle 2 RECEIVED AppendEntries from vehicle 0 (n_entries=0, leader_commit=2)
34023.9ms Vehicle 3 RECEIVED AppendEntries from vehicle 0 (n_entries=0, leader_commit=2)
34029.9ms Vehicle 7 RECEIVED AppendEntries from vehicle 0 (n_entries=0, leader_commit=2)
34163.6ms Leader 0 SENDING AppendEntries to vehicle 2 (n_entries=0, leader_commit=2)
34163.6ms Leader 0 SENDING AppendEntries to vehicle 3 (n_entries=0, leader_commit=2)
34163.6ms Leader 0 SENDING AppendEntries to vehicle 4 (n_entries=3, leader_commit=2)
34163.6ms Leader 0 SENDING AppendEntries to vehicle 5 (n_entries=3, leader_commit=2)
34163.6ms Leader 0 SENDING AppendEntries to vehicle 6 (n_entries=3, leader_commit=2)
34163.6ms Leader 0 SENDING AppendEntries to vehicle 7 (n_entries=0, leader_commit=2)
34163.7ms Vehicle 2 RECEIVED AppendEntries from vehicle 0 (n_entries=0, leader_commit=2)
34164.1ms Vehicle 3 RECEIVED AppendEntries from vehicle 0 (n_entries=0, leader_commit=2)
34169.8ms Vehicle 7 RECEIVED AppendEntries from vehicle 0 (n_entries=0, leader_commit=2)
34303.6ms Leader 0 SENDING AppendEntries to vehicle 2 (n_entries=0, leader_commit=2)
34303.6ms Leader 0 SENDING AppendEntries to vehicle 3 (n_entries=0, leader_commit=2)
34303.6ms Leader 0 SENDING AppendEntries to vehicle 4 (n_entries=3, leader_commit=2)
34303.6ms Leader 0 SENDING AppendEntries to vehicle 5 (n_entries=3, leader_commit=2)
34303.6ms Leader 0 SENDING AppendEntries to vehicle 6 (n_entries=3, leader_commit=2)
34303.6ms Leader 0 SENDING AppendEntries to vehicle 7 (n_entries=0, leader_commit=2)
34303.7ms Vehicle 2 RECEIVED AppendEntries from vehicle 0 (n_entries=0, leader_commit=2)
34304.1ms Vehicle 3 RECEIVED AppendEntries from vehicle 0 (n_entries=0, leader_commit=2)
34309.5ms Vehicle 7 RECEIVED AppendEntries from vehicle 0 (n_entries=0, leader_commit=2)
34443.6ms Leader 0 SENDING AppendEntries to vehicle 2 (n_entries=0, leader_commit=2)
34443.6ms Leader 0 SENDING AppendEntries to vehicle 3 (n_entries=0, leader_commit=2)
34443.6ms Leader 0 SENDING AppendEntries to vehicle 4 (n_entries=3, leader_commit=2)
34443.6ms Leader 0 SENDING AppendEntries to vehicle 5 (n_entries=3, leader_commit=2)
34443.6ms Leader 0 SENDING AppendEntries to vehicle 6 (n_entries=3, leader_commit=2)
34443.6ms Leader 0 SENDING AppendEntries to vehicle 7 (n_entries=0, leader_commit=2)
34443.7ms Vehicle 2 RECEIVED AppendEntries from vehicle 0 (n_entries=0, leader_commit=2)
34443.9ms Vehicle 3 RECEIVED AppendEntries from vehicle 0 (n_entries=0, leader_commit=2)
34450.2ms Vehicle 7 RECEIVED AppendEntries from vehicle 0 (n_entries=0, leader_commit=2)
34583.6ms Leader 0 SENDING AppendEntries to vehicle 2 (n_entries=0, leader_commit=2)
34583.6ms Leader 0 SENDING AppendEntries to vehicle 3 (n_entries=0, leader_commit=2)
34583.6ms Leader 0 SENDING AppendEntries to vehicle 4 (n_entries=3, leader_commit=2)
34583.6ms Leader 0 SENDING AppendEntries to vehicle 5 (n_entries=3, leader_commit=2)
34583.6ms Leader 0 SENDING AppendEntries to vehicle 6 (n_entries=3, leader_commit=2)
34583.6ms Leader 0 SENDING AppendEntries to vehicle 7 (n_entries=0, leader_commit=2)
34583.7ms Vehicle 2 RECEIVED AppendEntries from vehicle 0 (n_entries=0, leader_commit=2)
34584.1ms Vehicle 3 RECEIVED AppendEntries from vehicle 0 (n_entries=0, leader_commit=2)
34589.9ms Vehicle 7 RECEIVED AppendEntries from vehicle 0 (n_entries=0, leader_commit=2)
34723.6ms Leader 0 SENDING AppendEntries to vehicle 2 (n_entries=0, leader_commit=2)
34723.6ms Leader 0 SENDING AppendEntries to vehicle 3 (n_entries=0, leader_commit=2)
34723.6ms Leader 0 SENDING AppendEntries to vehicle 4 (n_entries=3, leader_commit=2)
34723.6ms Leader 0 SENDING AppendEntries to vehicle 5 (n_entries=3, leader_commit=2)
34723.6ms Leader 0 SENDING AppendEntries to vehicle 6 (n_entries=3, leader_commit=2)
34723.6ms Leader 0 SENDING AppendEntries to vehicle 7 (n_entries=0, leader_commit=2)
34723.7ms Vehicle 2 RECEIVED AppendEntries from vehicle 0 (n_entries=0, leader_commit=2)
34724.1ms Vehicle 3 RECEIVED AppendEntries from vehicle 0 (n_entries=0, leader_commit=2)
34730.4ms Vehicle 7 RECEIVED AppendEntries from vehicle 0 (n_entries=0, leader_commit=2)
34863.6ms Leader 0 SENDING AppendEntries to vehicle 2 (n_entries=0, leader_commit=2)
34863.6ms Leader 0 SENDING AppendEntries to vehicle 3 (n_entries=0, leader_commit=2)
34863.6ms Leader 0 SENDING AppendEntries to vehicle 4 (n_entries=3, leader_commit=2)
34863.6ms Leader 0 SENDING AppendEntries to vehicle 5 (n_entries=3, leader_commit=2)
34863.6ms Leader 0 SENDING AppendEntries to vehicle 6 (n_entries=3, leader_commit=2)
34863.6ms Leader 0 SENDING AppendEntries to vehicle 7 (n_entries=0, leader_commit=2)
34863.7ms Vehicle 2 RECEIVED AppendEntries from vehicle 0 (n_entries=0, leader_commit=2)
34864.0ms Vehicle 3 RECEIVED AppendEntries from vehicle 0 (n_entries=0, leader_commit=2)
34869.8ms Vehicle 7 RECEIVED AppendEntries from vehicle 0 (n_entries=0, leader_commit=2)
35003.6ms Leader 0 SENDING AppendEntries to vehicle 2 (n_entries=0, leader_commit=2)
35003.6ms Leader 0 SENDING AppendEntries to vehicle 3 (n_entries=0, leader_commit=2)
35003.6ms Leader 0 SENDING AppendEntries to vehicle 4 (n_entries=3, leader_commit=2)
35003.6ms Leader 0 SENDING AppendEntries to vehicle 5 (n_entries=3, leader_commit=2)
35003.6ms Leader 0 SENDING AppendEntries to vehicle 6 (n_entries=3, leader_commit=2)
35003.6ms Leader 0 SENDING AppendEntries to vehicle 7 (n_entries=0, leader_commit=2)
35003.7ms Vehicle 2 RECEIVED AppendEntries from vehicle 0 (n_entries=0, leader_commit=2)
35004.0ms Vehicle 3 RECEIVED AppendEntries from vehicle 0 (n_entries=0, leader_commit=2)
35009.7ms Vehicle 7 RECEIVED AppendEntries from vehicle 0 (n_entries=0, leader_commit=2)
35143.6ms Leader 0 SENDING AppendEntries to vehicle 2 (n_entries=0, leader_commit=2)
35143.6ms Leader 0 SENDING AppendEntries to vehicle 3 (n_entries=0, leader_commit=2)
35143.6ms Leader 0 SENDING AppendEntries to vehicle 4 (n_entries=3, leader_commit=2)
35143.6ms Leader 0 SENDING AppendEntries to vehicle 5 (n_entries=3, leader_commit=2)
35143.6ms Leader 0 SENDING AppendEntries to vehicle 6 (n_entries=3, leader_commit=2)
35143.6ms Leader 0 SENDING AppendEntries to vehicle 7 (n_entries=0, leader_commit=2)
35143.7ms Vehicle 2 RECEIVED AppendEntries from vehicle 0 (n_entries=0, leader_commit=2)
35144.1ms Vehicle 3 RECEIVED AppendEntries from vehicle 0 (n_entries=0, leader_commit=2)
35150.1ms Vehicle 7 RECEIVED AppendEntries from vehicle 0 (n_entries=0, leader_commit=2)
35283.6ms Leader 0 SENDING AppendEntries to vehicle 2 (n_entries=0, leader_commit=2)
35283.6ms Leader 0 SENDING AppendEntries to vehicle 3 (n_entries=0, leader_commit=2)
35283.6ms Leader 0 SENDING AppendEntries to vehicle 4 (n_entries=3, leader_commit=2)
35283.6ms Leader 0 SENDING AppendEntries to vehicle 5 (n_entries=3, leader_commit=2)
35283.6ms Leader 0 SENDING AppendEntries to vehicle 6 (n_entries=3, leader_commit=2)
35283.6ms Leader 0 SENDING AppendEntries to vehicle 7 (n_entries=0, leader_commit=2)
35283.7ms Vehicle 2 RECEIVED AppendEntries from vehicle 0 (n_entries=0, leader_commit=2)
35283.8ms Vehicle 3 RECEIVED AppendEntries from vehicle 0 (n_entries=0, leader_commit=2)
35289.8ms Vehicle 7 RECEIVED AppendEntries from vehicle 0 (n_entries=0, leader_commit=2)
35423.6ms Leader 0 SENDING AppendEntries to vehicle 2 (n_entries=0, leader_commit=2)
35423.6ms Leader 0 SENDING AppendEntries to vehicle 3 (n_entries=0, leader_commit=2)
35423.6ms Leader 0 SENDING AppendEntries to vehicle 4 (n_entries=3, leader_commit=2)
35423.6ms Leader 0 SENDING AppendEntries to vehicle 5 (n_entries=3, leader_commit=2)
35423.6ms Leader 0 SENDING AppendEntries to vehicle 6 (n_entries=3, leader_commit=2)
35423.6ms Leader 0 SENDING AppendEntries to vehicle 7 (n_entries=0, leader_commit=2)
35423.7ms Vehicle 2 RECEIVED AppendEntries from vehicle 0 (n_entries=0, leader_commit=2)
35423.8ms Vehicle 3 RECEIVED AppendEntries from vehicle 0 (n_entries=0, leader_commit=2)
35430.1ms Vehicle 7 RECEIVED AppendEntries from vehicle 0 (n_entries=0, leader_commit=2)
35563.6ms Leader 0 SENDING AppendEntries to vehicle 2 (n_entries=0, leader_commit=2)
35563.6ms Leader 0 SENDING AppendEntries to vehicle 3 (n_entries=0, leader_commit=2)
35563.6ms Leader 0 SENDING AppendEntries to vehicle 4 (n_entries=3, leader_commit=2)
35563.6ms Leader 0 SENDING AppendEntries to vehicle 5 (n_entries=3, leader_commit=2)
35563.6ms Leader 0 SENDING AppendEntries to vehicle 6 (n_entries=3, leader_commit=2)
35563.6ms Leader 0 SENDING AppendEntries to vehicle 7 (n_entries=0, leader_commit=2)
35563.7ms Vehicle 2 RECEIVED AppendEntries from vehicle 0 (n_entries=0, leader_commit=2)
35564.0ms Vehicle 3 RECEIVED AppendEntries from vehicle 0 (n_entries=0, leader_commit=2)
35570.0ms Vehicle 7 RECEIVED AppendEntries from vehicle 0 (n_entries=0, leader_commit=2)
35703.6ms Leader 0 SENDING AppendEntries to vehicle 2 (n_entries=0, leader_commit=2)
35703.6ms Leader 0 SENDING AppendEntries to vehicle 3 (n_entries=0, leader_commit=2)
35703.6ms Leader 0 SENDING AppendEntries to vehicle 4 (n_entries=3, leader_commit=2)
35703.6ms Leader 0 SENDING AppendEntries to vehicle 5 (n_entries=3, leader_commit=2)
35703.6ms Leader 0 SENDING AppendEntries to vehicle 6 (n_entries=3, leader_commit=2)
35703.6ms Leader 0 SENDING AppendEntries to vehicle 7 (n_entries=0, leader_commit=2)
35703.7ms Vehicle 2 RECEIVED AppendEntries from vehicle 0 (n_entries=0, leader_commit=2)
35704.1ms Vehicle 3 RECEIVED AppendEntries from vehicle 0 (n_entries=0, leader_commit=2)
35710.3ms Vehicle 7 RECEIVED AppendEntries from vehicle 0 (n_entries=0, leader_commit=2)
35843.6ms Leader 0 SENDING AppendEntries to vehicle 2 (n_entries=0, leader_commit=2)
35843.6ms Leader 0 SENDING AppendEntries to vehicle 3 (n_entries=0, leader_commit=2)
35843.6ms Leader 0 SENDING AppendEntries to vehicle 4 (n_entries=3, leader_commit=2)
35843.6ms Leader 0 SENDING AppendEntries to vehicle 5 (n_entries=3, leader_commit=2)
35843.6ms Leader 0 SENDING AppendEntries to vehicle 6 (n_entries=3, leader_commit=2)
35843.6ms Leader 0 SENDING AppendEntries to vehicle 7 (n_entries=0, leader_commit=2)
35843.7ms Vehicle 2 RECEIVED AppendEntries from vehicle 0 (n_entries=0, leader_commit=2)
35844.0ms Vehicle 3 RECEIVED AppendEntries from vehicle 0 (n_entries=0, leader_commit=2)
35850.2ms Vehicle 7 RECEIVED AppendEntries from vehicle 0 (n_entries=0, leader_commit=2)
35983.6ms Leader 0 SENDING AppendEntries to vehicle 2 (n_entries=0, leader_commit=2)
35983.6ms Leader 0 SENDING AppendEntries to vehicle 3 (n_entries=0, leader_commit=2)
35983.6ms Leader 0 SENDING AppendEntries to vehicle 4 (n_entries=3, leader_commit=2)
35983.6ms Leader 0 SENDING AppendEntries to vehicle 5 (n_entries=3, leader_commit=2)
35983.6ms Leader 0 SENDING AppendEntries to vehicle 6 (n_entries=3, leader_commit=2)
35983.6ms Leader 0 SENDING AppendEntries to vehicle 7 (n_entries=0, leader_commit=2)
35983.7ms Vehicle 2 RECEIVED AppendEntries from vehicle 0 (n_entries=0, leader_commit=2)
35984.1ms Vehicle 3 RECEIVED AppendEntries from vehicle 0 (n_entries=0, leader_commit=2)
36123.6ms Leader 0 SENDING AppendEntries to vehicle 2 (n_entries=0, leader_commit=2)
36123.6ms Leader 0 SENDING AppendEntries to vehicle 3 (n_entries=0, leader_commit=2)
36123.6ms Leader 0 SENDING AppendEntries to vehicle 4 (n_entries=3, leader_commit=2)
36123.6ms Leader 0 SENDING AppendEntries to vehicle 5 (n_entries=3, leader_commit=2)
36123.6ms Leader 0 SENDING AppendEntries to vehicle 6 (n_entries=3, leader_commit=2)
36123.6ms Leader 0 SENDING AppendEntries to vehicle 7 (n_entries=0, leader_commit=2)
36123.7ms Vehicle 2 RECEIVED AppendEntries from vehicle 0 (n_entries=0, leader_commit=2)
36124.2ms Vehicle 3 RECEIVED AppendEntries from vehicle 0 (n_entries=0, leader_commit=2)
36130.3ms Vehicle 7 RECEIVED AppendEntries from vehicle 0 (n_entries=0, leader_commit=2)
36263.6ms Leader 0 SENDING AppendEntries to vehicle 2 (n_entries=0, leader_commit=2)
36263.6ms Leader 0 SENDING AppendEntries to vehicle 3 (n_entries=0, leader_commit=2)
36263.6ms Leader 0 SENDING AppendEntries to vehicle 4 (n_entries=3, leader_commit=2)
36263.6ms Leader 0 SENDING AppendEntries to vehicle 5 (n_entries=3, leader_commit=2)
36263.6ms Leader 0 SENDING AppendEntries to vehicle 6 (n_entries=3, leader_commit=2)
36263.6ms Leader 0 SENDING AppendEntries to vehicle 7 (n_entries=0, leader_commit=2)
36263.7ms Vehicle 2 RECEIVED AppendEntries from vehicle 0 (n_entries=0, leader_commit=2)
36264.1ms Vehicle 3 RECEIVED AppendEntries from vehicle 0 (n_entries=0, leader_commit=2)
36270.2ms Vehicle 7 RECEIVED AppendEntries from vehicle 0 (n_entries=0, leader_commit=2)
36403.6ms Leader 0 SENDING AppendEntries to vehicle 2 (n_entries=0, leader_commit=2)
36403.6ms Leader 0 SENDING AppendEntries to vehicle 3 (n_entries=0, leader_commit=2)
36403.6ms Leader 0 SENDING AppendEntries to vehicle 4 (n_entries=3, leader_commit=2)
36403.6ms Leader 0 SENDING AppendEntries to vehicle 5 (n_entries=3, leader_commit=2)
36403.6ms Leader 0 SENDING AppendEntries to vehicle 6 (n_entries=3, leader_commit=2)
36403.6ms Leader 0 SENDING AppendEntries to vehicle 7 (n_entries=0, leader_commit=2)
36403.7ms Vehicle 2 RECEIVED AppendEntries from vehicle 0 (n_entries=0, leader_commit=2)
36404.0ms Vehicle 3 RECEIVED AppendEntries from vehicle 0 (n_entries=0, leader_commit=2)
36409.8ms Vehicle 7 RECEIVED AppendEntries from vehicle 0 (n_entries=0, leader_commit=2)
36543.6ms Leader 0 SENDING AppendEntries to vehicle 2 (n_entries=0, leader_commit=2)
36543.6ms Leader 0 SENDING AppendEntries to vehicle 3 (n_entries=0, leader_commit=2)
36543.6ms Leader 0 SENDING AppendEntries to vehicle 4 (n_entries=3, leader_commit=2)
36543.6ms Leader 0 SENDING AppendEntries to vehicle 5 (n_entries=3, leader_commit=2)
36543.6ms Leader 0 SENDING AppendEntries to vehicle 6 (n_entries=3, leader_commit=2)
36543.6ms Leader 0 SENDING AppendEntries to vehicle 7 (n_entries=0, leader_commit=2)
36543.7ms Vehicle 2 RECEIVED AppendEntries from vehicle 0 (n_entries=0, leader_commit=2)
36543.9ms Vehicle 3 RECEIVED AppendEntries from vehicle 0 (n_entries=0, leader_commit=2)
36549.2ms Vehicle 7 RECEIVED AppendEntries from vehicle 0 (n_entries=0, leader_commit=2)
36683.6ms Leader 0 SENDING AppendEntries to vehicle 2 (n_entries=0, leader_commit=2)
36683.6ms Leader 0 SENDING AppendEntries to vehicle 3 (n_entries=0, leader_commit=2)
36683.6ms Leader 0 SENDING AppendEntries to vehicle 4 (n_entries=3, leader_commit=2)
36683.6ms Leader 0 SENDING AppendEntries to vehicle 5 (n_entries=3, leader_commit=2)
36683.6ms Leader 0 SENDING AppendEntries to vehicle 6 (n_entries=3, leader_commit=2)
36683.6ms Leader 0 SENDING AppendEntries to vehicle 7 (n_entries=0, leader_commit=2)
36683.7ms Vehicle 2 RECEIVED AppendEntries from vehicle 0 (n_entries=0, leader_commit=2)
36684.2ms Vehicle 3 RECEIVED AppendEntries from vehicle 0 (n_entries=0, leader_commit=2)
36689.6ms Vehicle 7 RECEIVED AppendEntries from vehicle 0 (n_entries=0, leader_commit=2)
36823.6ms Leader 0 SENDING AppendEntries to vehicle 2 (n_entries=0, leader_commit=2)
36823.6ms Leader 0 SENDING AppendEntries to vehicle 3 (n_entries=0, leader_commit=2)
36823.6ms Leader 0 SENDING AppendEntries to vehicle 4 (n_entries=3, leader_commit=2)
36823.6ms Leader 0 SENDING AppendEntries to vehicle 5 (n_entries=3, leader_commit=2)
36823.6ms Leader 0 SENDING AppendEntries to vehicle 6 (n_entries=3, leader_commit=2)
36823.6ms Leader 0 SENDING AppendEntries to vehicle 7 (n_entries=0, leader_commit=2)
36823.7ms Vehicle 2 RECEIVED AppendEntries from vehicle 0 (n_entries=0, leader_commit=2)
36823.9ms Vehicle 3 RECEIVED AppendEntries from vehicle 0 (n_entries=0, leader_commit=2)
36830.1ms Vehicle 7 RECEIVED AppendEntries from vehicle 0 (n_entries=0, leader_commit=2)
36963.6ms Leader 0 SENDING AppendEntries to vehicle 2 (n_entries=0, leader_commit=2)
36963.6ms Leader 0 SENDING AppendEntries to vehicle 3 (n_entries=0, leader_commit=2)
36963.6ms Leader 0 SENDING AppendEntries to vehicle 4 (n_entries=3, leader_commit=2)
36963.6ms Leader 0 SENDING AppendEntries to vehicle 5 (n_entries=3, leader_commit=2)
36963.6ms Leader 0 SENDING AppendEntries to vehicle 6 (n_entries=3, leader_commit=2)
36963.6ms Leader 0 SENDING AppendEntries to vehicle 7 (n_entries=0, leader_commit=2)
36963.7ms Vehicle 2 RECEIVED AppendEntries from vehicle 0 (n_entries=0, leader_commit=2)
36963.8ms Vehicle 3 RECEIVED AppendEntries from vehicle 0 (n_entries=0, leader_commit=2)
36969.8ms Vehicle 7 RECEIVED AppendEntries from vehicle 0 (n_entries=0, leader_commit=2)
37103.6ms Leader 0 SENDING AppendEntries to vehicle 2 (n_entries=0, leader_commit=2)
37103.6ms Leader 0 SENDING AppendEntries to vehicle 3 (n_entries=0, leader_commit=2)
37103.6ms Leader 0 SENDING AppendEntries to vehicle 4 (n_entries=3, leader_commit=2)
37103.6ms Leader 0 SENDING AppendEntries to vehicle 5 (n_entries=3, leader_commit=2)
37103.6ms Leader 0 SENDING AppendEntries to vehicle 6 (n_entries=3, leader_commit=2)
37103.6ms Leader 0 SENDING AppendEntries to vehicle 7 (n_entries=0, leader_commit=2)
37103.7ms Vehicle 2 RECEIVED AppendEntries from vehicle 0 (n_entries=0, leader_commit=2)
37104.2ms Vehicle 3 RECEIVED AppendEntries from vehicle 0 (n_entries=0, leader_commit=2)
37109.9ms Vehicle 7 RECEIVED AppendEntries from vehicle 0 (n_entries=0, leader_commit=2)
37243.6ms Leader 0 SENDING AppendEntries to vehicle 2 (n_entries=0, leader_commit=2)
37243.6ms Leader 0 SENDING AppendEntries to vehicle 3 (n_entries=0, leader_commit=2)
37243.6ms Leader 0 SENDING AppendEntries to vehicle 4 (n_entries=3, leader_commit=2)
37243.6ms Leader 0 SENDING AppendEntries to vehicle 5 (n_entries=3, leader_commit=2)
37243.6ms Leader 0 SENDING AppendEntries to vehicle 6 (n_entries=3, leader_commit=2)
37243.6ms Leader 0 SENDING AppendEntries to vehicle 7 (n_entries=0, leader_commit=2)
37243.7ms Vehicle 2 RECEIVED AppendEntries from vehicle 0 (n_entries=0, leader_commit=2)
37244.2ms Vehicle 3 RECEIVED AppendEntries from vehicle 0 (n_entries=0, leader_commit=2)
37250.4ms Vehicle 7 RECEIVED AppendEntries from vehicle 0 (n_entries=0, leader_commit=2)
37383.6ms Leader 0 SENDING AppendEntries to vehicle 2 (n_entries=0, leader_commit=2)
37383.6ms Leader 0 SENDING AppendEntries to vehicle 3 (n_entries=0, leader_commit=2)
37383.6ms Leader 0 SENDING AppendEntries to vehicle 4 (n_entries=3, leader_commit=2)
37383.6ms Leader 0 SENDING AppendEntries to vehicle 5 (n_entries=3, leader_commit=2)
37383.6ms Leader 0 SENDING AppendEntries to vehicle 6 (n_entries=3, leader_commit=2)
37383.6ms Leader 0 SENDING AppendEntries to vehicle 7 (n_entries=0, leader_commit=2)
37383.7ms Vehicle 2 RECEIVED AppendEntries from vehicle 0 (n_entries=0, leader_commit=2)
37383.9ms Vehicle 3 RECEIVED AppendEntries from vehicle 0 (n_entries=0, leader_commit=2)
37389.8ms Vehicle 7 RECEIVED AppendEntries from vehicle 0 (n_entries=0, leader_commit=2)
37523.6ms Leader 0 SENDING AppendEntries to vehicle 2 (n_entries=0, leader_commit=2)
37523.6ms Leader 0 SENDING AppendEntries to vehicle 3 (n_entries=0, leader_commit=2)
37523.6ms Leader 0 SENDING AppendEntries to vehicle 4 (n_entries=3, leader_commit=2)
37523.6ms Leader 0 SENDING AppendEntries to vehicle 5 (n_entries=3, leader_commit=2)
37523.6ms Leader 0 SENDING AppendEntries to vehicle 6 (n_entries=3, leader_commit=2)
37523.6ms Leader 0 SENDING AppendEntries to vehicle 7 (n_entries=0, leader_commit=2)
37524.0ms Vehicle 2 RECEIVED AppendEntries from vehicle 0 (n_entries=0, leader_commit=2)
37524.4ms Vehicle 3 RECEIVED AppendEntries from vehicle 0 (n_entries=0, leader_commit=2)
37529.9ms Vehicle 7 RECEIVED AppendEntries from vehicle 0 (n_entries=0, leader_commit=2)
37663.6ms Leader 0 SENDING AppendEntries to vehicle 2 (n_entries=0, leader_commit=2)
37663.6ms Leader 0 SENDING AppendEntries to vehicle 3 (n_entries=0, leader_commit=2)
37663.6ms Leader 0 SENDING AppendEntries to vehicle 4 (n_entries=3, leader_commit=2)
37663.6ms Leader 0 SENDING AppendEntries to vehicle 5 (n_entries=3, leader_commit=2)
37663.6ms Leader 0 SENDING AppendEntries to vehicle 6 (n_entries=3, leader_commit=2)
37663.6ms Leader 0 SENDING AppendEntries to vehicle 7 (n_entries=0, leader_commit=2)
37663.7ms Vehicle 2 RECEIVED AppendEntries from vehicle 0 (n_entries=0, leader_commit=2)
37664.0ms Vehicle 3 RECEIVED AppendEntries from vehicle 0 (n_entries=0, leader_commit=2)
37669.8ms Vehicle 7 RECEIVED AppendEntries from vehicle 0 (n_entries=0, leader_commit=2)
37803.6ms Leader 0 SENDING AppendEntries to vehicle 2 (n_entries=0, leader_commit=2)
37803.6ms Leader 0 SENDING AppendEntries to vehicle 3 (n_entries=0, leader_commit=2)
37803.6ms Leader 0 SENDING AppendEntries to vehicle 4 (n_entries=3, leader_commit=2)
37803.6ms Leader 0 SENDING AppendEntries to vehicle 5 (n_entries=3, leader_commit=2)
37803.6ms Leader 0 SENDING AppendEntries to vehicle 6 (n_entries=3, leader_commit=2)
37803.6ms Leader 0 SENDING AppendEntries to vehicle 7 (n_entries=0, leader_commit=2)
37803.7ms Vehicle 2 RECEIVED AppendEntries from vehicle 0 (n_entries=0, leader_commit=2)
37804.0ms Vehicle 3 RECEIVED AppendEntries from vehicle 0 (n_entries=0, leader_commit=2)
37809.9ms Vehicle 7 RECEIVED AppendEntries from vehicle 0 (n_entries=0, leader_commit=2)
37943.6ms Leader 0 SENDING AppendEntries to vehicle 2 (n_entries=0, leader_commit=2)
37943.6ms Leader 0 SENDING AppendEntries to vehicle 3 (n_entries=0, leader_commit=2)
37943.6ms Leader 0 SENDING AppendEntries to vehicle 4 (n_entries=3, leader_commit=2)
37943.6ms Leader 0 SENDING AppendEntries to vehicle 5 (n_entries=3, leader_commit=2)
37943.6ms Leader 0 SENDING AppendEntries to vehicle 6 (n_entries=3, leader_commit=2)
37943.6ms Leader 0 SENDING AppendEntries to vehicle 7 (n_entries=0, leader_commit=2)
37943.7ms Vehicle 2 RECEIVED AppendEntries from vehicle 0 (n_entries=0, leader_commit=2)
37943.9ms Vehicle 3 RECEIVED AppendEntries from vehicle 0 (n_entries=0, leader_commit=2)
37950.1ms Vehicle 7 RECEIVED AppendEntries from vehicle 0 (n_entries=0, leader_commit=2)
38083.6ms Leader 0 SENDING AppendEntries to vehicle 2 (n_entries=0, leader_commit=2)
38083.6ms Leader 0 SENDING AppendEntries to vehicle 3 (n_entries=0, leader_commit=2)
38083.6ms Leader 0 SENDING AppendEntries to vehicle 4 (n_entries=3, leader_commit=2)
38083.6ms Leader 0 SENDING AppendEntries to vehicle 5 (n_entries=3, leader_commit=2)
38083.6ms Leader 0 SENDING AppendEntries to vehicle 6 (n_entries=3, leader_commit=2)
38083.6ms Leader 0 SENDING AppendEntries to vehicle 7 (n_entries=0, leader_commit=2)
38083.7ms Vehicle 2 RECEIVED AppendEntries from vehicle 0 (n_entries=0, leader_commit=2)
38083.9ms Vehicle 3 RECEIVED AppendEntries from vehicle 0 (n_entries=0, leader_commit=2)
38089.9ms Vehicle 7 RECEIVED AppendEntries from vehicle 0 (n_entries=0, leader_commit=2)
38223.6ms Leader 0 SENDING AppendEntries to vehicle 2 (n_entries=0, leader_commit=2)
38223.6ms Leader 0 SENDING AppendEntries to vehicle 3 (n_entries=0, leader_commit=2)
38223.6ms Leader 0 SENDING AppendEntries to vehicle 4 (n_entries=3, leader_commit=2)
38223.6ms Leader 0 SENDING AppendEntries to vehicle 5 (n_entries=3, leader_commit=2)
38223.6ms Leader 0 SENDING AppendEntries to vehicle 6 (n_entries=3, leader_commit=2)
38223.6ms Leader 0 SENDING AppendEntries to vehicle 7 (n_entries=0, leader_commit=2)
38223.7ms Vehicle 2 RECEIVED AppendEntries from vehicle 0 (n_entries=0, leader_commit=2)
38229.6ms Vehicle 7 RECEIVED AppendEntries from vehicle 0 (n_entries=0, leader_commit=2)
38363.6ms Leader 0 SENDING AppendEntries to vehicle 2 (n_entries=0, leader_commit=2)
38363.6ms Leader 0 SENDING AppendEntries to vehicle 3 (n_entries=0, leader_commit=2)
38363.6ms Leader 0 SENDING AppendEntries to vehicle 4 (n_entries=3, leader_commit=2)
38363.6ms Leader 0 SENDING AppendEntries to vehicle 5 (n_entries=3, leader_commit=2)
38363.6ms Leader 0 SENDING AppendEntries to vehicle 6 (n_entries=3, leader_commit=2)
38363.6ms Leader 0 SENDING AppendEntries to vehicle 7 (n_entries=0, leader_commit=2)
38363.7ms Vehicle 2 RECEIVED AppendEntries from vehicle 0 (n_entries=0, leader_commit=2)
38364.0ms Vehicle 3 RECEIVED AppendEntries from vehicle 0 (n_entries=0, leader_commit=2)
38370.2ms Vehicle 7 RECEIVED AppendEntries from vehicle 0 (n_entries=0, leader_commit=2)
38503.6ms Leader 0 SENDING AppendEntries to vehicle 2 (n_entries=0, leader_commit=2)
38503.6ms Leader 0 SENDING AppendEntries to vehicle 3 (n_entries=0, leader_commit=2)
38503.6ms Leader 0 SENDING AppendEntries to vehicle 4 (n_entries=3, leader_commit=2)
38503.6ms Leader 0 SENDING AppendEntries to vehicle 5 (n_entries=3, leader_commit=2)
38503.6ms Leader 0 SENDING AppendEntries to vehicle 6 (n_entries=3, leader_commit=2)
38503.6ms Leader 0 SENDING AppendEntries to vehicle 7 (n_entries=0, leader_commit=2)
38503.7ms Vehicle 2 RECEIVED AppendEntries from vehicle 0 (n_entries=0, leader_commit=2)
38504.1ms Vehicle 3 RECEIVED AppendEntries from vehicle 0 (n_entries=0, leader_commit=2)
38509.8ms Vehicle 7 RECEIVED AppendEntries from vehicle 0 (n_entries=0, leader_commit=2)
38643.6ms Leader 0 SENDING AppendEntries to vehicle 2 (n_entries=0, leader_commit=2)
38643.6ms Leader 0 SENDING AppendEntries to vehicle 3 (n_entries=0, leader_commit=2)
38643.6ms Leader 0 SENDING AppendEntries to vehicle 4 (n_entries=3, leader_commit=2)
38643.6ms Leader 0 SENDING AppendEntries to vehicle 5 (n_entries=3, leader_commit=2)
38643.6ms Leader 0 SENDING AppendEntries to vehicle 6 (n_entries=3, leader_commit=2)
38643.6ms Leader 0 SENDING AppendEntries to vehicle 7 (n_entries=0, leader_commit=2)
38643.7ms Vehicle 2 RECEIVED AppendEntries from vehicle 0 (n_entries=0, leader_commit=2)
38643.9ms Vehicle 3 RECEIVED AppendEntries from vehicle 0 (n_entries=0, leader_commit=2)
38649.8ms Vehicle 7 RECEIVED AppendEntries from vehicle 0 (n_entries=0, leader_commit=2)
38783.6ms Leader 0 SENDING AppendEntries to vehicle 2 (n_entries=0, leader_commit=2)
38783.6ms Leader 0 SENDING AppendEntries to vehicle 3 (n_entries=0, leader_commit=2)
38783.6ms Leader 0 SENDING AppendEntries to vehicle 4 (n_entries=3, leader_commit=2)
38783.6ms Leader 0 SENDING AppendEntries to vehicle 5 (n_entries=3, leader_commit=2)
38783.6ms Leader 0 SENDING AppendEntries to vehicle 6 (n_entries=3, leader_commit=2)
38783.6ms Leader 0 SENDING AppendEntries to vehicle 7 (n_entries=0, leader_commit=2)
38783.7ms Vehicle 2 RECEIVED AppendEntries from vehicle 0 (n_entries=0, leader_commit=2)
38784.2ms Vehicle 3 RECEIVED AppendEntries from vehicle 0 (n_entries=0, leader_commit=2)
38790.6ms Vehicle 7 RECEIVED AppendEntries from vehicle 0 (n_entries=0, leader_commit=2)
38923.6ms Leader 0 SENDING AppendEntries to vehicle 2 (n_entries=0, leader_commit=2)
38923.6ms Leader 0 SENDING AppendEntries to vehicle 3 (n_entries=0, leader_commit=2)
38923.6ms Leader 0 SENDING AppendEntries to vehicle 4 (n_entries=3, leader_commit=2)
38923.6ms Leader 0 SENDING AppendEntries to vehicle 5 (n_entries=3, leader_commit=2)
38923.6ms Leader 0 SENDING AppendEntries to vehicle 6 (n_entries=3, leader_commit=2)
38923.6ms Leader 0 SENDING AppendEntries to vehicle 7 (n_entries=0, leader_commit=2)
38923.7ms Vehicle 2 RECEIVED AppendEntries from vehicle 0 (n_entries=0, leader_commit=2)
38924.0ms Vehicle 3 RECEIVED AppendEntries from vehicle 0 (n_entries=0, leader_commit=2)
38929.7ms Vehicle 7 RECEIVED AppendEntries from vehicle 0 (n_entries=0, leader_commit=2)
39063.6ms Leader 0 SENDING AppendEntries to vehicle 2 (n_entries=0, leader_commit=2)
39063.6ms Leader 0 SENDING AppendEntries to vehicle 3 (n_entries=0, leader_commit=2)
39063.6ms Leader 0 SENDING AppendEntries to vehicle 4 (n_entries=3, leader_commit=2)
39063.6ms Leader 0 SENDING AppendEntries to vehicle 5 (n_entries=3, leader_commit=2)
39063.6ms Leader 0 SENDING AppendEntries to vehicle 6 (n_entries=3, leader_commit=2)
39063.6ms Leader 0 SENDING AppendEntries to vehicle 7 (n_entries=0, leader_commit=2)
39063.7ms Vehicle 2 RECEIVED AppendEntries from vehicle 0 (n_entries=0, leader_commit=2)
39064.8ms Vehicle 3 RECEIVED AppendEntries from vehicle 0 (n_entries=0, leader_commit=2)
39070.5ms Vehicle 7 RECEIVED AppendEntries from vehicle 0 (n_entries=0, leader_commit=2)
39203.6ms Leader 0 SENDING AppendEntries to vehicle 2 (n_entries=0, leader_commit=2)
39203.6ms Leader 0 SENDING AppendEntries to vehicle 3 (n_entries=0, leader_commit=2)
39203.6ms Leader 0 SENDING AppendEntries to vehicle 4 (n_entries=3, leader_commit=2)
39203.6ms Leader 0 SENDING AppendEntries to vehicle 5 (n_entries=3, leader_commit=2)
39203.6ms Leader 0 SENDING AppendEntries to vehicle 6 (n_entries=3, leader_commit=2)
39203.6ms Leader 0 SENDING AppendEntries to vehicle 7 (n_entries=0, leader_commit=2)
39203.7ms Vehicle 2 RECEIVED AppendEntries from vehicle 0 (n_entries=0, leader_commit=2)
39203.8ms Vehicle 3 RECEIVED AppendEntries from vehicle 0 (n_entries=0, leader_commit=2)
39210.1ms Vehicle 7 RECEIVED AppendEntries from vehicle 0 (n_entries=0, leader_commit=2)
39343.6ms Leader 0 SENDING AppendEntries to vehicle 2 (n_entries=0, leader_commit=2)
39343.6ms Leader 0 SENDING AppendEntries to vehicle 3 (n_entries=0, leader_commit=2)
39343.6ms Leader 0 SENDING AppendEntries to vehicle 4 (n_entries=3, leader_commit=2)
39343.6ms Leader 0 SENDING AppendEntries to vehicle 5 (n_entries=3, leader_commit=2)
39343.6ms Leader 0 SENDING AppendEntries to vehicle 6 (n_entries=3, leader_commit=2)
39343.6ms Leader 0 SENDING AppendEntries to vehicle 7 (n_entries=0, leader_commit=2)
39343.7ms Vehicle 2 RECEIVED AppendEntries from vehicle 0 (n_entries=0, leader_commit=2)
39344.1ms Vehicle 3 RECEIVED AppendEntries from vehicle 0 (n_entries=0, leader_commit=2)
39349.7ms Vehicle 7 RECEIVED AppendEntries from vehicle 0 (n_entries=0, leader_commit=2)
39483.6ms Leader 0 SENDING AppendEntries to vehicle 2 (n_entries=0, leader_commit=2)
39483.6ms Leader 0 SENDING AppendEntries to vehicle 3 (n_entries=0, leader_commit=2)
39483.6ms Leader 0 SENDING AppendEntries to vehicle 4 (n_entries=3, leader_commit=2)
39483.6ms Leader 0 SENDING AppendEntries to vehicle 5 (n_entries=3, leader_commit=2)
39483.6ms Leader 0 SENDING AppendEntries to vehicle 6 (n_entries=3, leader_commit=2)
39483.6ms Leader 0 SENDING AppendEntries to vehicle 7 (n_entries=0, leader_commit=2)
39483.7ms Vehicle 2 RECEIVED AppendEntries from vehicle 0 (n_entries=0, leader_commit=2)
39484.1ms Vehicle 3 RECEIVED AppendEntries from vehicle 0 (n_entries=0, leader_commit=2)
39489.5ms Vehicle 7 RECEIVED AppendEntries from vehicle 0 (n_entries=0, leader_commit=2)
39623.6ms Leader 0 SENDING AppendEntries to vehicle 2 (n_entries=0, leader_commit=2)
39623.6ms Leader 0 SENDING AppendEntries to vehicle 3 (n_entries=0, leader_commit=2)
39623.6ms Leader 0 SENDING AppendEntries to vehicle 4 (n_entries=3, leader_commit=2)
39623.6ms Leader 0 SENDING AppendEntries to vehicle 5 (n_entries=3, leader_commit=2)
39623.6ms Leader 0 SENDING AppendEntries to vehicle 6 (n_entries=3, leader_commit=2)
39623.6ms Leader 0 SENDING AppendEntries to vehicle 7 (n_entries=0, leader_commit=2)
39623.7ms Vehicle 2 RECEIVED AppendEntries from vehicle 0 (n_entries=0, leader_commit=2)
39624.2ms Vehicle 3 RECEIVED AppendEntries from vehicle 0 (n_entries=0, leader_commit=2)
39629.9ms Vehicle 7 RECEIVED AppendEntries from vehicle 0 (n_entries=0, leader_commit=2)
39763.6ms Leader 0 SENDING AppendEntries to vehicle 2 (n_entries=0, leader_commit=2)
39763.6ms Leader 0 SENDING AppendEntries to vehicle 3 (n_entries=0, leader_commit=2)
39763.6ms Leader 0 SENDING AppendEntries to vehicle 4 (n_entries=3, leader_commit=2)
39763.6ms Leader 0 SENDING AppendEntries to vehicle 5 (n_entries=3, leader_commit=2)
39763.6ms Leader 0 SENDING AppendEntries to vehicle 6 (n_entries=3, leader_commit=2)
39763.6ms Leader 0 SENDING AppendEntries to vehicle 7 (n_entries=0, leader_commit=2)
39763.7ms Vehicle 2 RECEIVED AppendEntries from vehicle 0 (n_entries=0, leader_commit=2)
39764.1ms Vehicle 3 RECEIVED AppendEntries from vehicle 0 (n_entries=0, leader_commit=2)
39770.2ms Vehicle 7 RECEIVED AppendEntries from vehicle 0 (n_entries=0, leader_commit=2)
39903.6ms Leader 0 SENDING AppendEntries to vehicle 2 (n_entries=0, leader_commit=2)
39903.6ms Leader 0 SENDING AppendEntries to vehicle 3 (n_entries=0, leader_commit=2)
39903.6ms Leader 0 SENDING AppendEntries to vehicle 4 (n_entries=3, leader_commit=2)
39903.6ms Leader 0 SENDING AppendEntries to vehicle 5 (n_entries=3, leader_commit=2)
39903.6ms Leader 0 SENDING AppendEntries to vehicle 6 (n_entries=3, leader_commit=2)
39903.6ms Leader 0 SENDING AppendEntries to vehicle 7 (n_entries=0, leader_commit=2)
39903.7ms Vehicle 2 RECEIVED AppendEntries from vehicle 0 (n_entries=0, leader_commit=2)
39904.2ms Vehicle 3 RECEIVED AppendEntries from vehicle 0 (n_entries=0, leader_commit=2)
39910.4ms Vehicle 7 RECEIVED AppendEntries from vehicle 0 (n_entries=0, leader_commit=2)
40043.6ms Leader 0 SENDING AppendEntries to vehicle 2 (n_entries=0, leader_commit=2)
40043.6ms Leader 0 SENDING AppendEntries to vehicle 3 (n_entries=0, leader_commit=2)
40043.6ms Leader 0 SENDING AppendEntries to vehicle 4 (n_entries=3, leader_commit=2)
40043.6ms Leader 0 SENDING AppendEntries to vehicle 5 (n_entries=3, leader_commit=2)
40043.6ms Leader 0 SENDING AppendEntries to vehicle 6 (n_entries=3, leader_commit=2)
40043.6ms Leader 0 SENDING AppendEntries to vehicle 7 (n_entries=0, leader_commit=2)
40043.7ms Vehicle 2 RECEIVED AppendEntries from vehicle 0 (n_entries=0, leader_commit=2)
40044.1ms Vehicle 3 RECEIVED AppendEntries from vehicle 0 (n_entries=0, leader_commit=2)
40050.2ms Vehicle 7 RECEIVED AppendEntries from vehicle 0 (n_entries=0, leader_commit=2)
40183.6ms Leader 0 SENDING AppendEntries to vehicle 2 (n_entries=0, leader_commit=2)
40183.6ms Leader 0 SENDING AppendEntries to vehicle 3 (n_entries=0, leader_commit=2)
40183.6ms Leader 0 SENDING AppendEntries to vehicle 4 (n_entries=3, leader_commit=2)
40183.6ms Leader 0 SENDING AppendEntries to vehicle 5 (n_entries=3, leader_commit=2)
40183.6ms Leader 0 SENDING AppendEntries to vehicle 6 (n_entries=3, leader_commit=2)
40183.6ms Leader 0 SENDING AppendEntries to vehicle 7 (n_entries=0, leader_commit=2)
40183.7ms Vehicle 2 RECEIVED AppendEntries from vehicle 0 (n_entries=0, leader_commit=2)
40184.0ms Vehicle 3 RECEIVED AppendEntries from vehicle 0 (n_entries=0, leader_commit=2)
40189.9ms Vehicle 7 RECEIVED AppendEntries from vehicle 0 (n_entries=0, leader_commit=2)
40323.6ms Leader 0 SENDING AppendEntries to vehicle 2 (n_entries=0, leader_commit=2)
40323.6ms Leader 0 SENDING AppendEntries to vehicle 3 (n_entries=0, leader_commit=2)
40323.6ms Leader 0 SENDING AppendEntries to vehicle 4 (n_entries=3, leader_commit=2)
40323.6ms Leader 0 SENDING AppendEntries to vehicle 5 (n_entries=3, leader_commit=2)
40323.6ms Leader 0 SENDING AppendEntries to vehicle 6 (n_entries=3, leader_commit=2)
40323.6ms Leader 0 SENDING AppendEntries to vehicle 7 (n_entries=0, leader_commit=2)
40323.7ms Vehicle 2 RECEIVED AppendEntries from vehicle 0 (n_entries=0, leader_commit=2)
40323.9ms Vehicle 3 RECEIVED AppendEntries from vehicle 0 (n_entries=0, leader_commit=2)
40329.9ms Vehicle 7 RECEIVED AppendEntries from vehicle 0 (n_entries=0, leader_commit=2)
40463.6ms Leader 0 SENDING AppendEntries to vehicle 2 (n_entries=0, leader_commit=2)
40463.6ms Leader 0 SENDING AppendEntries to vehicle 3 (n_entries=0, leader_commit=2)
40463.6ms Leader 0 SENDING AppendEntries to vehicle 4 (n_entries=3, leader_commit=2)
40463.6ms Leader 0 SENDING AppendEntries to vehicle 5 (n_entries=3, leader_commit=2)
40463.6ms Leader 0 SENDING AppendEntries to vehicle 6 (n_entries=3, leader_commit=2)
40463.6ms Leader 0 SENDING AppendEntries to vehicle 7 (n_entries=0, leader_commit=2)
40463.7ms Vehicle 2 RECEIVED AppendEntries from vehicle 0 (n_entries=0, leader_commit=2)
40464.0ms Vehicle 3 RECEIVED AppendEntries from vehicle 0 (n_entries=0, leader_commit=2)
40470.0ms Vehicle 7 RECEIVED AppendEntries from vehicle 0 (n_entries=0, leader_commit=2)
40603.6ms Leader 0 SENDING AppendEntries to vehicle 2 (n_entries=0, leader_commit=2)
40603.6ms Leader 0 SENDING AppendEntries to vehicle 3 (n_entries=0, leader_commit=2)
40603.6ms Leader 0 SENDING AppendEntries to vehicle 4 (n_entries=3, leader_commit=2)
40603.6ms Leader 0 SENDING AppendEntries to vehicle 5 (n_entries=3, leader_commit=2)
40603.6ms Leader 0 SENDING AppendEntries to vehicle 6 (n_entries=3, leader_commit=2)
40603.6ms Leader 0 SENDING AppendEntries to vehicle 7 (n_entries=0, leader_commit=2)
40603.7ms Vehicle 2 RECEIVED AppendEntries from vehicle 0 (n_entries=0, leader_commit=2)
40603.9ms Vehicle 3 RECEIVED AppendEntries from vehicle 0 (n_entries=0, leader_commit=2)
40609.6ms Vehicle 7 RECEIVED AppendEntries from vehicle 0 (n_entries=0, leader_commit=2)
40743.6ms Leader 0 SENDING AppendEntries to vehicle 2 (n_entries=0, leader_commit=2)
40743.6ms Leader 0 SENDING AppendEntries to vehicle 3 (n_entries=0, leader_commit=2)
40743.6ms Leader 0 SENDING AppendEntries to vehicle 4 (n_entries=3, leader_commit=2)
40743.6ms Leader 0 SENDING AppendEntries to vehicle 5 (n_entries=3, leader_commit=2)
40743.6ms Leader 0 SENDING AppendEntries to vehicle 6 (n_entries=3, leader_commit=2)
40743.6ms Leader 0 SENDING AppendEntries to vehicle 7 (n_entries=0, leader_commit=2)
40743.7ms Vehicle 2 RECEIVED AppendEntries from vehicle 0 (n_entries=0, leader_commit=2)
40743.8ms Vehicle 3 RECEIVED AppendEntries from vehicle 0 (n_entries=0, leader_commit=2)
40749.5ms Vehicle 7 RECEIVED AppendEntries from vehicle 0 (n_entries=0, leader_commit=2)
40883.6ms Leader 0 SENDING AppendEntries to vehicle 2 (n_entries=0, leader_commit=2)
40883.6ms Leader 0 SENDING AppendEntries to vehicle 3 (n_entries=0, leader_commit=2)
40883.6ms Leader 0 SENDING AppendEntries to vehicle 4 (n_entries=3, leader_commit=2)
40883.6ms Leader 0 SENDING AppendEntries to vehicle 5 (n_entries=3, leader_commit=2)
40883.6ms Leader 0 SENDING AppendEntries to vehicle 6 (n_entries=3, leader_commit=2)
40883.6ms Leader 0 SENDING AppendEntries to vehicle 7 (n_entries=0, leader_commit=2)
40883.9ms Vehicle 3 RECEIVED AppendEntries from vehicle 0 (n_entries=0, leader_commit=2)
40889.2ms Vehicle 7 RECEIVED AppendEntries from vehicle 0 (n_entries=0, leader_commit=2)
41023.6ms Leader 0 SENDING AppendEntries to vehicle 2 (n_entries=0, leader_commit=2)
41023.6ms Leader 0 SENDING AppendEntries to vehicle 3 (n_entries=0, leader_commit=2)
41023.6ms Leader 0 SENDING AppendEntries to vehicle 4 (n_entries=3, leader_commit=2)
41023.6ms Leader 0 SENDING AppendEntries to vehicle 5 (n_entries=3, leader_commit=2)
41023.6ms Leader 0 SENDING AppendEntries to vehicle 6 (n_entries=3, leader_commit=2)
41023.6ms Leader 0 SENDING AppendEntries to vehicle 7 (n_entries=0, leader_commit=2)
41023.7ms Vehicle 2 RECEIVED AppendEntries from vehicle 0 (n_entries=0, leader_commit=2)
41023.8ms Vehicle 3 RECEIVED AppendEntries from vehicle 0 (n_entries=0, leader_commit=2)
41030.3ms Vehicle 7 RECEIVED AppendEntries from vehicle 0 (n_entries=0, leader_commit=2)
41163.6ms Leader 0 SENDING AppendEntries to vehicle 2 (n_entries=0, leader_commit=2)
41163.6ms Leader 0 SENDING AppendEntries to vehicle 3 (n_entries=0, leader_commit=2)
41163.6ms Leader 0 SENDING AppendEntries to vehicle 4 (n_entries=3, leader_commit=2)
41163.6ms Leader 0 SENDING AppendEntries to vehicle 5 (n_entries=3, leader_commit=2)
41163.6ms Leader 0 SENDING AppendEntries to vehicle 6 (n_entries=3, leader_commit=2)
41163.6ms Leader 0 SENDING AppendEntries to vehicle 7 (n_entries=0, leader_commit=2)
41163.7ms Vehicle 2 RECEIVED AppendEntries from vehicle 0 (n_entries=0, leader_commit=2)
41164.1ms Vehicle 3 RECEIVED AppendEntries from vehicle 0 (n_entries=0, leader_commit=2)
41170.0ms Vehicle 7 RECEIVED AppendEntries from vehicle 0 (n_entries=0, leader_commit=2)
41303.6ms Leader 0 SENDING AppendEntries to vehicle 2 (n_entries=0, leader_commit=2)
41303.6ms Leader 0 SENDING AppendEntries to vehicle 3 (n_entries=0, leader_commit=2)
41303.6ms Leader 0 SENDING AppendEntries to vehicle 4 (n_entries=3, leader_commit=2)
41303.6ms Leader 0 SENDING AppendEntries to vehicle 5 (n_entries=3, leader_commit=2)
41303.6ms Leader 0 SENDING AppendEntries to vehicle 6 (n_entries=3, leader_commit=2)
41303.6ms Leader 0 SENDING AppendEntries to vehicle 7 (n_entries=0, leader_commit=2)
41303.7ms Vehicle 2 RECEIVED AppendEntries from vehicle 0 (n_entries=0, leader_commit=2)
41303.9ms Vehicle 3 RECEIVED AppendEntries from vehicle 0 (n_entries=0, leader_commit=2)
41309.7ms Vehicle 7 RECEIVED AppendEntries from vehicle 0 (n_entries=0, leader_commit=2)
41443.6ms Leader 0 SENDING AppendEntries to vehicle 2 (n_entries=0, leader_commit=2)
41443.6ms Leader 0 SENDING AppendEntries to vehicle 3 (n_entries=0, leader_commit=2)
41443.6ms Leader 0 SENDING AppendEntries to vehicle 4 (n_entries=3, leader_commit=2)
41443.6ms Leader 0 SENDING AppendEntries to vehicle 5 (n_entries=3, leader_commit=2)
41443.6ms Leader 0 SENDING AppendEntries to vehicle 6 (n_entries=3, leader_commit=2)
41443.6ms Leader 0 SENDING AppendEntries to vehicle 7 (n_entries=0, leader_commit=2)
41443.7ms Vehicle 2 RECEIVED AppendEntries from vehicle 0 (n_entries=0, leader_commit=2)
41444.2ms Vehicle 3 RECEIVED AppendEntries from vehicle 0 (n_entries=0, leader_commit=2)
41449.8ms Vehicle 7 RECEIVED AppendEntries from vehicle 0 (n_entries=0, leader_commit=2)
41583.6ms Leader 0 SENDING AppendEntries to vehicle 2 (n_entries=0, leader_commit=2)
41583.6ms Leader 0 SENDING AppendEntries to vehicle 3 (n_entries=0, leader_commit=2)
41583.6ms Leader 0 SENDING AppendEntries to vehicle 4 (n_entries=3, leader_commit=2)
41583.6ms Leader 0 SENDING AppendEntries to vehicle 5 (n_entries=3, leader_commit=2)
41583.6ms Leader 0 SENDING AppendEntries to vehicle 6 (n_entries=3, leader_commit=2)
41583.6ms Leader 0 SENDING AppendEntries to vehicle 7 (n_entries=0, leader_commit=2)
41583.7ms Vehicle 2 RECEIVED AppendEntries from vehicle 0 (n_entries=0, leader_commit=2)
41583.8ms Vehicle 3 RECEIVED AppendEntries from vehicle 0 (n_entries=0, leader_commit=2)
41589.9ms Vehicle 7 RECEIVED AppendEntries from vehicle 0 (n_entries=0, leader_commit=2)
41723.6ms Leader 0 SENDING AppendEntries to vehicle 2 (n_entries=0, leader_commit=2)
41723.6ms Leader 0 SENDING AppendEntries to vehicle 3 (n_entries=0, leader_commit=2)
41723.6ms Leader 0 SENDING AppendEntries to vehicle 4 (n_entries=3, leader_commit=2)
41723.6ms Leader 0 SENDING AppendEntries to vehicle 5 (n_entries=3, leader_commit=2)
41723.6ms Leader 0 SENDING AppendEntries to vehicle 6 (n_entries=3, leader_commit=2)
41723.6ms Leader 0 SENDING AppendEntries to vehicle 7 (n_entries=0, leader_commit=2)
41723.7ms Vehicle 2 RECEIVED AppendEntries from vehicle 0 (n_entries=0, leader_commit=2)
41723.9ms Vehicle 3 RECEIVED AppendEntries from vehicle 0 (n_entries=0, leader_commit=2)
41729.8ms Vehicle 7 RECEIVED AppendEntries from vehicle 0 (n_entries=0, leader_commit=2)
41863.6ms Leader 0 SENDING AppendEntries to vehicle 2 (n_entries=0, leader_commit=2)
41863.6ms Leader 0 SENDING AppendEntries to vehicle 3 (n_entries=0, leader_commit=2)
41863.6ms Leader 0 SENDING AppendEntries to vehicle 4 (n_entries=3, leader_commit=2)
41863.6ms Leader 0 SENDING AppendEntries to vehicle 5 (n_entries=3, leader_commit=2)
41863.6ms Leader 0 SENDING AppendEntries to vehicle 6 (n_entries=3, leader_commit=2)
41863.6ms Leader 0 SENDING AppendEntries to vehicle 7 (n_entries=0, leader_commit=2)
41863.7ms Vehicle 2 RECEIVED AppendEntries from vehicle 0 (n_entries=0, leader_commit=2)
41864.1ms Vehicle 3 RECEIVED AppendEntries from vehicle 0 (n_entries=0, leader_commit=2)
41870.0ms Vehicle 7 RECEIVED AppendEntries from vehicle 0 (n_entries=0, leader_commit=2)
42003.6ms Leader 0 SENDING AppendEntries to vehicle 2 (n_entries=0, leader_commit=2)
42003.6ms Leader 0 SENDING AppendEntries to vehicle 3 (n_entries=0, leader_commit=2)
42003.6ms Leader 0 SENDING AppendEntries to vehicle 4 (n_entries=3, leader_commit=2)
42003.6ms Leader 0 SENDING AppendEntries to vehicle 5 (n_entries=3, leader_commit=2)
42003.6ms Leader 0 SENDING AppendEntries to vehicle 6 (n_entries=3, leader_commit=2)
42003.6ms Leader 0 SENDING AppendEntries to vehicle 7 (n_entries=0, leader_commit=2)
42003.7ms Vehicle 2 RECEIVED AppendEntries from vehicle 0 (n_entries=0, leader_commit=2)
42004.0ms Vehicle 3 RECEIVED AppendEntries from vehicle 0 (n_entries=0, leader_commit=2)
42009.9ms Vehicle 7 RECEIVED AppendEntries from vehicle 0 (n_entries=0, leader_commit=2)
42143.6ms Leader 0 SENDING AppendEntries to vehicle 2 (n_entries=0, leader_commit=2)
42143.6ms Leader 0 SENDING AppendEntries to vehicle 3 (n_entries=0, leader_commit=2)
42143.6ms Leader 0 SENDING AppendEntries to vehicle 4 (n_entries=3, leader_commit=2)
42143.6ms Leader 0 SENDING AppendEntries to vehicle 5 (n_entries=3, leader_commit=2)
42143.6ms Leader 0 SENDING AppendEntries to vehicle 6 (n_entries=3, leader_commit=2)
42143.6ms Leader 0 SENDING AppendEntries to vehicle 7 (n_entries=0, leader_commit=2)
42143.7ms Vehicle 2 RECEIVED AppendEntries from vehicle 0 (n_entries=0, leader_commit=2)
42143.9ms Vehicle 3 RECEIVED AppendEntries from vehicle 0 (n_entries=0, leader_commit=2)
42149.8ms Vehicle 7 RECEIVED AppendEntries from vehicle 0 (n_entries=0, leader_commit=2)
42283.6ms Leader 0 SENDING AppendEntries to vehicle 2 (n_entries=0, leader_commit=2)
42283.6ms Leader 0 SENDING AppendEntries to vehicle 3 (n_entries=0, leader_commit=2)
42283.6ms Leader 0 SENDING AppendEntries to vehicle 4 (n_entries=3, leader_commit=2)
42283.6ms Leader 0 SENDING AppendEntries to vehicle 5 (n_entries=3, leader_commit=2)
42283.6ms Leader 0 SENDING AppendEntries to vehicle 6 (n_entries=3, leader_commit=2)
42283.6ms Leader 0 SENDING AppendEntries to vehicle 7 (n_entries=0, leader_commit=2)
42283.7ms Vehicle 2 RECEIVED AppendEntries from vehicle 0 (n_entries=0, leader_commit=2)
42284.0ms Vehicle 3 RECEIVED AppendEntries from vehicle 0 (n_entries=0, leader_commit=2)
42290.1ms Vehicle 7 RECEIVED AppendEntries from vehicle 0 (n_entries=0, leader_commit=2)
42423.6ms Leader 0 SENDING AppendEntries to vehicle 2 (n_entries=0, leader_commit=2)
42423.6ms Leader 0 SENDING AppendEntries to vehicle 3 (n_entries=0, leader_commit=2)
42423.6ms Leader 0 SENDING AppendEntries to vehicle 4 (n_entries=3, leader_commit=2)
42423.6ms Leader 0 SENDING AppendEntries to vehicle 5 (n_entries=3, leader_commit=2)
42423.6ms Leader 0 SENDING AppendEntries to vehicle 6 (n_entries=3, leader_commit=2)
42423.6ms Leader 0 SENDING AppendEntries to vehicle 7 (n_entries=0, leader_commit=2)
42423.7ms Vehicle 2 RECEIVED AppendEntries from vehicle 0 (n_entries=0, leader_commit=2)
42424.1ms Vehicle 3 RECEIVED AppendEntries from vehicle 0 (n_entries=0, leader_commit=2)
42430.2ms Vehicle 7 RECEIVED AppendEntries from vehicle 0 (n_entries=0, leader_commit=2)
42563.6ms Leader 0 SENDING AppendEntries to vehicle 2 (n_entries=0, leader_commit=2)
42563.6ms Leader 0 SENDING AppendEntries to vehicle 3 (n_entries=0, leader_commit=2)
42563.6ms Leader 0 SENDING AppendEntries to vehicle 4 (n_entries=3, leader_commit=2)
42563.6ms Leader 0 SENDING AppendEntries to vehicle 5 (n_entries=3, leader_commit=2)
42563.6ms Leader 0 SENDING AppendEntries to vehicle 6 (n_entries=3, leader_commit=2)
42563.6ms Leader 0 SENDING AppendEntries to vehicle 7 (n_entries=0, leader_commit=2)
42563.7ms Vehicle 2 RECEIVED AppendEntries from vehicle 0 (n_entries=0, leader_commit=2)
42563.9ms Vehicle 3 RECEIVED AppendEntries from vehicle 0 (n_entries=0, leader_commit=2)
42569.6ms Vehicle 7 RECEIVED AppendEntries from vehicle 0 (n_entries=0, leader_commit=2)
42703.6ms Leader 0 SENDING AppendEntries to vehicle 2 (n_entries=0, leader_commit=2)
42703.6ms Leader 0 SENDING AppendEntries to vehicle 3 (n_entries=0, leader_commit=2)
42703.6ms Leader 0 SENDING AppendEntries to vehicle 4 (n_entries=3, leader_commit=2)
42703.6ms Leader 0 SENDING AppendEntries to vehicle 5 (n_entries=3, leader_commit=2)
42703.6ms Leader 0 SENDING AppendEntries to vehicle 6 (n_entries=3, leader_commit=2)
42703.6ms Leader 0 SENDING AppendEntries to vehicle 7 (n_entries=0, leader_commit=2)
42703.7ms Vehicle 2 RECEIVED AppendEntries from vehicle 0 (n_entries=0, leader_commit=2)
42703.9ms Vehicle 3 RECEIVED AppendEntries from vehicle 0 (n_entries=0, leader_commit=2)
42710.3ms Vehicle 7 RECEIVED AppendEntries from vehicle 0 (n_entries=0, leader_commit=2)
42843.6ms Leader 0 SENDING AppendEntries to vehicle 2 (n_entries=0, leader_commit=2)
42843.6ms Leader 0 SENDING AppendEntries to vehicle 3 (n_entries=0, leader_commit=2)
42843.6ms Leader 0 SENDING AppendEntries to vehicle 4 (n_entries=3, leader_commit=2)
42843.6ms Leader 0 SENDING AppendEntries to vehicle 5 (n_entries=3, leader_commit=2)
42843.6ms Leader 0 SENDING AppendEntries to vehicle 6 (n_entries=3, leader_commit=2)
42843.6ms Leader 0 SENDING AppendEntries to vehicle 7 (n_entries=0, leader_commit=2)
42843.7ms Vehicle 2 RECEIVED AppendEntries from vehicle 0 (n_entries=0, leader_commit=2)
42843.9ms Vehicle 3 RECEIVED AppendEntries from vehicle 0 (n_entries=0, leader_commit=2)
42983.6ms Leader 0 SENDING AppendEntries to vehicle 2 (n_entries=0, leader_commit=2)
42983.6ms Leader 0 SENDING AppendEntries to vehicle 3 (n_entries=0, leader_commit=2)
42983.6ms Leader 0 SENDING AppendEntries to vehicle 4 (n_entries=3, leader_commit=2)
42983.6ms Leader 0 SENDING AppendEntries to vehicle 5 (n_entries=3, leader_commit=2)
42983.6ms Leader 0 SENDING AppendEntries to vehicle 6 (n_entries=3, leader_commit=2)
42983.6ms Leader 0 SENDING AppendEntries to vehicle 7 (n_entries=0, leader_commit=2)
42983.7ms Vehicle 2 RECEIVED AppendEntries from vehicle 0 (n_entries=0, leader_commit=2)
42984.0ms Vehicle 3 RECEIVED AppendEntries from vehicle 0 (n_entries=0, leader_commit=2)
42990.1ms Vehicle 7 RECEIVED AppendEntries from vehicle 0 (n_entries=0, leader_commit=2)
43043.5ms Vehicle 2 BATCH SAFETY FALLBACK (lost VEHICLE_LEFT?) for batch 1
43043.5ms Vehicle 2 RESUMING movement
43123.6ms Leader 0 SENDING AppendEntries to vehicle 2 (n_entries=0, leader_commit=2)
43123.6ms Leader 0 SENDING AppendEntries to vehicle 3 (n_entries=0, leader_commit=2)
43123.6ms Leader 0 SENDING AppendEntries to vehicle 4 (n_entries=3, leader_commit=2)
43123.6ms Leader 0 SENDING AppendEntries to vehicle 5 (n_entries=3, leader_commit=2)
43123.6ms Leader 0 SENDING AppendEntries to vehicle 6 (n_entries=3, leader_commit=2)
43123.6ms Leader 0 SENDING AppendEntries to vehicle 7 (n_entries=0, leader_commit=2)
43123.7ms Vehicle 2 RECEIVED AppendEntries from vehicle 0 (n_entries=0, leader_commit=2)
43123.9ms Vehicle 3 RECEIVED AppendEntries from vehicle 0 (n_entries=0, leader_commit=2)
43129.8ms Vehicle 7 RECEIVED AppendEntries from vehicle 0 (n_entries=0, leader_commit=2)
43263.6ms Leader 0 SENDING AppendEntries to vehicle 2 (n_entries=0, leader_commit=2)
43263.6ms Leader 0 SENDING AppendEntries to vehicle 3 (n_entries=0, leader_commit=2)
43263.6ms Leader 0 SENDING AppendEntries to vehicle 4 (n_entries=3, leader_commit=2)
43263.6ms Leader 0 SENDING AppendEntries to vehicle 5 (n_entries=3, leader_commit=2)
43263.6ms Leader 0 SENDING AppendEntries to vehicle 6 (n_entries=3, leader_commit=2)
43263.6ms Leader 0 SENDING AppendEntries to vehicle 7 (n_entries=0, leader_commit=2)
43263.7ms Vehicle 2 RECEIVED AppendEntries from vehicle 0 (n_entries=0, leader_commit=2)
43264.2ms Vehicle 3 RECEIVED AppendEntries from vehicle 0 (n_entries=0, leader_commit=2)
43270.0ms Vehicle 7 RECEIVED AppendEntries from vehicle 0 (n_entries=0, leader_commit=2)
43403.6ms Leader 0 SENDING AppendEntries to vehicle 2 (n_entries=0, leader_commit=2)
43403.6ms Leader 0 SENDING AppendEntries to vehicle 3 (n_entries=0, leader_commit=2)
43403.6ms Leader 0 SENDING AppendEntries to vehicle 4 (n_entries=3, leader_commit=2)
43403.6ms Leader 0 SENDING AppendEntries to vehicle 5 (n_entries=3, leader_commit=2)
43403.6ms Leader 0 SENDING AppendEntries to vehicle 6 (n_entries=3, leader_commit=2)
43403.6ms Leader 0 SENDING AppendEntries to vehicle 7 (n_entries=0, leader_commit=2)
43403.7ms Vehicle 2 RECEIVED AppendEntries from vehicle 0 (n_entries=0, leader_commit=2)
43403.8ms Vehicle 3 RECEIVED AppendEntries from vehicle 0 (n_entries=0, leader_commit=2)
43409.8ms Vehicle 7 RECEIVED AppendEntries from vehicle 0 (n_entries=0, leader_commit=2)
43543.6ms Leader 0 SENDING AppendEntries to vehicle 2 (n_entries=0, leader_commit=2)
43543.6ms Leader 0 SENDING AppendEntries to vehicle 3 (n_entries=0, leader_commit=2)
43543.6ms Leader 0 SENDING AppendEntries to vehicle 4 (n_entries=3, leader_commit=2)
43543.6ms Leader 0 SENDING AppendEntries to vehicle 5 (n_entries=3, leader_commit=2)
43543.6ms Leader 0 SENDING AppendEntries to vehicle 6 (n_entries=3, leader_commit=2)
43543.6ms Leader 0 SENDING AppendEntries to vehicle 7 (n_entries=0, leader_commit=2)
43543.7ms Vehicle 2 RECEIVED AppendEntries from vehicle 0 (n_entries=0, leader_commit=2)
43543.9ms Vehicle 3 RECEIVED AppendEntries from vehicle 0 (n_entries=0, leader_commit=2)
43550.0ms Vehicle 7 RECEIVED AppendEntries from vehicle 0 (n_entries=0, leader_commit=2)
43683.6ms Leader 0 SENDING AppendEntries to vehicle 2 (n_entries=0, leader_commit=2)
43683.6ms Leader 0 SENDING AppendEntries to vehicle 3 (n_entries=0, leader_commit=2)
43683.6ms Leader 0 SENDING AppendEntries to vehicle 4 (n_entries=3, leader_commit=2)
43683.6ms Leader 0 SENDING AppendEntries to vehicle 5 (n_entries=3, leader_commit=2)
43683.6ms Leader 0 SENDING AppendEntries to vehicle 6 (n_entries=3, leader_commit=2)
43683.6ms Leader 0 SENDING AppendEntries to vehicle 7 (n_entries=0, leader_commit=2)
43683.7ms Vehicle 2 RECEIVED AppendEntries from vehicle 0 (n_entries=0, leader_commit=2)
43684.1ms Vehicle 3 RECEIVED AppendEntries from vehicle 0 (n_entries=0, leader_commit=2)
43689.6ms Vehicle 7 RECEIVED AppendEntries from vehicle 0 (n_entries=0, leader_commit=2)
43823.6ms Leader 0 SENDING AppendEntries to vehicle 2 (n_entries=0, leader_commit=2)
43823.6ms Leader 0 SENDING AppendEntries to vehicle 3 (n_entries=0, leader_commit=2)
43823.6ms Leader 0 SENDING AppendEntries to vehicle 4 (n_entries=3, leader_commit=2)
43823.6ms Leader 0 SENDING AppendEntries to vehicle 5 (n_entries=3, leader_commit=2)
43823.6ms Leader 0 SENDING AppendEntries to vehicle 6 (n_entries=3, leader_commit=2)
43823.6ms Leader 0 SENDING AppendEntries to vehicle 7 (n_entries=0, leader_commit=2)
43823.7ms Vehicle 2 RECEIVED AppendEntries from vehicle 0 (n_entries=0, leader_commit=2)
43824.2ms Vehicle 3 RECEIVED AppendEntries from vehicle 0 (n_entries=0, leader_commit=2)
43830.3ms Vehicle 7 RECEIVED AppendEntries from vehicle 0 (n_entries=0, leader_commit=2)
43963.6ms Leader 0 SENDING AppendEntries to vehicle 2 (n_entries=0, leader_commit=2)
43963.6ms Leader 0 SENDING AppendEntries to vehicle 3 (n_entries=0, leader_commit=2)
43963.6ms Leader 0 SENDING AppendEntries to vehicle 4 (n_entries=3, leader_commit=2)
43963.6ms Leader 0 SENDING AppendEntries to vehicle 5 (n_entries=3, leader_commit=2)
43963.6ms Leader 0 SENDING AppendEntries to vehicle 6 (n_entries=3, leader_commit=2)
43963.6ms Leader 0 SENDING AppendEntries to vehicle 7 (n_entries=0, leader_commit=2)
43963.7ms Vehicle 2 RECEIVED AppendEntries from vehicle 0 (n_entries=0, leader_commit=2)
43963.9ms Vehicle 3 RECEIVED AppendEntries from vehicle 0 (n_entries=0, leader_commit=2)
43969.9ms Vehicle 7 RECEIVED AppendEntries from vehicle 0 (n_entries=0, leader_commit=2)
44103.6ms Leader 0 SENDING AppendEntries to vehicle 2 (n_entries=0, leader_commit=2)
44103.6ms Leader 0 SENDING AppendEntries to vehicle 3 (n_entries=0, leader_commit=2)
44103.6ms Leader 0 SENDING AppendEntries to vehicle 4 (n_entries=3, leader_commit=2)
44103.6ms Leader 0 SENDING AppendEntries to vehicle 5 (n_entries=3, leader_commit=2)
44103.6ms Leader 0 SENDING AppendEntries to vehicle 6 (n_entries=3, leader_commit=2)
44103.6ms Leader 0 SENDING AppendEntries to vehicle 7 (n_entries=0, leader_commit=2)
44103.7ms Vehicle 2 RECEIVED AppendEntries from vehicle 0 (n_entries=0, leader_commit=2)
44103.9ms Vehicle 3 RECEIVED AppendEntries from vehicle 0 (n_entries=0, leader_commit=2)
44110.1ms Vehicle 7 RECEIVED AppendEntries from vehicle 0 (n_entries=0, leader_commit=2)
44243.6ms Leader 0 SENDING AppendEntries to vehicle 2 (n_entries=0, leader_commit=2)
44243.6ms Leader 0 SENDING AppendEntries to vehicle 3 (n_entries=0, leader_commit=2)
44243.6ms Leader 0 SENDING AppendEntries to vehicle 4 (n_entries=3, leader_commit=2)
44243.6ms Leader 0 SENDING AppendEntries to vehicle 5 (n_entries=3, leader_commit=2)
44243.6ms Leader 0 SENDING AppendEntries to vehicle 6 (n_entries=3, leader_commit=2)
44243.6ms Leader 0 SENDING AppendEntries to vehicle 7 (n_entries=0, leader_commit=2)
44243.7ms Vehicle 2 RECEIVED AppendEntries from vehicle 0 (n_entries=0, leader_commit=2)
44244.0ms Vehicle 3 RECEIVED AppendEntries from vehicle 0 (n_entries=0, leader_commit=2)
44250.0ms Vehicle 7 RECEIVED AppendEntries from vehicle 0 (n_entries=0, leader_commit=2)
44383.6ms Leader 0 SENDING AppendEntries to vehicle 2 (n_entries=0, leader_commit=2)
44383.6ms Leader 0 SENDING AppendEntries to vehicle 3 (n_entries=0, leader_commit=2)
44383.6ms Leader 0 SENDING AppendEntries to vehicle 4 (n_entries=3, leader_commit=2)
44383.6ms Leader 0 SENDING AppendEntries to vehicle 5 (n_entries=3, leader_commit=2)
44383.6ms Leader 0 SENDING AppendEntries to vehicle 6 (n_entries=3, leader_commit=2)
44383.6ms Leader 0 SENDING AppendEntries to vehicle 7 (n_entries=0, leader_commit=2)
44383.7ms Vehicle 2 RECEIVED AppendEntries from vehicle 0 (n_entries=0, leader_commit=2)
44383.9ms Vehicle 3 RECEIVED AppendEntries from vehicle 0 (n_entries=0, leader_commit=2)
44389.9ms Vehicle 7 RECEIVED AppendEntries from vehicle 0 (n_entries=0, leader_commit=2)
44523.6ms Leader 0 SENDING AppendEntries to vehicle 2 (n_entries=0, leader_commit=2)
44523.6ms Leader 0 SENDING AppendEntries to vehicle 3 (n_entries=0, leader_commit=2)
44523.6ms Leader 0 SENDING AppendEntries to vehicle 4 (n_entries=3, leader_commit=2)
44523.6ms Leader 0 SENDING AppendEntries to vehicle 5 (n_entries=3, leader_commit=2)
44523.6ms Leader 0 SENDING AppendEntries to vehicle 6 (n_entries=3, leader_commit=2)
44523.6ms Leader 0 SENDING AppendEntries to vehicle 7 (n_entries=0, leader_commit=2)
44524.0ms Vehicle 2 RECEIVED AppendEntries from vehicle 0 (n_entries=0, leader_commit=2)
44524.3ms Vehicle 3 RECEIVED AppendEntries from vehicle 0 (n_entries=0, leader_commit=2)
44530.0ms Vehicle 7 RECEIVED AppendEntries from vehicle 0 (n_entries=0, leader_commit=2)
44663.6ms Leader 0 SENDING AppendEntries to vehicle 2 (n_entries=0, leader_commit=2)
44663.6ms Leader 0 SENDING AppendEntries to vehicle 3 (n_entries=0, leader_commit=2)
44663.6ms Leader 0 SENDING AppendEntries to vehicle 4 (n_entries=3, leader_commit=2)
44663.6ms Leader 0 SENDING AppendEntries to vehicle 5 (n_entries=3, leader_commit=2)
44663.6ms Leader 0 SENDING AppendEntries to vehicle 6 (n_entries=3, leader_commit=2)
44663.6ms Leader 0 SENDING AppendEntries to vehicle 7 (n_entries=0, leader_commit=2)
44663.7ms Vehicle 2 RECEIVED AppendEntries from vehicle 0 (n_entries=0, leader_commit=2)
44664.0ms Vehicle 3 RECEIVED AppendEntries from vehicle 0 (n_entries=0, leader_commit=2)
44670.6ms Vehicle 7 RECEIVED AppendEntries from vehicle 0 (n_entries=0, leader_commit=2)
44803.6ms Leader 0 SENDING AppendEntries to vehicle 2 (n_entries=0, leader_commit=2)
44803.6ms Leader 0 SENDING AppendEntries to vehicle 3 (n_entries=0, leader_commit=2)
44803.6ms Leader 0 SENDING AppendEntries to vehicle 4 (n_entries=3, leader_commit=2)
44803.6ms Leader 0 SENDING AppendEntries to vehicle 5 (n_entries=3, leader_commit=2)
44803.6ms Leader 0 SENDING AppendEntries to vehicle 6 (n_entries=3, leader_commit=2)
44803.6ms Leader 0 SENDING AppendEntries to vehicle 7 (n_entries=0, leader_commit=2)
44803.7ms Vehicle 2 RECEIVED AppendEntries from vehicle 0 (n_entries=0, leader_commit=2)
44809.9ms Vehicle 7 RECEIVED AppendEntries from vehicle 0 (n_entries=0, leader_commit=2)
44943.6ms Leader 0 SENDING AppendEntries to vehicle 2 (n_entries=0, leader_commit=2)
44943.6ms Leader 0 SENDING AppendEntries to vehicle 3 (n_entries=0, leader_commit=2)
44943.6ms Leader 0 SENDING AppendEntries to vehicle 4 (n_entries=3, leader_commit=2)
44943.6ms Leader 0 SENDING AppendEntries to vehicle 5 (n_entries=3, leader_commit=2)
44943.6ms Leader 0 SENDING AppendEntries to vehicle 6 (n_entries=3, leader_commit=2)
44943.6ms Leader 0 SENDING AppendEntries to vehicle 7 (n_entries=0, leader_commit=2)
44943.7ms Vehicle 2 RECEIVED AppendEntries from vehicle 0 (n_entries=0, leader_commit=2)
44944.2ms Vehicle 3 RECEIVED AppendEntries from vehicle 0 (n_entries=0, leader_commit=2)
44950.5ms Vehicle 7 RECEIVED AppendEntries from vehicle 0 (n_entries=0, leader_commit=2)
45083.6ms Leader 0 SENDING AppendEntries to vehicle 2 (n_entries=0, leader_commit=2)
45083.6ms Leader 0 SENDING AppendEntries to vehicle 3 (n_entries=0, leader_commit=2)
45083.6ms Leader 0 SENDING AppendEntries to vehicle 4 (n_entries=3, leader_commit=2)
45083.6ms Leader 0 SENDING AppendEntries to vehicle 5 (n_entries=3, leader_commit=2)
45083.6ms Leader 0 SENDING AppendEntries to vehicle 6 (n_entries=3, leader_commit=2)
45083.6ms Leader 0 SENDING AppendEntries to vehicle 7 (n_entries=0, leader_commit=2)
45083.7ms Vehicle 2 RECEIVED AppendEntries from vehicle 0 (n_entries=0, leader_commit=2)
45083.9ms Vehicle 3 RECEIVED AppendEntries from vehicle 0 (n_entries=0, leader_commit=2)
45090.2ms Vehicle 7 RECEIVED AppendEntries from vehicle 0 (n_entries=0, leader_commit=2)
45.1 Vehicle 2 hasPassed=true (on exit edge -37551802#8)
45100.0ms Vehicle 2 LEFT intersection
45100.0ms Vehicle 2 BROADCASTING vehicle-passed
45100.0ms Vehicle 2 sending vehicle-left (isLeader=0, myBatch=1)
45100.1ms Vehicle 3 RECEIVED vehicle-passed from vehicle 2
45100.1ms Vehicle 3 front vehicle passed — advancing to stop position (chain)
45100.1ms Vehicle 7 RECEIVED vehicle-passed from vehicle 2
45100.1ms Vehicle 0 RECEIVED vehicle-passed from vehicle 2
45100.2ms Vehicle 3 RECEIVED vehicle-left from vehicle 2
45100.2ms Vehicle 7 RECEIVED vehicle-left from vehicle 2
45100.2ms Vehicle 0 RECEIVED vehicle-left from vehicle 2
45100.2ms Leader 0 proposing VEHICLE_LEFT for vehicle 2 (batch=1)
45100.2ms Vehicle 0 doLogOffer entry #4 (len=9)
45100.2ms Leader 0 SENDING AppendEntries to vehicle 3 (n_entries=1, leader_commit=2)
45100.2ms Leader 0 SENDING AppendEntries to vehicle 7 (n_entries=1, leader_commit=2)
45100.3ms Vehicle 3 RECEIVED AppendEntries from vehicle 0 (n_entries=1, leader_commit=2)
45100.3ms Vehicle 3 doLogOffer entry #4 (len=9)
45100.5ms Vehicle 7 RECEIVED AppendEntries from vehicle 0 (n_entries=1, leader_commit=2)
45100.5ms Vehicle 7 doLogOffer entry #4 (len=9)
45223.6ms Leader 0 SENDING AppendEntries to vehicle 3 (n_entries=0, leader_commit=2)
45223.6ms Leader 0 SENDING AppendEntries to vehicle 4 (n_entries=4, leader_commit=2)
45223.6ms Leader 0 SENDING AppendEntries to vehicle 5 (n_entries=4, leader_commit=2)
45223.6ms Leader 0 SENDING AppendEntries to vehicle 6 (n_entries=4, leader_commit=2)
45223.6ms Leader 0 SENDING AppendEntries to vehicle 7 (n_entries=0, leader_commit=2)
45223.7ms Vehicle 3 RECEIVED AppendEntries from vehicle 0 (n_entries=0, leader_commit=2)
45229.8ms Vehicle 7 RECEIVED AppendEntries from vehicle 0 (n_entries=0, leader_commit=2)
45363.6ms Leader 0 SENDING AppendEntries to vehicle 3 (n_entries=0, leader_commit=2)
45363.6ms Leader 0 SENDING AppendEntries to vehicle 4 (n_entries=4, leader_commit=2)
45363.6ms Leader 0 SENDING AppendEntries to vehicle 5 (n_entries=4, leader_commit=2)
45363.6ms Leader 0 SENDING AppendEntries to vehicle 6 (n_entries=4, leader_commit=2)
45363.6ms Leader 0 SENDING AppendEntries to vehicle 7 (n_entries=0, leader_commit=2)
45369.8ms Vehicle 7 RECEIVED AppendEntries from vehicle 0 (n_entries=0, leader_commit=2)
45503.6ms Leader 0 SENDING AppendEntries to vehicle 3 (n_entries=0, leader_commit=2)
45503.6ms Leader 0 SENDING AppendEntries to vehicle 4 (n_entries=4, leader_commit=2)
45503.6ms Leader 0 SENDING AppendEntries to vehicle 5 (n_entries=4, leader_commit=2)
45503.6ms Leader 0 SENDING AppendEntries to vehicle 6 (n_entries=4, leader_commit=2)
45503.6ms Leader 0 SENDING AppendEntries to vehicle 7 (n_entries=0, leader_commit=2)
45503.7ms Vehicle 3 RECEIVED AppendEntries from vehicle 0 (n_entries=0, leader_commit=2)
45509.1ms Vehicle 7 RECEIVED AppendEntries from vehicle 0 (n_entries=0, leader_commit=2)
45643.6ms Leader 0 SENDING AppendEntries to vehicle 3 (n_entries=0, leader_commit=2)
45643.6ms Leader 0 SENDING AppendEntries to vehicle 4 (n_entries=4, leader_commit=2)
45643.6ms Leader 0 SENDING AppendEntries to vehicle 5 (n_entries=4, leader_commit=2)
45643.6ms Leader 0 SENDING AppendEntries to vehicle 6 (n_entries=4, leader_commit=2)
45643.6ms Leader 0 SENDING AppendEntries to vehicle 7 (n_entries=0, leader_commit=2)
45643.7ms Vehicle 3 RECEIVED AppendEntries from vehicle 0 (n_entries=0, leader_commit=2)
45649.7ms Vehicle 7 RECEIVED AppendEntries from vehicle 0 (n_entries=0, leader_commit=2)
45783.6ms Leader 0 SENDING AppendEntries to vehicle 3 (n_entries=0, leader_commit=2)
45783.6ms Leader 0 SENDING AppendEntries to vehicle 4 (n_entries=4, leader_commit=2)
45783.6ms Leader 0 SENDING AppendEntries to vehicle 5 (n_entries=4, leader_commit=2)
45783.6ms Leader 0 SENDING AppendEntries to vehicle 6 (n_entries=4, leader_commit=2)
45783.6ms Leader 0 SENDING AppendEntries to vehicle 7 (n_entries=0, leader_commit=2)
45783.7ms Vehicle 3 RECEIVED AppendEntries from vehicle 0 (n_entries=0, leader_commit=2)
45789.8ms Vehicle 7 RECEIVED AppendEntries from vehicle 0 (n_entries=0, leader_commit=2)
45923.6ms Leader 0 SENDING AppendEntries to vehicle 3 (n_entries=0, leader_commit=2)
45923.6ms Leader 0 SENDING AppendEntries to vehicle 4 (n_entries=4, leader_commit=2)
45923.6ms Leader 0 SENDING AppendEntries to vehicle 5 (n_entries=4, leader_commit=2)
45923.6ms Leader 0 SENDING AppendEntries to vehicle 6 (n_entries=4, leader_commit=2)
45923.6ms Leader 0 SENDING AppendEntries to vehicle 7 (n_entries=0, leader_commit=2)
45923.7ms Vehicle 3 RECEIVED AppendEntries from vehicle 0 (n_entries=0, leader_commit=2)
45929.2ms Vehicle 7 RECEIVED AppendEntries from vehicle 0 (n_entries=0, leader_commit=2)
46063.6ms Leader 0 SENDING AppendEntries to vehicle 3 (n_entries=0, leader_commit=2)
46063.6ms Leader 0 SENDING AppendEntries to vehicle 4 (n_entries=4, leader_commit=2)
46063.6ms Leader 0 SENDING AppendEntries to vehicle 5 (n_entries=4, leader_commit=2)
46063.6ms Leader 0 SENDING AppendEntries to vehicle 6 (n_entries=4, leader_commit=2)
46063.6ms Leader 0 SENDING AppendEntries to vehicle 7 (n_entries=0, leader_commit=2)
46063.7ms Vehicle 3 RECEIVED AppendEntries from vehicle 0 (n_entries=0, leader_commit=2)
46070.0ms Vehicle 7 RECEIVED AppendEntries from vehicle 0 (n_entries=0, leader_commit=2)
46203.6ms Leader 0 SENDING AppendEntries to vehicle 3 (n_entries=0, leader_commit=2)
46203.6ms Leader 0 SENDING AppendEntries to vehicle 4 (n_entries=4, leader_commit=2)
46203.6ms Leader 0 SENDING AppendEntries to vehicle 5 (n_entries=4, leader_commit=2)
46203.6ms Leader 0 SENDING AppendEntries to vehicle 6 (n_entries=4, leader_commit=2)
46203.6ms Leader 0 SENDING AppendEntries to vehicle 7 (n_entries=0, leader_commit=2)
46203.7ms Vehicle 3 RECEIVED AppendEntries from vehicle 0 (n_entries=0, leader_commit=2)
46209.6ms Vehicle 7 RECEIVED AppendEntries from vehicle 0 (n_entries=0, leader_commit=2)
46343.6ms Leader 0 SENDING AppendEntries to vehicle 3 (n_entries=0, leader_commit=2)
46343.6ms Leader 0 SENDING AppendEntries to vehicle 4 (n_entries=4, leader_commit=2)
46343.6ms Leader 0 SENDING AppendEntries to vehicle 5 (n_entries=4, leader_commit=2)
46343.6ms Leader 0 SENDING AppendEntries to vehicle 6 (n_entries=4, leader_commit=2)
46343.6ms Leader 0 SENDING AppendEntries to vehicle 7 (n_entries=0, leader_commit=2)
46343.7ms Vehicle 3 RECEIVED AppendEntries from vehicle 0 (n_entries=0, leader_commit=2)
46483.6ms Leader 0 SENDING AppendEntries to vehicle 3 (n_entries=0, leader_commit=2)
46483.6ms Leader 0 SENDING AppendEntries to vehicle 4 (n_entries=4, leader_commit=2)
46483.6ms Leader 0 SENDING AppendEntries to vehicle 5 (n_entries=4, leader_commit=2)
46483.6ms Leader 0 SENDING AppendEntries to vehicle 6 (n_entries=4, leader_commit=2)
46483.6ms Leader 0 SENDING AppendEntries to vehicle 7 (n_entries=0, leader_commit=2)
46483.7ms Vehicle 3 RECEIVED AppendEntries from vehicle 0 (n_entries=0, leader_commit=2)
46490.0ms Vehicle 7 RECEIVED AppendEntries from vehicle 0 (n_entries=0, leader_commit=2)
46623.6ms Leader 0 SENDING AppendEntries to vehicle 3 (n_entries=0, leader_commit=2)
46623.6ms Leader 0 SENDING AppendEntries to vehicle 4 (n_entries=4, leader_commit=2)
46623.6ms Leader 0 SENDING AppendEntries to vehicle 5 (n_entries=4, leader_commit=2)
46623.6ms Leader 0 SENDING AppendEntries to vehicle 6 (n_entries=4, leader_commit=2)
46623.6ms Leader 0 SENDING AppendEntries to vehicle 7 (n_entries=0, leader_commit=2)
46623.7ms Vehicle 3 RECEIVED AppendEntries from vehicle 0 (n_entries=0, leader_commit=2)
46629.3ms Vehicle 7 RECEIVED AppendEntries from vehicle 0 (n_entries=0, leader_commit=2)
46763.6ms Leader 0 SENDING AppendEntries to vehicle 3 (n_entries=0, leader_commit=2)
46763.6ms Leader 0 SENDING AppendEntries to vehicle 4 (n_entries=4, leader_commit=2)
46763.6ms Leader 0 SENDING AppendEntries to vehicle 5 (n_entries=4, leader_commit=2)
46763.6ms Leader 0 SENDING AppendEntries to vehicle 6 (n_entries=4, leader_commit=2)
46763.6ms Leader 0 SENDING AppendEntries to vehicle 7 (n_entries=0, leader_commit=2)
46763.7ms Vehicle 3 RECEIVED AppendEntries from vehicle 0 (n_entries=0, leader_commit=2)
46769.6ms Vehicle 7 RECEIVED AppendEntries from vehicle 0 (n_entries=0, leader_commit=2)
46903.6ms Leader 0 SENDING AppendEntries to vehicle 3 (n_entries=0, leader_commit=2)
46903.6ms Leader 0 SENDING AppendEntries to vehicle 4 (n_entries=4, leader_commit=2)
46903.6ms Leader 0 SENDING AppendEntries to vehicle 5 (n_entries=4, leader_commit=2)
46903.6ms Leader 0 SENDING AppendEntries to vehicle 6 (n_entries=4, leader_commit=2)
46903.6ms Leader 0 SENDING AppendEntries to vehicle 7 (n_entries=0, leader_commit=2)
46903.7ms Vehicle 3 RECEIVED AppendEntries from vehicle 0 (n_entries=0, leader_commit=2)
46909.7ms Vehicle 7 RECEIVED AppendEntries from vehicle 0 (n_entries=0, leader_commit=2)
47043.6ms Leader 0 SENDING AppendEntries to vehicle 3 (n_entries=0, leader_commit=2)
47043.6ms Leader 0 SENDING AppendEntries to vehicle 4 (n_entries=4, leader_commit=2)
47043.6ms Leader 0 SENDING AppendEntries to vehicle 5 (n_entries=4, leader_commit=2)
47043.6ms Leader 0 SENDING AppendEntries to vehicle 6 (n_entries=4, leader_commit=2)
47043.6ms Leader 0 SENDING AppendEntries to vehicle 7 (n_entries=0, leader_commit=2)
47043.7ms Vehicle 3 RECEIVED AppendEntries from vehicle 0 (n_entries=0, leader_commit=2)
47049.6ms Vehicle 7 RECEIVED AppendEntries from vehicle 0 (n_entries=0, leader_commit=2)
47183.6ms Leader 0 SENDING AppendEntries to vehicle 3 (n_entries=0, leader_commit=2)
47183.6ms Leader 0 SENDING AppendEntries to vehicle 4 (n_entries=4, leader_commit=2)
47183.6ms Leader 0 SENDING AppendEntries to vehicle 5 (n_entries=4, leader_commit=2)
47183.6ms Leader 0 SENDING AppendEntries to vehicle 6 (n_entries=4, leader_commit=2)
47183.6ms Leader 0 SENDING AppendEntries to vehicle 7 (n_entries=0, leader_commit=2)
47183.7ms Vehicle 3 RECEIVED AppendEntries from vehicle 0 (n_entries=0, leader_commit=2)
47189.7ms Vehicle 7 RECEIVED AppendEntries from vehicle 0 (n_entries=0, leader_commit=2)
47323.6ms Leader 0 SENDING AppendEntries to vehicle 3 (n_entries=0, leader_commit=2)
47323.6ms Leader 0 SENDING AppendEntries to vehicle 4 (n_entries=4, leader_commit=2)
47323.6ms Leader 0 SENDING AppendEntries to vehicle 5 (n_entries=4, leader_commit=2)
47323.6ms Leader 0 SENDING AppendEntries to vehicle 6 (n_entries=4, leader_commit=2)
47323.6ms Leader 0 SENDING AppendEntries to vehicle 7 (n_entries=0, leader_commit=2)
47323.7ms Vehicle 3 RECEIVED AppendEntries from vehicle 0 (n_entries=0, leader_commit=2)
47329.7ms Vehicle 7 RECEIVED AppendEntries from vehicle 0 (n_entries=0, leader_commit=2)
47463.6ms Leader 0 SENDING AppendEntries to vehicle 3 (n_entries=0, leader_commit=2)
47463.6ms Leader 0 SENDING AppendEntries to vehicle 4 (n_entries=4, leader_commit=2)
47463.6ms Leader 0 SENDING AppendEntries to vehicle 5 (n_entries=4, leader_commit=2)
47463.6ms Leader 0 SENDING AppendEntries to vehicle 6 (n_entries=4, leader_commit=2)
47463.6ms Leader 0 SENDING AppendEntries to vehicle 7 (n_entries=0, leader_commit=2)
47463.7ms Vehicle 3 RECEIVED AppendEntries from vehicle 0 (n_entries=0, leader_commit=2)
47603.6ms Leader 0 SENDING AppendEntries to vehicle 3 (n_entries=0, leader_commit=2)
47603.6ms Leader 0 SENDING AppendEntries to vehicle 4 (n_entries=4, leader_commit=2)
47603.6ms Leader 0 SENDING AppendEntries to vehicle 5 (n_entries=4, leader_commit=2)
47603.6ms Leader 0 SENDING AppendEntries to vehicle 6 (n_entries=4, leader_commit=2)
47603.6ms Leader 0 SENDING AppendEntries to vehicle 7 (n_entries=0, leader_commit=2)
47603.7ms Vehicle 3 RECEIVED AppendEntries from vehicle 0 (n_entries=0, leader_commit=2)
47609.9ms Vehicle 7 RECEIVED AppendEntries from vehicle 0 (n_entries=0, leader_commit=2)
47743.6ms Leader 0 SENDING AppendEntries to vehicle 3 (n_entries=0, leader_commit=2)
47743.6ms Leader 0 SENDING AppendEntries to vehicle 4 (n_entries=4, leader_commit=2)
47743.6ms Leader 0 SENDING AppendEntries to vehicle 5 (n_entries=4, leader_commit=2)
47743.6ms Leader 0 SENDING AppendEntries to vehicle 6 (n_entries=4, leader_commit=2)
47743.6ms Leader 0 SENDING AppendEntries to vehicle 7 (n_entries=0, leader_commit=2)
47743.7ms Vehicle 3 RECEIVED AppendEntries from vehicle 0 (n_entries=0, leader_commit=2)
47750.1ms Vehicle 7 RECEIVED AppendEntries from vehicle 0 (n_entries=0, leader_commit=2)
47883.6ms Leader 0 SENDING AppendEntries to vehicle 3 (n_entries=0, leader_commit=2)
47883.6ms Leader 0 SENDING AppendEntries to vehicle 4 (n_entries=4, leader_commit=2)
47883.6ms Leader 0 SENDING AppendEntries to vehicle 5 (n_entries=4, leader_commit=2)
47883.6ms Leader 0 SENDING AppendEntries to vehicle 6 (n_entries=4, leader_commit=2)
47883.6ms Leader 0 SENDING AppendEntries to vehicle 7 (n_entries=0, leader_commit=2)
47883.7ms Vehicle 3 RECEIVED AppendEntries from vehicle 0 (n_entries=0, leader_commit=2)
47890.1ms Vehicle 7 RECEIVED AppendEntries from vehicle 0 (n_entries=0, leader_commit=2)
48023.6ms Leader 0 SENDING AppendEntries to vehicle 3 (n_entries=0, leader_commit=2)
48023.6ms Leader 0 SENDING AppendEntries to vehicle 4 (n_entries=4, leader_commit=2)
48023.6ms Leader 0 SENDING AppendEntries to vehicle 5 (n_entries=4, leader_commit=2)
48023.6ms Leader 0 SENDING AppendEntries to vehicle 6 (n_entries=4, leader_commit=2)
48023.6ms Leader 0 SENDING AppendEntries to vehicle 7 (n_entries=0, leader_commit=2)
48023.7ms Vehicle 3 RECEIVED AppendEntries from vehicle 0 (n_entries=0, leader_commit=2)
48029.3ms Vehicle 7 RECEIVED AppendEntries from vehicle 0 (n_entries=0, leader_commit=2)
48163.6ms Leader 0 SENDING AppendEntries to vehicle 3 (n_entries=0, leader_commit=2)
48163.6ms Leader 0 SENDING AppendEntries to vehicle 4 (n_entries=4, leader_commit=2)
48163.6ms Leader 0 SENDING AppendEntries to vehicle 5 (n_entries=4, leader_commit=2)
48163.6ms Leader 0 SENDING AppendEntries to vehicle 6 (n_entries=4, leader_commit=2)
48163.6ms Leader 0 SENDING AppendEntries to vehicle 7 (n_entries=0, leader_commit=2)
48163.7ms Vehicle 3 RECEIVED AppendEntries from vehicle 0 (n_entries=0, leader_commit=2)
48170.2ms Vehicle 7 RECEIVED AppendEntries from vehicle 0 (n_entries=0, leader_commit=2)
48303.6ms Leader 0 SENDING AppendEntries to vehicle 3 (n_entries=0, leader_commit=2)
48303.6ms Leader 0 SENDING AppendEntries to vehicle 4 (n_entries=4, leader_commit=2)
48303.6ms Leader 0 SENDING AppendEntries to vehicle 5 (n_entries=4, leader_commit=2)
48303.6ms Leader 0 SENDING AppendEntries to vehicle 6 (n_entries=4, leader_commit=2)
48303.6ms Leader 0 SENDING AppendEntries to vehicle 7 (n_entries=0, leader_commit=2)
48309.5ms Vehicle 7 RECEIVED AppendEntries from vehicle 0 (n_entries=0, leader_commit=2)
48443.6ms Leader 0 SENDING AppendEntries to vehicle 3 (n_entries=0, leader_commit=2)
48443.6ms Leader 0 SENDING AppendEntries to vehicle 4 (n_entries=4, leader_commit=2)
48443.6ms Leader 0 SENDING AppendEntries to vehicle 5 (n_entries=4, leader_commit=2)
48443.6ms Leader 0 SENDING AppendEntries to vehicle 6 (n_entries=4, leader_commit=2)
48443.6ms Leader 0 SENDING AppendEntries to vehicle 7 (n_entries=0, leader_commit=2)
48443.7ms Vehicle 3 RECEIVED AppendEntries from vehicle 0 (n_entries=0, leader_commit=2)
48449.7ms Vehicle 7 RECEIVED AppendEntries from vehicle 0 (n_entries=0, leader_commit=2)
48583.6ms Leader 0 SENDING AppendEntries to vehicle 3 (n_entries=0, leader_commit=2)
48583.6ms Leader 0 SENDING AppendEntries to vehicle 4 (n_entries=4, leader_commit=2)
48583.6ms Leader 0 SENDING AppendEntries to vehicle 5 (n_entries=4, leader_commit=2)
48583.6ms Leader 0 SENDING AppendEntries to vehicle 6 (n_entries=4, leader_commit=2)
48583.6ms Leader 0 SENDING AppendEntries to vehicle 7 (n_entries=0, leader_commit=2)
48583.7ms Vehicle 3 RECEIVED AppendEntries from vehicle 0 (n_entries=0, leader_commit=2)
48589.9ms Vehicle 7 RECEIVED AppendEntries from vehicle 0 (n_entries=0, leader_commit=2)
48723.6ms Leader 0 SENDING AppendEntries to vehicle 3 (n_entries=0, leader_commit=2)
48723.6ms Leader 0 SENDING AppendEntries to vehicle 4 (n_entries=4, leader_commit=2)
48723.6ms Leader 0 SENDING AppendEntries to vehicle 5 (n_entries=4, leader_commit=2)
48723.6ms Leader 0 SENDING AppendEntries to vehicle 6 (n_entries=4, leader_commit=2)
48723.6ms Leader 0 SENDING AppendEntries to vehicle 7 (n_entries=0, leader_commit=2)
48723.7ms Vehicle 3 RECEIVED AppendEntries from vehicle 0 (n_entries=0, leader_commit=2)
48729.9ms Vehicle 7 RECEIVED AppendEntries from vehicle 0 (n_entries=0, leader_commit=2)
48863.6ms Leader 0 SENDING AppendEntries to vehicle 3 (n_entries=0, leader_commit=2)
48863.6ms Leader 0 SENDING AppendEntries to vehicle 4 (n_entries=4, leader_commit=2)
48863.6ms Leader 0 SENDING AppendEntries to vehicle 5 (n_entries=4, leader_commit=2)
48863.6ms Leader 0 SENDING AppendEntries to vehicle 6 (n_entries=4, leader_commit=2)
48863.6ms Leader 0 SENDING AppendEntries to vehicle 7 (n_entries=0, leader_commit=2)
48863.7ms Vehicle 3 RECEIVED AppendEntries from vehicle 0 (n_entries=0, leader_commit=2)
48869.6ms Vehicle 7 RECEIVED AppendEntries from vehicle 0 (n_entries=0, leader_commit=2)
49003.6ms Leader 0 SENDING AppendEntries to vehicle 3 (n_entries=0, leader_commit=2)
49003.6ms Leader 0 SENDING AppendEntries to vehicle 4 (n_entries=4, leader_commit=2)
49003.6ms Leader 0 SENDING AppendEntries to vehicle 5 (n_entries=4, leader_commit=2)
49003.6ms Leader 0 SENDING AppendEntries to vehicle 6 (n_entries=4, leader_commit=2)
49003.6ms Leader 0 SENDING AppendEntries to vehicle 7 (n_entries=0, leader_commit=2)
49003.7ms Vehicle 3 RECEIVED AppendEntries from vehicle 0 (n_entries=0, leader_commit=2)
49009.7ms Vehicle 7 RECEIVED AppendEntries from vehicle 0 (n_entries=0, leader_commit=2)
49143.6ms Leader 0 SENDING AppendEntries to vehicle 3 (n_entries=0, leader_commit=2)
49143.6ms Leader 0 SENDING AppendEntries to vehicle 4 (n_entries=4, leader_commit=2)
49143.6ms Leader 0 SENDING AppendEntries to vehicle 5 (n_entries=4, leader_commit=2)
49143.6ms Leader 0 SENDING AppendEntries to vehicle 6 (n_entries=4, leader_commit=2)
49143.6ms Leader 0 SENDING AppendEntries to vehicle 7 (n_entries=0, leader_commit=2)
49143.7ms Vehicle 3 RECEIVED AppendEntries from vehicle 0 (n_entries=0, leader_commit=2)
49149.7ms Vehicle 7 RECEIVED AppendEntries from vehicle 0 (n_entries=0, leader_commit=2)
49283.6ms Leader 0 SENDING AppendEntries to vehicle 3 (n_entries=0, leader_commit=2)
49283.6ms Leader 0 SENDING AppendEntries to vehicle 4 (n_entries=4, leader_commit=2)
49283.6ms Leader 0 SENDING AppendEntries to vehicle 5 (n_entries=4, leader_commit=2)
49283.6ms Leader 0 SENDING AppendEntries to vehicle 6 (n_entries=4, leader_commit=2)
49283.6ms Leader 0 SENDING AppendEntries to vehicle 7 (n_entries=0, leader_commit=2)
49283.7ms Vehicle 3 RECEIVED AppendEntries from vehicle 0 (n_entries=0, leader_commit=2)
49289.9ms Vehicle 7 RECEIVED AppendEntries from vehicle 0 (n_entries=0, leader_commit=2)
49423.6ms Leader 0 SENDING AppendEntries to vehicle 3 (n_entries=0, leader_commit=2)
49423.6ms Leader 0 SENDING AppendEntries to vehicle 4 (n_entries=4, leader_commit=2)
49423.6ms Leader 0 SENDING AppendEntries to vehicle 5 (n_entries=4, leader_commit=2)
49423.6ms Leader 0 SENDING AppendEntries to vehicle 6 (n_entries=4, leader_commit=2)
49423.6ms Leader 0 SENDING AppendEntries to vehicle 7 (n_entries=0, leader_commit=2)
49423.7ms Vehicle 3 RECEIVED AppendEntries from vehicle 0 (n_entries=0, leader_commit=2)
49429.5ms Vehicle 7 RECEIVED AppendEntries from vehicle 0 (n_entries=0, leader_commit=2)
49563.6ms Leader 0 SENDING AppendEntries to vehicle 3 (n_entries=0, leader_commit=2)
49563.6ms Leader 0 SENDING AppendEntries to vehicle 4 (n_entries=4, leader_commit=2)
49563.6ms Leader 0 SENDING AppendEntries to vehicle 5 (n_entries=4, leader_commit=2)
49563.6ms Leader 0 SENDING AppendEntries to vehicle 6 (n_entries=4, leader_commit=2)
49563.6ms Leader 0 SENDING AppendEntries to vehicle 7 (n_entries=0, leader_commit=2)
49563.7ms Vehicle 3 RECEIVED AppendEntries from vehicle 0 (n_entries=0, leader_commit=2)
49569.7ms Vehicle 7 RECEIVED AppendEntries from vehicle 0 (n_entries=0, leader_commit=2)
49703.6ms Leader 0 SENDING AppendEntries to vehicle 3 (n_entries=0, leader_commit=2)
49703.6ms Leader 0 SENDING AppendEntries to vehicle 4 (n_entries=4, leader_commit=2)
49703.6ms Leader 0 SENDING AppendEntries to vehicle 5 (n_entries=4, leader_commit=2)
49703.6ms Leader 0 SENDING AppendEntries to vehicle 6 (n_entries=4, leader_commit=2)
49703.6ms Leader 0 SENDING AppendEntries to vehicle 7 (n_entries=0, leader_commit=2)
49703.7ms Vehicle 3 RECEIVED AppendEntries from vehicle 0 (n_entries=0, leader_commit=2)
49709.9ms Vehicle 7 RECEIVED AppendEntries from vehicle 0 (n_entries=0, leader_commit=2)
49843.6ms Leader 0 SENDING AppendEntries to vehicle 3 (n_entries=0, leader_commit=2)
49843.6ms Leader 0 SENDING AppendEntries to vehicle 4 (n_entries=4, leader_commit=2)
49843.6ms Leader 0 SENDING AppendEntries to vehicle 5 (n_entries=4, leader_commit=2)
49843.6ms Leader 0 SENDING AppendEntries to vehicle 6 (n_entries=4, leader_commit=2)
49843.6ms Leader 0 SENDING AppendEntries to vehicle 7 (n_entries=0, leader_commit=2)
49843.7ms Vehicle 3 RECEIVED AppendEntries from vehicle 0 (n_entries=0, leader_commit=2)
49849.4ms Vehicle 7 RECEIVED AppendEntries from vehicle 0 (n_entries=0, leader_commit=2)
49983.6ms Leader 0 SENDING AppendEntries to vehicle 3 (n_entries=0, leader_commit=2)
49983.6ms Leader 0 SENDING AppendEntries to vehicle 4 (n_entries=4, leader_commit=2)
49983.6ms Leader 0 SENDING AppendEntries to vehicle 5 (n_entries=4, leader_commit=2)
49983.6ms Leader 0 SENDING AppendEntries to vehicle 6 (n_entries=4, leader_commit=2)
49983.6ms Leader 0 SENDING AppendEntries to vehicle 7 (n_entries=0, leader_commit=2)
49983.7ms Vehicle 3 RECEIVED AppendEntries from vehicle 0 (n_entries=0, leader_commit=2)
49989.7ms Vehicle 7 RECEIVED AppendEntries from vehicle 0 (n_entries=0, leader_commit=2)
50123.6ms Leader 0 SENDING AppendEntries to vehicle 3 (n_entries=0, leader_commit=2)
50123.6ms Leader 0 SENDING AppendEntries to vehicle 4 (n_entries=4, leader_commit=2)
50123.6ms Leader 0 SENDING AppendEntries to vehicle 5 (n_entries=4, leader_commit=2)
50123.6ms Leader 0 SENDING AppendEntries to vehicle 6 (n_entries=4, leader_commit=2)
50123.6ms Leader 0 SENDING AppendEntries to vehicle 7 (n_entries=0, leader_commit=2)
50123.7ms Vehicle 3 RECEIVED AppendEntries from vehicle 0 (n_entries=0, leader_commit=2)
50129.4ms Vehicle 7 RECEIVED AppendEntries from vehicle 0 (n_entries=0, leader_commit=2)
50263.6ms Leader 0 SENDING AppendEntries to vehicle 3 (n_entries=0, leader_commit=2)
50263.6ms Leader 0 SENDING AppendEntries to vehicle 4 (n_entries=4, leader_commit=2)
50263.6ms Leader 0 SENDING AppendEntries to vehicle 5 (n_entries=4, leader_commit=2)
50263.6ms Leader 0 SENDING AppendEntries to vehicle 6 (n_entries=4, leader_commit=2)
50263.6ms Leader 0 SENDING AppendEntries to vehicle 7 (n_entries=0, leader_commit=2)
50263.7ms Vehicle 3 RECEIVED AppendEntries from vehicle 0 (n_entries=0, leader_commit=2)
50268.9ms Vehicle 7 RECEIVED AppendEntries from vehicle 0 (n_entries=0, leader_commit=2)
50403.6ms Leader 0 SENDING AppendEntries to vehicle 3 (n_entries=0, leader_commit=2)
50403.6ms Leader 0 SENDING AppendEntries to vehicle 4 (n_entries=4, leader_commit=2)
50403.6ms Leader 0 SENDING AppendEntries to vehicle 5 (n_entries=4, leader_commit=2)
50403.6ms Leader 0 SENDING AppendEntries to vehicle 6 (n_entries=4, leader_commit=2)
50403.6ms Leader 0 SENDING AppendEntries to vehicle 7 (n_entries=0, leader_commit=2)
50403.7ms Vehicle 3 RECEIVED AppendEntries from vehicle 0 (n_entries=0, leader_commit=2)
50409.5ms Vehicle 7 RECEIVED AppendEntries from vehicle 0 (n_entries=0, leader_commit=2)
50543.6ms Leader 0 SENDING AppendEntries to vehicle 3 (n_entries=0, leader_commit=2)
50543.6ms Leader 0 SENDING AppendEntries to vehicle 4 (n_entries=4, leader_commit=2)
50543.6ms Leader 0 SENDING AppendEntries to vehicle 5 (n_entries=4, leader_commit=2)
50543.6ms Leader 0 SENDING AppendEntries to vehicle 6 (n_entries=4, leader_commit=2)
50543.6ms Leader 0 SENDING AppendEntries to vehicle 7 (n_entries=0, leader_commit=2)
50543.7ms Vehicle 3 RECEIVED AppendEntries from vehicle 0 (n_entries=0, leader_commit=2)
50549.3ms Vehicle 7 RECEIVED AppendEntries from vehicle 0 (n_entries=0, leader_commit=2)
50683.6ms Leader 0 SENDING AppendEntries to vehicle 3 (n_entries=0, leader_commit=2)
50683.6ms Leader 0 SENDING AppendEntries to vehicle 4 (n_entries=4, leader_commit=2)
50683.6ms Leader 0 SENDING AppendEntries to vehicle 5 (n_entries=4, leader_commit=2)
50683.6ms Leader 0 SENDING AppendEntries to vehicle 6 (n_entries=4, leader_commit=2)
50683.6ms Leader 0 SENDING AppendEntries to vehicle 7 (n_entries=0, leader_commit=2)
50683.7ms Vehicle 3 RECEIVED AppendEntries from vehicle 0 (n_entries=0, leader_commit=2)
50689.5ms Vehicle 7 RECEIVED AppendEntries from vehicle 0 (n_entries=0, leader_commit=2)
50823.6ms Leader 0 SENDING AppendEntries to vehicle 3 (n_entries=0, leader_commit=2)
50823.6ms Leader 0 SENDING AppendEntries to vehicle 4 (n_entries=4, leader_commit=2)
50823.6ms Leader 0 SENDING AppendEntries to vehicle 5 (n_entries=4, leader_commit=2)
50823.6ms Leader 0 SENDING AppendEntries to vehicle 6 (n_entries=4, leader_commit=2)
50823.6ms Leader 0 SENDING AppendEntries to vehicle 7 (n_entries=0, leader_commit=2)
50823.7ms Vehicle 3 RECEIVED AppendEntries from vehicle 0 (n_entries=0, leader_commit=2)
50829.4ms Vehicle 7 RECEIVED AppendEntries from vehicle 0 (n_entries=0, leader_commit=2)
50963.6ms Leader 0 SENDING AppendEntries to vehicle 3 (n_entries=0, leader_commit=2)
50963.6ms Leader 0 SENDING AppendEntries to vehicle 4 (n_entries=4, leader_commit=2)
50963.6ms Leader 0 SENDING AppendEntries to vehicle 5 (n_entries=4, leader_commit=2)
50963.6ms Leader 0 SENDING AppendEntries to vehicle 6 (n_entries=4, leader_commit=2)
50963.6ms Leader 0 SENDING AppendEntries to vehicle 7 (n_entries=0, leader_commit=2)
50963.7ms Vehicle 3 RECEIVED AppendEntries from vehicle 0 (n_entries=0, leader_commit=2)
50969.5ms Vehicle 7 RECEIVED AppendEntries from vehicle 0 (n_entries=0, leader_commit=2)
51103.6ms Leader 0 SENDING AppendEntries to vehicle 3 (n_entries=0, leader_commit=2)
51103.6ms Leader 0 SENDING AppendEntries to vehicle 4 (n_entries=4, leader_commit=2)
51103.6ms Leader 0 SENDING AppendEntries to vehicle 5 (n_entries=4, leader_commit=2)
51103.6ms Leader 0 SENDING AppendEntries to vehicle 6 (n_entries=4, leader_commit=2)
51103.6ms Leader 0 SENDING AppendEntries to vehicle 7 (n_entries=0, leader_commit=2)
51103.7ms Vehicle 3 RECEIVED AppendEntries from vehicle 0 (n_entries=0, leader_commit=2)
51109.6ms Vehicle 7 RECEIVED AppendEntries from vehicle 0 (n_entries=0, leader_commit=2)
51243.6ms Leader 0 SENDING AppendEntries to vehicle 3 (n_entries=0, leader_commit=2)
51243.6ms Leader 0 SENDING AppendEntries to vehicle 4 (n_entries=4, leader_commit=2)
51243.6ms Leader 0 SENDING AppendEntries to vehicle 5 (n_entries=4, leader_commit=2)
51243.6ms Leader 0 SENDING AppendEntries to vehicle 6 (n_entries=4, leader_commit=2)
51243.6ms Leader 0 SENDING AppendEntries to vehicle 7 (n_entries=0, leader_commit=2)
51243.7ms Vehicle 3 RECEIVED AppendEntries from vehicle 0 (n_entries=0, leader_commit=2)
51249.6ms Vehicle 7 RECEIVED AppendEntries from vehicle 0 (n_entries=0, leader_commit=2)
51383.6ms Leader 0 SENDING AppendEntries to vehicle 3 (n_entries=0, leader_commit=2)
51383.6ms Leader 0 SENDING AppendEntries to vehicle 4 (n_entries=4, leader_commit=2)
51383.6ms Leader 0 SENDING AppendEntries to vehicle 5 (n_entries=4, leader_commit=2)
51383.6ms Leader 0 SENDING AppendEntries to vehicle 6 (n_entries=4, leader_commit=2)
51383.6ms Leader 0 SENDING AppendEntries to vehicle 7 (n_entries=0, leader_commit=2)
51383.7ms Vehicle 3 RECEIVED AppendEntries from vehicle 0 (n_entries=0, leader_commit=2)
51389.0ms Vehicle 7 RECEIVED AppendEntries from vehicle 0 (n_entries=0, leader_commit=2)
51523.6ms Leader 0 SENDING AppendEntries to vehicle 3 (n_entries=0, leader_commit=2)
51523.6ms Leader 0 SENDING AppendEntries to vehicle 4 (n_entries=4, leader_commit=2)
51523.6ms Leader 0 SENDING AppendEntries to vehicle 5 (n_entries=4, leader_commit=2)
51523.6ms Leader 0 SENDING AppendEntries to vehicle 6 (n_entries=4, leader_commit=2)
51523.6ms Leader 0 SENDING AppendEntries to vehicle 7 (n_entries=0, leader_commit=2)
51523.7ms Vehicle 3 RECEIVED AppendEntries from vehicle 0 (n_entries=0, leader_commit=2)
51529.4ms Vehicle 7 RECEIVED AppendEntries from vehicle 0 (n_entries=0, leader_commit=2)
51663.6ms Leader 0 SENDING AppendEntries to vehicle 3 (n_entries=0, leader_commit=2)
51663.6ms Leader 0 SENDING AppendEntries to vehicle 4 (n_entries=4, leader_commit=2)
51663.6ms Leader 0 SENDING AppendEntries to vehicle 5 (n_entries=4, leader_commit=2)
51663.6ms Leader 0 SENDING AppendEntries to vehicle 6 (n_entries=4, leader_commit=2)
51663.6ms Leader 0 SENDING AppendEntries to vehicle 7 (n_entries=0, leader_commit=2)
51663.7ms Vehicle 3 RECEIVED AppendEntries from vehicle 0 (n_entries=0, leader_commit=2)
51669.5ms Vehicle 7 RECEIVED AppendEntries from vehicle 0 (n_entries=0, leader_commit=2)
51803.6ms Leader 0 SENDING AppendEntries to vehicle 3 (n_entries=0, leader_commit=2)
51803.6ms Leader 0 SENDING AppendEntries to vehicle 4 (n_entries=4, leader_commit=2)
51803.6ms Leader 0 SENDING AppendEntries to vehicle 5 (n_entries=4, leader_commit=2)
51803.6ms Leader 0 SENDING AppendEntries to vehicle 6 (n_entries=4, leader_commit=2)
51803.6ms Leader 0 SENDING AppendEntries to vehicle 7 (n_entries=0, leader_commit=2)
51803.7ms Vehicle 3 RECEIVED AppendEntries from vehicle 0 (n_entries=0, leader_commit=2)
51809.9ms Vehicle 7 RECEIVED AppendEntries from vehicle 0 (n_entries=0, leader_commit=2)
51943.6ms Leader 0 SENDING AppendEntries to vehicle 3 (n_entries=0, leader_commit=2)
51943.6ms Leader 0 SENDING AppendEntries to vehicle 4 (n_entries=4, leader_commit=2)
51943.6ms Leader 0 SENDING AppendEntries to vehicle 5 (n_entries=4, leader_commit=2)
51943.6ms Leader 0 SENDING AppendEntries to vehicle 6 (n_entries=4, leader_commit=2)
51943.6ms Leader 0 SENDING AppendEntries to vehicle 7 (n_entries=0, leader_commit=2)
51943.7ms Vehicle 3 RECEIVED AppendEntries from vehicle 0 (n_entries=0, leader_commit=2)
51949.7ms Vehicle 7 RECEIVED AppendEntries from vehicle 0 (n_entries=0, leader_commit=2)
52083.6ms Leader 0 SENDING AppendEntries to vehicle 3 (n_entries=0, leader_commit=2)
52083.6ms Leader 0 SENDING AppendEntries to vehicle 4 (n_entries=4, leader_commit=2)
52083.6ms Leader 0 SENDING AppendEntries to vehicle 5 (n_entries=4, leader_commit=2)
52083.6ms Leader 0 SENDING AppendEntries to vehicle 6 (n_entries=4, leader_commit=2)
52083.6ms Leader 0 SENDING AppendEntries to vehicle 7 (n_entries=0, leader_commit=2)
52083.7ms Vehicle 3 RECEIVED AppendEntries from vehicle 0 (n_entries=0, leader_commit=2)
52089.8ms Vehicle 7 RECEIVED AppendEntries from vehicle 0 (n_entries=0, leader_commit=2)
52223.6ms Leader 0 SENDING AppendEntries to vehicle 3 (n_entries=0, leader_commit=2)
52223.6ms Leader 0 SENDING AppendEntries to vehicle 4 (n_entries=4, leader_commit=2)
52223.6ms Leader 0 SENDING AppendEntries to vehicle 5 (n_entries=4, leader_commit=2)
52223.6ms Leader 0 SENDING AppendEntries to vehicle 6 (n_entries=4, leader_commit=2)
52223.6ms Leader 0 SENDING AppendEntries to vehicle 7 (n_entries=0, leader_commit=2)
52223.7ms Vehicle 3 RECEIVED AppendEntries from vehicle 0 (n_entries=0, leader_commit=2)
52229.6ms Vehicle 7 RECEIVED AppendEntries from vehicle 0 (n_entries=0, leader_commit=2)
52363.6ms Leader 0 SENDING AppendEntries to vehicle 3 (n_entries=0, leader_commit=2)
52363.6ms Leader 0 SENDING AppendEntries to vehicle 4 (n_entries=4, leader_commit=2)
52363.6ms Leader 0 SENDING AppendEntries to vehicle 5 (n_entries=4, leader_commit=2)
52363.6ms Leader 0 SENDING AppendEntries to vehicle 6 (n_entries=4, leader_commit=2)
52363.6ms Leader 0 SENDING AppendEntries to vehicle 7 (n_entries=0, leader_commit=2)
52363.7ms Vehicle 3 RECEIVED AppendEntries from vehicle 0 (n_entries=0, leader_commit=2)
52369.6ms Vehicle 7 RECEIVED AppendEntries from vehicle 0 (n_entries=0, leader_commit=2)
52503.6ms Leader 0 SENDING AppendEntries to vehicle 3 (n_entries=0, leader_commit=2)
52503.6ms Leader 0 SENDING AppendEntries to vehicle 4 (n_entries=4, leader_commit=2)
52503.6ms Leader 0 SENDING AppendEntries to vehicle 5 (n_entries=4, leader_commit=2)
52503.6ms Leader 0 SENDING AppendEntries to vehicle 6 (n_entries=4, leader_commit=2)
52503.6ms Leader 0 SENDING AppendEntries to vehicle 7 (n_entries=0, leader_commit=2)
52503.7ms Vehicle 3 RECEIVED AppendEntries from vehicle 0 (n_entries=0, leader_commit=2)
52509.5ms Vehicle 7 RECEIVED AppendEntries from vehicle 0 (n_entries=0, leader_commit=2)
52643.6ms Leader 0 SENDING AppendEntries to vehicle 3 (n_entries=0, leader_commit=2)
52643.6ms Leader 0 SENDING AppendEntries to vehicle 4 (n_entries=4, leader_commit=2)
52643.6ms Leader 0 SENDING AppendEntries to vehicle 5 (n_entries=4, leader_commit=2)
52643.6ms Leader 0 SENDING AppendEntries to vehicle 6 (n_entries=4, leader_commit=2)
52643.6ms Leader 0 SENDING AppendEntries to vehicle 7 (n_entries=0, leader_commit=2)
52643.7ms Vehicle 3 RECEIVED AppendEntries from vehicle 0 (n_entries=0, leader_commit=2)
52649.5ms Vehicle 7 RECEIVED AppendEntries from vehicle 0 (n_entries=0, leader_commit=2)
52783.6ms Leader 0 SENDING AppendEntries to vehicle 3 (n_entries=0, leader_commit=2)
52783.6ms Leader 0 SENDING AppendEntries to vehicle 4 (n_entries=4, leader_commit=2)
52783.6ms Leader 0 SENDING AppendEntries to vehicle 5 (n_entries=4, leader_commit=2)
52783.6ms Leader 0 SENDING AppendEntries to vehicle 6 (n_entries=4, leader_commit=2)
52783.6ms Leader 0 SENDING AppendEntries to vehicle 7 (n_entries=0, leader_commit=2)
52783.7ms Vehicle 3 RECEIVED AppendEntries from vehicle 0 (n_entries=0, leader_commit=2)
52789.7ms Vehicle 7 RECEIVED AppendEntries from vehicle 0 (n_entries=0, leader_commit=2)
52923.6ms Leader 0 SENDING AppendEntries to vehicle 3 (n_entries=0, leader_commit=2)
52923.6ms Leader 0 SENDING AppendEntries to vehicle 4 (n_entries=4, leader_commit=2)
52923.6ms Leader 0 SENDING AppendEntries to vehicle 5 (n_entries=4, leader_commit=2)
52923.6ms Leader 0 SENDING AppendEntries to vehicle 6 (n_entries=4, leader_commit=2)
52923.6ms Leader 0 SENDING AppendEntries to vehicle 7 (n_entries=0, leader_commit=2)
52923.7ms Vehicle 3 RECEIVED AppendEntries from vehicle 0 (n_entries=0, leader_commit=2)
52929.6ms Vehicle 7 RECEIVED AppendEntries from vehicle 0 (n_entries=0, leader_commit=2)
53063.6ms Leader 0 SENDING AppendEntries to vehicle 3 (n_entries=0, leader_commit=2)
53063.6ms Leader 0 SENDING AppendEntries to vehicle 4 (n_entries=4, leader_commit=2)
53063.6ms Leader 0 SENDING AppendEntries to vehicle 5 (n_entries=4, leader_commit=2)
53063.6ms Leader 0 SENDING AppendEntries to vehicle 6 (n_entries=4, leader_commit=2)
53063.6ms Leader 0 SENDING AppendEntries to vehicle 7 (n_entries=0, leader_commit=2)
53063.7ms Vehicle 3 RECEIVED AppendEntries from vehicle 0 (n_entries=0, leader_commit=2)
53069.9ms Vehicle 7 RECEIVED AppendEntries from vehicle 0 (n_entries=0, leader_commit=2)
53203.6ms Leader 0 SENDING AppendEntries to vehicle 3 (n_entries=0, leader_commit=2)
53203.6ms Leader 0 SENDING AppendEntries to vehicle 4 (n_entries=4, leader_commit=2)
53203.6ms Leader 0 SENDING AppendEntries to vehicle 5 (n_entries=4, leader_commit=2)
53203.6ms Leader 0 SENDING AppendEntries to vehicle 6 (n_entries=4, leader_commit=2)
53203.6ms Leader 0 SENDING AppendEntries to vehicle 7 (n_entries=0, leader_commit=2)
53203.7ms Vehicle 3 RECEIVED AppendEntries from vehicle 0 (n_entries=0, leader_commit=2)
53209.5ms Vehicle 7 RECEIVED AppendEntries from vehicle 0 (n_entries=0, leader_commit=2)
53343.6ms Leader 0 SENDING AppendEntries to vehicle 3 (n_entries=0, leader_commit=2)
53343.6ms Leader 0 SENDING AppendEntries to vehicle 4 (n_entries=4, leader_commit=2)
53343.6ms Leader 0 SENDING AppendEntries to vehicle 5 (n_entries=4, leader_commit=2)
53343.6ms Leader 0 SENDING AppendEntries to vehicle 6 (n_entries=4, leader_commit=2)
53343.6ms Leader 0 SENDING AppendEntries to vehicle 7 (n_entries=0, leader_commit=2)
53343.8ms Vehicle 3 RECEIVED AppendEntries from vehicle 0 (n_entries=0, leader_commit=2)
53349.7ms Vehicle 7 RECEIVED AppendEntries from vehicle 0 (n_entries=0, leader_commit=2)
53483.6ms Leader 0 SENDING AppendEntries to vehicle 3 (n_entries=0, leader_commit=2)
53483.6ms Leader 0 SENDING AppendEntries to vehicle 4 (n_entries=4, leader_commit=2)
53483.6ms Leader 0 SENDING AppendEntries to vehicle 5 (n_entries=4, leader_commit=2)
53483.6ms Leader 0 SENDING AppendEntries to vehicle 6 (n_entries=4, leader_commit=2)
53483.6ms Leader 0 SENDING AppendEntries to vehicle 7 (n_entries=0, leader_commit=2)
53483.7ms Vehicle 3 RECEIVED AppendEntries from vehicle 0 (n_entries=0, leader_commit=2)
53489.4ms Vehicle 7 RECEIVED AppendEntries from vehicle 0 (n_entries=0, leader_commit=2)
53623.6ms Leader 0 SENDING AppendEntries to vehicle 3 (n_entries=0, leader_commit=2)
53623.6ms Leader 0 SENDING AppendEntries to vehicle 4 (n_entries=4, leader_commit=2)
53623.6ms Leader 0 SENDING AppendEntries to vehicle 5 (n_entries=4, leader_commit=2)
53623.6ms Leader 0 SENDING AppendEntries to vehicle 6 (n_entries=4, leader_commit=2)
53623.6ms Leader 0 SENDING AppendEntries to vehicle 7 (n_entries=0, leader_commit=2)
53623.7ms Vehicle 3 RECEIVED AppendEntries from vehicle 0 (n_entries=0, leader_commit=2)
53629.7ms Vehicle 7 RECEIVED AppendEntries from vehicle 0 (n_entries=0, leader_commit=2)
53763.6ms Leader 0 SENDING AppendEntries to vehicle 3 (n_entries=0, leader_commit=2)
53763.6ms Leader 0 SENDING AppendEntries to vehicle 4 (n_entries=4, leader_commit=2)
53763.6ms Leader 0 SENDING AppendEntries to vehicle 5 (n_entries=4, leader_commit=2)
53763.6ms Leader 0 SENDING AppendEntries to vehicle 6 (n_entries=4, leader_commit=2)
53763.6ms Leader 0 SENDING AppendEntries to vehicle 7 (n_entries=0, leader_commit=2)
53763.7ms Vehicle 3 RECEIVED AppendEntries from vehicle 0 (n_entries=0, leader_commit=2)
53769.4ms Vehicle 7 RECEIVED AppendEntries from vehicle 0 (n_entries=0, leader_commit=2)
53903.6ms Leader 0 SENDING AppendEntries to vehicle 3 (n_entries=0, leader_commit=2)
53903.6ms Leader 0 SENDING AppendEntries to vehicle 4 (n_entries=4, leader_commit=2)
53903.6ms Leader 0 SENDING AppendEntries to vehicle 5 (n_entries=4, leader_commit=2)
53903.6ms Leader 0 SENDING AppendEntries to vehicle 6 (n_entries=4, leader_commit=2)
53903.6ms Leader 0 SENDING AppendEntries to vehicle 7 (n_entries=0, leader_commit=2)
53903.7ms Vehicle 3 RECEIVED AppendEntries from vehicle 0 (n_entries=0, leader_commit=2)
53909.4ms Vehicle 7 RECEIVED AppendEntries from vehicle 0 (n_entries=0, leader_commit=2)
54043.6ms Leader 0 SENDING AppendEntries to vehicle 3 (n_entries=0, leader_commit=2)
54043.6ms Leader 0 SENDING AppendEntries to vehicle 4 (n_entries=4, leader_commit=2)
54043.6ms Leader 0 SENDING AppendEntries to vehicle 5 (n_entries=4, leader_commit=2)
54043.6ms Leader 0 SENDING AppendEntries to vehicle 6 (n_entries=4, leader_commit=2)
54043.6ms Leader 0 SENDING AppendEntries to vehicle 7 (n_entries=0, leader_commit=2)
54043.7ms Vehicle 3 RECEIVED AppendEntries from vehicle 0 (n_entries=0, leader_commit=2)
54049.7ms Vehicle 7 RECEIVED AppendEntries from vehicle 0 (n_entries=0, leader_commit=2)
54183.6ms Leader 0 SENDING AppendEntries to vehicle 3 (n_entries=0, leader_commit=2)
54183.6ms Leader 0 SENDING AppendEntries to vehicle 4 (n_entries=4, leader_commit=2)
54183.6ms Leader 0 SENDING AppendEntries to vehicle 5 (n_entries=4, leader_commit=2)
54183.6ms Leader 0 SENDING AppendEntries to vehicle 6 (n_entries=4, leader_commit=2)
54183.6ms Leader 0 SENDING AppendEntries to vehicle 7 (n_entries=0, leader_commit=2)
54183.7ms Vehicle 3 RECEIVED AppendEntries from vehicle 0 (n_entries=0, leader_commit=2)
54189.9ms Vehicle 7 RECEIVED AppendEntries from vehicle 0 (n_entries=0, leader_commit=2)
54323.6ms Leader 0 SENDING AppendEntries to vehicle 3 (n_entries=0, leader_commit=2)
54323.6ms Leader 0 SENDING AppendEntries to vehicle 4 (n_entries=4, leader_commit=2)
54323.6ms Leader 0 SENDING AppendEntries to vehicle 5 (n_entries=4, leader_commit=2)
54323.6ms Leader 0 SENDING AppendEntries to vehicle 6 (n_entries=4, leader_commit=2)
54323.6ms Leader 0 SENDING AppendEntries to vehicle 7 (n_entries=0, leader_commit=2)
54323.7ms Vehicle 3 RECEIVED AppendEntries from vehicle 0 (n_entries=0, leader_commit=2)
54329.3ms Vehicle 7 RECEIVED AppendEntries from vehicle 0 (n_entries=0, leader_commit=2)
54463.6ms Leader 0 SENDING AppendEntries to vehicle 3 (n_entries=0, leader_commit=2)
54463.6ms Leader 0 SENDING AppendEntries to vehicle 4 (n_entries=4, leader_commit=2)
54463.6ms Leader 0 SENDING AppendEntries to vehicle 5 (n_entries=4, leader_commit=2)
54463.6ms Leader 0 SENDING AppendEntries to vehicle 6 (n_entries=4, leader_commit=2)
54463.6ms Leader 0 SENDING AppendEntries to vehicle 7 (n_entries=0, leader_commit=2)
54463.7ms Vehicle 3 RECEIVED AppendEntries from vehicle 0 (n_entries=0, leader_commit=2)
54469.5ms Vehicle 7 RECEIVED AppendEntries from vehicle 0 (n_entries=0, leader_commit=2)
54603.6ms Leader 0 SENDING AppendEntries to vehicle 3 (n_entries=0, leader_commit=2)
54603.6ms Leader 0 SENDING AppendEntries to vehicle 4 (n_entries=4, leader_commit=2)
54603.6ms Leader 0 SENDING AppendEntries to vehicle 5 (n_entries=4, leader_commit=2)
54603.6ms Leader 0 SENDING AppendEntries to vehicle 6 (n_entries=4, leader_commit=2)
54603.6ms Leader 0 SENDING AppendEntries to vehicle 7 (n_entries=0, leader_commit=2)
54603.7ms Vehicle 3 RECEIVED AppendEntries from vehicle 0 (n_entries=0, leader_commit=2)
54609.8ms Vehicle 7 RECEIVED AppendEntries from vehicle 0 (n_entries=0, leader_commit=2)
54743.6ms Leader 0 SENDING AppendEntries to vehicle 3 (n_entries=0, leader_commit=2)
54743.6ms Leader 0 SENDING AppendEntries to vehicle 4 (n_entries=4, leader_commit=2)
54743.6ms Leader 0 SENDING AppendEntries to vehicle 5 (n_entries=4, leader_commit=2)
54743.6ms Leader 0 SENDING AppendEntries to vehicle 6 (n_entries=4, leader_commit=2)
54743.6ms Leader 0 SENDING AppendEntries to vehicle 7 (n_entries=0, leader_commit=2)
54743.7ms Vehicle 3 RECEIVED AppendEntries from vehicle 0 (n_entries=0, leader_commit=2)
54749.5ms Vehicle 7 RECEIVED AppendEntries from vehicle 0 (n_entries=0, leader_commit=2)
54883.6ms Leader 0 SENDING AppendEntries to vehicle 3 (n_entries=0, leader_commit=2)
54883.6ms Leader 0 SENDING AppendEntries to vehicle 4 (n_entries=4, leader_commit=2)
54883.6ms Leader 0 SENDING AppendEntries to vehicle 5 (n_entries=4, leader_commit=2)
54883.6ms Leader 0 SENDING AppendEntries to vehicle 6 (n_entries=4, leader_commit=2)
54883.6ms Leader 0 SENDING AppendEntries to vehicle 7 (n_entries=0, leader_commit=2)
54883.7ms Vehicle 3 RECEIVED AppendEntries from vehicle 0 (n_entries=0, leader_commit=2)
54889.8ms Vehicle 7 RECEIVED AppendEntries from vehicle 0 (n_entries=0, leader_commit=2)
55023.6ms Leader 0 SENDING AppendEntries to vehicle 3 (n_entries=0, leader_commit=2)
55023.6ms Leader 0 SENDING AppendEntries to vehicle 4 (n_entries=4, leader_commit=2)
55023.6ms Leader 0 SENDING AppendEntries to vehicle 5 (n_entries=4, leader_commit=2)
55023.6ms Leader 0 SENDING AppendEntries to vehicle 6 (n_entries=4, leader_commit=2)
55023.6ms Leader 0 SENDING AppendEntries to vehicle 7 (n_entries=0, leader_commit=2)
55023.7ms Vehicle 3 RECEIVED AppendEntries from vehicle 0 (n_entries=0, leader_commit=2)
55030.0ms Vehicle 7 RECEIVED AppendEntries from vehicle 0 (n_entries=0, leader_commit=2)
55163.6ms Leader 0 SENDING AppendEntries to vehicle 3 (n_entries=0, leader_commit=2)
55163.6ms Leader 0 SENDING AppendEntries to vehicle 4 (n_entries=4, leader_commit=2)
55163.6ms Leader 0 SENDING AppendEntries to vehicle 5 (n_entries=4, leader_commit=2)
55163.6ms Leader 0 SENDING AppendEntries to vehicle 6 (n_entries=4, leader_commit=2)
55163.6ms Leader 0 SENDING AppendEntries to vehicle 7 (n_entries=0, leader_commit=2)
55163.7ms Vehicle 3 RECEIVED AppendEntries from vehicle 0 (n_entries=0, leader_commit=2)
55169.2ms Vehicle 7 RECEIVED AppendEntries from vehicle 0 (n_entries=0, leader_commit=2)
55303.6ms Leader 0 SENDING AppendEntries to vehicle 3 (n_entries=0, leader_commit=2)
55303.6ms Leader 0 SENDING AppendEntries to vehicle 4 (n_entries=4, leader_commit=2)
55303.6ms Leader 0 SENDING AppendEntries to vehicle 5 (n_entries=4, leader_commit=2)
55303.6ms Leader 0 SENDING AppendEntries to vehicle 6 (n_entries=4, leader_commit=2)
55303.6ms Leader 0 SENDING AppendEntries to vehicle 7 (n_entries=0, leader_commit=2)
55303.7ms Vehicle 3 RECEIVED AppendEntries from vehicle 0 (n_entries=0, leader_commit=2)
55309.5ms Vehicle 7 RECEIVED AppendEntries from vehicle 0 (n_entries=0, leader_commit=2)
55443.6ms Leader 0 SENDING AppendEntries to vehicle 3 (n_entries=0, leader_commit=2)
55443.6ms Leader 0 SENDING AppendEntries to vehicle 4 (n_entries=4, leader_commit=2)
55443.6ms Leader 0 SENDING AppendEntries to vehicle 5 (n_entries=4, leader_commit=2)
55443.6ms Leader 0 SENDING AppendEntries to vehicle 6 (n_entries=4, leader_commit=2)
55443.6ms Leader 0 SENDING AppendEntries to vehicle 7 (n_entries=0, leader_commit=2)
55443.7ms Vehicle 3 RECEIVED AppendEntries from vehicle 0 (n_entries=0, leader_commit=2)
55449.4ms Vehicle 7 RECEIVED AppendEntries from vehicle 0 (n_entries=0, leader_commit=2)
55583.6ms Leader 0 SENDING AppendEntries to vehicle 3 (n_entries=0, leader_commit=2)
55583.6ms Leader 0 SENDING AppendEntries to vehicle 4 (n_entries=4, leader_commit=2)
55583.6ms Leader 0 SENDING AppendEntries to vehicle 5 (n_entries=4, leader_commit=2)
55583.6ms Leader 0 SENDING AppendEntries to vehicle 6 (n_entries=4, leader_commit=2)
55583.6ms Leader 0 SENDING AppendEntries to vehicle 7 (n_entries=0, leader_commit=2)
55589.5ms Vehicle 7 RECEIVED AppendEntries from vehicle 0 (n_entries=0, leader_commit=2)
55723.6ms Leader 0 SENDING AppendEntries to vehicle 3 (n_entries=0, leader_commit=2)
55723.6ms Leader 0 SENDING AppendEntries to vehicle 4 (n_entries=4, leader_commit=2)
55723.6ms Leader 0 SENDING AppendEntries to vehicle 5 (n_entries=4, leader_commit=2)
55723.6ms Leader 0 SENDING AppendEntries to vehicle 6 (n_entries=4, leader_commit=2)
55723.6ms Leader 0 SENDING AppendEntries to vehicle 7 (n_entries=0, leader_commit=2)
55723.7ms Vehicle 3 RECEIVED AppendEntries from vehicle 0 (n_entries=0, leader_commit=2)
55729.6ms Vehicle 7 RECEIVED AppendEntries from vehicle 0 (n_entries=0, leader_commit=2)
55863.6ms Leader 0 SENDING AppendEntries to vehicle 3 (n_entries=0, leader_commit=2)
55863.6ms Leader 0 SENDING AppendEntries to vehicle 4 (n_entries=4, leader_commit=2)
55863.6ms Leader 0 SENDING AppendEntries to vehicle 5 (n_entries=4, leader_commit=2)
55863.6ms Leader 0 SENDING AppendEntries to vehicle 6 (n_entries=4, leader_commit=2)
55863.6ms Leader 0 SENDING AppendEntries to vehicle 7 (n_entries=0, leader_commit=2)
55863.7ms Vehicle 3 RECEIVED AppendEntries from vehicle 0 (n_entries=0, leader_commit=2)
55869.5ms Vehicle 7 RECEIVED AppendEntries from vehicle 0 (n_entries=0, leader_commit=2)
56003.6ms Leader 0 SENDING AppendEntries to vehicle 3 (n_entries=0, leader_commit=2)
56003.6ms Leader 0 SENDING AppendEntries to vehicle 4 (n_entries=4, leader_commit=2)
56003.6ms Leader 0 SENDING AppendEntries to vehicle 5 (n_entries=4, leader_commit=2)
56003.6ms Leader 0 SENDING AppendEntries to vehicle 6 (n_entries=4, leader_commit=2)
56003.6ms Leader 0 SENDING AppendEntries to vehicle 7 (n_entries=0, leader_commit=2)
56003.7ms Vehicle 3 RECEIVED AppendEntries from vehicle 0 (n_entries=0, leader_commit=2)
56009.4ms Vehicle 7 RECEIVED AppendEntries from vehicle 0 (n_entries=0, leader_commit=2)
56143.6ms Leader 0 SENDING AppendEntries to vehicle 3 (n_entries=0, leader_commit=2)
56143.6ms Leader 0 SENDING AppendEntries to vehicle 4 (n_entries=4, leader_commit=2)
56143.6ms Leader 0 SENDING AppendEntries to vehicle 5 (n_entries=4, leader_commit=2)
56143.6ms Leader 0 SENDING AppendEntries to vehicle 6 (n_entries=4, leader_commit=2)
56143.6ms Leader 0 SENDING AppendEntries to vehicle 7 (n_entries=0, leader_commit=2)
56143.7ms Vehicle 3 RECEIVED AppendEntries from vehicle 0 (n_entries=0, leader_commit=2)
56149.7ms Vehicle 7 RECEIVED AppendEntries from vehicle 0 (n_entries=0, leader_commit=2)
56283.6ms Leader 0 SENDING AppendEntries to vehicle 3 (n_entries=0, leader_commit=2)
56283.6ms Leader 0 SENDING AppendEntries to vehicle 4 (n_entries=4, leader_commit=2)
56283.6ms Leader 0 SENDING AppendEntries to vehicle 5 (n_entries=4, leader_commit=2)
56283.6ms Leader 0 SENDING AppendEntries to vehicle 6 (n_entries=4, leader_commit=2)
56283.6ms Leader 0 SENDING AppendEntries to vehicle 7 (n_entries=0, leader_commit=2)
56283.7ms Vehicle 3 RECEIVED AppendEntries from vehicle 0 (n_entries=0, leader_commit=2)
56289.4ms Vehicle 7 RECEIVED AppendEntries from vehicle 0 (n_entries=0, leader_commit=2)
56423.6ms Leader 0 SENDING AppendEntries to vehicle 3 (n_entries=0, leader_commit=2)
56423.6ms Leader 0 SENDING AppendEntries to vehicle 4 (n_entries=4, leader_commit=2)
56423.6ms Leader 0 SENDING AppendEntries to vehicle 5 (n_entries=4, leader_commit=2)
56423.6ms Leader 0 SENDING AppendEntries to vehicle 6 (n_entries=4, leader_commit=2)
56423.6ms Leader 0 SENDING AppendEntries to vehicle 7 (n_entries=0, leader_commit=2)
56423.7ms Vehicle 3 RECEIVED AppendEntries from vehicle 0 (n_entries=0, leader_commit=2)
56429.4ms Vehicle 7 RECEIVED AppendEntries from vehicle 0 (n_entries=0, leader_commit=2)
56563.6ms Leader 0 SENDING AppendEntries to vehicle 3 (n_entries=0, leader_commit=2)
56563.6ms Leader 0 SENDING AppendEntries to vehicle 4 (n_entries=4, leader_commit=2)
56563.6ms Leader 0 SENDING AppendEntries to vehicle 5 (n_entries=4, leader_commit=2)
56563.6ms Leader 0 SENDING AppendEntries to vehicle 6 (n_entries=4, leader_commit=2)
56563.6ms Leader 0 SENDING AppendEntries to vehicle 7 (n_entries=0, leader_commit=2)
56563.7ms Vehicle 3 RECEIVED AppendEntries from vehicle 0 (n_entries=0, leader_commit=2)
56569.4ms Vehicle 7 RECEIVED AppendEntries from vehicle 0 (n_entries=0, leader_commit=2)
56703.6ms Leader 0 SENDING AppendEntries to vehicle 3 (n_entries=0, leader_commit=2)
56703.6ms Leader 0 SENDING AppendEntries to vehicle 4 (n_entries=4, leader_commit=2)
56703.6ms Leader 0 SENDING AppendEntries to vehicle 5 (n_entries=4, leader_commit=2)
56703.6ms Leader 0 SENDING AppendEntries to vehicle 6 (n_entries=4, leader_commit=2)
56703.6ms Leader 0 SENDING AppendEntries to vehicle 7 (n_entries=0, leader_commit=2)
56703.7ms Vehicle 3 RECEIVED AppendEntries from vehicle 0 (n_entries=0, leader_commit=2)
56709.1ms Vehicle 7 RECEIVED AppendEntries from vehicle 0 (n_entries=0, leader_commit=2)
56843.6ms Leader 0 SENDING AppendEntries to vehicle 3 (n_entries=0, leader_commit=2)
56843.6ms Leader 0 SENDING AppendEntries to vehicle 4 (n_entries=4, leader_commit=2)
56843.6ms Leader 0 SENDING AppendEntries to vehicle 5 (n_entries=4, leader_commit=2)
56843.6ms Leader 0 SENDING AppendEntries to vehicle 6 (n_entries=4, leader_commit=2)
56843.6ms Leader 0 SENDING AppendEntries to vehicle 7 (n_entries=0, leader_commit=2)
56843.7ms Vehicle 3 RECEIVED AppendEntries from vehicle 0 (n_entries=0, leader_commit=2)
56849.3ms Vehicle 7 RECEIVED AppendEntries from vehicle 0 (n_entries=0, leader_commit=2)
56983.6ms Leader 0 SENDING AppendEntries to vehicle 3 (n_entries=0, leader_commit=2)
56983.6ms Leader 0 SENDING AppendEntries to vehicle 4 (n_entries=4, leader_commit=2)
56983.6ms Leader 0 SENDING AppendEntries to vehicle 5 (n_entries=4, leader_commit=2)
56983.6ms Leader 0 SENDING AppendEntries to vehicle 6 (n_entries=4, leader_commit=2)
56983.6ms Leader 0 SENDING AppendEntries to vehicle 7 (n_entries=0, leader_commit=2)
56983.7ms Vehicle 3 RECEIVED AppendEntries from vehicle 0 (n_entries=0, leader_commit=2)
56989.5ms Vehicle 7 RECEIVED AppendEntries from vehicle 0 (n_entries=0, leader_commit=2)
57123.6ms Leader 0 SENDING AppendEntries to vehicle 3 (n_entries=0, leader_commit=2)
57123.6ms Leader 0 SENDING AppendEntries to vehicle 4 (n_entries=4, leader_commit=2)
57123.6ms Leader 0 SENDING AppendEntries to vehicle 5 (n_entries=4, leader_commit=2)
57123.6ms Leader 0 SENDING AppendEntries to vehicle 6 (n_entries=4, leader_commit=2)
57123.6ms Leader 0 SENDING AppendEntries to vehicle 7 (n_entries=0, leader_commit=2)
57123.7ms Vehicle 3 RECEIVED AppendEntries from vehicle 0 (n_entries=0, leader_commit=2)
57129.6ms Vehicle 7 RECEIVED AppendEntries from vehicle 0 (n_entries=0, leader_commit=2)
57263.6ms Leader 0 SENDING AppendEntries to vehicle 3 (n_entries=0, leader_commit=2)
57263.6ms Leader 0 SENDING AppendEntries to vehicle 4 (n_entries=4, leader_commit=2)
57263.6ms Leader 0 SENDING AppendEntries to vehicle 5 (n_entries=4, leader_commit=2)
57263.6ms Leader 0 SENDING AppendEntries to vehicle 6 (n_entries=4, leader_commit=2)
57263.6ms Leader 0 SENDING AppendEntries to vehicle 7 (n_entries=0, leader_commit=2)
57263.7ms Vehicle 3 RECEIVED AppendEntries from vehicle 0 (n_entries=0, leader_commit=2)
57269.2ms Vehicle 7 RECEIVED AppendEntries from vehicle 0 (n_entries=0, leader_commit=2)
57403.6ms Leader 0 SENDING AppendEntries to vehicle 3 (n_entries=0, leader_commit=2)
57403.6ms Leader 0 SENDING AppendEntries to vehicle 4 (n_entries=4, leader_commit=2)
57403.6ms Leader 0 SENDING AppendEntries to vehicle 5 (n_entries=4, leader_commit=2)
57403.6ms Leader 0 SENDING AppendEntries to vehicle 6 (n_entries=4, leader_commit=2)
57403.6ms Leader 0 SENDING AppendEntries to vehicle 7 (n_entries=0, leader_commit=2)
57403.7ms Vehicle 3 RECEIVED AppendEntries from vehicle 0 (n_entries=0, leader_commit=2)
57410.0ms Vehicle 7 RECEIVED AppendEntries from vehicle 0 (n_entries=0, leader_commit=2)
57543.6ms Leader 0 SENDING AppendEntries to vehicle 3 (n_entries=0, leader_commit=2)
57543.6ms Leader 0 SENDING AppendEntries to vehicle 4 (n_entries=4, leader_commit=2)
57543.6ms Leader 0 SENDING AppendEntries to vehicle 5 (n_entries=4, leader_commit=2)
57543.6ms Leader 0 SENDING AppendEntries to vehicle 6 (n_entries=4, leader_commit=2)
57543.6ms Leader 0 SENDING AppendEntries to vehicle 7 (n_entries=0, leader_commit=2)
57543.7ms Vehicle 3 RECEIVED AppendEntries from vehicle 0 (n_entries=0, leader_commit=2)
57550.0ms Vehicle 7 RECEIVED AppendEntries from vehicle 0 (n_entries=0, leader_commit=2)
57683.6ms Leader 0 SENDING AppendEntries to vehicle 3 (n_entries=0, leader_commit=2)
57683.6ms Leader 0 SENDING AppendEntries to vehicle 4 (n_entries=4, leader_commit=2)
57683.6ms Leader 0 SENDING AppendEntries to vehicle 5 (n_entries=4, leader_commit=2)
57683.6ms Leader 0 SENDING AppendEntries to vehicle 6 (n_entries=4, leader_commit=2)
57683.6ms Leader 0 SENDING AppendEntries to vehicle 7 (n_entries=0, leader_commit=2)
57689.4ms Vehicle 7 RECEIVED AppendEntries from vehicle 0 (n_entries=0, leader_commit=2)
57823.6ms Leader 0 SENDING AppendEntries to vehicle 3 (n_entries=0, leader_commit=2)
57823.6ms Leader 0 SENDING AppendEntries to vehicle 4 (n_entries=4, leader_commit=2)
57823.6ms Leader 0 SENDING AppendEntries to vehicle 5 (n_entries=4, leader_commit=2)
57823.6ms Leader 0 SENDING AppendEntries to vehicle 6 (n_entries=4, leader_commit=2)
57823.6ms Leader 0 SENDING AppendEntries to vehicle 7 (n_entries=0, leader_commit=2)
57823.7ms Vehicle 3 RECEIVED AppendEntries from vehicle 0 (n_entries=0, leader_commit=2)
57829.5ms Vehicle 7 RECEIVED AppendEntries from vehicle 0 (n_entries=0, leader_commit=2)
57963.6ms Leader 0 SENDING AppendEntries to vehicle 3 (n_entries=0, leader_commit=2)
57963.6ms Leader 0 SENDING AppendEntries to vehicle 4 (n_entries=4, leader_commit=2)
57963.6ms Leader 0 SENDING AppendEntries to vehicle 5 (n_entries=4, leader_commit=2)
57963.6ms Leader 0 SENDING AppendEntries to vehicle 6 (n_entries=4, leader_commit=2)
57963.6ms Leader 0 SENDING AppendEntries to vehicle 7 (n_entries=0, leader_commit=2)
57963.7ms Vehicle 3 RECEIVED AppendEntries from vehicle 0 (n_entries=0, leader_commit=2)
57969.1ms Vehicle 7 RECEIVED AppendEntries from vehicle 0 (n_entries=0, leader_commit=2)
58103.6ms Leader 0 SENDING AppendEntries to vehicle 3 (n_entries=0, leader_commit=2)
58103.6ms Leader 0 SENDING AppendEntries to vehicle 4 (n_entries=4, leader_commit=2)
58103.6ms Leader 0 SENDING AppendEntries to vehicle 5 (n_entries=4, leader_commit=2)
58103.6ms Leader 0 SENDING AppendEntries to vehicle 6 (n_entries=4, leader_commit=2)
58103.6ms Leader 0 SENDING AppendEntries to vehicle 7 (n_entries=0, leader_commit=2)
58103.7ms Vehicle 3 RECEIVED AppendEntries from vehicle 0 (n_entries=0, leader_commit=2)
58109.7ms Vehicle 7 RECEIVED AppendEntries from vehicle 0 (n_entries=0, leader_commit=2)
58243.6ms Leader 0 SENDING AppendEntries to vehicle 3 (n_entries=0, leader_commit=2)
58243.6ms Leader 0 SENDING AppendEntries to vehicle 4 (n_entries=4, leader_commit=2)
58243.6ms Leader 0 SENDING AppendEntries to vehicle 5 (n_entries=4, leader_commit=2)
58243.6ms Leader 0 SENDING AppendEntries to vehicle 6 (n_entries=4, leader_commit=2)
58243.6ms Leader 0 SENDING AppendEntries to vehicle 7 (n_entries=0, leader_commit=2)
58243.7ms Vehicle 3 RECEIVED AppendEntries from vehicle 0 (n_entries=0, leader_commit=2)
58249.6ms Vehicle 7 RECEIVED AppendEntries from vehicle 0 (n_entries=0, leader_commit=2)
58383.6ms Leader 0 SENDING AppendEntries to vehicle 3 (n_entries=0, leader_commit=2)
58383.6ms Leader 0 SENDING AppendEntries to vehicle 4 (n_entries=4, leader_commit=2)
58383.6ms Leader 0 SENDING AppendEntries to vehicle 5 (n_entries=4, leader_commit=2)
58383.6ms Leader 0 SENDING AppendEntries to vehicle 6 (n_entries=4, leader_commit=2)
58383.6ms Leader 0 SENDING AppendEntries to vehicle 7 (n_entries=0, leader_commit=2)
58383.7ms Vehicle 3 RECEIVED AppendEntries from vehicle 0 (n_entries=0, leader_commit=2)
58389.5ms Vehicle 7 RECEIVED AppendEntries from vehicle 0 (n_entries=0, leader_commit=2)
58523.6ms Leader 0 SENDING AppendEntries to vehicle 3 (n_entries=0, leader_commit=2)
58523.6ms Leader 0 SENDING AppendEntries to vehicle 4 (n_entries=4, leader_commit=2)
58523.6ms Leader 0 SENDING AppendEntries to vehicle 5 (n_entries=4, leader_commit=2)
58523.6ms Leader 0 SENDING AppendEntries to vehicle 6 (n_entries=4, leader_commit=2)
58523.6ms Leader 0 SENDING AppendEntries to vehicle 7 (n_entries=0, leader_commit=2)
58523.7ms Vehicle 3 RECEIVED AppendEntries from vehicle 0 (n_entries=0, leader_commit=2)
58529.9ms Vehicle 7 RECEIVED AppendEntries from vehicle 0 (n_entries=0, leader_commit=2)
58663.6ms Leader 0 SENDING AppendEntries to vehicle 3 (n_entries=0, leader_commit=2)
58663.6ms Leader 0 SENDING AppendEntries to vehicle 4 (n_entries=4, leader_commit=2)
58663.6ms Leader 0 SENDING AppendEntries to vehicle 5 (n_entries=4, leader_commit=2)
58663.6ms Leader 0 SENDING AppendEntries to vehicle 6 (n_entries=4, leader_commit=2)
58663.6ms Leader 0 SENDING AppendEntries to vehicle 7 (n_entries=0, leader_commit=2)
58663.7ms Vehicle 3 RECEIVED AppendEntries from vehicle 0 (n_entries=0, leader_commit=2)
58669.8ms Vehicle 7 RECEIVED AppendEntries from vehicle 0 (n_entries=0, leader_commit=2)
58803.6ms Leader 0 SENDING AppendEntries to vehicle 3 (n_entries=0, leader_commit=2)
58803.6ms Leader 0 SENDING AppendEntries to vehicle 4 (n_entries=4, leader_commit=2)
58803.6ms Leader 0 SENDING AppendEntries to vehicle 5 (n_entries=4, leader_commit=2)
58803.6ms Leader 0 SENDING AppendEntries to vehicle 6 (n_entries=4, leader_commit=2)
58803.6ms Leader 0 SENDING AppendEntries to vehicle 7 (n_entries=0, leader_commit=2)
58803.7ms Vehicle 3 RECEIVED AppendEntries from vehicle 0 (n_entries=0, leader_commit=2)
58810.1ms Vehicle 7 RECEIVED AppendEntries from vehicle 0 (n_entries=0, leader_commit=2)
58943.6ms Leader 0 SENDING AppendEntries to vehicle 3 (n_entries=0, leader_commit=2)
58943.6ms Leader 0 SENDING AppendEntries to vehicle 4 (n_entries=4, leader_commit=2)
58943.6ms Leader 0 SENDING AppendEntries to vehicle 5 (n_entries=4, leader_commit=2)
58943.6ms Leader 0 SENDING AppendEntries to vehicle 6 (n_entries=4, leader_commit=2)
58943.6ms Leader 0 SENDING AppendEntries to vehicle 7 (n_entries=0, leader_commit=2)
58943.7ms Vehicle 3 RECEIVED AppendEntries from vehicle 0 (n_entries=0, leader_commit=2)
58949.2ms Vehicle 7 RECEIVED AppendEntries from vehicle 0 (n_entries=0, leader_commit=2)
59083.6ms Leader 0 SENDING AppendEntries to vehicle 3 (n_entries=0, leader_commit=2)
59083.6ms Leader 0 SENDING AppendEntries to vehicle 4 (n_entries=4, leader_commit=2)
59083.6ms Leader 0 SENDING AppendEntries to vehicle 5 (n_entries=4, leader_commit=2)
59083.6ms Leader 0 SENDING AppendEntries to vehicle 6 (n_entries=4, leader_commit=2)
59083.6ms Leader 0 SENDING AppendEntries to vehicle 7 (n_entries=0, leader_commit=2)
59083.7ms Vehicle 3 RECEIVED AppendEntries from vehicle 0 (n_entries=0, leader_commit=2)
59089.0ms Vehicle 7 RECEIVED AppendEntries from vehicle 0 (n_entries=0, leader_commit=2)
59223.6ms Leader 0 SENDING AppendEntries to vehicle 3 (n_entries=0, leader_commit=2)
59223.6ms Leader 0 SENDING AppendEntries to vehicle 4 (n_entries=4, leader_commit=2)
59223.6ms Leader 0 SENDING AppendEntries to vehicle 5 (n_entries=4, leader_commit=2)
59223.6ms Leader 0 SENDING AppendEntries to vehicle 6 (n_entries=4, leader_commit=2)
59223.6ms Leader 0 SENDING AppendEntries to vehicle 7 (n_entries=0, leader_commit=2)
59223.7ms Vehicle 3 RECEIVED AppendEntries from vehicle 0 (n_entries=0, leader_commit=2)
59229.5ms Vehicle 7 RECEIVED AppendEntries from vehicle 0 (n_entries=0, leader_commit=2)
59363.6ms Leader 0 SENDING AppendEntries to vehicle 3 (n_entries=0, leader_commit=2)
59363.6ms Leader 0 SENDING AppendEntries to vehicle 4 (n_entries=4, leader_commit=2)
59363.6ms Leader 0 SENDING AppendEntries to vehicle 5 (n_entries=4, leader_commit=2)
59363.6ms Leader 0 SENDING AppendEntries to vehicle 6 (n_entries=4, leader_commit=2)
59363.6ms Leader 0 SENDING AppendEntries to vehicle 7 (n_entries=0, leader_commit=2)
59363.7ms Vehicle 3 RECEIVED AppendEntries from vehicle 0 (n_entries=0, leader_commit=2)
59503.6ms Leader 0 SENDING AppendEntries to vehicle 3 (n_entries=0, leader_commit=2)
59503.6ms Leader 0 SENDING AppendEntries to vehicle 4 (n_entries=4, leader_commit=2)
59503.6ms Leader 0 SENDING AppendEntries to vehicle 5 (n_entries=4, leader_commit=2)
59503.6ms Leader 0 SENDING AppendEntries to vehicle 6 (n_entries=4, leader_commit=2)
59503.6ms Leader 0 SENDING AppendEntries to vehicle 7 (n_entries=0, leader_commit=2)
59503.7ms Vehicle 3 RECEIVED AppendEntries from vehicle 0 (n_entries=0, leader_commit=2)
59509.5ms Vehicle 7 RECEIVED AppendEntries from vehicle 0 (n_entries=0, leader_commit=2)
59643.6ms Leader 0 SENDING AppendEntries to vehicle 3 (n_entries=0, leader_commit=2)
59643.6ms Leader 0 SENDING AppendEntries to vehicle 4 (n_entries=4, leader_commit=2)
59643.6ms Leader 0 SENDING AppendEntries to vehicle 5 (n_entries=4, leader_commit=2)
59643.6ms Leader 0 SENDING AppendEntries to vehicle 6 (n_entries=4, leader_commit=2)
59643.6ms Leader 0 SENDING AppendEntries to vehicle 7 (n_entries=0, leader_commit=2)
59643.7ms Vehicle 3 RECEIVED AppendEntries from vehicle 0 (n_entries=0, leader_commit=2)
59649.9ms Vehicle 7 RECEIVED AppendEntries from vehicle 0 (n_entries=0, leader_commit=2)
59783.6ms Leader 0 SENDING AppendEntries to vehicle 3 (n_entries=0, leader_commit=2)
59783.6ms Leader 0 SENDING AppendEntries to vehicle 4 (n_entries=4, leader_commit=2)
59783.6ms Leader 0 SENDING AppendEntries to vehicle 5 (n_entries=4, leader_commit=2)
59783.6ms Leader 0 SENDING AppendEntries to vehicle 6 (n_entries=4, leader_commit=2)
59783.6ms Leader 0 SENDING AppendEntries to vehicle 7 (n_entries=0, leader_commit=2)
59783.7ms Vehicle 3 RECEIVED AppendEntries from vehicle 0 (n_entries=0, leader_commit=2)
59789.6ms Vehicle 7 RECEIVED AppendEntries from vehicle 0 (n_entries=0, leader_commit=2)
59923.6ms Leader 0 SENDING AppendEntries to vehicle 3 (n_entries=0, leader_commit=2)
59923.6ms Leader 0 SENDING AppendEntries to vehicle 4 (n_entries=4, leader_commit=2)
59923.6ms Leader 0 SENDING AppendEntries to vehicle 5 (n_entries=4, leader_commit=2)
59923.6ms Leader 0 SENDING AppendEntries to vehicle 6 (n_entries=4, leader_commit=2)
59923.6ms Leader 0 SENDING AppendEntries to vehicle 7 (n_entries=0, leader_commit=2)
59923.7ms Vehicle 3 RECEIVED AppendEntries from vehicle 0 (n_entries=0, leader_commit=2)
59929.4ms Vehicle 7 RECEIVED AppendEntries from vehicle 0 (n_entries=0, leader_commit=2)
60063.6ms Leader 0 SENDING AppendEntries to vehicle 3 (n_entries=0, leader_commit=2)
60063.6ms Leader 0 SENDING AppendEntries to vehicle 4 (n_entries=4, leader_commit=2)
60063.6ms Leader 0 SENDING AppendEntries to vehicle 5 (n_entries=4, leader_commit=2)
60063.6ms Leader 0 SENDING AppendEntries to vehicle 6 (n_entries=4, leader_commit=2)
60063.6ms Leader 0 SENDING AppendEntries to vehicle 7 (n_entries=0, leader_commit=2)
60063.7ms Vehicle 3 RECEIVED AppendEntries from vehicle 0 (n_entries=0, leader_commit=2)
60070.3ms Vehicle 7 RECEIVED AppendEntries from vehicle 0 (n_entries=0, leader_commit=2)
60203.6ms Leader 0 SENDING AppendEntries to vehicle 3 (n_entries=0, leader_commit=2)
60203.6ms Leader 0 SENDING AppendEntries to vehicle 4 (n_entries=4, leader_commit=2)
60203.6ms Leader 0 SENDING AppendEntries to vehicle 5 (n_entries=4, leader_commit=2)
60203.6ms Leader 0 SENDING AppendEntries to vehicle 6 (n_entries=4, leader_commit=2)
60203.6ms Leader 0 SENDING AppendEntries to vehicle 7 (n_entries=0, leader_commit=2)
60209.5ms Vehicle 7 RECEIVED AppendEntries from vehicle 0 (n_entries=0, leader_commit=2)
60343.6ms Leader 0 SENDING AppendEntries to vehicle 3 (n_entries=0, leader_commit=2)
60343.6ms Leader 0 SENDING AppendEntries to vehicle 4 (n_entries=4, leader_commit=2)
60343.6ms Leader 0 SENDING AppendEntries to vehicle 5 (n_entries=4, leader_commit=2)
60343.6ms Leader 0 SENDING AppendEntries to vehicle 6 (n_entries=4, leader_commit=2)
60343.6ms Leader 0 SENDING AppendEntries to vehicle 7 (n_entries=0, leader_commit=2)
60343.7ms Vehicle 3 RECEIVED AppendEntries from vehicle 0 (n_entries=0, leader_commit=2)
60349.6ms Vehicle 7 RECEIVED AppendEntries from vehicle 0 (n_entries=0, leader_commit=2)
60483.6ms Leader 0 SENDING AppendEntries to vehicle 3 (n_entries=0, leader_commit=2)
60483.6ms Leader 0 SENDING AppendEntries to vehicle 4 (n_entries=4, leader_commit=2)
60483.6ms Leader 0 SENDING AppendEntries to vehicle 5 (n_entries=4, leader_commit=2)
60483.6ms Leader 0 SENDING AppendEntries to vehicle 6 (n_entries=4, leader_commit=2)
60483.6ms Leader 0 SENDING AppendEntries to vehicle 7 (n_entries=0, leader_commit=2)
60483.7ms Vehicle 3 RECEIVED AppendEntries from vehicle 0 (n_entries=0, leader_commit=2)
60489.6ms Vehicle 7 RECEIVED AppendEntries from vehicle 0 (n_entries=0, leader_commit=2)
60623.6ms Leader 0 SENDING AppendEntries to vehicle 3 (n_entries=0, leader_commit=2)
60623.6ms Leader 0 SENDING AppendEntries to vehicle 4 (n_entries=4, leader_commit=2)
60623.6ms Leader 0 SENDING AppendEntries to vehicle 5 (n_entries=4, leader_commit=2)
60623.6ms Leader 0 SENDING AppendEntries to vehicle 6 (n_entries=4, leader_commit=2)
60623.6ms Leader 0 SENDING AppendEntries to vehicle 7 (n_entries=0, leader_commit=2)
60623.7ms Vehicle 3 RECEIVED AppendEntries from vehicle 0 (n_entries=0, leader_commit=2)
60763.6ms Leader 0 SENDING AppendEntries to vehicle 3 (n_entries=0, leader_commit=2)
60763.6ms Leader 0 SENDING AppendEntries to vehicle 4 (n_entries=4, leader_commit=2)
60763.6ms Leader 0 SENDING AppendEntries to vehicle 5 (n_entries=4, leader_commit=2)
60763.6ms Leader 0 SENDING AppendEntries to vehicle 6 (n_entries=4, leader_commit=2)
60763.6ms Leader 0 SENDING AppendEntries to vehicle 7 (n_entries=0, leader_commit=2)
60763.7ms Vehicle 3 RECEIVED AppendEntries from vehicle 0 (n_entries=0, leader_commit=2)
60770.3ms Vehicle 7 RECEIVED AppendEntries from vehicle 0 (n_entries=0, leader_commit=2)
60903.6ms Leader 0 SENDING AppendEntries to vehicle 3 (n_entries=0, leader_commit=2)
60903.6ms Leader 0 SENDING AppendEntries to vehicle 4 (n_entries=4, leader_commit=2)
60903.6ms Leader 0 SENDING AppendEntries to vehicle 5 (n_entries=4, leader_commit=2)
60903.6ms Leader 0 SENDING AppendEntries to vehicle 6 (n_entries=4, leader_commit=2)
60903.6ms Leader 0 SENDING AppendEntries to vehicle 7 (n_entries=0, leader_commit=2)
60903.7ms Vehicle 3 RECEIVED AppendEntries from vehicle 0 (n_entries=0, leader_commit=2)
60909.7ms Vehicle 7 RECEIVED AppendEntries from vehicle 0 (n_entries=0, leader_commit=2)
61043.6ms Leader 0 SENDING AppendEntries to vehicle 3 (n_entries=0, leader_commit=2)
61043.6ms Leader 0 SENDING AppendEntries to vehicle 4 (n_entries=4, leader_commit=2)
61043.6ms Leader 0 SENDING AppendEntries to vehicle 5 (n_entries=4, leader_commit=2)
61043.6ms Leader 0 SENDING AppendEntries to vehicle 6 (n_entries=4, leader_commit=2)
61043.6ms Leader 0 SENDING AppendEntries to vehicle 7 (n_entries=0, leader_commit=2)
61043.7ms Vehicle 3 RECEIVED AppendEntries from vehicle 0 (n_entries=0, leader_commit=2)
61050.1ms Vehicle 7 RECEIVED AppendEntries from vehicle 0 (n_entries=0, leader_commit=2)
61183.6ms Leader 0 SENDING AppendEntries to vehicle 3 (n_entries=0, leader_commit=2)
61183.6ms Leader 0 SENDING AppendEntries to vehicle 4 (n_entries=4, leader_commit=2)
61183.6ms Leader 0 SENDING AppendEntries to vehicle 5 (n_entries=4, leader_commit=2)
61183.6ms Leader 0 SENDING AppendEntries to vehicle 6 (n_entries=4, leader_commit=2)
61183.6ms Leader 0 SENDING AppendEntries to vehicle 7 (n_entries=0, leader_commit=2)
61183.7ms Vehicle 3 RECEIVED AppendEntries from vehicle 0 (n_entries=0, leader_commit=2)
61323.6ms Leader 0 SENDING AppendEntries to vehicle 3 (n_entries=0, leader_commit=2)
61323.6ms Leader 0 SENDING AppendEntries to vehicle 4 (n_entries=4, leader_commit=2)
61323.6ms Leader 0 SENDING AppendEntries to vehicle 5 (n_entries=4, leader_commit=2)
61323.6ms Leader 0 SENDING AppendEntries to vehicle 6 (n_entries=4, leader_commit=2)
61323.6ms Leader 0 SENDING AppendEntries to vehicle 7 (n_entries=0, leader_commit=2)
61323.7ms Vehicle 3 RECEIVED AppendEntries from vehicle 0 (n_entries=0, leader_commit=2)
61329.3ms Vehicle 7 RECEIVED AppendEntries from vehicle 0 (n_entries=0, leader_commit=2)
61463.6ms Leader 0 SENDING AppendEntries to vehicle 3 (n_entries=0, leader_commit=2)
61463.6ms Leader 0 SENDING AppendEntries to vehicle 4 (n_entries=4, leader_commit=2)
61463.6ms Leader 0 SENDING AppendEntries to vehicle 5 (n_entries=4, leader_commit=2)
61463.6ms Leader 0 SENDING AppendEntries to vehicle 6 (n_entries=4, leader_commit=2)
61463.6ms Leader 0 SENDING AppendEntries to vehicle 7 (n_entries=0, leader_commit=2)
61463.7ms Vehicle 3 RECEIVED AppendEntries from vehicle 0 (n_entries=0, leader_commit=2)
61469.6ms Vehicle 7 RECEIVED AppendEntries from vehicle 0 (n_entries=0, leader_commit=2)
61603.6ms Leader 0 SENDING AppendEntries to vehicle 3 (n_entries=0, leader_commit=2)
61603.6ms Leader 0 SENDING AppendEntries to vehicle 4 (n_entries=4, leader_commit=2)
61603.6ms Leader 0 SENDING AppendEntries to vehicle 5 (n_entries=4, leader_commit=2)
61603.6ms Leader 0 SENDING AppendEntries to vehicle 6 (n_entries=4, leader_commit=2)
61603.6ms Leader 0 SENDING AppendEntries to vehicle 7 (n_entries=0, leader_commit=2)
61603.7ms Vehicle 3 RECEIVED AppendEntries from vehicle 0 (n_entries=0, leader_commit=2)
61610.0ms Vehicle 7 RECEIVED AppendEntries from vehicle 0 (n_entries=0, leader_commit=2)
61743.6ms Leader 0 SENDING AppendEntries to vehicle 3 (n_entries=0, leader_commit=2)
61743.6ms Leader 0 SENDING AppendEntries to vehicle 4 (n_entries=4, leader_commit=2)
61743.6ms Leader 0 SENDING AppendEntries to vehicle 5 (n_entries=4, leader_commit=2)
61743.6ms Leader 0 SENDING AppendEntries to vehicle 6 (n_entries=4, leader_commit=2)
61743.6ms Leader 0 SENDING AppendEntries to vehicle 7 (n_entries=0, leader_commit=2)
61743.7ms Vehicle 3 RECEIVED AppendEntries from vehicle 0 (n_entries=0, leader_commit=2)
61749.5ms Vehicle 7 RECEIVED AppendEntries from vehicle 0 (n_entries=0, leader_commit=2)
61883.6ms Leader 0 SENDING AppendEntries to vehicle 3 (n_entries=0, leader_commit=2)
61883.6ms Leader 0 SENDING AppendEntries to vehicle 4 (n_entries=4, leader_commit=2)
61883.6ms Leader 0 SENDING AppendEntries to vehicle 5 (n_entries=4, leader_commit=2)
61883.6ms Leader 0 SENDING AppendEntries to vehicle 6 (n_entries=4, leader_commit=2)
61883.6ms Leader 0 SENDING AppendEntries to vehicle 7 (n_entries=0, leader_commit=2)
61883.7ms Vehicle 3 RECEIVED AppendEntries from vehicle 0 (n_entries=0, leader_commit=2)
61889.2ms Vehicle 7 RECEIVED AppendEntries from vehicle 0 (n_entries=0, leader_commit=2)
62023.6ms Leader 0 SENDING AppendEntries to vehicle 3 (n_entries=0, leader_commit=2)
62023.6ms Leader 0 SENDING AppendEntries to vehicle 4 (n_entries=4, leader_commit=2)
62023.6ms Leader 0 SENDING AppendEntries to vehicle 5 (n_entries=4, leader_commit=2)
62023.6ms Leader 0 SENDING AppendEntries to vehicle 6 (n_entries=4, leader_commit=2)
62023.6ms Leader 0 SENDING AppendEntries to vehicle 7 (n_entries=0, leader_commit=2)
62023.7ms Vehicle 3 RECEIVED AppendEntries from vehicle 0 (n_entries=0, leader_commit=2)
62029.6ms Vehicle 7 RECEIVED AppendEntries from vehicle 0 (n_entries=0, leader_commit=2)
62163.6ms Leader 0 SENDING AppendEntries to vehicle 3 (n_entries=0, leader_commit=2)
62163.6ms Leader 0 SENDING AppendEntries to vehicle 4 (n_entries=4, leader_commit=2)
62163.6ms Leader 0 SENDING AppendEntries to vehicle 5 (n_entries=4, leader_commit=2)
62163.6ms Leader 0 SENDING AppendEntries to vehicle 6 (n_entries=4, leader_commit=2)
62163.6ms Leader 0 SENDING AppendEntries to vehicle 7 (n_entries=0, leader_commit=2)
62163.7ms Vehicle 3 RECEIVED AppendEntries from vehicle 0 (n_entries=0, leader_commit=2)
62169.7ms Vehicle 7 RECEIVED AppendEntries from vehicle 0 (n_entries=0, leader_commit=2)
62303.6ms Leader 0 SENDING AppendEntries to vehicle 3 (n_entries=0, leader_commit=2)
62303.6ms Leader 0 SENDING AppendEntries to vehicle 4 (n_entries=4, leader_commit=2)
62303.6ms Leader 0 SENDING AppendEntries to vehicle 5 (n_entries=4, leader_commit=2)
62303.6ms Leader 0 SENDING AppendEntries to vehicle 6 (n_entries=4, leader_commit=2)
62303.6ms Leader 0 SENDING AppendEntries to vehicle 7 (n_entries=0, leader_commit=2)
62303.7ms Vehicle 3 RECEIVED AppendEntries from vehicle 0 (n_entries=0, leader_commit=2)
62309.8ms Vehicle 7 RECEIVED AppendEntries from vehicle 0 (n_entries=0, leader_commit=2)
62443.6ms Leader 0 SENDING AppendEntries to vehicle 3 (n_entries=0, leader_commit=2)
62443.6ms Leader 0 SENDING AppendEntries to vehicle 4 (n_entries=4, leader_commit=2)
62443.6ms Leader 0 SENDING AppendEntries to vehicle 5 (n_entries=4, leader_commit=2)
62443.6ms Leader 0 SENDING AppendEntries to vehicle 6 (n_entries=4, leader_commit=2)
62443.6ms Leader 0 SENDING AppendEntries to vehicle 7 (n_entries=0, leader_commit=2)
62443.7ms Vehicle 3 RECEIVED AppendEntries from vehicle 0 (n_entries=0, leader_commit=2)
62449.7ms Vehicle 7 RECEIVED AppendEntries from vehicle 0 (n_entries=0, leader_commit=2)
62583.6ms Leader 0 SENDING AppendEntries to vehicle 3 (n_entries=0, leader_commit=2)
62583.6ms Leader 0 SENDING AppendEntries to vehicle 4 (n_entries=4, leader_commit=2)
62583.6ms Leader 0 SENDING AppendEntries to vehicle 5 (n_entries=4, leader_commit=2)
62583.6ms Leader 0 SENDING AppendEntries to vehicle 6 (n_entries=4, leader_commit=2)
62583.6ms Leader 0 SENDING AppendEntries to vehicle 7 (n_entries=0, leader_commit=2)
62583.7ms Vehicle 3 RECEIVED AppendEntries from vehicle 0 (n_entries=0, leader_commit=2)
62589.8ms Vehicle 7 RECEIVED AppendEntries from vehicle 0 (n_entries=0, leader_commit=2)
62723.6ms Leader 0 SENDING AppendEntries to vehicle 3 (n_entries=0, leader_commit=2)
62723.6ms Leader 0 SENDING AppendEntries to vehicle 4 (n_entries=4, leader_commit=2)
62723.6ms Leader 0 SENDING AppendEntries to vehicle 5 (n_entries=4, leader_commit=2)
62723.6ms Leader 0 SENDING AppendEntries to vehicle 6 (n_entries=4, leader_commit=2)
62723.6ms Leader 0 SENDING AppendEntries to vehicle 7 (n_entries=0, leader_commit=2)
62723.7ms Vehicle 3 RECEIVED AppendEntries from vehicle 0 (n_entries=0, leader_commit=2)
62729.9ms Vehicle 7 RECEIVED AppendEntries from vehicle 0 (n_entries=0, leader_commit=2)
62863.6ms Leader 0 SENDING AppendEntries to vehicle 3 (n_entries=0, leader_commit=2)
62863.6ms Leader 0 SENDING AppendEntries to vehicle 4 (n_entries=4, leader_commit=2)
62863.6ms Leader 0 SENDING AppendEntries to vehicle 5 (n_entries=4, leader_commit=2)
62863.6ms Leader 0 SENDING AppendEntries to vehicle 6 (n_entries=4, leader_commit=2)
62863.6ms Leader 0 SENDING AppendEntries to vehicle 7 (n_entries=0, leader_commit=2)
62863.7ms Vehicle 3 RECEIVED AppendEntries from vehicle 0 (n_entries=0, leader_commit=2)
62869.4ms Vehicle 7 RECEIVED AppendEntries from vehicle 0 (n_entries=0, leader_commit=2)
63003.6ms Leader 0 SENDING AppendEntries to vehicle 3 (n_entries=0, leader_commit=2)
63003.6ms Leader 0 SENDING AppendEntries to vehicle 4 (n_entries=4, leader_commit=2)
63003.6ms Leader 0 SENDING AppendEntries to vehicle 5 (n_entries=4, leader_commit=2)
63003.6ms Leader 0 SENDING AppendEntries to vehicle 6 (n_entries=4, leader_commit=2)
63003.6ms Leader 0 SENDING AppendEntries to vehicle 7 (n_entries=0, leader_commit=2)
63003.7ms Vehicle 3 RECEIVED AppendEntries from vehicle 0 (n_entries=0, leader_commit=2)
63009.6ms Vehicle 7 RECEIVED AppendEntries from vehicle 0 (n_entries=0, leader_commit=2)
63143.6ms Leader 0 SENDING AppendEntries to vehicle 3 (n_entries=0, leader_commit=2)
63143.6ms Leader 0 SENDING AppendEntries to vehicle 4 (n_entries=4, leader_commit=2)
63143.6ms Leader 0 SENDING AppendEntries to vehicle 5 (n_entries=4, leader_commit=2)
63143.6ms Leader 0 SENDING AppendEntries to vehicle 6 (n_entries=4, leader_commit=2)
63143.6ms Leader 0 SENDING AppendEntries to vehicle 7 (n_entries=0, leader_commit=2)
63143.7ms Vehicle 3 RECEIVED AppendEntries from vehicle 0 (n_entries=0, leader_commit=2)
63149.3ms Vehicle 7 RECEIVED AppendEntries from vehicle 0 (n_entries=0, leader_commit=2)
63283.6ms Leader 0 SENDING AppendEntries to vehicle 3 (n_entries=0, leader_commit=2)
63283.6ms Leader 0 SENDING AppendEntries to vehicle 4 (n_entries=4, leader_commit=2)
63283.6ms Leader 0 SENDING AppendEntries to vehicle 5 (n_entries=4, leader_commit=2)
63283.6ms Leader 0 SENDING AppendEntries to vehicle 6 (n_entries=4, leader_commit=2)
63283.6ms Leader 0 SENDING AppendEntries to vehicle 7 (n_entries=0, leader_commit=2)
63283.7ms Vehicle 3 RECEIVED AppendEntries from vehicle 0 (n_entries=0, leader_commit=2)
63289.6ms Vehicle 7 RECEIVED AppendEntries from vehicle 0 (n_entries=0, leader_commit=2)
63423.6ms Leader 0 SENDING AppendEntries to vehicle 3 (n_entries=0, leader_commit=2)
63423.6ms Leader 0 SENDING AppendEntries to vehicle 4 (n_entries=4, leader_commit=2)
63423.6ms Leader 0 SENDING AppendEntries to vehicle 5 (n_entries=4, leader_commit=2)
63423.6ms Leader 0 SENDING AppendEntries to vehicle 6 (n_entries=4, leader_commit=2)
63423.6ms Leader 0 SENDING AppendEntries to vehicle 7 (n_entries=0, leader_commit=2)
63423.7ms Vehicle 3 RECEIVED AppendEntries from vehicle 0 (n_entries=0, leader_commit=2)
63430.1ms Vehicle 7 RECEIVED AppendEntries from vehicle 0 (n_entries=0, leader_commit=2)
63563.6ms Leader 0 SENDING AppendEntries to vehicle 3 (n_entries=0, leader_commit=2)
63563.6ms Leader 0 SENDING AppendEntries to vehicle 4 (n_entries=4, leader_commit=2)
63563.6ms Leader 0 SENDING AppendEntries to vehicle 5 (n_entries=4, leader_commit=2)
63563.6ms Leader 0 SENDING AppendEntries to vehicle 6 (n_entries=4, leader_commit=2)
63563.6ms Leader 0 SENDING AppendEntries to vehicle 7 (n_entries=0, leader_commit=2)
63563.7ms Vehicle 3 RECEIVED AppendEntries from vehicle 0 (n_entries=0, leader_commit=2)
63569.6ms Vehicle 7 RECEIVED AppendEntries from vehicle 0 (n_entries=0, leader_commit=2)
63703.6ms Leader 0 SENDING AppendEntries to vehicle 3 (n_entries=0, leader_commit=2)
63703.6ms Leader 0 SENDING AppendEntries to vehicle 4 (n_entries=4, leader_commit=2)
63703.6ms Leader 0 SENDING AppendEntries to vehicle 5 (n_entries=4, leader_commit=2)
63703.6ms Leader 0 SENDING AppendEntries to vehicle 6 (n_entries=4, leader_commit=2)
63703.6ms Leader 0 SENDING AppendEntries to vehicle 7 (n_entries=0, leader_commit=2)
63703.7ms Vehicle 3 RECEIVED AppendEntries from vehicle 0 (n_entries=0, leader_commit=2)
63709.8ms Vehicle 7 RECEIVED AppendEntries from vehicle 0 (n_entries=0, leader_commit=2)
63843.6ms Leader 0 SENDING AppendEntries to vehicle 3 (n_entries=0, leader_commit=2)
63843.6ms Leader 0 SENDING AppendEntries to vehicle 4 (n_entries=4, leader_commit=2)
63843.6ms Leader 0 SENDING AppendEntries to vehicle 5 (n_entries=4, leader_commit=2)
63843.6ms Leader 0 SENDING AppendEntries to vehicle 6 (n_entries=4, leader_commit=2)
63843.6ms Leader 0 SENDING AppendEntries to vehicle 7 (n_entries=0, leader_commit=2)
63843.7ms Vehicle 3 RECEIVED AppendEntries from vehicle 0 (n_entries=0, leader_commit=2)
63849.7ms Vehicle 7 RECEIVED AppendEntries from vehicle 0 (n_entries=0, leader_commit=2)
63983.6ms Leader 0 SENDING AppendEntries to vehicle 3 (n_entries=0, leader_commit=2)
63983.6ms Leader 0 SENDING AppendEntries to vehicle 4 (n_entries=4, leader_commit=2)
63983.6ms Leader 0 SENDING AppendEntries to vehicle 5 (n_entries=4, leader_commit=2)
63983.6ms Leader 0 SENDING AppendEntries to vehicle 6 (n_entries=4, leader_commit=2)
63983.6ms Leader 0 SENDING AppendEntries to vehicle 7 (n_entries=0, leader_commit=2)
63983.8ms Vehicle 3 RECEIVED AppendEntries from vehicle 0 (n_entries=0, leader_commit=2)
63990.2ms Vehicle 7 RECEIVED AppendEntries from vehicle 0 (n_entries=0, leader_commit=2)
64123.6ms Leader 0 SENDING AppendEntries to vehicle 3 (n_entries=0, leader_commit=2)
64123.6ms Leader 0 SENDING AppendEntries to vehicle 4 (n_entries=4, leader_commit=2)
64123.6ms Leader 0 SENDING AppendEntries to vehicle 5 (n_entries=4, leader_commit=2)
64123.6ms Leader 0 SENDING AppendEntries to vehicle 6 (n_entries=4, leader_commit=2)
64123.6ms Leader 0 SENDING AppendEntries to vehicle 7 (n_entries=0, leader_commit=2)
64123.7ms Vehicle 3 RECEIVED AppendEntries from vehicle 0 (n_entries=0, leader_commit=2)
64129.6ms Vehicle 7 RECEIVED AppendEntries from vehicle 0 (n_entries=0, leader_commit=2)
64263.6ms Leader 0 SENDING AppendEntries to vehicle 3 (n_entries=0, leader_commit=2)
64263.6ms Leader 0 SENDING AppendEntries to vehicle 4 (n_entries=4, leader_commit=2)
64263.6ms Leader 0 SENDING AppendEntries to vehicle 5 (n_entries=4, leader_commit=2)
64263.6ms Leader 0 SENDING AppendEntries to vehicle 6 (n_entries=4, leader_commit=2)
64263.6ms Leader 0 SENDING AppendEntries to vehicle 7 (n_entries=0, leader_commit=2)
64263.7ms Vehicle 3 RECEIVED AppendEntries from vehicle 0 (n_entries=0, leader_commit=2)
64403.6ms Leader 0 SENDING AppendEntries to vehicle 3 (n_entries=0, leader_commit=2)
64403.6ms Leader 0 SENDING AppendEntries to vehicle 4 (n_entries=4, leader_commit=2)
64403.6ms Leader 0 SENDING AppendEntries to vehicle 5 (n_entries=4, leader_commit=2)
64403.6ms Leader 0 SENDING AppendEntries to vehicle 6 (n_entries=4, leader_commit=2)
64403.6ms Leader 0 SENDING AppendEntries to vehicle 7 (n_entries=0, leader_commit=2)
64403.7ms Vehicle 3 RECEIVED AppendEntries from vehicle 0 (n_entries=0, leader_commit=2)
64409.5ms Vehicle 7 RECEIVED AppendEntries from vehicle 0 (n_entries=0, leader_commit=2)
64543.6ms Leader 0 SENDING AppendEntries to vehicle 3 (n_entries=0, leader_commit=2)
64543.6ms Leader 0 SENDING AppendEntries to vehicle 4 (n_entries=4, leader_commit=2)
64543.6ms Leader 0 SENDING AppendEntries to vehicle 5 (n_entries=4, leader_commit=2)
64543.6ms Leader 0 SENDING AppendEntries to vehicle 6 (n_entries=4, leader_commit=2)
64543.6ms Leader 0 SENDING AppendEntries to vehicle 7 (n_entries=0, leader_commit=2)
64543.7ms Vehicle 3 RECEIVED AppendEntries from vehicle 0 (n_entries=0, leader_commit=2)
64549.6ms Vehicle 7 RECEIVED AppendEntries from vehicle 0 (n_entries=0, leader_commit=2)
64683.6ms Leader 0 SENDING AppendEntries to vehicle 3 (n_entries=0, leader_commit=2)
64683.6ms Leader 0 SENDING AppendEntries to vehicle 4 (n_entries=4, leader_commit=2)
64683.6ms Leader 0 SENDING AppendEntries to vehicle 5 (n_entries=4, leader_commit=2)
64683.6ms Leader 0 SENDING AppendEntries to vehicle 6 (n_entries=4, leader_commit=2)
64683.6ms Leader 0 SENDING AppendEntries to vehicle 7 (n_entries=0, leader_commit=2)
64683.7ms Vehicle 3 RECEIVED AppendEntries from vehicle 0 (n_entries=0, leader_commit=2)
64689.7ms Vehicle 7 RECEIVED AppendEntries from vehicle 0 (n_entries=0, leader_commit=2)
64823.6ms Leader 0 SENDING AppendEntries to vehicle 3 (n_entries=0, leader_commit=2)
64823.6ms Leader 0 SENDING AppendEntries to vehicle 4 (n_entries=4, leader_commit=2)
64823.6ms Leader 0 SENDING AppendEntries to vehicle 5 (n_entries=4, leader_commit=2)
64823.6ms Leader 0 SENDING AppendEntries to vehicle 6 (n_entries=4, leader_commit=2)
64823.6ms Leader 0 SENDING AppendEntries to vehicle 7 (n_entries=0, leader_commit=2)
64823.7ms Vehicle 3 RECEIVED AppendEntries from vehicle 0 (n_entries=0, leader_commit=2)
64829.5ms Vehicle 7 RECEIVED AppendEntries from vehicle 0 (n_entries=0, leader_commit=2)
64963.6ms Leader 0 SENDING AppendEntries to vehicle 3 (n_entries=0, leader_commit=2)
64963.6ms Leader 0 SENDING AppendEntries to vehicle 4 (n_entries=4, leader_commit=2)
64963.6ms Leader 0 SENDING AppendEntries to vehicle 5 (n_entries=4, leader_commit=2)
64963.6ms Leader 0 SENDING AppendEntries to vehicle 6 (n_entries=4, leader_commit=2)
64963.6ms Leader 0 SENDING AppendEntries to vehicle 7 (n_entries=0, leader_commit=2)
64963.7ms Vehicle 3 RECEIVED AppendEntries from vehicle 0 (n_entries=0, leader_commit=2)
64969.4ms Vehicle 7 RECEIVED AppendEntries from vehicle 0 (n_entries=0, leader_commit=2)
65103.6ms Leader 0 SENDING AppendEntries to vehicle 3 (n_entries=0, leader_commit=2)
65103.6ms Leader 0 SENDING AppendEntries to vehicle 4 (n_entries=4, leader_commit=2)
65103.6ms Leader 0 SENDING AppendEntries to vehicle 5 (n_entries=4, leader_commit=2)
65103.6ms Leader 0 SENDING AppendEntries to vehicle 6 (n_entries=4, leader_commit=2)
65103.6ms Leader 0 SENDING AppendEntries to vehicle 7 (n_entries=0, leader_commit=2)
65103.7ms Vehicle 3 RECEIVED AppendEntries from vehicle 0 (n_entries=0, leader_commit=2)
65243.6ms Leader 0 SENDING AppendEntries to vehicle 3 (n_entries=0, leader_commit=2)
65243.6ms Leader 0 SENDING AppendEntries to vehicle 4 (n_entries=4, leader_commit=2)
65243.6ms Leader 0 SENDING AppendEntries to vehicle 5 (n_entries=4, leader_commit=2)
65243.6ms Leader 0 SENDING AppendEntries to vehicle 6 (n_entries=4, leader_commit=2)
65243.6ms Leader 0 SENDING AppendEntries to vehicle 7 (n_entries=0, leader_commit=2)
65243.7ms Vehicle 3 RECEIVED AppendEntries from vehicle 0 (n_entries=0, leader_commit=2)
65249.5ms Vehicle 7 RECEIVED AppendEntries from vehicle 0 (n_entries=0, leader_commit=2)
65383.6ms Leader 0 SENDING AppendEntries to vehicle 3 (n_entries=0, leader_commit=2)
65383.6ms Leader 0 SENDING AppendEntries to vehicle 4 (n_entries=4, leader_commit=2)
65383.6ms Leader 0 SENDING AppendEntries to vehicle 5 (n_entries=4, leader_commit=2)
65383.6ms Leader 0 SENDING AppendEntries to vehicle 6 (n_entries=4, leader_commit=2)
65383.6ms Leader 0 SENDING AppendEntries to vehicle 7 (n_entries=0, leader_commit=2)
65383.7ms Vehicle 3 RECEIVED AppendEntries from vehicle 0 (n_entries=0, leader_commit=2)
65523.6ms Leader 0 SENDING AppendEntries to vehicle 3 (n_entries=0, leader_commit=2)
65523.6ms Leader 0 SENDING AppendEntries to vehicle 4 (n_entries=4, leader_commit=2)
65523.6ms Leader 0 SENDING AppendEntries to vehicle 5 (n_entries=4, leader_commit=2)
65523.6ms Leader 0 SENDING AppendEntries to vehicle 6 (n_entries=4, leader_commit=2)
65523.6ms Leader 0 SENDING AppendEntries to vehicle 7 (n_entries=0, leader_commit=2)
65523.7ms Vehicle 3 RECEIVED AppendEntries from vehicle 0 (n_entries=0, leader_commit=2)
65663.6ms Leader 0 SENDING AppendEntries to vehicle 3 (n_entries=0, leader_commit=2)
65663.6ms Leader 0 SENDING AppendEntries to vehicle 4 (n_entries=4, leader_commit=2)
65663.6ms Leader 0 SENDING AppendEntries to vehicle 5 (n_entries=4, leader_commit=2)
65663.6ms Leader 0 SENDING AppendEntries to vehicle 6 (n_entries=4, leader_commit=2)
65663.6ms Leader 0 SENDING AppendEntries to vehicle 7 (n_entries=0, leader_commit=2)
65663.7ms Vehicle 3 RECEIVED AppendEntries from vehicle 0 (n_entries=0, leader_commit=2)
65670.4ms Vehicle 7 RECEIVED AppendEntries from vehicle 0 (n_entries=0, leader_commit=2)
65803.6ms Leader 0 SENDING AppendEntries to vehicle 3 (n_entries=0, leader_commit=2)
65803.6ms Leader 0 SENDING AppendEntries to vehicle 4 (n_entries=4, leader_commit=2)
65803.6ms Leader 0 SENDING AppendEntries to vehicle 5 (n_entries=4, leader_commit=2)
65803.6ms Leader 0 SENDING AppendEntries to vehicle 6 (n_entries=4, leader_commit=2)
65803.6ms Leader 0 SENDING AppendEntries to vehicle 7 (n_entries=0, leader_commit=2)
65803.7ms Vehicle 3 RECEIVED AppendEntries from vehicle 0 (n_entries=0, leader_commit=2)
65810.5ms Vehicle 7 RECEIVED AppendEntries from vehicle 0 (n_entries=0, leader_commit=2)
65943.6ms Leader 0 SENDING AppendEntries to vehicle 3 (n_entries=0, leader_commit=2)
65943.6ms Leader 0 SENDING AppendEntries to vehicle 4 (n_entries=4, leader_commit=2)
65943.6ms Leader 0 SENDING AppendEntries to vehicle 5 (n_entries=4, leader_commit=2)
65943.6ms Leader 0 SENDING AppendEntries to vehicle 6 (n_entries=4, leader_commit=2)
65943.6ms Leader 0 SENDING AppendEntries to vehicle 7 (n_entries=0, leader_commit=2)
65943.7ms Vehicle 3 RECEIVED AppendEntries from vehicle 0 (n_entries=0, leader_commit=2)
65949.0ms Vehicle 7 RECEIVED AppendEntries from vehicle 0 (n_entries=0, leader_commit=2)
66083.6ms Leader 0 SENDING AppendEntries to vehicle 3 (n_entries=0, leader_commit=2)
66083.6ms Leader 0 SENDING AppendEntries to vehicle 4 (n_entries=4, leader_commit=2)
66083.6ms Leader 0 SENDING AppendEntries to vehicle 5 (n_entries=4, leader_commit=2)
66083.6ms Leader 0 SENDING AppendEntries to vehicle 6 (n_entries=4, leader_commit=2)
66083.6ms Leader 0 SENDING AppendEntries to vehicle 7 (n_entries=0, leader_commit=2)
66083.7ms Vehicle 3 RECEIVED AppendEntries from vehicle 0 (n_entries=0, leader_commit=2)
66089.7ms Vehicle 7 RECEIVED AppendEntries from vehicle 0 (n_entries=0, leader_commit=2)
66223.6ms Leader 0 SENDING AppendEntries to vehicle 3 (n_entries=0, leader_commit=2)
66223.6ms Leader 0 SENDING AppendEntries to vehicle 4 (n_entries=4, leader_commit=2)
66223.6ms Leader 0 SENDING AppendEntries to vehicle 5 (n_entries=4, leader_commit=2)
66223.6ms Leader 0 SENDING AppendEntries to vehicle 6 (n_entries=4, leader_commit=2)
66223.6ms Leader 0 SENDING AppendEntries to vehicle 7 (n_entries=0, leader_commit=2)
66223.7ms Vehicle 3 RECEIVED AppendEntries from vehicle 0 (n_entries=0, leader_commit=2)
66229.8ms Vehicle 7 RECEIVED AppendEntries from vehicle 0 (n_entries=0, leader_commit=2)
66363.6ms Leader 0 SENDING AppendEntries to vehicle 3 (n_entries=0, leader_commit=2)
66363.6ms Leader 0 SENDING AppendEntries to vehicle 4 (n_entries=4, leader_commit=2)
66363.6ms Leader 0 SENDING AppendEntries to vehicle 5 (n_entries=4, leader_commit=2)
66363.6ms Leader 0 SENDING AppendEntries to vehicle 6 (n_entries=4, leader_commit=2)
66363.6ms Leader 0 SENDING AppendEntries to vehicle 7 (n_entries=0, leader_commit=2)
66363.7ms Vehicle 3 RECEIVED AppendEntries from vehicle 0 (n_entries=0, leader_commit=2)
66369.5ms Vehicle 7 RECEIVED AppendEntries from vehicle 0 (n_entries=0, leader_commit=2)
66503.6ms Leader 0 SENDING AppendEntries to vehicle 3 (n_entries=0, leader_commit=2)
66503.6ms Leader 0 SENDING AppendEntries to vehicle 4 (n_entries=4, leader_commit=2)
66503.6ms Leader 0 SENDING AppendEntries to vehicle 5 (n_entries=4, leader_commit=2)
66503.6ms Leader 0 SENDING AppendEntries to vehicle 6 (n_entries=4, leader_commit=2)
66503.6ms Leader 0 SENDING AppendEntries to vehicle 7 (n_entries=0, leader_commit=2)
66503.7ms Vehicle 3 RECEIVED AppendEntries from vehicle 0 (n_entries=0, leader_commit=2)
66509.7ms Vehicle 7 RECEIVED AppendEntries from vehicle 0 (n_entries=0, leader_commit=2)
66643.6ms Leader 0 SENDING AppendEntries to vehicle 3 (n_entries=0, leader_commit=2)
66643.6ms Leader 0 SENDING AppendEntries to vehicle 4 (n_entries=4, leader_commit=2)
66643.6ms Leader 0 SENDING AppendEntries to vehicle 5 (n_entries=4, leader_commit=2)
66643.6ms Leader 0 SENDING AppendEntries to vehicle 6 (n_entries=4, leader_commit=2)
66643.6ms Leader 0 SENDING AppendEntries to vehicle 7 (n_entries=0, leader_commit=2)
66649.6ms Vehicle 7 RECEIVED AppendEntries from vehicle 0 (n_entries=0, leader_commit=2)
66783.6ms Leader 0 SENDING AppendEntries to vehicle 3 (n_entries=0, leader_commit=2)
66783.6ms Leader 0 SENDING AppendEntries to vehicle 4 (n_entries=4, leader_commit=2)
66783.6ms Leader 0 SENDING AppendEntries to vehicle 5 (n_entries=4, leader_commit=2)
66783.6ms Leader 0 SENDING AppendEntries to vehicle 6 (n_entries=4, leader_commit=2)
66783.6ms Leader 0 SENDING AppendEntries to vehicle 7 (n_entries=0, leader_commit=2)
66783.7ms Vehicle 3 RECEIVED AppendEntries from vehicle 0 (n_entries=0, leader_commit=2)
66789.6ms Vehicle 7 RECEIVED AppendEntries from vehicle 0 (n_entries=0, leader_commit=2)
66923.6ms Leader 0 SENDING AppendEntries to vehicle 3 (n_entries=0, leader_commit=2)
66923.6ms Leader 0 SENDING AppendEntries to vehicle 4 (n_entries=4, leader_commit=2)
66923.6ms Leader 0 SENDING AppendEntries to vehicle 5 (n_entries=4, leader_commit=2)
66923.6ms Leader 0 SENDING AppendEntries to vehicle 6 (n_entries=4, leader_commit=2)
66923.6ms Leader 0 SENDING AppendEntries to vehicle 7 (n_entries=0, leader_commit=2)
66923.7ms Vehicle 3 RECEIVED AppendEntries from vehicle 0 (n_entries=0, leader_commit=2)
66928.9ms Vehicle 7 RECEIVED AppendEntries from vehicle 0 (n_entries=0, leader_commit=2)
67063.6ms Leader 0 SENDING AppendEntries to vehicle 3 (n_entries=0, leader_commit=2)
67063.6ms Leader 0 SENDING AppendEntries to vehicle 4 (n_entries=4, leader_commit=2)
67063.6ms Leader 0 SENDING AppendEntries to vehicle 5 (n_entries=4, leader_commit=2)
67063.6ms Leader 0 SENDING AppendEntries to vehicle 6 (n_entries=4, leader_commit=2)
67063.6ms Leader 0 SENDING AppendEntries to vehicle 7 (n_entries=0, leader_commit=2)
67063.7ms Vehicle 3 RECEIVED AppendEntries from vehicle 0 (n_entries=0, leader_commit=2)
67069.5ms Vehicle 7 RECEIVED AppendEntries from vehicle 0 (n_entries=0, leader_commit=2)
67203.6ms Leader 0 SENDING AppendEntries to vehicle 3 (n_entries=0, leader_commit=2)
67203.6ms Leader 0 SENDING AppendEntries to vehicle 4 (n_entries=4, leader_commit=2)
67203.6ms Leader 0 SENDING AppendEntries to vehicle 5 (n_entries=4, leader_commit=2)
67203.6ms Leader 0 SENDING AppendEntries to vehicle 6 (n_entries=4, leader_commit=2)
67203.6ms Leader 0 SENDING AppendEntries to vehicle 7 (n_entries=0, leader_commit=2)
67203.7ms Vehicle 3 RECEIVED AppendEntries from vehicle 0 (n_entries=0, leader_commit=2)
67209.1ms Vehicle 7 RECEIVED AppendEntries from vehicle 0 (n_entries=0, leader_commit=2)
67343.6ms Leader 0 SENDING AppendEntries to vehicle 3 (n_entries=0, leader_commit=2)
67343.6ms Leader 0 SENDING AppendEntries to vehicle 4 (n_entries=4, leader_commit=2)
67343.6ms Leader 0 SENDING AppendEntries to vehicle 5 (n_entries=4, leader_commit=2)
67343.6ms Leader 0 SENDING AppendEntries to vehicle 6 (n_entries=4, leader_commit=2)
67343.6ms Leader 0 SENDING AppendEntries to vehicle 7 (n_entries=0, leader_commit=2)
67343.7ms Vehicle 3 RECEIVED AppendEntries from vehicle 0 (n_entries=0, leader_commit=2)
67349.6ms Vehicle 7 RECEIVED AppendEntries from vehicle 0 (n_entries=0, leader_commit=2)
67483.6ms Leader 0 SENDING AppendEntries to vehicle 3 (n_entries=0, leader_commit=2)
67483.6ms Leader 0 SENDING AppendEntries to vehicle 4 (n_entries=4, leader_commit=2)
67483.6ms Leader 0 SENDING AppendEntries to vehicle 5 (n_entries=4, leader_commit=2)
67483.6ms Leader 0 SENDING AppendEntries to vehicle 6 (n_entries=4, leader_commit=2)
67483.6ms Leader 0 SENDING AppendEntries to vehicle 7 (n_entries=0, leader_commit=2)
67483.7ms Vehicle 3 RECEIVED AppendEntries from vehicle 0 (n_entries=0, leader_commit=2)
67490.1ms Vehicle 7 RECEIVED AppendEntries from vehicle 0 (n_entries=0, leader_commit=2)
67623.6ms Leader 0 SENDING AppendEntries to vehicle 3 (n_entries=0, leader_commit=2)
67623.6ms Leader 0 SENDING AppendEntries to vehicle 4 (n_entries=4, leader_commit=2)
67623.6ms Leader 0 SENDING AppendEntries to vehicle 5 (n_entries=4, leader_commit=2)
67623.6ms Leader 0 SENDING AppendEntries to vehicle 6 (n_entries=4, leader_commit=2)
67623.6ms Leader 0 SENDING AppendEntries to vehicle 7 (n_entries=0, leader_commit=2)
67623.7ms Vehicle 3 RECEIVED AppendEntries from vehicle 0 (n_entries=0, leader_commit=2)
67763.6ms Leader 0 SENDING AppendEntries to vehicle 3 (n_entries=0, leader_commit=2)
67763.6ms Leader 0 SENDING AppendEntries to vehicle 4 (n_entries=4, leader_commit=2)
67763.6ms Leader 0 SENDING AppendEntries to vehicle 5 (n_entries=4, leader_commit=2)
67763.6ms Leader 0 SENDING AppendEntries to vehicle 6 (n_entries=4, leader_commit=2)
67763.6ms Leader 0 SENDING AppendEntries to vehicle 7 (n_entries=0, leader_commit=2)
67763.7ms Vehicle 3 RECEIVED AppendEntries from vehicle 0 (n_entries=0, leader_commit=2)
67770.0ms Vehicle 7 RECEIVED AppendEntries from vehicle 0 (n_entries=0, leader_commit=2)
67903.6ms Leader 0 SENDING AppendEntries to vehicle 3 (n_entries=0, leader_commit=2)
67903.6ms Leader 0 SENDING AppendEntries to vehicle 4 (n_entries=4, leader_commit=2)
67903.6ms Leader 0 SENDING AppendEntries to vehicle 5 (n_entries=4, leader_commit=2)
67903.6ms Leader 0 SENDING AppendEntries to vehicle 6 (n_entries=4, leader_commit=2)
67903.6ms Leader 0 SENDING AppendEntries to vehicle 7 (n_entries=0, leader_commit=2)
67903.7ms Vehicle 3 RECEIVED AppendEntries from vehicle 0 (n_entries=0, leader_commit=2)
67909.0ms Vehicle 7 RECEIVED AppendEntries from vehicle 0 (n_entries=0, leader_commit=2)
68043.6ms Leader 0 SENDING AppendEntries to vehicle 3 (n_entries=0, leader_commit=2)
68043.6ms Leader 0 SENDING AppendEntries to vehicle 4 (n_entries=4, leader_commit=2)
68043.6ms Leader 0 SENDING AppendEntries to vehicle 5 (n_entries=4, leader_commit=2)
68043.6ms Leader 0 SENDING AppendEntries to vehicle 6 (n_entries=4, leader_commit=2)
68043.6ms Leader 0 SENDING AppendEntries to vehicle 7 (n_entries=0, leader_commit=2)
68043.7ms Vehicle 3 RECEIVED AppendEntries from vehicle 0 (n_entries=0, leader_commit=2)
68050.1ms Vehicle 7 RECEIVED AppendEntries from vehicle 0 (n_entries=0, leader_commit=2)
68183.6ms Leader 0 SENDING AppendEntries to vehicle 3 (n_entries=0, leader_commit=2)
68183.6ms Leader 0 SENDING AppendEntries to vehicle 4 (n_entries=4, leader_commit=2)
68183.6ms Leader 0 SENDING AppendEntries to vehicle 5 (n_entries=4, leader_commit=2)
68183.6ms Leader 0 SENDING AppendEntries to vehicle 6 (n_entries=4, leader_commit=2)
68183.6ms Leader 0 SENDING AppendEntries to vehicle 7 (n_entries=0, leader_commit=2)
68183.7ms Vehicle 3 RECEIVED AppendEntries from vehicle 0 (n_entries=0, leader_commit=2)
68323.6ms Leader 0 SENDING AppendEntries to vehicle 3 (n_entries=0, leader_commit=2)
68323.6ms Leader 0 SENDING AppendEntries to vehicle 4 (n_entries=4, leader_commit=2)
68323.6ms Leader 0 SENDING AppendEntries to vehicle 5 (n_entries=4, leader_commit=2)
68323.6ms Leader 0 SENDING AppendEntries to vehicle 6 (n_entries=4, leader_commit=2)
68323.6ms Leader 0 SENDING AppendEntries to vehicle 7 (n_entries=0, leader_commit=2)
68323.7ms Vehicle 3 RECEIVED AppendEntries from vehicle 0 (n_entries=0, leader_commit=2)
68329.9ms Vehicle 7 RECEIVED AppendEntries from vehicle 0 (n_entries=0, leader_commit=2)
68463.6ms Leader 0 SENDING AppendEntries to vehicle 3 (n_entries=0, leader_commit=2)
68463.6ms Leader 0 SENDING AppendEntries to vehicle 4 (n_entries=4, leader_commit=2)
68463.6ms Leader 0 SENDING AppendEntries to vehicle 5 (n_entries=4, leader_commit=2)
68463.6ms Leader 0 SENDING AppendEntries to vehicle 6 (n_entries=4, leader_commit=2)
68463.6ms Leader 0 SENDING AppendEntries to vehicle 7 (n_entries=0, leader_commit=2)
68463.7ms Vehicle 3 RECEIVED AppendEntries from vehicle 0 (n_entries=0, leader_commit=2)
68469.3ms Vehicle 7 RECEIVED AppendEntries from vehicle 0 (n_entries=0, leader_commit=2)
68603.6ms Leader 0 SENDING AppendEntries to vehicle 3 (n_entries=0, leader_commit=2)
68603.6ms Leader 0 SENDING AppendEntries to vehicle 4 (n_entries=4, leader_commit=2)
68603.6ms Leader 0 SENDING AppendEntries to vehicle 5 (n_entries=4, leader_commit=2)
68603.6ms Leader 0 SENDING AppendEntries to vehicle 6 (n_entries=4, leader_commit=2)
68603.6ms Leader 0 SENDING AppendEntries to vehicle 7 (n_entries=0, leader_commit=2)
68603.7ms Vehicle 3 RECEIVED AppendEntries from vehicle 0 (n_entries=0, leader_commit=2)
68609.7ms Vehicle 7 RECEIVED AppendEntries from vehicle 0 (n_entries=0, leader_commit=2)
68743.6ms Leader 0 SENDING AppendEntries to vehicle 3 (n_entries=0, leader_commit=2)
68743.6ms Leader 0 SENDING AppendEntries to vehicle 4 (n_entries=4, leader_commit=2)
68743.6ms Leader 0 SENDING AppendEntries to vehicle 5 (n_entries=4, leader_commit=2)
68743.6ms Leader 0 SENDING AppendEntries to vehicle 6 (n_entries=4, leader_commit=2)
68743.6ms Leader 0 SENDING AppendEntries to vehicle 7 (n_entries=0, leader_commit=2)
68743.7ms Vehicle 3 RECEIVED AppendEntries from vehicle 0 (n_entries=0, leader_commit=2)
68748.9ms Vehicle 7 RECEIVED AppendEntries from vehicle 0 (n_entries=0, leader_commit=2)
68883.6ms Leader 0 SENDING AppendEntries to vehicle 3 (n_entries=0, leader_commit=2)
68883.6ms Leader 0 SENDING AppendEntries to vehicle 4 (n_entries=4, leader_commit=2)
68883.6ms Leader 0 SENDING AppendEntries to vehicle 5 (n_entries=4, leader_commit=2)
68883.6ms Leader 0 SENDING AppendEntries to vehicle 6 (n_entries=4, leader_commit=2)
68883.6ms Leader 0 SENDING AppendEntries to vehicle 7 (n_entries=0, leader_commit=2)
68883.7ms Vehicle 3 RECEIVED AppendEntries from vehicle 0 (n_entries=0, leader_commit=2)
68889.7ms Vehicle 7 RECEIVED AppendEntries from vehicle 0 (n_entries=0, leader_commit=2)
69023.6ms Leader 0 SENDING AppendEntries to vehicle 3 (n_entries=0, leader_commit=2)
69023.6ms Leader 0 SENDING AppendEntries to vehicle 4 (n_entries=4, leader_commit=2)
69023.6ms Leader 0 SENDING AppendEntries to vehicle 5 (n_entries=4, leader_commit=2)
69023.6ms Leader 0 SENDING AppendEntries to vehicle 6 (n_entries=4, leader_commit=2)
69023.6ms Leader 0 SENDING AppendEntries to vehicle 7 (n_entries=0, leader_commit=2)
69023.7ms Vehicle 3 RECEIVED AppendEntries from vehicle 0 (n_entries=0, leader_commit=2)
69029.2ms Vehicle 7 RECEIVED AppendEntries from vehicle 0 (n_entries=0, leader_commit=2)
69163.6ms Leader 0 SENDING AppendEntries to vehicle 3 (n_entries=0, leader_commit=2)
69163.6ms Leader 0 SENDING AppendEntries to vehicle 4 (n_entries=4, leader_commit=2)
69163.6ms Leader 0 SENDING AppendEntries to vehicle 5 (n_entries=4, leader_commit=2)
69163.6ms Leader 0 SENDING AppendEntries to vehicle 6 (n_entries=4, leader_commit=2)
69163.6ms Leader 0 SENDING AppendEntries to vehicle 7 (n_entries=0, leader_commit=2)
69163.7ms Vehicle 3 RECEIVED AppendEntries from vehicle 0 (n_entries=0, leader_commit=2)
69169.3ms Vehicle 7 RECEIVED AppendEntries from vehicle 0 (n_entries=0, leader_commit=2)
69303.6ms Leader 0 SENDING AppendEntries to vehicle 3 (n_entries=0, leader_commit=2)
69303.6ms Leader 0 SENDING AppendEntries to vehicle 4 (n_entries=4, leader_commit=2)
69303.6ms Leader 0 SENDING AppendEntries to vehicle 5 (n_entries=4, leader_commit=2)
69303.6ms Leader 0 SENDING AppendEntries to vehicle 6 (n_entries=4, leader_commit=2)
69303.6ms Leader 0 SENDING AppendEntries to vehicle 7 (n_entries=0, leader_commit=2)
69303.7ms Vehicle 3 RECEIVED AppendEntries from vehicle 0 (n_entries=0, leader_commit=2)
69309.6ms Vehicle 7 RECEIVED AppendEntries from vehicle 0 (n_entries=0, leader_commit=2)
69443.6ms Leader 0 SENDING AppendEntries to vehicle 3 (n_entries=0, leader_commit=2)
69443.6ms Leader 0 SENDING AppendEntries to vehicle 4 (n_entries=4, leader_commit=2)
69443.6ms Leader 0 SENDING AppendEntries to vehicle 5 (n_entries=4, leader_commit=2)
69443.6ms Leader 0 SENDING AppendEntries to vehicle 6 (n_entries=4, leader_commit=2)
69443.6ms Leader 0 SENDING AppendEntries to vehicle 7 (n_entries=0, leader_commit=2)
69443.7ms Vehicle 3 RECEIVED AppendEntries from vehicle 0 (n_entries=0, leader_commit=2)
69449.7ms Vehicle 7 RECEIVED AppendEntries from vehicle 0 (n_entries=0, leader_commit=2)
69583.6ms Leader 0 SENDING AppendEntries to vehicle 3 (n_entries=0, leader_commit=2)
69583.6ms Leader 0 SENDING AppendEntries to vehicle 4 (n_entries=4, leader_commit=2)
69583.6ms Leader 0 SENDING AppendEntries to vehicle 5 (n_entries=4, leader_commit=2)
69583.6ms Leader 0 SENDING AppendEntries to vehicle 6 (n_entries=4, leader_commit=2)
69583.6ms Leader 0 SENDING AppendEntries to vehicle 7 (n_entries=0, leader_commit=2)
69583.7ms Vehicle 3 RECEIVED AppendEntries from vehicle 0 (n_entries=0, leader_commit=2)
69589.8ms Vehicle 7 RECEIVED AppendEntries from vehicle 0 (n_entries=0, leader_commit=2)
69723.6ms Leader 0 SENDING AppendEntries to vehicle 3 (n_entries=0, leader_commit=2)
69723.6ms Leader 0 SENDING AppendEntries to vehicle 4 (n_entries=4, leader_commit=2)
69723.6ms Leader 0 SENDING AppendEntries to vehicle 5 (n_entries=4, leader_commit=2)
69723.6ms Leader 0 SENDING AppendEntries to vehicle 6 (n_entries=4, leader_commit=2)
69723.6ms Leader 0 SENDING AppendEntries to vehicle 7 (n_entries=0, leader_commit=2)
69724.0ms Vehicle 3 RECEIVED AppendEntries from vehicle 0 (n_entries=0, leader_commit=2)
69729.6ms Vehicle 7 RECEIVED AppendEntries from vehicle 0 (n_entries=0, leader_commit=2)
69863.6ms Leader 0 SENDING AppendEntries to vehicle 3 (n_entries=0, leader_commit=2)
69863.6ms Leader 0 SENDING AppendEntries to vehicle 4 (n_entries=4, leader_commit=2)
69863.6ms Leader 0 SENDING AppendEntries to vehicle 5 (n_entries=4, leader_commit=2)
69863.6ms Leader 0 SENDING AppendEntries to vehicle 6 (n_entries=4, leader_commit=2)
69863.6ms Leader 0 SENDING AppendEntries to vehicle 7 (n_entries=0, leader_commit=2)
69863.7ms Vehicle 3 RECEIVED AppendEntries from vehicle 0 (n_entries=0, leader_commit=2)
69869.4ms Vehicle 7 RECEIVED AppendEntries from vehicle 0 (n_entries=0, leader_commit=2)
70003.6ms Leader 0 SENDING AppendEntries to vehicle 3 (n_entries=0, leader_commit=2)
70003.6ms Leader 0 SENDING AppendEntries to vehicle 4 (n_entries=4, leader_commit=2)
70003.6ms Leader 0 SENDING AppendEntries to vehicle 5 (n_entries=4, leader_commit=2)
70003.6ms Leader 0 SENDING AppendEntries to vehicle 6 (n_entries=4, leader_commit=2)
70003.6ms Leader 0 SENDING AppendEntries to vehicle 7 (n_entries=0, leader_commit=2)
70003.7ms Vehicle 3 RECEIVED AppendEntries from vehicle 0 (n_entries=0, leader_commit=2)
70009.2ms Vehicle 7 RECEIVED AppendEntries from vehicle 0 (n_entries=0, leader_commit=2)
70143.6ms Leader 0 SENDING AppendEntries to vehicle 3 (n_entries=0, leader_commit=2)
70143.6ms Leader 0 SENDING AppendEntries to vehicle 4 (n_entries=4, leader_commit=2)
70143.6ms Leader 0 SENDING AppendEntries to vehicle 5 (n_entries=4, leader_commit=2)
70143.6ms Leader 0 SENDING AppendEntries to vehicle 6 (n_entries=4, leader_commit=2)
70143.6ms Leader 0 SENDING AppendEntries to vehicle 7 (n_entries=0, leader_commit=2)
70143.7ms Vehicle 3 RECEIVED AppendEntries from vehicle 0 (n_entries=0, leader_commit=2)
70283.6ms Leader 0 SENDING AppendEntries to vehicle 3 (n_entries=0, leader_commit=2)
70283.6ms Leader 0 SENDING AppendEntries to vehicle 4 (n_entries=4, leader_commit=2)
70283.6ms Leader 0 SENDING AppendEntries to vehicle 5 (n_entries=4, leader_commit=2)
70283.6ms Leader 0 SENDING AppendEntries to vehicle 6 (n_entries=4, leader_commit=2)
70283.6ms Leader 0 SENDING AppendEntries to vehicle 7 (n_entries=0, leader_commit=2)
70283.7ms Vehicle 3 RECEIVED AppendEntries from vehicle 0 (n_entries=0, leader_commit=2)
70290.1ms Vehicle 7 RECEIVED AppendEntries from vehicle 0 (n_entries=0, leader_commit=2)
70423.6ms Leader 0 SENDING AppendEntries to vehicle 3 (n_entries=0, leader_commit=2)
70423.6ms Leader 0 SENDING AppendEntries to vehicle 4 (n_entries=4, leader_commit=2)
70423.6ms Leader 0 SENDING AppendEntries to vehicle 5 (n_entries=4, leader_commit=2)
70423.6ms Leader 0 SENDING AppendEntries to vehicle 6 (n_entries=4, leader_commit=2)
70423.6ms Leader 0 SENDING AppendEntries to vehicle 7 (n_entries=0, leader_commit=2)
70423.7ms Vehicle 3 RECEIVED AppendEntries from vehicle 0 (n_entries=0, leader_commit=2)
70429.9ms Vehicle 7 RECEIVED AppendEntries from vehicle 0 (n_entries=0, leader_commit=2)
70563.6ms Leader 0 SENDING AppendEntries to vehicle 3 (n_entries=0, leader_commit=2)
70563.6ms Leader 0 SENDING AppendEntries to vehicle 4 (n_entries=4, leader_commit=2)
70563.6ms Leader 0 SENDING AppendEntries to vehicle 5 (n_entries=4, leader_commit=2)
70563.6ms Leader 0 SENDING AppendEntries to vehicle 6 (n_entries=4, leader_commit=2)
70563.6ms Leader 0 SENDING AppendEntries to vehicle 7 (n_entries=0, leader_commit=2)
70563.7ms Vehicle 3 RECEIVED AppendEntries from vehicle 0 (n_entries=0, leader_commit=2)
70569.5ms Vehicle 7 RECEIVED AppendEntries from vehicle 0 (n_entries=0, leader_commit=2)
70703.6ms Leader 0 SENDING AppendEntries to vehicle 3 (n_entries=0, leader_commit=2)
70703.6ms Leader 0 SENDING AppendEntries to vehicle 4 (n_entries=4, leader_commit=2)
70703.6ms Leader 0 SENDING AppendEntries to vehicle 5 (n_entries=4, leader_commit=2)
70703.6ms Leader 0 SENDING AppendEntries to vehicle 6 (n_entries=4, leader_commit=2)
70703.6ms Leader 0 SENDING AppendEntries to vehicle 7 (n_entries=0, leader_commit=2)
70703.7ms Vehicle 3 RECEIVED AppendEntries from vehicle 0 (n_entries=0, leader_commit=2)
70709.4ms Vehicle 7 RECEIVED AppendEntries from vehicle 0 (n_entries=0, leader_commit=2)
70843.6ms Leader 0 SENDING AppendEntries to vehicle 3 (n_entries=0, leader_commit=2)
70843.6ms Leader 0 SENDING AppendEntries to vehicle 4 (n_entries=4, leader_commit=2)
70843.6ms Leader 0 SENDING AppendEntries to vehicle 5 (n_entries=4, leader_commit=2)
70843.6ms Leader 0 SENDING AppendEntries to vehicle 6 (n_entries=4, leader_commit=2)
70843.6ms Leader 0 SENDING AppendEntries to vehicle 7 (n_entries=0, leader_commit=2)
70843.7ms Vehicle 3 RECEIVED AppendEntries from vehicle 0 (n_entries=0, leader_commit=2)
70849.5ms Vehicle 7 RECEIVED AppendEntries from vehicle 0 (n_entries=0, leader_commit=2)
70983.6ms Leader 0 SENDING AppendEntries to vehicle 3 (n_entries=0, leader_commit=2)
70983.6ms Leader 0 SENDING AppendEntries to vehicle 4 (n_entries=4, leader_commit=2)
70983.6ms Leader 0 SENDING AppendEntries to vehicle 5 (n_entries=4, leader_commit=2)
70983.6ms Leader 0 SENDING AppendEntries to vehicle 6 (n_entries=4, leader_commit=2)
70983.6ms Leader 0 SENDING AppendEntries to vehicle 7 (n_entries=0, leader_commit=2)
70983.7ms Vehicle 3 RECEIVED AppendEntries from vehicle 0 (n_entries=0, leader_commit=2)
70990.0ms Vehicle 7 RECEIVED AppendEntries from vehicle 0 (n_entries=0, leader_commit=2)
71123.6ms Leader 0 SENDING AppendEntries to vehicle 3 (n_entries=0, leader_commit=2)
71123.6ms Leader 0 SENDING AppendEntries to vehicle 4 (n_entries=4, leader_commit=2)
71123.6ms Leader 0 SENDING AppendEntries to vehicle 5 (n_entries=4, leader_commit=2)
71123.6ms Leader 0 SENDING AppendEntries to vehicle 6 (n_entries=4, leader_commit=2)
71123.6ms Leader 0 SENDING AppendEntries to vehicle 7 (n_entries=0, leader_commit=2)
71123.7ms Vehicle 3 RECEIVED AppendEntries from vehicle 0 (n_entries=0, leader_commit=2)
71129.6ms Vehicle 7 RECEIVED AppendEntries from vehicle 0 (n_entries=0, leader_commit=2)
71263.6ms Leader 0 SENDING AppendEntries to vehicle 3 (n_entries=0, leader_commit=2)
71263.6ms Leader 0 SENDING AppendEntries to vehicle 4 (n_entries=4, leader_commit=2)
71263.6ms Leader 0 SENDING AppendEntries to vehicle 5 (n_entries=4, leader_commit=2)
71263.6ms Leader 0 SENDING AppendEntries to vehicle 6 (n_entries=4, leader_commit=2)
71263.6ms Leader 0 SENDING AppendEntries to vehicle 7 (n_entries=0, leader_commit=2)
71263.7ms Vehicle 3 RECEIVED AppendEntries from vehicle 0 (n_entries=0, leader_commit=2)
71269.6ms Vehicle 7 RECEIVED AppendEntries from vehicle 0 (n_entries=0, leader_commit=2)
71403.6ms Leader 0 SENDING AppendEntries to vehicle 3 (n_entries=0, leader_commit=2)
71403.6ms Leader 0 SENDING AppendEntries to vehicle 4 (n_entries=4, leader_commit=2)
71403.6ms Leader 0 SENDING AppendEntries to vehicle 5 (n_entries=4, leader_commit=2)
71403.6ms Leader 0 SENDING AppendEntries to vehicle 6 (n_entries=4, leader_commit=2)
71403.6ms Leader 0 SENDING AppendEntries to vehicle 7 (n_entries=0, leader_commit=2)
71403.7ms Vehicle 3 RECEIVED AppendEntries from vehicle 0 (n_entries=0, leader_commit=2)
71409.6ms Vehicle 7 RECEIVED AppendEntries from vehicle 0 (n_entries=0, leader_commit=2)
71543.6ms Leader 0 SENDING AppendEntries to vehicle 3 (n_entries=0, leader_commit=2)
71543.6ms Leader 0 SENDING AppendEntries to vehicle 4 (n_entries=4, leader_commit=2)
71543.6ms Leader 0 SENDING AppendEntries to vehicle 5 (n_entries=4, leader_commit=2)
71543.6ms Leader 0 SENDING AppendEntries to vehicle 6 (n_entries=4, leader_commit=2)
71543.6ms Leader 0 SENDING AppendEntries to vehicle 7 (n_entries=0, leader_commit=2)
71543.7ms Vehicle 3 RECEIVED AppendEntries from vehicle 0 (n_entries=0, leader_commit=2)
71549.5ms Vehicle 7 RECEIVED AppendEntries from vehicle 0 (n_entries=0, leader_commit=2)
71683.6ms Leader 0 SENDING AppendEntries to vehicle 3 (n_entries=0, leader_commit=2)
71683.6ms Leader 0 SENDING AppendEntries to vehicle 4 (n_entries=4, leader_commit=2)
71683.6ms Leader 0 SENDING AppendEntries to vehicle 5 (n_entries=4, leader_commit=2)
71683.6ms Leader 0 SENDING AppendEntries to vehicle 6 (n_entries=4, leader_commit=2)
71683.6ms Leader 0 SENDING AppendEntries to vehicle 7 (n_entries=0, leader_commit=2)
71683.7ms Vehicle 3 RECEIVED AppendEntries from vehicle 0 (n_entries=0, leader_commit=2)
71689.6ms Vehicle 7 RECEIVED AppendEntries from vehicle 0 (n_entries=0, leader_commit=2)
71823.6ms Leader 0 SENDING AppendEntries to vehicle 3 (n_entries=0, leader_commit=2)
71823.6ms Leader 0 SENDING AppendEntries to vehicle 4 (n_entries=4, leader_commit=2)
71823.6ms Leader 0 SENDING AppendEntries to vehicle 5 (n_entries=4, leader_commit=2)
71823.6ms Leader 0 SENDING AppendEntries to vehicle 6 (n_entries=4, leader_commit=2)
71823.6ms Leader 0 SENDING AppendEntries to vehicle 7 (n_entries=0, leader_commit=2)
71823.7ms Vehicle 3 RECEIVED AppendEntries from vehicle 0 (n_entries=0, leader_commit=2)
71829.7ms Vehicle 7 RECEIVED AppendEntries from vehicle 0 (n_entries=0, leader_commit=2)
71963.6ms Leader 0 SENDING AppendEntries to vehicle 3 (n_entries=0, leader_commit=2)
71963.6ms Leader 0 SENDING AppendEntries to vehicle 4 (n_entries=4, leader_commit=2)
71963.6ms Leader 0 SENDING AppendEntries to vehicle 5 (n_entries=4, leader_commit=2)
71963.6ms Leader 0 SENDING AppendEntries to vehicle 6 (n_entries=4, leader_commit=2)
71963.6ms Leader 0 SENDING AppendEntries to vehicle 7 (n_entries=0, leader_commit=2)
71963.7ms Vehicle 3 RECEIVED AppendEntries from vehicle 0 (n_entries=0, leader_commit=2)
71969.6ms Vehicle 7 RECEIVED AppendEntries from vehicle 0 (n_entries=0, leader_commit=2)
72103.6ms Leader 0 SENDING AppendEntries to vehicle 3 (n_entries=0, leader_commit=2)
72103.6ms Leader 0 SENDING AppendEntries to vehicle 4 (n_entries=4, leader_commit=2)
72103.6ms Leader 0 SENDING AppendEntries to vehicle 5 (n_entries=4, leader_commit=2)
72103.6ms Leader 0 SENDING AppendEntries to vehicle 6 (n_entries=4, leader_commit=2)
72103.6ms Leader 0 SENDING AppendEntries to vehicle 7 (n_entries=0, leader_commit=2)
72103.7ms Vehicle 3 RECEIVED AppendEntries from vehicle 0 (n_entries=0, leader_commit=2)
72109.5ms Vehicle 7 RECEIVED AppendEntries from vehicle 0 (n_entries=0, leader_commit=2)
72243.6ms Leader 0 SENDING AppendEntries to vehicle 3 (n_entries=0, leader_commit=2)
72243.6ms Leader 0 SENDING AppendEntries to vehicle 4 (n_entries=4, leader_commit=2)
72243.6ms Leader 0 SENDING AppendEntries to vehicle 5 (n_entries=4, leader_commit=2)
72243.6ms Leader 0 SENDING AppendEntries to vehicle 6 (n_entries=4, leader_commit=2)
72243.6ms Leader 0 SENDING AppendEntries to vehicle 7 (n_entries=0, leader_commit=2)
72243.7ms Vehicle 3 RECEIVED AppendEntries from vehicle 0 (n_entries=0, leader_commit=2)
72250.1ms Vehicle 7 RECEIVED AppendEntries from vehicle 0 (n_entries=0, leader_commit=2)
72383.6ms Leader 0 SENDING AppendEntries to vehicle 3 (n_entries=0, leader_commit=2)
72383.6ms Leader 0 SENDING AppendEntries to vehicle 4 (n_entries=4, leader_commit=2)
72383.6ms Leader 0 SENDING AppendEntries to vehicle 5 (n_entries=4, leader_commit=2)
72383.6ms Leader 0 SENDING AppendEntries to vehicle 6 (n_entries=4, leader_commit=2)
72383.6ms Leader 0 SENDING AppendEntries to vehicle 7 (n_entries=0, leader_commit=2)
72383.7ms Vehicle 3 RECEIVED AppendEntries from vehicle 0 (n_entries=0, leader_commit=2)
72389.5ms Vehicle 7 RECEIVED AppendEntries from vehicle 0 (n_entries=0, leader_commit=2)
72523.6ms Leader 0 SENDING AppendEntries to vehicle 3 (n_entries=0, leader_commit=2)
72523.6ms Leader 0 SENDING AppendEntries to vehicle 4 (n_entries=4, leader_commit=2)
72523.6ms Leader 0 SENDING AppendEntries to vehicle 5 (n_entries=4, leader_commit=2)
72523.6ms Leader 0 SENDING AppendEntries to vehicle 6 (n_entries=4, leader_commit=2)
72523.6ms Leader 0 SENDING AppendEntries to vehicle 7 (n_entries=0, leader_commit=2)
72523.7ms Vehicle 3 RECEIVED AppendEntries from vehicle 0 (n_entries=0, leader_commit=2)
72529.6ms Vehicle 7 RECEIVED AppendEntries from vehicle 0 (n_entries=0, leader_commit=2)
72663.6ms Leader 0 SENDING AppendEntries to vehicle 3 (n_entries=0, leader_commit=2)
72663.6ms Leader 0 SENDING AppendEntries to vehicle 4 (n_entries=4, leader_commit=2)
72663.6ms Leader 0 SENDING AppendEntries to vehicle 5 (n_entries=4, leader_commit=2)
72663.6ms Leader 0 SENDING AppendEntries to vehicle 6 (n_entries=4, leader_commit=2)
72663.6ms Leader 0 SENDING AppendEntries to vehicle 7 (n_entries=0, leader_commit=2)
72663.7ms Vehicle 3 RECEIVED AppendEntries from vehicle 0 (n_entries=0, leader_commit=2)
72669.7ms Vehicle 7 RECEIVED AppendEntries from vehicle 0 (n_entries=0, leader_commit=2)
72763.6ms Vehicle 0 BATCH SAFETY FALLBACK (lost VEHICLE_LEFT?) for batch 2
72763.6ms Vehicle 0 RESUMING movement
72803.6ms Leader 0 SENDING AppendEntries to vehicle 3 (n_entries=0, leader_commit=2)
72803.6ms Leader 0 SENDING AppendEntries to vehicle 4 (n_entries=4, leader_commit=2)
72803.6ms Leader 0 SENDING AppendEntries to vehicle 5 (n_entries=4, leader_commit=2)
72803.6ms Leader 0 SENDING AppendEntries to vehicle 6 (n_entries=4, leader_commit=2)
72803.6ms Leader 0 SENDING AppendEntries to vehicle 7 (n_entries=0, leader_commit=2)
72803.7ms Vehicle 3 RECEIVED AppendEntries from vehicle 0 (n_entries=0, leader_commit=2)
72809.3ms Vehicle 7 RECEIVED AppendEntries from vehicle 0 (n_entries=0, leader_commit=2)
72943.6ms Leader 0 SENDING AppendEntries to vehicle 3 (n_entries=0, leader_commit=2)
72943.6ms Leader 0 SENDING AppendEntries to vehicle 4 (n_entries=4, leader_commit=2)
72943.6ms Leader 0 SENDING AppendEntries to vehicle 5 (n_entries=4, leader_commit=2)
72943.6ms Leader 0 SENDING AppendEntries to vehicle 6 (n_entries=4, leader_commit=2)
72943.6ms Leader 0 SENDING AppendEntries to vehicle 7 (n_entries=0, leader_commit=2)
72943.7ms Vehicle 3 RECEIVED AppendEntries from vehicle 0 (n_entries=0, leader_commit=2)
72949.6ms Vehicle 7 RECEIVED AppendEntries from vehicle 0 (n_entries=0, leader_commit=2)
73083.6ms Leader 0 SENDING AppendEntries to vehicle 3 (n_entries=0, leader_commit=2)
73083.6ms Leader 0 SENDING AppendEntries to vehicle 4 (n_entries=4, leader_commit=2)
73083.6ms Leader 0 SENDING AppendEntries to vehicle 5 (n_entries=4, leader_commit=2)
73083.6ms Leader 0 SENDING AppendEntries to vehicle 6 (n_entries=4, leader_commit=2)
73083.6ms Leader 0 SENDING AppendEntries to vehicle 7 (n_entries=0, leader_commit=2)
73083.7ms Vehicle 3 RECEIVED AppendEntries from vehicle 0 (n_entries=0, leader_commit=2)
73089.7ms Vehicle 7 RECEIVED AppendEntries from vehicle 0 (n_entries=0, leader_commit=2)
73223.6ms Leader 0 SENDING AppendEntries to vehicle 3 (n_entries=0, leader_commit=2)
73223.6ms Leader 0 SENDING AppendEntries to vehicle 4 (n_entries=4, leader_commit=2)
73223.6ms Leader 0 SENDING AppendEntries to vehicle 5 (n_entries=4, leader_commit=2)
73223.6ms Leader 0 SENDING AppendEntries to vehicle 6 (n_entries=4, leader_commit=2)
73223.6ms Leader 0 SENDING AppendEntries to vehicle 7 (n_entries=0, leader_commit=2)
73223.7ms Vehicle 3 RECEIVED AppendEntries from vehicle 0 (n_entries=0, leader_commit=2)
73229.4ms Vehicle 7 RECEIVED AppendEntries from vehicle 0 (n_entries=0, leader_commit=2)
73363.6ms Leader 0 SENDING AppendEntries to vehicle 3 (n_entries=0, leader_commit=2)
73363.6ms Leader 0 SENDING AppendEntries to vehicle 4 (n_entries=4, leader_commit=2)
73363.6ms Leader 0 SENDING AppendEntries to vehicle 5 (n_entries=4, leader_commit=2)
73363.6ms Leader 0 SENDING AppendEntries to vehicle 6 (n_entries=4, leader_commit=2)
73363.6ms Leader 0 SENDING AppendEntries to vehicle 7 (n_entries=0, leader_commit=2)
73363.7ms Vehicle 3 RECEIVED AppendEntries from vehicle 0 (n_entries=0, leader_commit=2)
73369.4ms Vehicle 7 RECEIVED AppendEntries from vehicle 0 (n_entries=0, leader_commit=2)
73503.6ms Leader 0 SENDING AppendEntries to vehicle 3 (n_entries=0, leader_commit=2)
73503.6ms Leader 0 SENDING AppendEntries to vehicle 4 (n_entries=4, leader_commit=2)
73503.6ms Leader 0 SENDING AppendEntries to vehicle 5 (n_entries=4, leader_commit=2)
73503.6ms Leader 0 SENDING AppendEntries to vehicle 6 (n_entries=4, leader_commit=2)
73503.6ms Leader 0 SENDING AppendEntries to vehicle 7 (n_entries=0, leader_commit=2)
73503.7ms Vehicle 3 RECEIVED AppendEntries from vehicle 0 (n_entries=0, leader_commit=2)
73509.7ms Vehicle 7 RECEIVED AppendEntries from vehicle 0 (n_entries=0, leader_commit=2)
73643.6ms Leader 0 SENDING AppendEntries to vehicle 3 (n_entries=0, leader_commit=2)
73643.6ms Leader 0 SENDING AppendEntries to vehicle 4 (n_entries=4, leader_commit=2)
73643.6ms Leader 0 SENDING AppendEntries to vehicle 5 (n_entries=4, leader_commit=2)
73643.6ms Leader 0 SENDING AppendEntries to vehicle 6 (n_entries=4, leader_commit=2)
73643.6ms Leader 0 SENDING AppendEntries to vehicle 7 (n_entries=0, leader_commit=2)
73643.7ms Vehicle 3 RECEIVED AppendEntries from vehicle 0 (n_entries=0, leader_commit=2)
73649.7ms Vehicle 7 RECEIVED AppendEntries from vehicle 0 (n_entries=0, leader_commit=2)
73783.6ms Leader 0 SENDING AppendEntries to vehicle 3 (n_entries=0, leader_commit=2)
73783.6ms Leader 0 SENDING AppendEntries to vehicle 4 (n_entries=4, leader_commit=2)
73783.6ms Leader 0 SENDING AppendEntries to vehicle 5 (n_entries=4, leader_commit=2)
73783.6ms Leader 0 SENDING AppendEntries to vehicle 6 (n_entries=4, leader_commit=2)
73783.6ms Leader 0 SENDING AppendEntries to vehicle 7 (n_entries=0, leader_commit=2)
73783.7ms Vehicle 3 RECEIVED AppendEntries from vehicle 0 (n_entries=0, leader_commit=2)
73789.8ms Vehicle 7 RECEIVED AppendEntries from vehicle 0 (n_entries=0, leader_commit=2)
73923.6ms Leader 0 SENDING AppendEntries to vehicle 3 (n_entries=0, leader_commit=2)
73923.6ms Leader 0 SENDING AppendEntries to vehicle 4 (n_entries=4, leader_commit=2)
73923.6ms Leader 0 SENDING AppendEntries to vehicle 5 (n_entries=4, leader_commit=2)
73923.6ms Leader 0 SENDING AppendEntries to vehicle 6 (n_entries=4, leader_commit=2)
73923.6ms Leader 0 SENDING AppendEntries to vehicle 7 (n_entries=0, leader_commit=2)
73923.7ms Vehicle 3 RECEIVED AppendEntries from vehicle 0 (n_entries=0, leader_commit=2)
73930.1ms Vehicle 7 RECEIVED AppendEntries from vehicle 0 (n_entries=0, leader_commit=2)
74063.6ms Leader 0 SENDING AppendEntries to vehicle 3 (n_entries=0, leader_commit=2)
74063.6ms Leader 0 SENDING AppendEntries to vehicle 4 (n_entries=4, leader_commit=2)
74063.6ms Leader 0 SENDING AppendEntries to vehicle 5 (n_entries=4, leader_commit=2)
74063.6ms Leader 0 SENDING AppendEntries to vehicle 6 (n_entries=4, leader_commit=2)
74063.6ms Leader 0 SENDING AppendEntries to vehicle 7 (n_entries=0, leader_commit=2)
74063.7ms Vehicle 3 RECEIVED AppendEntries from vehicle 0 (n_entries=0, leader_commit=2)
74069.1ms Vehicle 7 RECEIVED AppendEntries from vehicle 0 (n_entries=0, leader_commit=2)
74203.6ms Leader 0 SENDING AppendEntries to vehicle 3 (n_entries=0, leader_commit=2)
74203.6ms Leader 0 SENDING AppendEntries to vehicle 4 (n_entries=4, leader_commit=2)
74203.6ms Leader 0 SENDING AppendEntries to vehicle 5 (n_entries=4, leader_commit=2)
74203.6ms Leader 0 SENDING AppendEntries to vehicle 6 (n_entries=4, leader_commit=2)
74203.6ms Leader 0 SENDING AppendEntries to vehicle 7 (n_entries=0, leader_commit=2)
74203.7ms Vehicle 3 RECEIVED AppendEntries from vehicle 0 (n_entries=0, leader_commit=2)
74209.2ms Vehicle 7 RECEIVED AppendEntries from vehicle 0 (n_entries=0, leader_commit=2)
74343.6ms Leader 0 SENDING AppendEntries to vehicle 3 (n_entries=0, leader_commit=2)
74343.6ms Leader 0 SENDING AppendEntries to vehicle 4 (n_entries=4, leader_commit=2)
74343.6ms Leader 0 SENDING AppendEntries to vehicle 5 (n_entries=4, leader_commit=2)
74343.6ms Leader 0 SENDING AppendEntries to vehicle 6 (n_entries=4, leader_commit=2)
74343.6ms Leader 0 SENDING AppendEntries to vehicle 7 (n_entries=0, leader_commit=2)
74343.7ms Vehicle 3 RECEIVED AppendEntries from vehicle 0 (n_entries=0, leader_commit=2)
74349.1ms Vehicle 7 RECEIVED AppendEntries from vehicle 0 (n_entries=0, leader_commit=2)
74483.6ms Leader 0 SENDING AppendEntries to vehicle 3 (n_entries=0, leader_commit=2)
74483.6ms Leader 0 SENDING AppendEntries to vehicle 4 (n_entries=4, leader_commit=2)
74483.6ms Leader 0 SENDING AppendEntries to vehicle 5 (n_entries=4, leader_commit=2)
74483.6ms Leader 0 SENDING AppendEntries to vehicle 6 (n_entries=4, leader_commit=2)
74483.6ms Leader 0 SENDING AppendEntries to vehicle 7 (n_entries=0, leader_commit=2)
74483.7ms Vehicle 3 RECEIVED AppendEntries from vehicle 0 (n_entries=0, leader_commit=2)
74489.5ms Vehicle 7 RECEIVED AppendEntries from vehicle 0 (n_entries=0, leader_commit=2)
74623.6ms Leader 0 SENDING AppendEntries to vehicle 3 (n_entries=0, leader_commit=2)
74623.6ms Leader 0 SENDING AppendEntries to vehicle 4 (n_entries=4, leader_commit=2)
74623.6ms Leader 0 SENDING AppendEntries to vehicle 5 (n_entries=4, leader_commit=2)
74623.6ms Leader 0 SENDING AppendEntries to vehicle 6 (n_entries=4, leader_commit=2)
74623.6ms Leader 0 SENDING AppendEntries to vehicle 7 (n_entries=0, leader_commit=2)
74623.7ms Vehicle 3 RECEIVED AppendEntries from vehicle 0 (n_entries=0, leader_commit=2)
74630.0ms Vehicle 7 RECEIVED AppendEntries from vehicle 0 (n_entries=0, leader_commit=2)
74763.6ms Leader 0 SENDING AppendEntries to vehicle 3 (n_entries=0, leader_commit=2)
74763.6ms Leader 0 SENDING AppendEntries to vehicle 4 (n_entries=4, leader_commit=2)
74763.6ms Leader 0 SENDING AppendEntries to vehicle 5 (n_entries=4, leader_commit=2)
74763.6ms Leader 0 SENDING AppendEntries to vehicle 6 (n_entries=4, leader_commit=2)
74763.6ms Leader 0 SENDING AppendEntries to vehicle 7 (n_entries=0, leader_commit=2)
74763.7ms Vehicle 3 RECEIVED AppendEntries from vehicle 0 (n_entries=0, leader_commit=2)
74769.7ms Vehicle 7 RECEIVED AppendEntries from vehicle 0 (n_entries=0, leader_commit=2)
74.9 Vehicle 0 hasPassed=true (on exit edge -34894202#10)
74900.0ms Vehicle 0 LEFT intersection
74900.0ms Vehicle 0 BROADCASTING vehicle-passed
74900.0ms Vehicle 0 sending vehicle-left (isLeader=1, myBatch=2)
74900.1ms Vehicle 3 RECEIVED vehicle-passed from vehicle 0
74900.1ms Vehicle 7 RECEIVED vehicle-passed from vehicle 0
75663.2ms Vehicle 3 sendRequestVote called for node 1
75663.2ms Vehicle 3 sendRequestVote called for node 2
75663.2ms Vehicle 3 sendRequestVote called for node 3
75663.2ms Vehicle 3 sendRequestVote called for node 5
75663.2ms Vehicle 3 sendRequestVote called for node 6
75663.2ms Vehicle 3 sendRequestVote called for node 7
75663.2ms Vehicle 3 sendRequestVote called for node 8
75663.2ms Vehicle 3 RAFT STATE CHANGED from 1 to 2
75663.2ms Vehicle 3 I am a candidate now! Starting election...
77203.5ms Vehicle 7 sendRequestVote called for node 1
77203.5ms Vehicle 7 sendRequestVote called for node 2
77203.5ms Vehicle 7 sendRequestVote called for node 3
77203.5ms Vehicle 7 sendRequestVote called for node 4
77203.5ms Vehicle 7 sendRequestVote called for node 5
77203.5ms Vehicle 7 sendRequestVote called for node 6
77203.5ms Vehicle 7 sendRequestVote called for node 7
77203.5ms Vehicle 7 RAFT STATE CHANGED from 1 to 2
77203.5ms Vehicle 7 I am a candidate now! Starting election...
78463.5ms Vehicle 7 sendRequestVote called for node 1
78463.5ms Vehicle 7 sendRequestVote called for node 2
78463.5ms Vehicle 7 sendRequestVote called for node 3
78463.5ms Vehicle 7 sendRequestVote called for node 4
78463.5ms Vehicle 7 sendRequestVote called for node 5
78463.5ms Vehicle 7 sendRequestVote called for node 6
78463.5ms Vehicle 7 sendRequestVote called for node 7
79283.2ms Vehicle 3 sendRequestVote called for node 1
79283.2ms Vehicle 3 sendRequestVote called for node 2
79283.2ms Vehicle 3 sendRequestVote called for node 3
79283.2ms Vehicle 3 sendRequestVote called for node 5
79283.2ms Vehicle 3 sendRequestVote called for node 6
79283.2ms Vehicle 3 sendRequestVote called for node 7
79283.2ms Vehicle 3 sendRequestVote called for node 8
79283.2ms Vehicle 3 RAFT STATE CHANGED from 1 to 2
79283.2ms Vehicle 3 I am a candidate now! Starting election...
80183.2ms Vehicle 3 sendRequestVote called for node 1
80183.2ms Vehicle 3 sendRequestVote called for node 2
80183.2ms Vehicle 3 sendRequestVote called for node 3
80183.2ms Vehicle 3 sendRequestVote called for node 5
80183.2ms Vehicle 3 sendRequestVote called for node 6
80183.2ms Vehicle 3 sendRequestVote called for node 7
80183.2ms Vehicle 3 sendRequestVote called for node 8
** Event #387328   t=80.183151573208   Elapsed: 4.03785s (0m 04s)  26% completed  (26% total)
     Speed:     ev/sec=99068.7   simsec/sec=25.3137   ev/simsec=3913.63
     Messages:  created: 288727   present: 507   in FES: 16
81303.5ms Vehicle 7 sendRequestVote called for node 1
81303.5ms Vehicle 7 sendRequestVote called for node 2
81303.5ms Vehicle 7 sendRequestVote called for node 3
81303.5ms Vehicle 7 sendRequestVote called for node 4
81303.5ms Vehicle 7 sendRequestVote called for node 5
81303.5ms Vehicle 7 sendRequestVote called for node 6
81303.5ms Vehicle 7 sendRequestVote called for node 7
81303.5ms Vehicle 7 RAFT STATE CHANGED from 1 to 2
81303.5ms Vehicle 7 I am a candidate now! Starting election...
82663.5ms Vehicle 7 sendRequestVote called for node 1
82663.5ms Vehicle 7 sendRequestVote called for node 2
82663.5ms Vehicle 7 sendRequestVote called for node 3
82663.5ms Vehicle 7 sendRequestVote called for node 4
82663.5ms Vehicle 7 sendRequestVote called for node 5
82663.5ms Vehicle 7 sendRequestVote called for node 6
82663.5ms Vehicle 7 sendRequestVote called for node 7
83843.5ms Vehicle 7 sendRequestVote called for node 1
83843.5ms Vehicle 7 sendRequestVote called for node 2
83843.5ms Vehicle 7 sendRequestVote called for node 3
83843.5ms Vehicle 7 sendRequestVote called for node 4
83843.5ms Vehicle 7 sendRequestVote called for node 5
83843.5ms Vehicle 7 sendRequestVote called for node 6
83843.5ms Vehicle 7 sendRequestVote called for node 7
84943.2ms Vehicle 3 sendRequestVote called for node 1
84943.2ms Vehicle 3 sendRequestVote called for node 2
84943.2ms Vehicle 3 sendRequestVote called for node 3
84943.2ms Vehicle 3 sendRequestVote called for node 5
84943.2ms Vehicle 3 sendRequestVote called for node 6
84943.2ms Vehicle 3 sendRequestVote called for node 7
84943.2ms Vehicle 3 sendRequestVote called for node 8
84943.2ms Vehicle 3 RAFT STATE CHANGED from 1 to 2
84943.2ms Vehicle 3 I am a candidate now! Starting election...
86303.5ms Vehicle 7 sendRequestVote called for node 1
86303.5ms Vehicle 7 sendRequestVote called for node 2
86303.5ms Vehicle 7 sendRequestVote called for node 3
86303.5ms Vehicle 7 sendRequestVote called for node 4
86303.5ms Vehicle 7 sendRequestVote called for node 5
86303.5ms Vehicle 7 sendRequestVote called for node 6
86303.5ms Vehicle 7 sendRequestVote called for node 7
86303.5ms Vehicle 7 RAFT STATE CHANGED from 1 to 2
86303.5ms Vehicle 7 I am a candidate now! Starting election...
87503.2ms Vehicle 3 sendRequestVote called for node 1
87503.2ms Vehicle 3 sendRequestVote called for node 2
87503.2ms Vehicle 3 sendRequestVote called for node 3
87503.2ms Vehicle 3 sendRequestVote called for node 5
87503.2ms Vehicle 3 sendRequestVote called for node 6
87503.2ms Vehicle 3 sendRequestVote called for node 7
87503.2ms Vehicle 3 sendRequestVote called for node 8
87503.2ms Vehicle 3 RAFT STATE CHANGED from 1 to 2
87503.2ms Vehicle 3 I am a candidate now! Starting election...
88623.5ms Vehicle 7 sendRequestVote called for node 1
88623.5ms Vehicle 7 sendRequestVote called for node 2
88623.5ms Vehicle 7 sendRequestVote called for node 3
88623.5ms Vehicle 7 sendRequestVote called for node 4
88623.5ms Vehicle 7 sendRequestVote called for node 5
88623.5ms Vehicle 7 sendRequestVote called for node 6
88623.5ms Vehicle 7 sendRequestVote called for node 7
88623.5ms Vehicle 7 RAFT STATE CHANGED from 1 to 2
88623.5ms Vehicle 7 I am a candidate now! Starting election...
89603.2ms Vehicle 3 sendRequestVote called for node 1
89603.2ms Vehicle 3 sendRequestVote called for node 2
89603.2ms Vehicle 3 sendRequestVote called for node 3
89603.2ms Vehicle 3 sendRequestVote called for node 5
89603.2ms Vehicle 3 sendRequestVote called for node 6
89603.2ms Vehicle 3 sendRequestVote called for node 7
89603.2ms Vehicle 3 sendRequestVote called for node 8
89603.2ms Vehicle 3 RAFT STATE CHANGED from 1 to 2
89603.2ms Vehicle 3 I am a candidate now! Starting election...
90543.5ms Vehicle 7 sendRequestVote called for node 1
90543.5ms Vehicle 7 sendRequestVote called for node 2
90543.5ms Vehicle 7 sendRequestVote called for node 3
90543.5ms Vehicle 7 sendRequestVote called for node 4
90543.5ms Vehicle 7 sendRequestVote called for node 5
90543.5ms Vehicle 7 sendRequestVote called for node 6
90543.5ms Vehicle 7 sendRequestVote called for node 7
90543.5ms Vehicle 7 RAFT STATE CHANGED from 1 to 2
90543.5ms Vehicle 7 I am a candidate now! Starting election...
91423.2ms Vehicle 3 sendRequestVote called for node 1
91423.2ms Vehicle 3 sendRequestVote called for node 2
91423.2ms Vehicle 3 sendRequestVote called for node 3
91423.2ms Vehicle 3 sendRequestVote called for node 5
91423.2ms Vehicle 3 sendRequestVote called for node 6
91423.2ms Vehicle 3 sendRequestVote called for node 7
91423.2ms Vehicle 3 sendRequestVote called for node 8
91423.2ms Vehicle 3 RAFT STATE CHANGED from 1 to 2
91423.2ms Vehicle 3 I am a candidate now! Starting election...
92563.2ms Vehicle 3 sendRequestVote called for node 1
92563.2ms Vehicle 3 sendRequestVote called for node 2
92563.2ms Vehicle 3 sendRequestVote called for node 3
92563.2ms Vehicle 3 sendRequestVote called for node 5
92563.2ms Vehicle 3 sendRequestVote called for node 6
92563.2ms Vehicle 3 sendRequestVote called for node 7
92563.2ms Vehicle 3 sendRequestVote called for node 8
93543.2ms Vehicle 3 sendRequestVote called for node 1
93543.2ms Vehicle 3 sendRequestVote called for node 2
93543.2ms Vehicle 3 sendRequestVote called for node 3
93543.2ms Vehicle 3 sendRequestVote called for node 5
93543.2ms Vehicle 3 sendRequestVote called for node 6
93543.2ms Vehicle 3 sendRequestVote called for node 7
93543.2ms Vehicle 3 sendRequestVote called for node 8
94623.2ms Vehicle 3 sendRequestVote called for node 1
94623.2ms Vehicle 3 sendRequestVote called for node 2
94623.2ms Vehicle 3 sendRequestVote called for node 3
94623.2ms Vehicle 3 sendRequestVote called for node 5
94623.2ms Vehicle 3 sendRequestVote called for node 6
94623.2ms Vehicle 3 sendRequestVote called for node 7
94623.2ms Vehicle 3 sendRequestVote called for node 8
95803.5ms Vehicle 7 sendRequestVote called for node 1
95803.5ms Vehicle 7 sendRequestVote called for node 2
95803.5ms Vehicle 7 sendRequestVote called for node 3
95803.5ms Vehicle 7 sendRequestVote called for node 4
95803.5ms Vehicle 7 sendRequestVote called for node 5
95803.5ms Vehicle 7 sendRequestVote called for node 6
95803.5ms Vehicle 7 sendRequestVote called for node 7
95803.5ms Vehicle 7 RAFT STATE CHANGED from 1 to 2
95803.5ms Vehicle 7 I am a candidate now! Starting election...
96943.2ms Vehicle 3 sendRequestVote called for node 1
96943.2ms Vehicle 3 sendRequestVote called for node 2
96943.2ms Vehicle 3 sendRequestVote called for node 3
96943.2ms Vehicle 3 sendRequestVote called for node 5
96943.2ms Vehicle 3 sendRequestVote called for node 6
96943.2ms Vehicle 3 sendRequestVote called for node 7
96943.2ms Vehicle 3 sendRequestVote called for node 8
96943.2ms Vehicle 3 RAFT STATE CHANGED from 1 to 2
96943.2ms Vehicle 3 I am a candidate now! Starting election...
97883.2ms Vehicle 3 sendRequestVote called for node 1
97883.2ms Vehicle 3 sendRequestVote called for node 2
97883.2ms Vehicle 3 sendRequestVote called for node 3
97883.2ms Vehicle 3 sendRequestVote called for node 5
97883.2ms Vehicle 3 sendRequestVote called for node 6
97883.2ms Vehicle 3 sendRequestVote called for node 7
97883.2ms Vehicle 3 sendRequestVote called for node 8
98723.5ms Vehicle 7 sendRequestVote called for node 1
98723.5ms Vehicle 7 sendRequestVote called for node 2
98723.5ms Vehicle 7 sendRequestVote called for node 3
98723.5ms Vehicle 7 sendRequestVote called for node 4
98723.5ms Vehicle 7 sendRequestVote called for node 5
98723.5ms Vehicle 7 sendRequestVote called for node 6
98723.5ms Vehicle 7 sendRequestVote called for node 7
98723.5ms Vehicle 7 RAFT STATE CHANGED from 1 to 2
98723.5ms Vehicle 7 I am a candidate now! Starting election...
99843.5ms Vehicle 7 sendRequestVote called for node 1
99843.5ms Vehicle 7 sendRequestVote called for node 2
99843.5ms Vehicle 7 sendRequestVote called for node 3
99843.5ms Vehicle 7 sendRequestVote called for node 4
99843.5ms Vehicle 7 sendRequestVote called for node 5
99843.5ms Vehicle 7 sendRequestVote called for node 6
99843.5ms Vehicle 7 sendRequestVote called for node 7
100943.5ms Vehicle 7 sendRequestVote called for node 1
100943.5ms Vehicle 7 sendRequestVote called for node 2
100943.5ms Vehicle 7 sendRequestVote called for node 3
100943.5ms Vehicle 7 sendRequestVote called for node 4
100943.5ms Vehicle 7 sendRequestVote called for node 5
100943.5ms Vehicle 7 sendRequestVote called for node 6
100943.5ms Vehicle 7 sendRequestVote called for node 7
101823.2ms Vehicle 3 sendRequestVote called for node 1
101823.2ms Vehicle 3 sendRequestVote called for node 2
101823.2ms Vehicle 3 sendRequestVote called for node 3
101823.2ms Vehicle 3 sendRequestVote called for node 5
101823.2ms Vehicle 3 sendRequestVote called for node 6
101823.2ms Vehicle 3 sendRequestVote called for node 7
101823.2ms Vehicle 3 sendRequestVote called for node 8
101823.2ms Vehicle 3 RAFT STATE CHANGED from 1 to 2
101823.2ms Vehicle 3 I am a candidate now! Starting election...
102903.2ms Vehicle 3 BATCH SAFETY FALLBACK (lost VEHICLE_LEFT?) for batch 3
102903.2ms Vehicle 3 RESUMING movement
102903.5ms Vehicle 7 BATCH SAFETY FALLBACK (lost VEHICLE_LEFT?) for batch 3
102903.5ms Vehicle 7 RESUMING movement
103083.2ms Vehicle 3 sendRequestVote called for node 1
103083.2ms Vehicle 3 sendRequestVote called for node 2
103083.2ms Vehicle 3 sendRequestVote called for node 3
103083.2ms Vehicle 3 sendRequestVote called for node 5
103083.2ms Vehicle 3 sendRequestVote called for node 6
103083.2ms Vehicle 3 sendRequestVote called for node 7
103083.2ms Vehicle 3 sendRequestVote called for node 8
104043.5ms Vehicle 7 sendRequestVote called for node 1
104043.5ms Vehicle 7 sendRequestVote called for node 2
104043.5ms Vehicle 7 sendRequestVote called for node 3
104043.5ms Vehicle 7 sendRequestVote called for node 4
104043.5ms Vehicle 7 sendRequestVote called for node 5
104043.5ms Vehicle 7 sendRequestVote called for node 6
104043.5ms Vehicle 7 sendRequestVote called for node 7
104043.5ms Vehicle 7 RAFT STATE CHANGED from 1 to 2
104043.5ms Vehicle 7 I am a candidate now! Starting election...
105283.5ms Vehicle 7 sendRequestVote called for node 1
105283.5ms Vehicle 7 sendRequestVote called for node 2
105283.5ms Vehicle 7 sendRequestVote called for node 3
105283.5ms Vehicle 7 sendRequestVote called for node 4
105283.5ms Vehicle 7 sendRequestVote called for node 5
105283.5ms Vehicle 7 sendRequestVote called for node 6
105283.5ms Vehicle 7 sendRequestVote called for node 7
106563.2ms Vehicle 3 sendRequestVote called for node 1
106563.2ms Vehicle 3 sendRequestVote called for node 2
106563.2ms Vehicle 3 sendRequestVote called for node 3
106563.2ms Vehicle 3 sendRequestVote called for node 5
106563.2ms Vehicle 3 sendRequestVote called for node 6
106563.2ms Vehicle 3 sendRequestVote called for node 7
106563.2ms Vehicle 3 sendRequestVote called for node 8
106563.2ms Vehicle 3 RAFT STATE CHANGED from 1 to 2
106563.2ms Vehicle 3 I am a candidate now! Starting election...
107603.2ms Vehicle 3 sendRequestVote called for node 1
107603.2ms Vehicle 3 sendRequestVote called for node 2
107603.2ms Vehicle 3 sendRequestVote called for node 3
107603.2ms Vehicle 3 sendRequestVote called for node 5
107603.2ms Vehicle 3 sendRequestVote called for node 6
107603.2ms Vehicle 3 sendRequestVote called for node 7
107603.2ms Vehicle 3 sendRequestVote called for node 8
108963.2ms Vehicle 3 sendRequestVote called for node 1
108963.2ms Vehicle 3 sendRequestVote called for node 2
108963.2ms Vehicle 3 sendRequestVote called for node 3
108963.2ms Vehicle 3 sendRequestVote called for node 5
108963.2ms Vehicle 3 sendRequestVote called for node 6
108963.2ms Vehicle 3 sendRequestVote called for node 7
108963.2ms Vehicle 3 sendRequestVote called for node 8
109963.2ms Vehicle 3 sendRequestVote called for node 1
109963.2ms Vehicle 3 sendRequestVote called for node 2
109963.2ms Vehicle 3 sendRequestVote called for node 3
109963.2ms Vehicle 3 sendRequestVote called for node 5
109963.2ms Vehicle 3 sendRequestVote called for node 6
109963.2ms Vehicle 3 sendRequestVote called for node 7
109963.2ms Vehicle 3 sendRequestVote called for node 8
109963.5ms Vehicle 7 sendRequestVote called for node 1
109963.5ms Vehicle 7 sendRequestVote called for node 2
109963.5ms Vehicle 7 sendRequestVote called for node 3
109963.5ms Vehicle 7 sendRequestVote called for node 4
109963.5ms Vehicle 7 sendRequestVote called for node 5
109963.5ms Vehicle 7 sendRequestVote called for node 6
109963.5ms Vehicle 7 sendRequestVote called for node 7
109963.5ms Vehicle 7 RAFT STATE CHANGED from 1 to 2
109963.5ms Vehicle 7 I am a candidate now! Starting election...
110843.5ms Vehicle 7 sendRequestVote called for node 1
110843.5ms Vehicle 7 sendRequestVote called for node 2
110843.5ms Vehicle 7 sendRequestVote called for node 3
110843.5ms Vehicle 7 sendRequestVote called for node 4
110843.5ms Vehicle 7 sendRequestVote called for node 5
110843.5ms Vehicle 7 sendRequestVote called for node 6
110843.5ms Vehicle 7 sendRequestVote called for node 7
111763.5ms Vehicle 7 sendRequestVote called for node 1
111763.5ms Vehicle 7 sendRequestVote called for node 2
111763.5ms Vehicle 7 sendRequestVote called for node 3
111763.5ms Vehicle 7 sendRequestVote called for node 4
111763.5ms Vehicle 7 sendRequestVote called for node 5
111763.5ms Vehicle 7 sendRequestVote called for node 6
111763.5ms Vehicle 7 sendRequestVote called for node 7
112783.2ms Vehicle 3 sendRequestVote called for node 1
112783.2ms Vehicle 3 sendRequestVote called for node 2
112783.2ms Vehicle 3 sendRequestVote called for node 3
112783.2ms Vehicle 3 sendRequestVote called for node 5
112783.2ms Vehicle 3 sendRequestVote called for node 6
112783.2ms Vehicle 3 sendRequestVote called for node 7
112783.2ms Vehicle 3 sendRequestVote called for node 8
112783.2ms Vehicle 3 RAFT STATE CHANGED from 1 to 2
112783.2ms Vehicle 3 I am a candidate now! Starting election...
113703.2ms Vehicle 3 sendRequestVote called for node 1
113703.2ms Vehicle 3 sendRequestVote called for node 2
113703.2ms Vehicle 3 sendRequestVote called for node 3
113703.2ms Vehicle 3 sendRequestVote called for node 5
113703.2ms Vehicle 3 sendRequestVote called for node 6
113703.2ms Vehicle 3 sendRequestVote called for node 7
113703.2ms Vehicle 3 sendRequestVote called for node 8
115123.5ms Vehicle 7 sendRequestVote called for node 1
115123.5ms Vehicle 7 sendRequestVote called for node 2
115123.5ms Vehicle 7 sendRequestVote called for node 3
115123.5ms Vehicle 7 sendRequestVote called for node 4
115123.5ms Vehicle 7 sendRequestVote called for node 5
115123.5ms Vehicle 7 sendRequestVote called for node 6
115123.5ms Vehicle 7 sendRequestVote called for node 7
115123.5ms Vehicle 7 RAFT STATE CHANGED from 1 to 2
115123.5ms Vehicle 7 I am a candidate now! Starting election...
116083.2ms Vehicle 3 sendRequestVote called for node 1
116083.2ms Vehicle 3 sendRequestVote called for node 2
116083.2ms Vehicle 3 sendRequestVote called for node 3
116083.2ms Vehicle 3 sendRequestVote called for node 5
116083.2ms Vehicle 3 sendRequestVote called for node 6
116083.2ms Vehicle 3 sendRequestVote called for node 7
116083.2ms Vehicle 3 sendRequestVote called for node 8
116083.2ms Vehicle 3 RAFT STATE CHANGED from 1 to 2
116083.2ms Vehicle 3 I am a candidate now! Starting election...
117083.5ms Vehicle 7 sendRequestVote called for node 1
117083.5ms Vehicle 7 sendRequestVote called for node 2
117083.5ms Vehicle 7 sendRequestVote called for node 3
117083.5ms Vehicle 7 sendRequestVote called for node 4
117083.5ms Vehicle 7 sendRequestVote called for node 5
117083.5ms Vehicle 7 sendRequestVote called for node 6
117083.5ms Vehicle 7 sendRequestVote called for node 7
117083.5ms Vehicle 7 RAFT STATE CHANGED from 1 to 2
117083.5ms Vehicle 7 I am a candidate now! Starting election...
118123.5ms Vehicle 7 sendRequestVote called for node 1
118123.5ms Vehicle 7 sendRequestVote called for node 2
118123.5ms Vehicle 7 sendRequestVote called for node 3
118123.5ms Vehicle 7 sendRequestVote called for node 4
118123.5ms Vehicle 7 sendRequestVote called for node 5
118123.5ms Vehicle 7 sendRequestVote called for node 6
118123.5ms Vehicle 7 sendRequestVote called for node 7
119143.5ms Vehicle 7 sendRequestVote called for node 1
119143.5ms Vehicle 7 sendRequestVote called for node 2
119143.5ms Vehicle 7 sendRequestVote called for node 3
119143.5ms Vehicle 7 sendRequestVote called for node 4
119143.5ms Vehicle 7 sendRequestVote called for node 5
119143.5ms Vehicle 7 sendRequestVote called for node 6
119143.5ms Vehicle 7 sendRequestVote called for node 7
120623.5ms Vehicle 7 sendRequestVote called for node 1
120623.5ms Vehicle 7 sendRequestVote called for node 2
120623.5ms Vehicle 7 sendRequestVote called for node 3
120623.5ms Vehicle 7 sendRequestVote called for node 4
120623.5ms Vehicle 7 sendRequestVote called for node 5
120623.5ms Vehicle 7 sendRequestVote called for node 6
120623.5ms Vehicle 7 sendRequestVote called for node 7
121523.2ms Vehicle 3 sendRequestVote called for node 1
121523.2ms Vehicle 3 sendRequestVote called for node 2
121523.2ms Vehicle 3 sendRequestVote called for node 3
121523.2ms Vehicle 3 sendRequestVote called for node 5
121523.2ms Vehicle 3 sendRequestVote called for node 6
121523.2ms Vehicle 3 sendRequestVote called for node 7
121523.2ms Vehicle 3 sendRequestVote called for node 8
121523.2ms Vehicle 3 RAFT STATE CHANGED from 1 to 2
121523.2ms Vehicle 3 I am a candidate now! Starting election...
122843.2ms Vehicle 3 sendRequestVote called for node 1
122843.2ms Vehicle 3 sendRequestVote called for node 2
122843.2ms Vehicle 3 sendRequestVote called for node 3
122843.2ms Vehicle 3 sendRequestVote called for node 5
122843.2ms Vehicle 3 sendRequestVote called for node 6
122843.2ms Vehicle 3 sendRequestVote called for node 7
122843.2ms Vehicle 3 sendRequestVote called for node 8
123943.2ms Vehicle 3 sendRequestVote called for node 1
123943.2ms Vehicle 3 sendRequestVote called for node 2
123943.2ms Vehicle 3 sendRequestVote called for node 3
123943.2ms Vehicle 3 sendRequestVote called for node 5
123943.2ms Vehicle 3 sendRequestVote called for node 6
123943.2ms Vehicle 3 sendRequestVote called for node 7
123943.2ms Vehicle 3 sendRequestVote called for node 8
124903.2ms Vehicle 3 sendRequestVote called for node 1
124903.2ms Vehicle 3 sendRequestVote called for node 2
124903.2ms Vehicle 3 sendRequestVote called for node 3
124903.2ms Vehicle 3 sendRequestVote called for node 5
124903.2ms Vehicle 3 sendRequestVote called for node 6
124903.2ms Vehicle 3 sendRequestVote called for node 7
124903.2ms Vehicle 3 sendRequestVote called for node 8
126123.5ms Vehicle 7 sendRequestVote called for node 1
126123.5ms Vehicle 7 sendRequestVote called for node 2
126123.5ms Vehicle 7 sendRequestVote called for node 3
126123.5ms Vehicle 7 sendRequestVote called for node 4
126123.5ms Vehicle 7 sendRequestVote called for node 5
126123.5ms Vehicle 7 sendRequestVote called for node 6
126123.5ms Vehicle 7 sendRequestVote called for node 7
126123.5ms Vehicle 7 RAFT STATE CHANGED from 1 to 2
126123.5ms Vehicle 7 I am a candidate now! Starting election...
126963.5ms Vehicle 7 sendRequestVote called for node 1
126963.5ms Vehicle 7 sendRequestVote called for node 2
126963.5ms Vehicle 7 sendRequestVote called for node 3
126963.5ms Vehicle 7 sendRequestVote called for node 4
126963.5ms Vehicle 7 sendRequestVote called for node 5
126963.5ms Vehicle 7 sendRequestVote called for node 6
126963.5ms Vehicle 7 sendRequestVote called for node 7
128283.2ms Vehicle 3 sendRequestVote called for node 1
128283.2ms Vehicle 3 sendRequestVote called for node 2
128283.2ms Vehicle 3 sendRequestVote called for node 3
128283.2ms Vehicle 3 sendRequestVote called for node 5
128283.2ms Vehicle 3 sendRequestVote called for node 6
128283.2ms Vehicle 3 sendRequestVote called for node 7
128283.2ms Vehicle 3 sendRequestVote called for node 8
128283.2ms Vehicle 3 RAFT STATE CHANGED from 1 to 2
128283.2ms Vehicle 3 I am a candidate now! Starting election...
129163.2ms Vehicle 3 sendRequestVote called for node 1
129163.2ms Vehicle 3 sendRequestVote called for node 2
129163.2ms Vehicle 3 sendRequestVote called for node 3
129163.2ms Vehicle 3 sendRequestVote called for node 5
129163.2ms Vehicle 3 sendRequestVote called for node 6
129163.2ms Vehicle 3 sendRequestVote called for node 7
129163.2ms Vehicle 3 sendRequestVote called for node 8
130703.2ms Vehicle 3 sendRequestVote called for node 1
130703.2ms Vehicle 3 sendRequestVote called for node 2
130703.2ms Vehicle 3 sendRequestVote called for node 3
130703.2ms Vehicle 3 sendRequestVote called for node 5
130703.2ms Vehicle 3 sendRequestVote called for node 6
130703.2ms Vehicle 3 sendRequestVote called for node 7
130703.2ms Vehicle 3 sendRequestVote called for node 8
130703.5ms Vehicle 7 sendRequestVote called for node 1
130703.5ms Vehicle 7 sendRequestVote called for node 2
130703.5ms Vehicle 7 sendRequestVote called for node 3
130703.5ms Vehicle 7 sendRequestVote called for node 4
130703.5ms Vehicle 7 sendRequestVote called for node 5
130703.5ms Vehicle 7 sendRequestVote called for node 6
130703.5ms Vehicle 7 sendRequestVote called for node 7
130703.5ms Vehicle 7 RAFT STATE CHANGED from 1 to 2
130703.5ms Vehicle 7 I am a candidate now! Starting election...
131663.5ms Vehicle 7 sendRequestVote called for node 1
131663.5ms Vehicle 7 sendRequestVote called for node 2
131663.5ms Vehicle 7 sendRequestVote called for node 3
131663.5ms Vehicle 7 sendRequestVote called for node 4
131663.5ms Vehicle 7 sendRequestVote called for node 5
131663.5ms Vehicle 7 sendRequestVote called for node 6
131663.5ms Vehicle 7 sendRequestVote called for node 7
132843.2ms Vehicle 3 sendRequestVote called for node 1
132843.2ms Vehicle 3 sendRequestVote called for node 2
132843.2ms Vehicle 3 sendRequestVote called for node 3
132843.2ms Vehicle 3 sendRequestVote called for node 5
132843.2ms Vehicle 3 sendRequestVote called for node 6
132843.2ms Vehicle 3 sendRequestVote called for node 7
132843.2ms Vehicle 3 sendRequestVote called for node 8
132843.2ms Vehicle 3 RAFT STATE CHANGED from 1 to 2
132843.2ms Vehicle 3 I am a candidate now! Starting election...
134223.2ms Vehicle 3 sendRequestVote called for node 1
134223.2ms Vehicle 3 sendRequestVote called for node 2
134223.2ms Vehicle 3 sendRequestVote called for node 3
134223.2ms Vehicle 3 sendRequestVote called for node 5
134223.2ms Vehicle 3 sendRequestVote called for node 6
134223.2ms Vehicle 3 sendRequestVote called for node 7
134223.2ms Vehicle 3 sendRequestVote called for node 8
135263.5ms Vehicle 7 sendRequestVote called for node 1
135263.5ms Vehicle 7 sendRequestVote called for node 2
135263.5ms Vehicle 7 sendRequestVote called for node 3
135263.5ms Vehicle 7 sendRequestVote called for node 4
135263.5ms Vehicle 7 sendRequestVote called for node 5
135263.5ms Vehicle 7 sendRequestVote called for node 6
135263.5ms Vehicle 7 sendRequestVote called for node 7
135263.5ms Vehicle 7 RAFT STATE CHANGED from 1 to 2
135263.5ms Vehicle 7 I am a candidate now! Starting election...
136203.2ms Vehicle 3 sendRequestVote called for node 1
136203.2ms Vehicle 3 sendRequestVote called for node 2
136203.2ms Vehicle 3 sendRequestVote called for node 3
136203.2ms Vehicle 3 sendRequestVote called for node 5
136203.2ms Vehicle 3 sendRequestVote called for node 6
136203.2ms Vehicle 3 sendRequestVote called for node 7
136203.2ms Vehicle 3 sendRequestVote called for node 8
136203.2ms Vehicle 3 RAFT STATE CHANGED from 1 to 2
136203.2ms Vehicle 3 I am a candidate now! Starting election...
137503.5ms Vehicle 7 sendRequestVote called for node 1
137503.5ms Vehicle 7 sendRequestVote called for node 2
137503.5ms Vehicle 7 sendRequestVote called for node 3
137503.5ms Vehicle 7 sendRequestVote called for node 4
137503.5ms Vehicle 7 sendRequestVote called for node 5
137503.5ms Vehicle 7 sendRequestVote called for node 6
137503.5ms Vehicle 7 sendRequestVote called for node 7
137503.5ms Vehicle 7 RAFT STATE CHANGED from 1 to 2
137503.5ms Vehicle 7 I am a candidate now! Starting election...
138883.5ms Vehicle 7 sendRequestVote called for node 1
138883.5ms Vehicle 7 sendRequestVote called for node 2
138883.5ms Vehicle 7 sendRequestVote called for node 3
138883.5ms Vehicle 7 sendRequestVote called for node 4
138883.5ms Vehicle 7 sendRequestVote called for node 5
138883.5ms Vehicle 7 sendRequestVote called for node 6
138883.5ms Vehicle 7 sendRequestVote called for node 7
140043.2ms Vehicle 3 sendRequestVote called for node 1
140043.2ms Vehicle 3 sendRequestVote called for node 2
140043.2ms Vehicle 3 sendRequestVote called for node 3
140043.2ms Vehicle 3 sendRequestVote called for node 5
140043.2ms Vehicle 3 sendRequestVote called for node 6
140043.2ms Vehicle 3 sendRequestVote called for node 7
140043.2ms Vehicle 3 sendRequestVote called for node 8
140043.2ms Vehicle 3 RAFT STATE CHANGED from 1 to 2
140043.2ms Vehicle 3 I am a candidate now! Starting election...
141043.5ms Vehicle 7 sendRequestVote called for node 1
141043.5ms Vehicle 7 sendRequestVote called for node 2
141043.5ms Vehicle 7 sendRequestVote called for node 3
141043.5ms Vehicle 7 sendRequestVote called for node 4
141043.5ms Vehicle 7 sendRequestVote called for node 5
141043.5ms Vehicle 7 sendRequestVote called for node 6
141043.5ms Vehicle 7 sendRequestVote called for node 7
141043.5ms Vehicle 7 RAFT STATE CHANGED from 1 to 2
141043.5ms Vehicle 7 I am a candidate now! Starting election...
142243.5ms Vehicle 7 sendRequestVote called for node 1
142243.5ms Vehicle 7 sendRequestVote called for node 2
142243.5ms Vehicle 7 sendRequestVote called for node 3
142243.5ms Vehicle 7 sendRequestVote called for node 4
142243.5ms Vehicle 7 sendRequestVote called for node 5
142243.5ms Vehicle 7 sendRequestVote called for node 6
142243.5ms Vehicle 7 sendRequestVote called for node 7
143083.2ms Vehicle 3 sendRequestVote called for node 1
143083.2ms Vehicle 3 sendRequestVote called for node 2
143083.2ms Vehicle 3 sendRequestVote called for node 3
143083.2ms Vehicle 3 sendRequestVote called for node 5
143083.2ms Vehicle 3 sendRequestVote called for node 6
143083.2ms Vehicle 3 sendRequestVote called for node 7
143083.2ms Vehicle 3 sendRequestVote called for node 8
143083.2ms Vehicle 3 RAFT STATE CHANGED from 1 to 2
143083.2ms Vehicle 3 I am a candidate now! Starting election...
144423.5ms Vehicle 7 sendRequestVote called for node 1
144423.5ms Vehicle 7 sendRequestVote called for node 2
144423.5ms Vehicle 7 sendRequestVote called for node 3
144423.5ms Vehicle 7 sendRequestVote called for node 4
144423.5ms Vehicle 7 sendRequestVote called for node 5
144423.5ms Vehicle 7 sendRequestVote called for node 6
144423.5ms Vehicle 7 sendRequestVote called for node 7
144423.5ms Vehicle 7 RAFT STATE CHANGED from 1 to 2
144423.5ms Vehicle 7 I am a candidate now! Starting election...
145343.2ms Vehicle 3 sendRequestVote called for node 1
145343.2ms Vehicle 3 sendRequestVote called for node 2
145343.2ms Vehicle 3 sendRequestVote called for node 3
145343.2ms Vehicle 3 sendRequestVote called for node 5
145343.2ms Vehicle 3 sendRequestVote called for node 6
145343.2ms Vehicle 3 sendRequestVote called for node 7
145343.2ms Vehicle 3 sendRequestVote called for node 8
145343.2ms Vehicle 3 RAFT STATE CHANGED from 1 to 2
145343.2ms Vehicle 3 I am a candidate now! Starting election...
146743.2ms Vehicle 3 sendRequestVote called for node 1
146743.2ms Vehicle 3 sendRequestVote called for node 2
146743.2ms Vehicle 3 sendRequestVote called for node 3
146743.2ms Vehicle 3 sendRequestVote called for node 5
146743.2ms Vehicle 3 sendRequestVote called for node 6
146743.2ms Vehicle 3 sendRequestVote called for node 7
146743.2ms Vehicle 3 sendRequestVote called for node 8
148303.2ms Vehicle 3 sendRequestVote called for node 1
148303.2ms Vehicle 3 sendRequestVote called for node 2
148303.2ms Vehicle 3 sendRequestVote called for node 3
148303.2ms Vehicle 3 sendRequestVote called for node 5
148303.2ms Vehicle 3 sendRequestVote called for node 6
148303.2ms Vehicle 3 sendRequestVote called for node 7
148303.2ms Vehicle 3 sendRequestVote called for node 8
148303.5ms Vehicle 7 sendRequestVote called for node 1
148303.5ms Vehicle 7 sendRequestVote called for node 2
148303.5ms Vehicle 7 sendRequestVote called for node 3
148303.5ms Vehicle 7 sendRequestVote called for node 4
148303.5ms Vehicle 7 sendRequestVote called for node 5
148303.5ms Vehicle 7 sendRequestVote called for node 6
148303.5ms Vehicle 7 sendRequestVote called for node 7
148303.5ms Vehicle 7 RAFT STATE CHANGED from 1 to 2
148303.5ms Vehicle 7 I am a candidate now! Starting election...
149643.2ms Vehicle 3 sendRequestVote called for node 1
149643.2ms Vehicle 3 sendRequestVote called for node 2
149643.2ms Vehicle 3 sendRequestVote called for node 3
149643.2ms Vehicle 3 sendRequestVote called for node 5
149643.2ms Vehicle 3 sendRequestVote called for node 6
149643.2ms Vehicle 3 sendRequestVote called for node 7
149643.2ms Vehicle 3 sendRequestVote called for node 8
151103.5ms Vehicle 7 sendRequestVote called for node 1
151103.5ms Vehicle 7 sendRequestVote called for node 2
151103.5ms Vehicle 7 sendRequestVote called for node 3
151103.5ms Vehicle 7 sendRequestVote called for node 4
151103.5ms Vehicle 7 sendRequestVote called for node 5
151103.5ms Vehicle 7 sendRequestVote called for node 6
151103.5ms Vehicle 7 sendRequestVote called for node 7
151103.5ms Vehicle 7 RAFT STATE CHANGED from 1 to 2
151103.5ms Vehicle 7 I am a candidate now! Starting election...
152083.5ms Vehicle 7 sendRequestVote called for node 1
152083.5ms Vehicle 7 sendRequestVote called for node 2
152083.5ms Vehicle 7 sendRequestVote called for node 3
152083.5ms Vehicle 7 sendRequestVote called for node 4
152083.5ms Vehicle 7 sendRequestVote called for node 5
152083.5ms Vehicle 7 sendRequestVote called for node 6
152083.5ms Vehicle 7 sendRequestVote called for node 7
153143.2ms Vehicle 3 sendRequestVote called for node 1
153143.2ms Vehicle 3 sendRequestVote called for node 2
153143.2ms Vehicle 3 sendRequestVote called for node 3
153143.2ms Vehicle 3 sendRequestVote called for node 5
153143.2ms Vehicle 3 sendRequestVote called for node 6
153143.2ms Vehicle 3 sendRequestVote called for node 7
153143.2ms Vehicle 3 sendRequestVote called for node 8
153143.2ms Vehicle 3 RAFT STATE CHANGED from 1 to 2
153143.2ms Vehicle 3 I am a candidate now! Starting election...
154203.2ms Vehicle 3 sendRequestVote called for node 1
154203.2ms Vehicle 3 sendRequestVote called for node 2
154203.2ms Vehicle 3 sendRequestVote called for node 3
154203.2ms Vehicle 3 sendRequestVote called for node 5
154203.2ms Vehicle 3 sendRequestVote called for node 6
154203.2ms Vehicle 3 sendRequestVote called for node 7
154203.2ms Vehicle 3 sendRequestVote called for node 8
155123.2ms Vehicle 3 sendRequestVote called for node 1
155123.2ms Vehicle 3 sendRequestVote called for node 2
155123.2ms Vehicle 3 sendRequestVote called for node 3
155123.2ms Vehicle 3 sendRequestVote called for node 5
155123.2ms Vehicle 3 sendRequestVote called for node 6
155123.2ms Vehicle 3 sendRequestVote called for node 7
155123.2ms Vehicle 3 sendRequestVote called for node 8
156303.5ms Vehicle 7 sendRequestVote called for node 1
156303.5ms Vehicle 7 sendRequestVote called for node 2
156303.5ms Vehicle 7 sendRequestVote called for node 3
156303.5ms Vehicle 7 sendRequestVote called for node 4
156303.5ms Vehicle 7 sendRequestVote called for node 5
156303.5ms Vehicle 7 sendRequestVote called for node 6
156303.5ms Vehicle 7 sendRequestVote called for node 7
156303.5ms Vehicle 7 RAFT STATE CHANGED from 1 to 2
156303.5ms Vehicle 7 I am a candidate now! Starting election...
157403.2ms Vehicle 3 sendRequestVote called for node 1
157403.2ms Vehicle 3 sendRequestVote called for node 2
157403.2ms Vehicle 3 sendRequestVote called for node 3
157403.2ms Vehicle 3 sendRequestVote called for node 5
157403.2ms Vehicle 3 sendRequestVote called for node 6
157403.2ms Vehicle 3 sendRequestVote called for node 7
157403.2ms Vehicle 3 sendRequestVote called for node 8
157403.2ms Vehicle 3 RAFT STATE CHANGED from 1 to 2
157403.2ms Vehicle 3 I am a candidate now! Starting election...
158523.2ms Vehicle 3 sendRequestVote called for node 1
158523.2ms Vehicle 3 sendRequestVote called for node 2
158523.2ms Vehicle 3 sendRequestVote called for node 3
158523.2ms Vehicle 3 sendRequestVote called for node 5
158523.2ms Vehicle 3 sendRequestVote called for node 6
158523.2ms Vehicle 3 sendRequestVote called for node 7
158523.2ms Vehicle 3 sendRequestVote called for node 8
159443.2ms Vehicle 3 sendRequestVote called for node 1
159443.2ms Vehicle 3 sendRequestVote called for node 2
159443.2ms Vehicle 3 sendRequestVote called for node 3
159443.2ms Vehicle 3 sendRequestVote called for node 5
159443.2ms Vehicle 3 sendRequestVote called for node 6
159443.2ms Vehicle 3 sendRequestVote called for node 7
159443.2ms Vehicle 3 sendRequestVote called for node 8
160283.2ms Vehicle 3 sendRequestVote called for node 1
160283.2ms Vehicle 3 sendRequestVote called for node 2
160283.2ms Vehicle 3 sendRequestVote called for node 3
160283.2ms Vehicle 3 sendRequestVote called for node 5
160283.2ms Vehicle 3 sendRequestVote called for node 6
160283.2ms Vehicle 3 sendRequestVote called for node 7
160283.2ms Vehicle 3 sendRequestVote called for node 8
161703.2ms Vehicle 3 sendRequestVote called for node 1
161703.2ms Vehicle 3 sendRequestVote called for node 2
161703.2ms Vehicle 3 sendRequestVote called for node 3
161703.2ms Vehicle 3 sendRequestVote called for node 5
161703.2ms Vehicle 3 sendRequestVote called for node 6
161703.2ms Vehicle 3 sendRequestVote called for node 7
161703.2ms Vehicle 3 sendRequestVote called for node 8
162663.5ms Vehicle 7 sendRequestVote called for node 1
162663.5ms Vehicle 7 sendRequestVote called for node 2
162663.5ms Vehicle 7 sendRequestVote called for node 3
162663.5ms Vehicle 7 sendRequestVote called for node 4
162663.5ms Vehicle 7 sendRequestVote called for node 5
162663.5ms Vehicle 7 sendRequestVote called for node 6
162663.5ms Vehicle 7 sendRequestVote called for node 7
162663.5ms Vehicle 7 RAFT STATE CHANGED from 1 to 2
162663.5ms Vehicle 7 I am a candidate now! Starting election...
164063.2ms Vehicle 3 sendRequestVote called for node 1
164063.2ms Vehicle 3 sendRequestVote called for node 2
164063.2ms Vehicle 3 sendRequestVote called for node 3
164063.2ms Vehicle 3 sendRequestVote called for node 5
164063.2ms Vehicle 3 sendRequestVote called for node 6
164063.2ms Vehicle 3 sendRequestVote called for node 7
164063.2ms Vehicle 3 sendRequestVote called for node 8
164063.2ms Vehicle 3 RAFT STATE CHANGED from 1 to 2
164063.2ms Vehicle 3 I am a candidate now! Starting election...
165503.5ms Vehicle 7 sendRequestVote called for node 1
165503.5ms Vehicle 7 sendRequestVote called for node 2
165503.5ms Vehicle 7 sendRequestVote called for node 3
165503.5ms Vehicle 7 sendRequestVote called for node 4
165503.5ms Vehicle 7 sendRequestVote called for node 5
165503.5ms Vehicle 7 sendRequestVote called for node 6
165503.5ms Vehicle 7 sendRequestVote called for node 7
165503.5ms Vehicle 7 RAFT STATE CHANGED from 1 to 2
165503.5ms Vehicle 7 I am a candidate now! Starting election...
166443.5ms Vehicle 7 sendRequestVote called for node 1
166443.5ms Vehicle 7 sendRequestVote called for node 2
166443.5ms Vehicle 7 sendRequestVote called for node 3
166443.5ms Vehicle 7 sendRequestVote called for node 4
166443.5ms Vehicle 7 sendRequestVote called for node 5
166443.5ms Vehicle 7 sendRequestVote called for node 6
166443.5ms Vehicle 7 sendRequestVote called for node 7
167943.5ms Vehicle 7 sendRequestVote called for node 1
167943.5ms Vehicle 7 sendRequestVote called for node 2
167943.5ms Vehicle 7 sendRequestVote called for node 3
167943.5ms Vehicle 7 sendRequestVote called for node 4
167943.5ms Vehicle 7 sendRequestVote called for node 5
167943.5ms Vehicle 7 sendRequestVote called for node 6
167943.5ms Vehicle 7 sendRequestVote called for node 7
169163.5ms Vehicle 7 sendRequestVote called for node 1
169163.5ms Vehicle 7 sendRequestVote called for node 2
169163.5ms Vehicle 7 sendRequestVote called for node 3
169163.5ms Vehicle 7 sendRequestVote called for node 4
169163.5ms Vehicle 7 sendRequestVote called for node 5
169163.5ms Vehicle 7 sendRequestVote called for node 6
169163.5ms Vehicle 7 sendRequestVote called for node 7
170143.2ms Vehicle 3 sendRequestVote called for node 1
170143.2ms Vehicle 3 sendRequestVote called for node 2
170143.2ms Vehicle 3 sendRequestVote called for node 3
170143.2ms Vehicle 3 sendRequestVote called for node 5
170143.2ms Vehicle 3 sendRequestVote called for node 6
170143.2ms Vehicle 3 sendRequestVote called for node 7
170143.2ms Vehicle 3 sendRequestVote called for node 8
170143.2ms Vehicle 3 RAFT STATE CHANGED from 1 to 2
170143.2ms Vehicle 3 I am a candidate now! Starting election...
171283.5ms Vehicle 7 sendRequestVote called for node 1
171283.5ms Vehicle 7 sendRequestVote called for node 2
171283.5ms Vehicle 7 sendRequestVote called for node 3
171283.5ms Vehicle 7 sendRequestVote called for node 4
171283.5ms Vehicle 7 sendRequestVote called for node 5
171283.5ms Vehicle 7 sendRequestVote called for node 6
171283.5ms Vehicle 7 sendRequestVote called for node 7
171283.5ms Vehicle 7 RAFT STATE CHANGED from 1 to 2
171283.5ms Vehicle 7 I am a candidate now! Starting election...
172483.5ms Vehicle 7 sendRequestVote called for node 1
172483.5ms Vehicle 7 sendRequestVote called for node 2
172483.5ms Vehicle 7 sendRequestVote called for node 3
172483.5ms Vehicle 7 sendRequestVote called for node 4
172483.5ms Vehicle 7 sendRequestVote called for node 5
172483.5ms Vehicle 7 sendRequestVote called for node 6
172483.5ms Vehicle 7 sendRequestVote called for node 7
173423.2ms Vehicle 3 sendRequestVote called for node 1
173423.2ms Vehicle 3 sendRequestVote called for node 2
173423.2ms Vehicle 3 sendRequestVote called for node 3
173423.2ms Vehicle 3 sendRequestVote called for node 5
173423.2ms Vehicle 3 sendRequestVote called for node 6
173423.2ms Vehicle 3 sendRequestVote called for node 7
173423.2ms Vehicle 3 sendRequestVote called for node 8
173423.2ms Vehicle 3 RAFT STATE CHANGED from 1 to 2
173423.2ms Vehicle 3 I am a candidate now! Starting election...
174603.5ms Vehicle 7 sendRequestVote called for node 1
174603.5ms Vehicle 7 sendRequestVote called for node 2
174603.5ms Vehicle 7 sendRequestVote called for node 3
174603.5ms Vehicle 7 sendRequestVote called for node 4
174603.5ms Vehicle 7 sendRequestVote called for node 5
174603.5ms Vehicle 7 sendRequestVote called for node 6
174603.5ms Vehicle 7 sendRequestVote called for node 7
174603.5ms Vehicle 7 RAFT STATE CHANGED from 1 to 2
174603.5ms Vehicle 7 I am a candidate now! Starting election...
175943.2ms Vehicle 3 sendRequestVote called for node 1
175943.2ms Vehicle 3 sendRequestVote called for node 2
175943.2ms Vehicle 3 sendRequestVote called for node 3
175943.2ms Vehicle 3 sendRequestVote called for node 5
175943.2ms Vehicle 3 sendRequestVote called for node 6
175943.2ms Vehicle 3 sendRequestVote called for node 7
175943.2ms Vehicle 3 sendRequestVote called for node 8
175943.2ms Vehicle 3 RAFT STATE CHANGED from 1 to 2
175943.2ms Vehicle 3 I am a candidate now! Starting election...
175943.5ms Vehicle 7 sendRequestVote called for node 1
175943.5ms Vehicle 7 sendRequestVote called for node 2
175943.5ms Vehicle 7 sendRequestVote called for node 3
175943.5ms Vehicle 7 sendRequestVote called for node 4
175943.5ms Vehicle 7 sendRequestVote called for node 5
175943.5ms Vehicle 7 sendRequestVote called for node 6
175943.5ms Vehicle 7 sendRequestVote called for node 7
177063.5ms Vehicle 7 sendRequestVote called for node 1
177063.5ms Vehicle 7 sendRequestVote called for node 2
177063.5ms Vehicle 7 sendRequestVote called for node 3
177063.5ms Vehicle 7 sendRequestVote called for node 4
177063.5ms Vehicle 7 sendRequestVote called for node 5
177063.5ms Vehicle 7 sendRequestVote called for node 6
177063.5ms Vehicle 7 sendRequestVote called for node 7
178383.5ms Vehicle 7 sendRequestVote called for node 1
178383.5ms Vehicle 7 sendRequestVote called for node 2
178383.5ms Vehicle 7 sendRequestVote called for node 3
178383.5ms Vehicle 7 sendRequestVote called for node 4
178383.5ms Vehicle 7 sendRequestVote called for node 5
178383.5ms Vehicle 7 sendRequestVote called for node 6
178383.5ms Vehicle 7 sendRequestVote called for node 7
179363.2ms Vehicle 3 sendRequestVote called for node 1
179363.2ms Vehicle 3 sendRequestVote called for node 2
179363.2ms Vehicle 3 sendRequestVote called for node 3
179363.2ms Vehicle 3 sendRequestVote called for node 5
179363.2ms Vehicle 3 sendRequestVote called for node 6
179363.2ms Vehicle 3 sendRequestVote called for node 7
179363.2ms Vehicle 3 sendRequestVote called for node 8
179363.2ms Vehicle 3 RAFT STATE CHANGED from 1 to 2
179363.2ms Vehicle 3 I am a candidate now! Starting election...
180363.5ms Vehicle 7 sendRequestVote called for node 1
180363.5ms Vehicle 7 sendRequestVote called for node 2
180363.5ms Vehicle 7 sendRequestVote called for node 3
180363.5ms Vehicle 7 sendRequestVote called for node 4
180363.5ms Vehicle 7 sendRequestVote called for node 5
180363.5ms Vehicle 7 sendRequestVote called for node 6
180363.5ms Vehicle 7 sendRequestVote called for node 7
180363.5ms Vehicle 7 RAFT STATE CHANGED from 1 to 2
180363.5ms Vehicle 7 I am a candidate now! Starting election...
181543.5ms Vehicle 7 sendRequestVote called for node 1
181543.5ms Vehicle 7 sendRequestVote called for node 2
181543.5ms Vehicle 7 sendRequestVote called for node 3
181543.5ms Vehicle 7 sendRequestVote called for node 4
181543.5ms Vehicle 7 sendRequestVote called for node 5
181543.5ms Vehicle 7 sendRequestVote called for node 6
181543.5ms Vehicle 7 sendRequestVote called for node 7
182563.2ms Vehicle 3 sendRequestVote called for node 1
182563.2ms Vehicle 3 sendRequestVote called for node 2
182563.2ms Vehicle 3 sendRequestVote called for node 3
182563.2ms Vehicle 3 sendRequestVote called for node 5
182563.2ms Vehicle 3 sendRequestVote called for node 6
182563.2ms Vehicle 3 sendRequestVote called for node 7
182563.2ms Vehicle 3 sendRequestVote called for node 8
182563.2ms Vehicle 3 RAFT STATE CHANGED from 1 to 2
182563.2ms Vehicle 3 I am a candidate now! Starting election...
183443.2ms Vehicle 3 sendRequestVote called for node 1
183443.2ms Vehicle 3 sendRequestVote called for node 2
183443.2ms Vehicle 3 sendRequestVote called for node 3
183443.2ms Vehicle 3 sendRequestVote called for node 5
183443.2ms Vehicle 3 sendRequestVote called for node 6
183443.2ms Vehicle 3 sendRequestVote called for node 7
183443.2ms Vehicle 3 sendRequestVote called for node 8
184663.2ms Vehicle 3 sendRequestVote called for node 1
184663.2ms Vehicle 3 sendRequestVote called for node 2
184663.2ms Vehicle 3 sendRequestVote called for node 3
184663.2ms Vehicle 3 sendRequestVote called for node 5
184663.2ms Vehicle 3 sendRequestVote called for node 6
184663.2ms Vehicle 3 sendRequestVote called for node 7
184663.2ms Vehicle 3 sendRequestVote called for node 8
185503.2ms Vehicle 3 sendRequestVote called for node 1
185503.2ms Vehicle 3 sendRequestVote called for node 2
185503.2ms Vehicle 3 sendRequestVote called for node 3
185503.2ms Vehicle 3 sendRequestVote called for node 5
185503.2ms Vehicle 3 sendRequestVote called for node 6
185503.2ms Vehicle 3 sendRequestVote called for node 7
185503.2ms Vehicle 3 sendRequestVote called for node 8
186343.2ms Vehicle 3 sendRequestVote called for node 1
186343.2ms Vehicle 3 sendRequestVote called for node 2
186343.2ms Vehicle 3 sendRequestVote called for node 3
186343.2ms Vehicle 3 sendRequestVote called for node 5
186343.2ms Vehicle 3 sendRequestVote called for node 6
186343.2ms Vehicle 3 sendRequestVote called for node 7
186343.2ms Vehicle 3 sendRequestVote called for node 8
187723.2ms Vehicle 3 sendRequestVote called for node 1
187723.2ms Vehicle 3 sendRequestVote called for node 2
187723.2ms Vehicle 3 sendRequestVote called for node 3
187723.2ms Vehicle 3 sendRequestVote called for node 5
187723.2ms Vehicle 3 sendRequestVote called for node 6
187723.2ms Vehicle 3 sendRequestVote called for node 7
187723.2ms Vehicle 3 sendRequestVote called for node 8
187723.5ms Vehicle 7 sendRequestVote called for node 1
187723.5ms Vehicle 7 sendRequestVote called for node 2
187723.5ms Vehicle 7 sendRequestVote called for node 3
187723.5ms Vehicle 7 sendRequestVote called for node 4
187723.5ms Vehicle 7 sendRequestVote called for node 5
187723.5ms Vehicle 7 sendRequestVote called for node 6
187723.5ms Vehicle 7 sendRequestVote called for node 7
187723.5ms Vehicle 7 RAFT STATE CHANGED from 1 to 2
187723.5ms Vehicle 7 I am a candidate now! Starting election...
188763.2ms Vehicle 3 sendRequestVote called for node 1
188763.2ms Vehicle 3 sendRequestVote called for node 2
188763.2ms Vehicle 3 sendRequestVote called for node 3
188763.2ms Vehicle 3 sendRequestVote called for node 5
188763.2ms Vehicle 3 sendRequestVote called for node 6
188763.2ms Vehicle 3 sendRequestVote called for node 7
188763.2ms Vehicle 3 sendRequestVote called for node 8
190063.5ms Vehicle 7 sendRequestVote called for node 1
190063.5ms Vehicle 7 sendRequestVote called for node 2
190063.5ms Vehicle 7 sendRequestVote called for node 3
190063.5ms Vehicle 7 sendRequestVote called for node 4
190063.5ms Vehicle 7 sendRequestVote called for node 5
190063.5ms Vehicle 7 sendRequestVote called for node 6
190063.5ms Vehicle 7 sendRequestVote called for node 7
190063.5ms Vehicle 7 RAFT STATE CHANGED from 1 to 2
190063.5ms Vehicle 7 I am a candidate now! Starting election...
191263.5ms Vehicle 7 sendRequestVote called for node 1
191263.5ms Vehicle 7 sendRequestVote called for node 2
191263.5ms Vehicle 7 sendRequestVote called for node 3
191263.5ms Vehicle 7 sendRequestVote called for node 4
191263.5ms Vehicle 7 sendRequestVote called for node 5
191263.5ms Vehicle 7 sendRequestVote called for node 6
191263.5ms Vehicle 7 sendRequestVote called for node 7
192403.5ms Vehicle 7 sendRequestVote called for node 1
192403.5ms Vehicle 7 sendRequestVote called for node 2
192403.5ms Vehicle 7 sendRequestVote called for node 3
192403.5ms Vehicle 7 sendRequestVote called for node 4
192403.5ms Vehicle 7 sendRequestVote called for node 5
192403.5ms Vehicle 7 sendRequestVote called for node 6
192403.5ms Vehicle 7 sendRequestVote called for node 7
193403.2ms Vehicle 3 sendRequestVote called for node 1
193403.2ms Vehicle 3 sendRequestVote called for node 2
193403.2ms Vehicle 3 sendRequestVote called for node 3
193403.2ms Vehicle 3 sendRequestVote called for node 5
193403.2ms Vehicle 3 sendRequestVote called for node 6
193403.2ms Vehicle 3 sendRequestVote called for node 7
193403.2ms Vehicle 3 sendRequestVote called for node 8
193403.2ms Vehicle 3 RAFT STATE CHANGED from 1 to 2
193403.2ms Vehicle 3 I am a candidate now! Starting election...
194443.2ms Vehicle 3 sendRequestVote called for node 1
194443.2ms Vehicle 3 sendRequestVote called for node 2
194443.2ms Vehicle 3 sendRequestVote called for node 3
194443.2ms Vehicle 3 sendRequestVote called for node 5
194443.2ms Vehicle 3 sendRequestVote called for node 6
194443.2ms Vehicle 3 sendRequestVote called for node 7
194443.2ms Vehicle 3 sendRequestVote called for node 8
195503.5ms Vehicle 7 sendRequestVote called for node 1
195503.5ms Vehicle 7 sendRequestVote called for node 2
195503.5ms Vehicle 7 sendRequestVote called for node 3
195503.5ms Vehicle 7 sendRequestVote called for node 4
195503.5ms Vehicle 7 sendRequestVote called for node 5
195503.5ms Vehicle 7 sendRequestVote called for node 6
195503.5ms Vehicle 7 sendRequestVote called for node 7
195503.5ms Vehicle 7 RAFT STATE CHANGED from 1 to 2
195503.5ms Vehicle 7 I am a candidate now! Starting election...
197023.5ms Vehicle 7 sendRequestVote called for node 1
197023.5ms Vehicle 7 sendRequestVote called for node 2
197023.5ms Vehicle 7 sendRequestVote called for node 3
197023.5ms Vehicle 7 sendRequestVote called for node 4
197023.5ms Vehicle 7 sendRequestVote called for node 5
197023.5ms Vehicle 7 sendRequestVote called for node 6
197023.5ms Vehicle 7 sendRequestVote called for node 7
198243.5ms Vehicle 7 sendRequestVote called for node 1
198243.5ms Vehicle 7 sendRequestVote called for node 2
198243.5ms Vehicle 7 sendRequestVote called for node 3
198243.5ms Vehicle 7 sendRequestVote called for node 4
198243.5ms Vehicle 7 sendRequestVote called for node 5
198243.5ms Vehicle 7 sendRequestVote called for node 6
198243.5ms Vehicle 7 sendRequestVote called for node 7
199323.5ms Vehicle 7 sendRequestVote called for node 1
199323.5ms Vehicle 7 sendRequestVote called for node 2
199323.5ms Vehicle 7 sendRequestVote called for node 3
199323.5ms Vehicle 7 sendRequestVote called for node 4
199323.5ms Vehicle 7 sendRequestVote called for node 5
199323.5ms Vehicle 7 sendRequestVote called for node 6
199323.5ms Vehicle 7 sendRequestVote called for node 7
200543.2ms Vehicle 3 sendRequestVote called for node 1
200543.2ms Vehicle 3 sendRequestVote called for node 2
200543.2ms Vehicle 3 sendRequestVote called for node 3
200543.2ms Vehicle 3 sendRequestVote called for node 5
200543.2ms Vehicle 3 sendRequestVote called for node 6
200543.2ms Vehicle 3 sendRequestVote called for node 7
200543.2ms Vehicle 3 sendRequestVote called for node 8
200543.2ms Vehicle 3 RAFT STATE CHANGED from 1 to 2
200543.2ms Vehicle 3 I am a candidate now! Starting election...
201423.2ms Vehicle 3 sendRequestVote called for node 1
201423.2ms Vehicle 3 sendRequestVote called for node 2
201423.2ms Vehicle 3 sendRequestVote called for node 3
201423.2ms Vehicle 3 sendRequestVote called for node 5
201423.2ms Vehicle 3 sendRequestVote called for node 6
201423.2ms Vehicle 3 sendRequestVote called for node 7
201423.2ms Vehicle 3 sendRequestVote called for node 8
202563.5ms Vehicle 7 sendRequestVote called for node 1
202563.5ms Vehicle 7 sendRequestVote called for node 2
202563.5ms Vehicle 7 sendRequestVote called for node 3
202563.5ms Vehicle 7 sendRequestVote called for node 4
202563.5ms Vehicle 7 sendRequestVote called for node 5
202563.5ms Vehicle 7 sendRequestVote called for node 6
202563.5ms Vehicle 7 sendRequestVote called for node 7
202563.5ms Vehicle 7 RAFT STATE CHANGED from 1 to 2
202563.5ms Vehicle 7 I am a candidate now! Starting election...
203683.5ms Vehicle 7 sendRequestVote called for node 1
203683.5ms Vehicle 7 sendRequestVote called for node 2
203683.5ms Vehicle 7 sendRequestVote called for node 3
203683.5ms Vehicle 7 sendRequestVote called for node 4
203683.5ms Vehicle 7 sendRequestVote called for node 5
203683.5ms Vehicle 7 sendRequestVote called for node 6
203683.5ms Vehicle 7 sendRequestVote called for node 7
204723.2ms Vehicle 3 sendRequestVote called for node 1
204723.2ms Vehicle 3 sendRequestVote called for node 2
204723.2ms Vehicle 3 sendRequestVote called for node 3
204723.2ms Vehicle 3 sendRequestVote called for node 5
204723.2ms Vehicle 3 sendRequestVote called for node 6
204723.2ms Vehicle 3 sendRequestVote called for node 7
204723.2ms Vehicle 3 sendRequestVote called for node 8
204723.2ms Vehicle 3 RAFT STATE CHANGED from 1 to 2
204723.2ms Vehicle 3 I am a candidate now! Starting election...
206223.5ms Vehicle 7 sendRequestVote called for node 1
206223.5ms Vehicle 7 sendRequestVote called for node 2
206223.5ms Vehicle 7 sendRequestVote called for node 3
206223.5ms Vehicle 7 sendRequestVote called for node 4
206223.5ms Vehicle 7 sendRequestVote called for node 5
206223.5ms Vehicle 7 sendRequestVote called for node 6
206223.5ms Vehicle 7 sendRequestVote called for node 7
206223.5ms Vehicle 7 RAFT STATE CHANGED from 1 to 2
206223.5ms Vehicle 7 I am a candidate now! Starting election...
207743.2ms Vehicle 3 sendRequestVote called for node 1
207743.2ms Vehicle 3 sendRequestVote called for node 2
207743.2ms Vehicle 3 sendRequestVote called for node 3
207743.2ms Vehicle 3 sendRequestVote called for node 5
207743.2ms Vehicle 3 sendRequestVote called for node 6
207743.2ms Vehicle 3 sendRequestVote called for node 7
207743.2ms Vehicle 3 sendRequestVote called for node 8
207743.2ms Vehicle 3 RAFT STATE CHANGED from 1 to 2
207743.2ms Vehicle 3 I am a candidate now! Starting election...
208843.2ms Vehicle 3 sendRequestVote called for node 1
208843.2ms Vehicle 3 sendRequestVote called for node 2
208843.2ms Vehicle 3 sendRequestVote called for node 3
208843.2ms Vehicle 3 sendRequestVote called for node 5
208843.2ms Vehicle 3 sendRequestVote called for node 6
208843.2ms Vehicle 3 sendRequestVote called for node 7
208843.2ms Vehicle 3 sendRequestVote called for node 8
209783.2ms Vehicle 3 sendRequestVote called for node 1
209783.2ms Vehicle 3 sendRequestVote called for node 2
209783.2ms Vehicle 3 sendRequestVote called for node 3
209783.2ms Vehicle 3 sendRequestVote called for node 5
209783.2ms Vehicle 3 sendRequestVote called for node 6
209783.2ms Vehicle 3 sendRequestVote called for node 7
209783.2ms Vehicle 3 sendRequestVote called for node 8
211323.2ms Vehicle 3 sendRequestVote called for node 1
211323.2ms Vehicle 3 sendRequestVote called for node 2
211323.2ms Vehicle 3 sendRequestVote called for node 3
211323.2ms Vehicle 3 sendRequestVote called for node 5
211323.2ms Vehicle 3 sendRequestVote called for node 6
211323.2ms Vehicle 3 sendRequestVote called for node 7
211323.2ms Vehicle 3 sendRequestVote called for node 8
212343.2ms Vehicle 3 sendRequestVote called for node 1
212343.2ms Vehicle 3 sendRequestVote called for node 2
212343.2ms Vehicle 3 sendRequestVote called for node 3
212343.2ms Vehicle 3 sendRequestVote called for node 5
212343.2ms Vehicle 3 sendRequestVote called for node 6
212343.2ms Vehicle 3 sendRequestVote called for node 7
212343.2ms Vehicle 3 sendRequestVote called for node 8
213263.2ms Vehicle 3 sendRequestVote called for node 1
213263.2ms Vehicle 3 sendRequestVote called for node 2
213263.2ms Vehicle 3 sendRequestVote called for node 3
213263.2ms Vehicle 3 sendRequestVote called for node 5
213263.2ms Vehicle 3 sendRequestVote called for node 6
213263.2ms Vehicle 3 sendRequestVote called for node 7
213263.2ms Vehicle 3 sendRequestVote called for node 8
214143.5ms Vehicle 7 sendRequestVote called for node 1
214143.5ms Vehicle 7 sendRequestVote called for node 2
214143.5ms Vehicle 7 sendRequestVote called for node 3
214143.5ms Vehicle 7 sendRequestVote called for node 4
214143.5ms Vehicle 7 sendRequestVote called for node 5
214143.5ms Vehicle 7 sendRequestVote called for node 6
214143.5ms Vehicle 7 sendRequestVote called for node 7
214143.5ms Vehicle 7 RAFT STATE CHANGED from 1 to 2
214143.5ms Vehicle 7 I am a candidate now! Starting election...
215463.2ms Vehicle 3 sendRequestVote called for node 1
215463.2ms Vehicle 3 sendRequestVote called for node 2
215463.2ms Vehicle 3 sendRequestVote called for node 3
215463.2ms Vehicle 3 sendRequestVote called for node 5
215463.2ms Vehicle 3 sendRequestVote called for node 6
215463.2ms Vehicle 3 sendRequestVote called for node 7
215463.2ms Vehicle 3 sendRequestVote called for node 8
215463.2ms Vehicle 3 RAFT STATE CHANGED from 1 to 2
215463.2ms Vehicle 3 I am a candidate now! Starting election...
216483.2ms Vehicle 3 sendRequestVote called for node 1
216483.2ms Vehicle 3 sendRequestVote called for node 2
216483.2ms Vehicle 3 sendRequestVote called for node 3
216483.2ms Vehicle 3 sendRequestVote called for node 5
216483.2ms Vehicle 3 sendRequestVote called for node 6
216483.2ms Vehicle 3 sendRequestVote called for node 7
216483.2ms Vehicle 3 sendRequestVote called for node 8
217483.2ms Vehicle 3 sendRequestVote called for node 1
217483.2ms Vehicle 3 sendRequestVote called for node 2
217483.2ms Vehicle 3 sendRequestVote called for node 3
217483.2ms Vehicle 3 sendRequestVote called for node 5
217483.2ms Vehicle 3 sendRequestVote called for node 6
217483.2ms Vehicle 3 sendRequestVote called for node 7
217483.2ms Vehicle 3 sendRequestVote called for node 8
218823.2ms Vehicle 3 sendRequestVote called for node 1
218823.2ms Vehicle 3 sendRequestVote called for node 2
218823.2ms Vehicle 3 sendRequestVote called for node 3
218823.2ms Vehicle 3 sendRequestVote called for node 5
218823.2ms Vehicle 3 sendRequestVote called for node 6
218823.2ms Vehicle 3 sendRequestVote called for node 7
218823.2ms Vehicle 3 sendRequestVote called for node 8
218823.5ms Vehicle 7 sendRequestVote called for node 1
218823.5ms Vehicle 7 sendRequestVote called for node 2
218823.5ms Vehicle 7 sendRequestVote called for node 3
218823.5ms Vehicle 7 sendRequestVote called for node 4
218823.5ms Vehicle 7 sendRequestVote called for node 5
218823.5ms Vehicle 7 sendRequestVote called for node 6
218823.5ms Vehicle 7 sendRequestVote called for node 7
218823.5ms Vehicle 7 RAFT STATE CHANGED from 1 to 2
218823.5ms Vehicle 7 I am a candidate now! Starting election...
219823.5ms Vehicle 7 sendRequestVote called for node 1
219823.5ms Vehicle 7 sendRequestVote called for node 2
219823.5ms Vehicle 7 sendRequestVote called for node 3
219823.5ms Vehicle 7 sendRequestVote called for node 4
219823.5ms Vehicle 7 sendRequestVote called for node 5
219823.5ms Vehicle 7 sendRequestVote called for node 6
219823.5ms Vehicle 7 sendRequestVote called for node 7
220943.2ms Vehicle 3 sendRequestVote called for node 1
220943.2ms Vehicle 3 sendRequestVote called for node 2
220943.2ms Vehicle 3 sendRequestVote called for node 3
220943.2ms Vehicle 3 sendRequestVote called for node 5
220943.2ms Vehicle 3 sendRequestVote called for node 6
220943.2ms Vehicle 3 sendRequestVote called for node 7
220943.2ms Vehicle 3 sendRequestVote called for node 8
220943.2ms Vehicle 3 RAFT STATE CHANGED from 1 to 2
220943.2ms Vehicle 3 I am a candidate now! Starting election...
220943.5ms Vehicle 7 sendRequestVote called for node 1
220943.5ms Vehicle 7 sendRequestVote called for node 2
220943.5ms Vehicle 7 sendRequestVote called for node 3
220943.5ms Vehicle 7 sendRequestVote called for node 4
220943.5ms Vehicle 7 sendRequestVote called for node 5
220943.5ms Vehicle 7 sendRequestVote called for node 6
220943.5ms Vehicle 7 sendRequestVote called for node 7
222243.2ms Vehicle 3 sendRequestVote called for node 1
222243.2ms Vehicle 3 sendRequestVote called for node 2
222243.2ms Vehicle 3 sendRequestVote called for node 3
222243.2ms Vehicle 3 sendRequestVote called for node 5
222243.2ms Vehicle 3 sendRequestVote called for node 6
222243.2ms Vehicle 3 sendRequestVote called for node 7
222243.2ms Vehicle 3 sendRequestVote called for node 8
223403.5ms Vehicle 7 sendRequestVote called for node 1
223403.5ms Vehicle 7 sendRequestVote called for node 2
223403.5ms Vehicle 7 sendRequestVote called for node 3
223403.5ms Vehicle 7 sendRequestVote called for node 4
223403.5ms Vehicle 7 sendRequestVote called for node 5
223403.5ms Vehicle 7 sendRequestVote called for node 6
223403.5ms Vehicle 7 sendRequestVote called for node 7
223403.5ms Vehicle 7 RAFT STATE CHANGED from 1 to 2
223403.5ms Vehicle 7 I am a candidate now! Starting election...
224663.2ms Vehicle 3 sendRequestVote called for node 1
224663.2ms Vehicle 3 sendRequestVote called for node 2
224663.2ms Vehicle 3 sendRequestVote called for node 3
224663.2ms Vehicle 3 sendRequestVote called for node 5
224663.2ms Vehicle 3 sendRequestVote called for node 6
224663.2ms Vehicle 3 sendRequestVote called for node 7
224663.2ms Vehicle 3 sendRequestVote called for node 8
224663.2ms Vehicle 3 RAFT STATE CHANGED from 1 to 2
224663.2ms Vehicle 3 I am a candidate now! Starting election...
225543.2ms Vehicle 3 sendRequestVote called for node 1
225543.2ms Vehicle 3 sendRequestVote called for node 2
225543.2ms Vehicle 3 sendRequestVote called for node 3
225543.2ms Vehicle 3 sendRequestVote called for node 5
225543.2ms Vehicle 3 sendRequestVote called for node 6
225543.2ms Vehicle 3 sendRequestVote called for node 7
225543.2ms Vehicle 3 sendRequestVote called for node 8
226683.5ms Vehicle 7 sendRequestVote called for node 1
226683.5ms Vehicle 7 sendRequestVote called for node 2
226683.5ms Vehicle 7 sendRequestVote called for node 3
226683.5ms Vehicle 7 sendRequestVote called for node 4
226683.5ms Vehicle 7 sendRequestVote called for node 5
226683.5ms Vehicle 7 sendRequestVote called for node 6
226683.5ms Vehicle 7 sendRequestVote called for node 7
226683.5ms Vehicle 7 RAFT STATE CHANGED from 1 to 2
226683.5ms Vehicle 7 I am a candidate now! Starting election...
227583.2ms Vehicle 3 sendRequestVote called for node 1
227583.2ms Vehicle 3 sendRequestVote called for node 2
227583.2ms Vehicle 3 sendRequestVote called for node 3
227583.2ms Vehicle 3 sendRequestVote called for node 5
227583.2ms Vehicle 3 sendRequestVote called for node 6
227583.2ms Vehicle 3 sendRequestVote called for node 7
227583.2ms Vehicle 3 sendRequestVote called for node 8
227583.2ms Vehicle 3 RAFT STATE CHANGED from 1 to 2
227583.2ms Vehicle 3 I am a candidate now! Starting election...
228423.2ms Vehicle 3 sendRequestVote called for node 1
228423.2ms Vehicle 3 sendRequestVote called for node 2
228423.2ms Vehicle 3 sendRequestVote called for node 3
228423.2ms Vehicle 3 sendRequestVote called for node 5
228423.2ms Vehicle 3 sendRequestVote called for node 6
228423.2ms Vehicle 3 sendRequestVote called for node 7
228423.2ms Vehicle 3 sendRequestVote called for node 8
229683.5ms Vehicle 7 sendRequestVote called for node 1
229683.5ms Vehicle 7 sendRequestVote called for node 2
229683.5ms Vehicle 7 sendRequestVote called for node 3
229683.5ms Vehicle 7 sendRequestVote called for node 4
229683.5ms Vehicle 7 sendRequestVote called for node 5
229683.5ms Vehicle 7 sendRequestVote called for node 6
229683.5ms Vehicle 7 sendRequestVote called for node 7
229683.5ms Vehicle 7 RAFT STATE CHANGED from 1 to 2
229683.5ms Vehicle 7 I am a candidate now! Starting election...
230543.2ms Vehicle 3 sendRequestVote called for node 1
230543.2ms Vehicle 3 sendRequestVote called for node 2
230543.2ms Vehicle 3 sendRequestVote called for node 3
230543.2ms Vehicle 3 sendRequestVote called for node 5
230543.2ms Vehicle 3 sendRequestVote called for node 6
230543.2ms Vehicle 3 sendRequestVote called for node 7
230543.2ms Vehicle 3 sendRequestVote called for node 8
230543.2ms Vehicle 3 RAFT STATE CHANGED from 1 to 2
230543.2ms Vehicle 3 I am a candidate now! Starting election...
231543.2ms Vehicle 3 sendRequestVote called for node 1
231543.2ms Vehicle 3 sendRequestVote called for node 2
231543.2ms Vehicle 3 sendRequestVote called for node 3
231543.2ms Vehicle 3 sendRequestVote called for node 5
231543.2ms Vehicle 3 sendRequestVote called for node 6
231543.2ms Vehicle 3 sendRequestVote called for node 7
231543.2ms Vehicle 3 sendRequestVote called for node 8
232623.2ms Vehicle 3 sendRequestVote called for node 1
232623.2ms Vehicle 3 sendRequestVote called for node 2
232623.2ms Vehicle 3 sendRequestVote called for node 3
232623.2ms Vehicle 3 sendRequestVote called for node 5
232623.2ms Vehicle 3 sendRequestVote called for node 6
232623.2ms Vehicle 3 sendRequestVote called for node 7
232623.2ms Vehicle 3 sendRequestVote called for node 8
232623.5ms Vehicle 7 sendRequestVote called for node 1
232623.5ms Vehicle 7 sendRequestVote called for node 2
232623.5ms Vehicle 7 sendRequestVote called for node 3
232623.5ms Vehicle 7 sendRequestVote called for node 4
232623.5ms Vehicle 7 sendRequestVote called for node 5
232623.5ms Vehicle 7 sendRequestVote called for node 6
232623.5ms Vehicle 7 sendRequestVote called for node 7
232623.5ms Vehicle 7 RAFT STATE CHANGED from 1 to 2
232623.5ms Vehicle 7 I am a candidate now! Starting election...
233463.2ms Vehicle 3 sendRequestVote called for node 1
233463.2ms Vehicle 3 sendRequestVote called for node 2
233463.2ms Vehicle 3 sendRequestVote called for node 3
233463.2ms Vehicle 3 sendRequestVote called for node 5
233463.2ms Vehicle 3 sendRequestVote called for node 6
233463.2ms Vehicle 3 sendRequestVote called for node 7
233463.2ms Vehicle 3 sendRequestVote called for node 8
234443.5ms Vehicle 7 sendRequestVote called for node 1
234443.5ms Vehicle 7 sendRequestVote called for node 2
234443.5ms Vehicle 7 sendRequestVote called for node 3
234443.5ms Vehicle 7 sendRequestVote called for node 4
234443.5ms Vehicle 7 sendRequestVote called for node 5
234443.5ms Vehicle 7 sendRequestVote called for node 6
234443.5ms Vehicle 7 sendRequestVote called for node 7
234443.5ms Vehicle 7 RAFT STATE CHANGED from 1 to 2
234443.5ms Vehicle 7 I am a candidate now! Starting election...
235743.5ms Vehicle 7 sendRequestVote called for node 1
235743.5ms Vehicle 7 sendRequestVote called for node 2
235743.5ms Vehicle 7 sendRequestVote called for node 3
235743.5ms Vehicle 7 sendRequestVote called for node 4
235743.5ms Vehicle 7 sendRequestVote called for node 5
235743.5ms Vehicle 7 sendRequestVote called for node 6
235743.5ms Vehicle 7 sendRequestVote called for node 7
236843.2ms Vehicle 3 sendRequestVote called for node 1
236843.2ms Vehicle 3 sendRequestVote called for node 2
236843.2ms Vehicle 3 sendRequestVote called for node 3
236843.2ms Vehicle 3 sendRequestVote called for node 5
236843.2ms Vehicle 3 sendRequestVote called for node 6
236843.2ms Vehicle 3 sendRequestVote called for node 7
236843.2ms Vehicle 3 sendRequestVote called for node 8
236843.2ms Vehicle 3 RAFT STATE CHANGED from 1 to 2
236843.2ms Vehicle 3 I am a candidate now! Starting election...
238283.5ms Vehicle 7 sendRequestVote called for node 1
238283.5ms Vehicle 7 sendRequestVote called for node 2
238283.5ms Vehicle 7 sendRequestVote called for node 3
238283.5ms Vehicle 7 sendRequestVote called for node 4
238283.5ms Vehicle 7 sendRequestVote called for node 5
238283.5ms Vehicle 7 sendRequestVote called for node 6
238283.5ms Vehicle 7 sendRequestVote called for node 7
238283.5ms Vehicle 7 RAFT STATE CHANGED from 1 to 2
238283.5ms Vehicle 7 I am a candidate now! Starting election...
239503.2ms Vehicle 3 sendRequestVote called for node 1
239503.2ms Vehicle 3 sendRequestVote called for node 2
239503.2ms Vehicle 3 sendRequestVote called for node 3
239503.2ms Vehicle 3 sendRequestVote called for node 5
239503.2ms Vehicle 3 sendRequestVote called for node 6
239503.2ms Vehicle 3 sendRequestVote called for node 7
239503.2ms Vehicle 3 sendRequestVote called for node 8
239503.2ms Vehicle 3 RAFT STATE CHANGED from 1 to 2
239503.2ms Vehicle 3 I am a candidate now! Starting election...
240403.2ms Vehicle 3 sendRequestVote called for node 1
240403.2ms Vehicle 3 sendRequestVote called for node 2
240403.2ms Vehicle 3 sendRequestVote called for node 3
240403.2ms Vehicle 3 sendRequestVote called for node 5
240403.2ms Vehicle 3 sendRequestVote called for node 6
240403.2ms Vehicle 3 sendRequestVote called for node 7
240403.2ms Vehicle 3 sendRequestVote called for node 8
241803.2ms Vehicle 3 sendRequestVote called for node 1
241803.2ms Vehicle 3 sendRequestVote called for node 2
241803.2ms Vehicle 3 sendRequestVote called for node 3
241803.2ms Vehicle 3 sendRequestVote called for node 5
241803.2ms Vehicle 3 sendRequestVote called for node 6
241803.2ms Vehicle 3 sendRequestVote called for node 7
241803.2ms Vehicle 3 sendRequestVote called for node 8
242743.2ms Vehicle 3 sendRequestVote called for node 1
242743.2ms Vehicle 3 sendRequestVote called for node 2
242743.2ms Vehicle 3 sendRequestVote called for node 3
242743.2ms Vehicle 3 sendRequestVote called for node 5
242743.2ms Vehicle 3 sendRequestVote called for node 6
242743.2ms Vehicle 3 sendRequestVote called for node 7
242743.2ms Vehicle 3 sendRequestVote called for node 8
243923.2ms Vehicle 3 sendRequestVote called for node 1
243923.2ms Vehicle 3 sendRequestVote called for node 2
243923.2ms Vehicle 3 sendRequestVote called for node 3
243923.2ms Vehicle 3 sendRequestVote called for node 5
243923.2ms Vehicle 3 sendRequestVote called for node 6
243923.2ms Vehicle 3 sendRequestVote called for node 7
243923.2ms Vehicle 3 sendRequestVote called for node 8
244783.2ms Vehicle 3 sendRequestVote called for node 1
244783.2ms Vehicle 3 sendRequestVote called for node 2
244783.2ms Vehicle 3 sendRequestVote called for node 3
244783.2ms Vehicle 3 sendRequestVote called for node 5
244783.2ms Vehicle 3 sendRequestVote called for node 6
244783.2ms Vehicle 3 sendRequestVote called for node 7
244783.2ms Vehicle 3 sendRequestVote called for node 8
244783.5ms Vehicle 7 sendRequestVote called for node 1
244783.5ms Vehicle 7 sendRequestVote called for node 2
244783.5ms Vehicle 7 sendRequestVote called for node 3
244783.5ms Vehicle 7 sendRequestVote called for node 4
244783.5ms Vehicle 7 sendRequestVote called for node 5
244783.5ms Vehicle 7 sendRequestVote called for node 6
244783.5ms Vehicle 7 sendRequestVote called for node 7
244783.5ms Vehicle 7 RAFT STATE CHANGED from 1 to 2
244783.5ms Vehicle 7 I am a candidate now! Starting election...
246083.2ms Vehicle 3 sendRequestVote called for node 1
246083.2ms Vehicle 3 sendRequestVote called for node 2
246083.2ms Vehicle 3 sendRequestVote called for node 3
246083.2ms Vehicle 3 sendRequestVote called for node 5
246083.2ms Vehicle 3 sendRequestVote called for node 6
246083.2ms Vehicle 3 sendRequestVote called for node 7
246083.2ms Vehicle 3 sendRequestVote called for node 8
247163.2ms Vehicle 3 sendRequestVote called for node 1
247163.2ms Vehicle 3 sendRequestVote called for node 2
247163.2ms Vehicle 3 sendRequestVote called for node 3
247163.2ms Vehicle 3 sendRequestVote called for node 5
247163.2ms Vehicle 3 sendRequestVote called for node 6
247163.2ms Vehicle 3 sendRequestVote called for node 7
247163.2ms Vehicle 3 sendRequestVote called for node 8
248603.2ms Vehicle 3 sendRequestVote called for node 1
248603.2ms Vehicle 3 sendRequestVote called for node 2
248603.2ms Vehicle 3 sendRequestVote called for node 3
248603.2ms Vehicle 3 sendRequestVote called for node 5
248603.2ms Vehicle 3 sendRequestVote called for node 6
248603.2ms Vehicle 3 sendRequestVote called for node 7
248603.2ms Vehicle 3 sendRequestVote called for node 8
249523.5ms Vehicle 7 sendRequestVote called for node 1
249523.5ms Vehicle 7 sendRequestVote called for node 2
249523.5ms Vehicle 7 sendRequestVote called for node 3
249523.5ms Vehicle 7 sendRequestVote called for node 4
249523.5ms Vehicle 7 sendRequestVote called for node 5
249523.5ms Vehicle 7 sendRequestVote called for node 6
249523.5ms Vehicle 7 sendRequestVote called for node 7
249523.5ms Vehicle 7 RAFT STATE CHANGED from 1 to 2
249523.5ms Vehicle 7 I am a candidate now! Starting election...
250823.5ms Vehicle 7 sendRequestVote called for node 1
250823.5ms Vehicle 7 sendRequestVote called for node 2
250823.5ms Vehicle 7 sendRequestVote called for node 3
250823.5ms Vehicle 7 sendRequestVote called for node 4
250823.5ms Vehicle 7 sendRequestVote called for node 5
250823.5ms Vehicle 7 sendRequestVote called for node 6
250823.5ms Vehicle 7 sendRequestVote called for node 7
251703.5ms Vehicle 7 sendRequestVote called for node 1
251703.5ms Vehicle 7 sendRequestVote called for node 2
251703.5ms Vehicle 7 sendRequestVote called for node 3
251703.5ms Vehicle 7 sendRequestVote called for node 4
251703.5ms Vehicle 7 sendRequestVote called for node 5
251703.5ms Vehicle 7 sendRequestVote called for node 6
251703.5ms Vehicle 7 sendRequestVote called for node 7
252523.2ms Vehicle 3 sendRequestVote called for node 1
252523.2ms Vehicle 3 sendRequestVote called for node 2
252523.2ms Vehicle 3 sendRequestVote called for node 3
252523.2ms Vehicle 3 sendRequestVote called for node 5
252523.2ms Vehicle 3 sendRequestVote called for node 6
252523.2ms Vehicle 3 sendRequestVote called for node 7
252523.2ms Vehicle 3 sendRequestVote called for node 8
252523.2ms Vehicle 3 RAFT STATE CHANGED from 1 to 2
252523.2ms Vehicle 3 I am a candidate now! Starting election...
253963.2ms Vehicle 3 sendRequestVote called for node 1
253963.2ms Vehicle 3 sendRequestVote called for node 2
253963.2ms Vehicle 3 sendRequestVote called for node 3
253963.2ms Vehicle 3 sendRequestVote called for node 5
253963.2ms Vehicle 3 sendRequestVote called for node 6
253963.2ms Vehicle 3 sendRequestVote called for node 7
253963.2ms Vehicle 3 sendRequestVote called for node 8
254803.2ms Vehicle 3 sendRequestVote called for node 1
254803.2ms Vehicle 3 sendRequestVote called for node 2
254803.2ms Vehicle 3 sendRequestVote called for node 3
254803.2ms Vehicle 3 sendRequestVote called for node 5
254803.2ms Vehicle 3 sendRequestVote called for node 6
254803.2ms Vehicle 3 sendRequestVote called for node 7
254803.2ms Vehicle 3 sendRequestVote called for node 8
255823.2ms Vehicle 3 sendRequestVote called for node 1
255823.2ms Vehicle 3 sendRequestVote called for node 2
255823.2ms Vehicle 3 sendRequestVote called for node 3
255823.2ms Vehicle 3 sendRequestVote called for node 5
255823.2ms Vehicle 3 sendRequestVote called for node 6
255823.2ms Vehicle 3 sendRequestVote called for node 7
255823.2ms Vehicle 3 sendRequestVote called for node 8
257063.5ms Vehicle 7 sendRequestVote called for node 1
257063.5ms Vehicle 7 sendRequestVote called for node 2
257063.5ms Vehicle 7 sendRequestVote called for node 3
257063.5ms Vehicle 7 sendRequestVote called for node 4
257063.5ms Vehicle 7 sendRequestVote called for node 5
257063.5ms Vehicle 7 sendRequestVote called for node 6
257063.5ms Vehicle 7 sendRequestVote called for node 7
257063.5ms Vehicle 7 RAFT STATE CHANGED from 1 to 2
257063.5ms Vehicle 7 I am a candidate now! Starting election...
258223.5ms Vehicle 7 sendRequestVote called for node 1
258223.5ms Vehicle 7 sendRequestVote called for node 2
258223.5ms Vehicle 7 sendRequestVote called for node 3
258223.5ms Vehicle 7 sendRequestVote called for node 4
258223.5ms Vehicle 7 sendRequestVote called for node 5
258223.5ms Vehicle 7 sendRequestVote called for node 6
258223.5ms Vehicle 7 sendRequestVote called for node 7
259443.5ms Vehicle 7 sendRequestVote called for node 1
259443.5ms Vehicle 7 sendRequestVote called for node 2
259443.5ms Vehicle 7 sendRequestVote called for node 3
259443.5ms Vehicle 7 sendRequestVote called for node 4
259443.5ms Vehicle 7 sendRequestVote called for node 5
259443.5ms Vehicle 7 sendRequestVote called for node 6
259443.5ms Vehicle 7 sendRequestVote called for node 7
260443.5ms Vehicle 7 sendRequestVote called for node 1
260443.5ms Vehicle 7 sendRequestVote called for node 2
260443.5ms Vehicle 7 sendRequestVote called for node 3
260443.5ms Vehicle 7 sendRequestVote called for node 4
260443.5ms Vehicle 7 sendRequestVote called for node 5
260443.5ms Vehicle 7 sendRequestVote called for node 6
260443.5ms Vehicle 7 sendRequestVote called for node 7
261323.5ms Vehicle 7 sendRequestVote called for node 1
261323.5ms Vehicle 7 sendRequestVote called for node 2
261323.5ms Vehicle 7 sendRequestVote called for node 3
261323.5ms Vehicle 7 sendRequestVote called for node 4
261323.5ms Vehicle 7 sendRequestVote called for node 5
261323.5ms Vehicle 7 sendRequestVote called for node 6
261323.5ms Vehicle 7 sendRequestVote called for node 7
262403.2ms Vehicle 3 sendRequestVote called for node 1
262403.2ms Vehicle 3 sendRequestVote called for node 2
262403.2ms Vehicle 3 sendRequestVote called for node 3
262403.2ms Vehicle 3 sendRequestVote called for node 5
262403.2ms Vehicle 3 sendRequestVote called for node 6
262403.2ms Vehicle 3 sendRequestVote called for node 7
262403.2ms Vehicle 3 sendRequestVote called for node 8
262403.2ms Vehicle 3 RAFT STATE CHANGED from 1 to 2
262403.2ms Vehicle 3 I am a candidate now! Starting election...
263483.2ms Vehicle 3 sendRequestVote called for node 1
263483.2ms Vehicle 3 sendRequestVote called for node 2
263483.2ms Vehicle 3 sendRequestVote called for node 3
263483.2ms Vehicle 3 sendRequestVote called for node 5
263483.2ms Vehicle 3 sendRequestVote called for node 6
263483.2ms Vehicle 3 sendRequestVote called for node 7
263483.2ms Vehicle 3 sendRequestVote called for node 8
264903.2ms Vehicle 3 sendRequestVote called for node 1
264903.2ms Vehicle 3 sendRequestVote called for node 2
264903.2ms Vehicle 3 sendRequestVote called for node 3
264903.2ms Vehicle 3 sendRequestVote called for node 5
264903.2ms Vehicle 3 sendRequestVote called for node 6
264903.2ms Vehicle 3 sendRequestVote called for node 7
264903.2ms Vehicle 3 sendRequestVote called for node 8
265843.2ms Vehicle 3 sendRequestVote called for node 1
265843.2ms Vehicle 3 sendRequestVote called for node 2
265843.2ms Vehicle 3 sendRequestVote called for node 3
265843.2ms Vehicle 3 sendRequestVote called for node 5
265843.2ms Vehicle 3 sendRequestVote called for node 6
265843.2ms Vehicle 3 sendRequestVote called for node 7
265843.2ms Vehicle 3 sendRequestVote called for node 8
266703.5ms Vehicle 7 sendRequestVote called for node 1
266703.5ms Vehicle 7 sendRequestVote called for node 2
266703.5ms Vehicle 7 sendRequestVote called for node 3
266703.5ms Vehicle 7 sendRequestVote called for node 4
266703.5ms Vehicle 7 sendRequestVote called for node 5
266703.5ms Vehicle 7 sendRequestVote called for node 6
266703.5ms Vehicle 7 sendRequestVote called for node 7
266703.5ms Vehicle 7 RAFT STATE CHANGED from 1 to 2
266703.5ms Vehicle 7 I am a candidate now! Starting election...
268283.2ms Vehicle 3 sendRequestVote called for node 1
268283.2ms Vehicle 3 sendRequestVote called for node 2
268283.2ms Vehicle 3 sendRequestVote called for node 3
268283.2ms Vehicle 3 sendRequestVote called for node 5
268283.2ms Vehicle 3 sendRequestVote called for node 6
268283.2ms Vehicle 3 sendRequestVote called for node 7
268283.2ms Vehicle 3 sendRequestVote called for node 8
268283.2ms Vehicle 3 RAFT STATE CHANGED from 1 to 2
268283.2ms Vehicle 3 I am a candidate now! Starting election...
269563.2ms Vehicle 3 sendRequestVote called for node 1
269563.2ms Vehicle 3 sendRequestVote called for node 2
269563.2ms Vehicle 3 sendRequestVote called for node 3
269563.2ms Vehicle 3 sendRequestVote called for node 5
269563.2ms Vehicle 3 sendRequestVote called for node 6
269563.2ms Vehicle 3 sendRequestVote called for node 7
269563.2ms Vehicle 3 sendRequestVote called for node 8
270603.5ms Vehicle 7 sendRequestVote called for node 1
270603.5ms Vehicle 7 sendRequestVote called for node 2
270603.5ms Vehicle 7 sendRequestVote called for node 3
270603.5ms Vehicle 7 sendRequestVote called for node 4
270603.5ms Vehicle 7 sendRequestVote called for node 5
270603.5ms Vehicle 7 sendRequestVote called for node 6
270603.5ms Vehicle 7 sendRequestVote called for node 7
270603.5ms Vehicle 7 RAFT STATE CHANGED from 1 to 2
270603.5ms Vehicle 7 I am a candidate now! Starting election...
271843.5ms Vehicle 7 sendRequestVote called for node 1
271843.5ms Vehicle 7 sendRequestVote called for node 2
271843.5ms Vehicle 7 sendRequestVote called for node 3
271843.5ms Vehicle 7 sendRequestVote called for node 4
271843.5ms Vehicle 7 sendRequestVote called for node 5
271843.5ms Vehicle 7 sendRequestVote called for node 6
271843.5ms Vehicle 7 sendRequestVote called for node 7
272923.2ms Vehicle 3 sendRequestVote called for node 1
272923.2ms Vehicle 3 sendRequestVote called for node 2
272923.2ms Vehicle 3 sendRequestVote called for node 3
272923.2ms Vehicle 3 sendRequestVote called for node 5
272923.2ms Vehicle 3 sendRequestVote called for node 6
272923.2ms Vehicle 3 sendRequestVote called for node 7
272923.2ms Vehicle 3 sendRequestVote called for node 8
272923.2ms Vehicle 3 RAFT STATE CHANGED from 1 to 2
272923.2ms Vehicle 3 I am a candidate now! Starting election...
274143.2ms Vehicle 3 sendRequestVote called for node 1
274143.2ms Vehicle 3 sendRequestVote called for node 2
274143.2ms Vehicle 3 sendRequestVote called for node 3
274143.2ms Vehicle 3 sendRequestVote called for node 5
274143.2ms Vehicle 3 sendRequestVote called for node 6
274143.2ms Vehicle 3 sendRequestVote called for node 7
274143.2ms Vehicle 3 sendRequestVote called for node 8
275263.2ms Vehicle 3 sendRequestVote called for node 1
275263.2ms Vehicle 3 sendRequestVote called for node 2
275263.2ms Vehicle 3 sendRequestVote called for node 3
275263.2ms Vehicle 3 sendRequestVote called for node 5
275263.2ms Vehicle 3 sendRequestVote called for node 6
275263.2ms Vehicle 3 sendRequestVote called for node 7
275263.2ms Vehicle 3 sendRequestVote called for node 8
276143.2ms Vehicle 3 sendRequestVote called for node 1
276143.2ms Vehicle 3 sendRequestVote called for node 2
276143.2ms Vehicle 3 sendRequestVote called for node 3
276143.2ms Vehicle 3 sendRequestVote called for node 5
276143.2ms Vehicle 3 sendRequestVote called for node 6
276143.2ms Vehicle 3 sendRequestVote called for node 7
276143.2ms Vehicle 3 sendRequestVote called for node 8
277443.2ms Vehicle 3 sendRequestVote called for node 1
277443.2ms Vehicle 3 sendRequestVote called for node 2
277443.2ms Vehicle 3 sendRequestVote called for node 3
277443.2ms Vehicle 3 sendRequestVote called for node 5
277443.2ms Vehicle 3 sendRequestVote called for node 6
277443.2ms Vehicle 3 sendRequestVote called for node 7
277443.2ms Vehicle 3 sendRequestVote called for node 8
278843.2ms Vehicle 3 sendRequestVote called for node 1
278843.2ms Vehicle 3 sendRequestVote called for node 2
278843.2ms Vehicle 3 sendRequestVote called for node 3
278843.2ms Vehicle 3 sendRequestVote called for node 5
278843.2ms Vehicle 3 sendRequestVote called for node 6
278843.2ms Vehicle 3 sendRequestVote called for node 7
278843.2ms Vehicle 3 sendRequestVote called for node 8
280203.5ms Vehicle 7 sendRequestVote called for node 1
280203.5ms Vehicle 7 sendRequestVote called for node 2
280203.5ms Vehicle 7 sendRequestVote called for node 3
280203.5ms Vehicle 7 sendRequestVote called for node 4
280203.5ms Vehicle 7 sendRequestVote called for node 5
280203.5ms Vehicle 7 sendRequestVote called for node 6
280203.5ms Vehicle 7 sendRequestVote called for node 7
280203.5ms Vehicle 7 RAFT STATE CHANGED from 1 to 2
280203.5ms Vehicle 7 I am a candidate now! Starting election...
281703.2ms Vehicle 3 sendRequestVote called for node 1
281703.2ms Vehicle 3 sendRequestVote called for node 2
281703.2ms Vehicle 3 sendRequestVote called for node 3
281703.2ms Vehicle 3 sendRequestVote called for node 5
281703.2ms Vehicle 3 sendRequestVote called for node 6
281703.2ms Vehicle 3 sendRequestVote called for node 7
281703.2ms Vehicle 3 sendRequestVote called for node 8
281703.2ms Vehicle 3 RAFT STATE CHANGED from 1 to 2
281703.2ms Vehicle 3 I am a candidate now! Starting election...
282843.5ms Vehicle 7 sendRequestVote called for node 1
282843.5ms Vehicle 7 sendRequestVote called for node 2
282843.5ms Vehicle 7 sendRequestVote called for node 3
282843.5ms Vehicle 7 sendRequestVote called for node 4
282843.5ms Vehicle 7 sendRequestVote called for node 5
282843.5ms Vehicle 7 sendRequestVote called for node 6
282843.5ms Vehicle 7 sendRequestVote called for node 7
282843.5ms Vehicle 7 RAFT STATE CHANGED from 1 to 2
282843.5ms Vehicle 7 I am a candidate now! Starting election...
283683.5ms Vehicle 7 sendRequestVote called for node 1
283683.5ms Vehicle 7 sendRequestVote called for node 2
283683.5ms Vehicle 7 sendRequestVote called for node 3
283683.5ms Vehicle 7 sendRequestVote called for node 4
283683.5ms Vehicle 7 sendRequestVote called for node 5
283683.5ms Vehicle 7 sendRequestVote called for node 6
283683.5ms Vehicle 7 sendRequestVote called for node 7
284663.2ms Vehicle 3 sendRequestVote called for node 1
284663.2ms Vehicle 3 sendRequestVote called for node 2
284663.2ms Vehicle 3 sendRequestVote called for node 3
284663.2ms Vehicle 3 sendRequestVote called for node 5
284663.2ms Vehicle 3 sendRequestVote called for node 6
284663.2ms Vehicle 3 sendRequestVote called for node 7
284663.2ms Vehicle 3 sendRequestVote called for node 8
284663.2ms Vehicle 3 RAFT STATE CHANGED from 1 to 2
284663.2ms Vehicle 3 I am a candidate now! Starting election...
286123.5ms Vehicle 7 sendRequestVote called for node 1
286123.5ms Vehicle 7 sendRequestVote called for node 2
286123.5ms Vehicle 7 sendRequestVote called for node 3
286123.5ms Vehicle 7 sendRequestVote called for node 4
286123.5ms Vehicle 7 sendRequestVote called for node 5
286123.5ms Vehicle 7 sendRequestVote called for node 6
286123.5ms Vehicle 7 sendRequestVote called for node 7
286123.5ms Vehicle 7 RAFT STATE CHANGED from 1 to 2
286123.5ms Vehicle 7 I am a candidate now! Starting election...
287023.5ms Vehicle 7 sendRequestVote called for node 1
287023.5ms Vehicle 7 sendRequestVote called for node 2
287023.5ms Vehicle 7 sendRequestVote called for node 3
287023.5ms Vehicle 7 sendRequestVote called for node 4
287023.5ms Vehicle 7 sendRequestVote called for node 5
287023.5ms Vehicle 7 sendRequestVote called for node 6
287023.5ms Vehicle 7 sendRequestVote called for node 7
288243.2ms Vehicle 3 sendRequestVote called for node 1
288243.2ms Vehicle 3 sendRequestVote called for node 2
288243.2ms Vehicle 3 sendRequestVote called for node 3
288243.2ms Vehicle 3 sendRequestVote called for node 5
288243.2ms Vehicle 3 sendRequestVote called for node 6
288243.2ms Vehicle 3 sendRequestVote called for node 7
288243.2ms Vehicle 3 sendRequestVote called for node 8
288243.2ms Vehicle 3 RAFT STATE CHANGED from 1 to 2
288243.2ms Vehicle 3 I am a candidate now! Starting election...
289603.5ms Vehicle 7 sendRequestVote called for node 1
289603.5ms Vehicle 7 sendRequestVote called for node 2
289603.5ms Vehicle 7 sendRequestVote called for node 3
289603.5ms Vehicle 7 sendRequestVote called for node 4
289603.5ms Vehicle 7 sendRequestVote called for node 5
289603.5ms Vehicle 7 sendRequestVote called for node 6
289603.5ms Vehicle 7 sendRequestVote called for node 7
289603.5ms Vehicle 7 RAFT STATE CHANGED from 1 to 2
289603.5ms Vehicle 7 I am a candidate now! Starting election...
290563.5ms Vehicle 7 sendRequestVote called for node 1
290563.5ms Vehicle 7 sendRequestVote called for node 2
290563.5ms Vehicle 7 sendRequestVote called for node 3
290563.5ms Vehicle 7 sendRequestVote called for node 4
290563.5ms Vehicle 7 sendRequestVote called for node 5
290563.5ms Vehicle 7 sendRequestVote called for node 6
290563.5ms Vehicle 7 sendRequestVote called for node 7
291483.5ms Vehicle 7 sendRequestVote called for node 1
291483.5ms Vehicle 7 sendRequestVote called for node 2
291483.5ms Vehicle 7 sendRequestVote called for node 3
291483.5ms Vehicle 7 sendRequestVote called for node 4
291483.5ms Vehicle 7 sendRequestVote called for node 5
291483.5ms Vehicle 7 sendRequestVote called for node 6
291483.5ms Vehicle 7 sendRequestVote called for node 7
292663.5ms Vehicle 7 sendRequestVote called for node 1
292663.5ms Vehicle 7 sendRequestVote called for node 2
292663.5ms Vehicle 7 sendRequestVote called for node 3
292663.5ms Vehicle 7 sendRequestVote called for node 4
292663.5ms Vehicle 7 sendRequestVote called for node 5
292663.5ms Vehicle 7 sendRequestVote called for node 6
292663.5ms Vehicle 7 sendRequestVote called for node 7
293943.5ms Vehicle 7 sendRequestVote called for node 1
293943.5ms Vehicle 7 sendRequestVote called for node 2
293943.5ms Vehicle 7 sendRequestVote called for node 3
293943.5ms Vehicle 7 sendRequestVote called for node 4
293943.5ms Vehicle 7 sendRequestVote called for node 5
293943.5ms Vehicle 7 sendRequestVote called for node 6
293943.5ms Vehicle 7 sendRequestVote called for node 7
294863.2ms Vehicle 3 sendRequestVote called for node 1
294863.2ms Vehicle 3 sendRequestVote called for node 2
294863.2ms Vehicle 3 sendRequestVote called for node 3
294863.2ms Vehicle 3 sendRequestVote called for node 5
294863.2ms Vehicle 3 sendRequestVote called for node 6
294863.2ms Vehicle 3 sendRequestVote called for node 7
294863.2ms Vehicle 3 sendRequestVote called for node 8
294863.2ms Vehicle 3 RAFT STATE CHANGED from 1 to 2
294863.2ms Vehicle 3 I am a candidate now! Starting election...
295823.2ms Vehicle 3 sendRequestVote called for node 1
295823.2ms Vehicle 3 sendRequestVote called for node 2
295823.2ms Vehicle 3 sendRequestVote called for node 3
295823.2ms Vehicle 3 sendRequestVote called for node 5
295823.2ms Vehicle 3 sendRequestVote called for node 6
295823.2ms Vehicle 3 sendRequestVote called for node 7
295823.2ms Vehicle 3 sendRequestVote called for node 8
297023.2ms Vehicle 3 sendRequestVote called for node 1
297023.2ms Vehicle 3 sendRequestVote called for node 2
297023.2ms Vehicle 3 sendRequestVote called for node 3
297023.2ms Vehicle 3 sendRequestVote called for node 5
297023.2ms Vehicle 3 sendRequestVote called for node 6
297023.2ms Vehicle 3 sendRequestVote called for node 7
297023.2ms Vehicle 3 sendRequestVote called for node 8
298183.2ms Vehicle 3 sendRequestVote called for node 1
298183.2ms Vehicle 3 sendRequestVote called for node 2
298183.2ms Vehicle 3 sendRequestVote called for node 3
298183.2ms Vehicle 3 sendRequestVote called for node 5
298183.2ms Vehicle 3 sendRequestVote called for node 6
298183.2ms Vehicle 3 sendRequestVote called for node 7
298183.2ms Vehicle 3 sendRequestVote called for node 8
299243.5ms Vehicle 7 sendRequestVote called for node 1
299243.5ms Vehicle 7 sendRequestVote called for node 2
299243.5ms Vehicle 7 sendRequestVote called for node 3
299243.5ms Vehicle 7 sendRequestVote called for node 4
299243.5ms Vehicle 7 sendRequestVote called for node 5
299243.5ms Vehicle 7 sendRequestVote called for node 6
299243.5ms Vehicle 7 sendRequestVote called for node 7
299243.5ms Vehicle 7 RAFT STATE CHANGED from 1 to 2
299243.5ms Vehicle 7 I am a candidate now! Starting election...
** Event #584053   t=300   Elapsed: 5.29444s (0m 05s)  100% completed  (100% total)
     Speed:     ev/sec=156554   simsec/sec=174.932   ev/simsec=894.945
     Messages:  created: 385095   present: 491   in FES: 6

<!> Simulation time limit reached -- at t=300s, event #584053

Calling finish() at end of Run #0...
[INFO]	Radio signal arrival computation count = 45423
[INFO]	Transmission count = 18523
[INFO]	Signal send count = 45420
[INFO]	Reception computation count = 45420
[INFO]	Interference computation count = 154252
[INFO]	Reception decision computation count = 39722
[INFO]	Listening decision computation count = 69242
[INFO]	Reception cache hit = 84.9275 %
[INFO]	Interference cache hit = 66.6667 %
[INFO]	Noise cache hit = 0 %
[INFO]	SNIR cache hit = 50 %
[INFO]	Reception decision cache hit = 50 %
[INFO]	Reception result cache hit = 0 %
[INFO]	IntersectionScenarioInet.node[3].tcp: finishing with 0 connections open.
[INFO]	IntersectionScenarioInet.node[7].tcp: finishing with 0 connections open.
[INFO]	Clear all sockets
[INFO]	Clear all sockets

End.
