OMNeT++ Discrete Event Simulation  (C) 1992-2019 Andras Varga, OpenSim Ltd.
Version: 5.6.2, build: 200518-aa79d0918f, edition: Academic Public License -- NOT FOR COMMERCIAL USE
See the license for distribution terms and warranty disclaimer

Setting up Cmdenv...

Loading NED files from ..:  9
Loading NED files from ../../src:  11
Loading NED files from ../../../inet/src:  831
Loading NED files from ../../../inet/examples:  174
Loading NED files from ../../../inet/tutorials:  10
Loading NED files from ../../../inet/showcases:  46
Loading NED files from ../../../../veins/examples/veins:  1
Loading NED files from ../../../../veins/src/veins:  44

Preparing for running configuration General, run #0...
Assigned runID=General-0-20260225-00:10:09-461259
Setting up network "IntersectionScenarioInet"...
Initializing...

Running simulation...
** Event #0   t=0   Elapsed: 8e-06s (0m 00s)  0% completed  (0% total)
     Speed:     ev/sec=0   simsec/sec=0   ev/simsec=0
     Messages:  created: 3   present: 3   in FES: 3
Vehicle RAFT (UDP) starting application.
Vehicle 0 edge config: 4 approach, 4 exit edges
Opened results file: /home/mathesh/omnetpp-workspace/benchmark/results/raft_8veh_report/run_1/raft_results.json
Vehicle RAFT (UDP) starting application.
Vehicle 1 edge config: 4 approach, 4 exit edges
Vehicle RAFT (UDP) starting application.
Vehicle 2 edge config: 4 approach, 4 exit edges
Vehicle RAFT (UDP) starting application.
Vehicle 3 edge config: 4 approach, 4 exit edges
Vehicle RAFT (UDP) starting application.
Vehicle 4 edge config: 4 approach, 4 exit edges
Vehicle RAFT (UDP) starting application.
Vehicle 5 edge config: 4 approach, 4 exit edges
Vehicle RAFT (UDP) starting application.
Vehicle 6 edge config: 4 approach, 4 exit edges
Vehicle RAFT (UDP) starting application.
Vehicle 7 edge config: 4 approach, 4 exit edges
2300.0ms Vehicle 2 STOPPED (front) at dist=24.9m
Vehicle RAFT (UDP) starting application.
Vehicle 8 edge config: 4 approach, 4 exit edges
3500.0ms Vehicle 1 STOPPED (front) at dist=24.9m
Vehicle RAFT (UDP) starting application.
Vehicle 9 edge config: 4 approach, 4 exit edges
5600.0ms Vehicle 3 STOPPED (front) at dist=24.5m
5965.5ms Vehicle 3 CLUSTER FORMATION (all 8 vehicles discovered)
5965.5ms Vehicle 3 FORMING CLUSTER with 8 members: [
0 1 2 3 4 5 6 7 ]
5965.8ms Vehicle 7 FORMING CLUSTER with 8 members: [
0 1 2 3 4 5 6 7 ]
5965.8ms Vehicle 8 FORMING CLUSTER with 9 members: [
0 1 2 3 4 5 6 7 8 ]
5965.8ms Vehicle 1 FORMING CLUSTER with 8 members: [
0 1 2 3 4 5 6 7 ]
5965.8ms Vehicle 9 FORMING CLUSTER with 9 members: [
0 1 2 3 4 5 6 7 9 ]
5965.8ms Vehicle 2 FORMING CLUSTER with 8 members: [
0 1 2 3 4 5 6 7 ]
5966.4ms Vehicle 0 FORMING CLUSTER with 8 members: [
0 1 2 3 4 5 6 7 ]
5966.4ms Vehicle 4 FORMING CLUSTER with 8 members: [
0 1 2 3 4 5 6 7 ]
6005.5ms Vehicle 3 processRaftPeriodic executes! delta=0.02, msecElapsed=20
6005.8ms Vehicle 7 processRaftPeriodic executes! delta=0.02, msecElapsed=20
6005.8ms Vehicle 8 processRaftPeriodic executes! delta=0.02, msecElapsed=20
6005.8ms Vehicle 1 processRaftPeriodic executes! delta=0.02, msecElapsed=20
6005.8ms Vehicle 9 processRaftPeriodic executes! delta=0.02, msecElapsed=20
6005.8ms Vehicle 2 processRaftPeriodic executes! delta=0.02, msecElapsed=20
6006.4ms Vehicle 0 processRaftPeriodic executes! delta=0.02, msecElapsed=20
6006.4ms Vehicle 4 processRaftPeriodic executes! delta=0.02, msecElapsed=20
6025.5ms Vehicle 3 processRaftPeriodic executes! delta=0.02, msecElapsed=20
6025.8ms Vehicle 7 processRaftPeriodic executes! delta=0.02, msecElapsed=20
6725.8ms Vehicle 8 sendRequestVote called for node 1
6725.8ms Vehicle 8 sendRequestVote called for node 2
6725.8ms Vehicle 8 sendRequestVote called for node 3
6725.8ms Vehicle 8 sendRequestVote called for node 4
6725.8ms Vehicle 8 sendRequestVote called for node 5
6725.8ms Vehicle 8 sendRequestVote called for node 6
6725.8ms Vehicle 8 sendRequestVote called for node 7
6725.8ms Vehicle 8 sendRequestVote called for node 8
6725.8ms Vehicle 8 RAFT STATE CHANGED from 1 to 2
6725.8ms Vehicle 8 I am a candidate now! Starting election...
6785.5ms Vehicle 3 sendRequestVote called for node 1
6785.5ms Vehicle 3 sendRequestVote called for node 2
6785.5ms Vehicle 3 sendRequestVote called for node 3
6785.5ms Vehicle 3 sendRequestVote called for node 5
6785.5ms Vehicle 3 sendRequestVote called for node 6
6785.5ms Vehicle 3 sendRequestVote called for node 7
6785.5ms Vehicle 3 sendRequestVote called for node 8
6785.5ms Vehicle 3 RAFT STATE CHANGED from 1 to 2
6785.5ms Vehicle 3 I am a candidate now! Starting election...
6966.4ms Vehicle 4 sendRequestVote called for node 1
6966.4ms Vehicle 4 sendRequestVote called for node 2
6966.4ms Vehicle 4 sendRequestVote called for node 3
6966.4ms Vehicle 4 sendRequestVote called for node 4
6966.4ms Vehicle 4 sendRequestVote called for node 6
6966.4ms Vehicle 4 sendRequestVote called for node 7
6966.4ms Vehicle 4 sendRequestVote called for node 8
6966.4ms Vehicle 4 RAFT STATE CHANGED from 1 to 2
6966.4ms Vehicle 4 I am a candidate now! Starting election...
7245.8ms Vehicle 9 sendRequestVote called for node 1
7245.8ms Vehicle 9 sendRequestVote called for node 2
7245.8ms Vehicle 9 sendRequestVote called for node 3
7245.8ms Vehicle 9 sendRequestVote called for node 4
7245.8ms Vehicle 9 sendRequestVote called for node 5
7245.8ms Vehicle 9 sendRequestVote called for node 6
7245.8ms Vehicle 9 sendRequestVote called for node 7
7245.8ms Vehicle 9 sendRequestVote called for node 8
7245.8ms Vehicle 9 RAFT STATE CHANGED from 1 to 2
7245.8ms Vehicle 9 I am a candidate now! Starting election...
7665.8ms Vehicle 8 sendRequestVote called for node 1
7665.8ms Vehicle 8 sendRequestVote called for node 2
7665.8ms Vehicle 8 sendRequestVote called for node 3
7665.8ms Vehicle 8 sendRequestVote called for node 4
7665.8ms Vehicle 8 sendRequestVote called for node 5
7665.8ms Vehicle 8 sendRequestVote called for node 6
7665.8ms Vehicle 8 sendRequestVote called for node 7
7665.8ms Vehicle 8 sendRequestVote called for node 8
7666.4ms Vehicle 0 sendRequestVote called for node 2
7666.4ms Vehicle 0 sendRequestVote called for node 3
7666.4ms Vehicle 0 sendRequestVote called for node 4
7666.4ms Vehicle 0 sendRequestVote called for node 5
7666.4ms Vehicle 0 sendRequestVote called for node 6
7666.4ms Vehicle 0 sendRequestVote called for node 7
7666.4ms Vehicle 0 sendRequestVote called for node 8
7666.4ms Vehicle 0 RAFT STATE CHANGED from 1 to 2
7666.4ms Vehicle 0 I am a candidate now! Starting election...
7800.0ms Vehicle 7 QUEUED at dist=33.0m speed=1.4m/s
8145.8ms Vehicle 1 sendRequestVote called for node 1
8145.8ms Vehicle 1 sendRequestVote called for node 3
8145.8ms Vehicle 1 sendRequestVote called for node 4
8145.8ms Vehicle 1 sendRequestVote called for node 5
8145.8ms Vehicle 1 sendRequestVote called for node 6
8145.8ms Vehicle 1 sendRequestVote called for node 7
8145.8ms Vehicle 1 sendRequestVote called for node 8
8145.8ms Vehicle 1 RAFT STATE CHANGED from 1 to 2
8145.8ms Vehicle 1 I am a candidate now! Starting election...
8265.8ms Vehicle 9 sendRequestVote called for node 1
8265.8ms Vehicle 9 sendRequestVote called for node 2
8265.8ms Vehicle 9 sendRequestVote called for node 3
8265.8ms Vehicle 9 sendRequestVote called for node 4
8265.8ms Vehicle 9 sendRequestVote called for node 5
8265.8ms Vehicle 9 sendRequestVote called for node 6
8265.8ms Vehicle 9 sendRequestVote called for node 7
8265.8ms Vehicle 9 sendRequestVote called for node 8
8466.4ms Vehicle 0 sendRequestVote called for node 2
8466.4ms Vehicle 0 sendRequestVote called for node 3
8466.4ms Vehicle 0 sendRequestVote called for node 4
8466.4ms Vehicle 0 sendRequestVote called for node 5
8466.4ms Vehicle 0 sendRequestVote called for node 6
8466.4ms Vehicle 0 sendRequestVote called for node 7
8466.4ms Vehicle 0 sendRequestVote called for node 8
8945.5ms Vehicle 3 sendRequestVote called for node 1
8945.5ms Vehicle 3 sendRequestVote called for node 2
8945.5ms Vehicle 3 sendRequestVote called for node 3
8945.5ms Vehicle 3 sendRequestVote called for node 5
8945.5ms Vehicle 3 sendRequestVote called for node 6
8945.5ms Vehicle 3 sendRequestVote called for node 7
8945.5ms Vehicle 3 sendRequestVote called for node 8
8945.5ms Vehicle 3 RAFT STATE CHANGED from 1 to 2
8945.5ms Vehicle 3 I am a candidate now! Starting election...
9186.4ms Vehicle 4 sendRequestVote called for node 1
9186.4ms Vehicle 4 sendRequestVote called for node 2
9186.4ms Vehicle 4 sendRequestVote called for node 3
9186.4ms Vehicle 4 sendRequestVote called for node 4
9186.4ms Vehicle 4 sendRequestVote called for node 6
9186.4ms Vehicle 4 sendRequestVote called for node 7
9186.4ms Vehicle 4 sendRequestVote called for node 8
9186.4ms Vehicle 4 RAFT STATE CHANGED from 1 to 2
9186.4ms Vehicle 4 I am a candidate now! Starting election...
9345.8ms Vehicle 9 sendRequestVote called for node 1
9345.8ms Vehicle 9 sendRequestVote called for node 2
9345.8ms Vehicle 9 sendRequestVote called for node 3
9345.8ms Vehicle 9 sendRequestVote called for node 4
9345.8ms Vehicle 9 sendRequestVote called for node 5
9345.8ms Vehicle 9 sendRequestVote called for node 6
9345.8ms Vehicle 9 sendRequestVote called for node 7
9345.8ms Vehicle 9 sendRequestVote called for node 8
9900.0ms Vehicle 0 STOPPED (front) at dist=23.9m
9905.8ms Vehicle 2 sendRequestVote called for node 1
9905.8ms Vehicle 2 sendRequestVote called for node 2
9905.8ms Vehicle 2 sendRequestVote called for node 4
9905.8ms Vehicle 2 sendRequestVote called for node 5
9905.8ms Vehicle 2 sendRequestVote called for node 6
9905.8ms Vehicle 2 sendRequestVote called for node 7
9905.8ms Vehicle 2 sendRequestVote called for node 8
9905.8ms Vehicle 2 RAFT STATE CHANGED from 1 to 2
9905.8ms Vehicle 2 I am a candidate now! Starting election...
9925.8ms Vehicle 7 sendRequestVote called for node 1
9925.8ms Vehicle 7 sendRequestVote called for node 2
9925.8ms Vehicle 7 sendRequestVote called for node 3
9925.8ms Vehicle 7 sendRequestVote called for node 4
9925.8ms Vehicle 7 sendRequestVote called for node 5
9925.8ms Vehicle 7 sendRequestVote called for node 6
9925.8ms Vehicle 7 sendRequestVote called for node 7
9925.8ms Vehicle 7 RAFT STATE CHANGED from 1 to 2
9925.8ms Vehicle 7 I am a candidate now! Starting election...
10065.8ms Vehicle 9 sendRequestVote called for node 1
10065.8ms Vehicle 9 sendRequestVote called for node 2
10065.8ms Vehicle 9 sendRequestVote called for node 3
10065.8ms Vehicle 9 sendRequestVote called for node 4
10065.8ms Vehicle 9 sendRequestVote called for node 5
10065.8ms Vehicle 9 sendRequestVote called for node 6
10065.8ms Vehicle 9 sendRequestVote called for node 7
10065.8ms Vehicle 9 sendRequestVote called for node 8
10725.8ms Vehicle 9 sendRequestVote called for node 1
10725.8ms Vehicle 9 sendRequestVote called for node 2
10725.8ms Vehicle 9 sendRequestVote called for node 3
10725.8ms Vehicle 9 sendRequestVote called for node 4
10725.8ms Vehicle 9 sendRequestVote called for node 5
10725.8ms Vehicle 9 sendRequestVote called for node 6
10725.8ms Vehicle 9 sendRequestVote called for node 7
10725.8ms Vehicle 9 sendRequestVote called for node 8
10846.4ms Vehicle 0 sendRequestVote called for node 2
10846.4ms Vehicle 0 sendRequestVote called for node 3
10846.4ms Vehicle 0 sendRequestVote called for node 4
10846.4ms Vehicle 0 sendRequestVote called for node 5
10846.4ms Vehicle 0 sendRequestVote called for node 6
10846.4ms Vehicle 0 sendRequestVote called for node 7
10846.4ms Vehicle 0 sendRequestVote called for node 8
10846.4ms Vehicle 0 RAFT STATE CHANGED from 1 to 2
10846.4ms Vehicle 0 I am a candidate now! Starting election...
10848.4ms Leader 0 SENDING AppendEntries to vehicle 1 (n_entries=0, leader_commit=0)
10848.4ms Leader 0 SENDING AppendEntries to vehicle 2 (n_entries=0, leader_commit=0)
10848.4ms Leader 0 SENDING AppendEntries to vehicle 3 (n_entries=0, leader_commit=0)
10848.4ms Leader 0 SENDING AppendEntries to vehicle 4 (n_entries=0, leader_commit=0)
10848.4ms Leader 0 SENDING AppendEntries to vehicle 5 (n_entries=0, leader_commit=0)
10848.4ms Leader 0 SENDING AppendEntries to vehicle 6 (n_entries=0, leader_commit=0)
10848.4ms Leader 0 SENDING AppendEntries to vehicle 7 (n_entries=0, leader_commit=0)
10848.8ms Vehicle 1 RECEIVED AppendEntries from vehicle 0 (n_entries=0, leader_commit=0)
10849.3ms Vehicle 2 RECEIVED AppendEntries from vehicle 0 (n_entries=0, leader_commit=0)
10849.4ms Vehicle 3 RECEIVED AppendEntries from vehicle 0 (n_entries=0, leader_commit=0)
10849.7ms Vehicle 4 RECEIVED AppendEntries from vehicle 0 (n_entries=0, leader_commit=0)
10850.6ms Vehicle 7 RECEIVED AppendEntries from vehicle 0 (n_entries=0, leader_commit=0)
10866.4ms Vehicle 0 BECAME LEADER (term=6)
10866.4ms Leader 0 sending STATUS_REQUEST (timeout=1700ms)
10986.4ms Leader 0 SENDING AppendEntries to vehicle 1 (n_entries=0, leader_commit=0)
10986.4ms Leader 0 SENDING AppendEntries to vehicle 2 (n_entries=0, leader_commit=0)
10986.4ms Leader 0 SENDING AppendEntries to vehicle 3 (n_entries=0, leader_commit=0)
10986.4ms Leader 0 SENDING AppendEntries to vehicle 4 (n_entries=0, leader_commit=0)
10986.4ms Leader 0 SENDING AppendEntries to vehicle 5 (n_entries=0, leader_commit=0)
10986.4ms Leader 0 SENDING AppendEntries to vehicle 6 (n_entries=0, leader_commit=0)
10986.4ms Leader 0 SENDING AppendEntries to vehicle 7 (n_entries=0, leader_commit=0)
10986.9ms Vehicle 3 RECEIVED AppendEntries from vehicle 0 (n_entries=0, leader_commit=0)
10987.3ms Vehicle 4 RECEIVED AppendEntries from vehicle 0 (n_entries=0, leader_commit=0)
10988.1ms Vehicle 7 RECEIVED AppendEntries from vehicle 0 (n_entries=0, leader_commit=0)
Vehicle RAFT (UDP) starting application.
Vehicle 10 edge config: 4 approach, 4 exit edges
11010.4ms Vehicle 10 FORMING CLUSTER with 9 members: [
0 1 2 3 4 5 6 7 10 ]
11126.4ms Leader 0 SENDING AppendEntries to vehicle 1 (n_entries=0, leader_commit=0)
11126.4ms Leader 0 SENDING AppendEntries to vehicle 2 (n_entries=0, leader_commit=0)
11126.4ms Leader 0 SENDING AppendEntries to vehicle 3 (n_entries=0, leader_commit=0)
11126.4ms Leader 0 SENDING AppendEntries to vehicle 4 (n_entries=0, leader_commit=0)
11126.4ms Leader 0 SENDING AppendEntries to vehicle 5 (n_entries=0, leader_commit=0)
11126.4ms Leader 0 SENDING AppendEntries to vehicle 6 (n_entries=0, leader_commit=0)
11126.4ms Leader 0 SENDING AppendEntries to vehicle 7 (n_entries=0, leader_commit=0)
11126.4ms Vehicle 1 RECEIVED AppendEntries from vehicle 0 (n_entries=0, leader_commit=0)
11126.7ms Vehicle 2 RECEIVED AppendEntries from vehicle 0 (n_entries=0, leader_commit=0)
11127.2ms Vehicle 3 RECEIVED AppendEntries from vehicle 0 (n_entries=0, leader_commit=0)
11128.6ms Vehicle 7 RECEIVED AppendEntries from vehicle 0 (n_entries=0, leader_commit=0)
11266.4ms Leader 0 SENDING AppendEntries to vehicle 1 (n_entries=0, leader_commit=0)
11266.4ms Leader 0 SENDING AppendEntries to vehicle 2 (n_entries=0, leader_commit=0)
11266.4ms Leader 0 SENDING AppendEntries to vehicle 3 (n_entries=0, leader_commit=0)
11266.4ms Leader 0 SENDING AppendEntries to vehicle 4 (n_entries=0, leader_commit=0)
11266.4ms Leader 0 SENDING AppendEntries to vehicle 5 (n_entries=0, leader_commit=0)
11266.4ms Leader 0 SENDING AppendEntries to vehicle 6 (n_entries=0, leader_commit=0)
11266.4ms Leader 0 SENDING AppendEntries to vehicle 7 (n_entries=0, leader_commit=0)
11266.5ms Vehicle 2 RECEIVED AppendEntries from vehicle 0 (n_entries=0, leader_commit=0)
11266.9ms Vehicle 3 RECEIVED AppendEntries from vehicle 0 (n_entries=0, leader_commit=0)
11268.2ms Vehicle 7 RECEIVED AppendEntries from vehicle 0 (n_entries=0, leader_commit=0)
11406.4ms Leader 0 SENDING AppendEntries to vehicle 1 (n_entries=0, leader_commit=0)
11406.4ms Leader 0 SENDING AppendEntries to vehicle 2 (n_entries=0, leader_commit=0)
11406.4ms Leader 0 SENDING AppendEntries to vehicle 3 (n_entries=0, leader_commit=0)
11406.4ms Leader 0 SENDING AppendEntries to vehicle 4 (n_entries=0, leader_commit=0)
11406.4ms Leader 0 SENDING AppendEntries to vehicle 5 (n_entries=0, leader_commit=0)
11406.4ms Leader 0 SENDING AppendEntries to vehicle 6 (n_entries=0, leader_commit=0)
11406.4ms Leader 0 SENDING AppendEntries to vehicle 7 (n_entries=0, leader_commit=0)
11406.4ms Vehicle 1 RECEIVED AppendEntries from vehicle 0 (n_entries=0, leader_commit=0)
11406.9ms Vehicle 2 RECEIVED AppendEntries from vehicle 0 (n_entries=0, leader_commit=0)
11407.4ms Vehicle 3 RECEIVED AppendEntries from vehicle 0 (n_entries=0, leader_commit=0)
11408.2ms Vehicle 7 RECEIVED AppendEntries from vehicle 0 (n_entries=0, leader_commit=0)
11546.4ms Leader 0 SENDING AppendEntries to vehicle 1 (n_entries=0, leader_commit=0)
11546.4ms Leader 0 SENDING AppendEntries to vehicle 2 (n_entries=0, leader_commit=0)
11546.4ms Leader 0 SENDING AppendEntries to vehicle 3 (n_entries=0, leader_commit=0)
11546.4ms Leader 0 SENDING AppendEntries to vehicle 4 (n_entries=0, leader_commit=0)
11546.4ms Leader 0 SENDING AppendEntries to vehicle 5 (n_entries=0, leader_commit=0)
11546.4ms Leader 0 SENDING AppendEntries to vehicle 6 (n_entries=0, leader_commit=0)
11546.4ms Leader 0 SENDING AppendEntries to vehicle 7 (n_entries=0, leader_commit=0)
11546.4ms Vehicle 1 RECEIVED AppendEntries from vehicle 0 (n_entries=0, leader_commit=0)
11546.6ms Vehicle 2 RECEIVED AppendEntries from vehicle 0 (n_entries=0, leader_commit=0)
11546.7ms Vehicle 3 RECEIVED AppendEntries from vehicle 0 (n_entries=0, leader_commit=0)
11548.0ms Vehicle 7 RECEIVED AppendEntries from vehicle 0 (n_entries=0, leader_commit=0)
11686.4ms Leader 0 SENDING AppendEntries to vehicle 1 (n_entries=0, leader_commit=0)
11686.4ms Leader 0 SENDING AppendEntries to vehicle 2 (n_entries=0, leader_commit=0)
11686.4ms Leader 0 SENDING AppendEntries to vehicle 3 (n_entries=0, leader_commit=0)
11686.4ms Leader 0 SENDING AppendEntries to vehicle 4 (n_entries=0, leader_commit=0)
11686.4ms Leader 0 SENDING AppendEntries to vehicle 5 (n_entries=0, leader_commit=0)
11686.4ms Leader 0 SENDING AppendEntries to vehicle 6 (n_entries=0, leader_commit=0)
11686.4ms Leader 0 SENDING AppendEntries to vehicle 7 (n_entries=0, leader_commit=0)
11686.4ms Vehicle 1 RECEIVED AppendEntries from vehicle 0 (n_entries=0, leader_commit=0)
11686.6ms Vehicle 2 RECEIVED AppendEntries from vehicle 0 (n_entries=0, leader_commit=0)
11686.8ms Vehicle 3 RECEIVED AppendEntries from vehicle 0 (n_entries=0, leader_commit=0)
11688.1ms Vehicle 7 RECEIVED AppendEntries from vehicle 0 (n_entries=0, leader_commit=0)
11805.8ms Vehicle 9 sendRequestVote called for node 1
11805.8ms Vehicle 9 sendRequestVote called for node 2
11805.8ms Vehicle 9 sendRequestVote called for node 3
11805.8ms Vehicle 9 sendRequestVote called for node 4
11805.8ms Vehicle 9 sendRequestVote called for node 5
11805.8ms Vehicle 9 sendRequestVote called for node 6
11805.8ms Vehicle 9 sendRequestVote called for node 7
11805.8ms Vehicle 9 sendRequestVote called for node 8
11826.4ms Leader 0 SENDING AppendEntries to vehicle 1 (n_entries=0, leader_commit=0)
11826.4ms Leader 0 SENDING AppendEntries to vehicle 2 (n_entries=0, leader_commit=0)
11826.4ms Leader 0 SENDING AppendEntries to vehicle 3 (n_entries=0, leader_commit=0)
11826.4ms Leader 0 SENDING AppendEntries to vehicle 4 (n_entries=0, leader_commit=0)
11826.4ms Leader 0 SENDING AppendEntries to vehicle 5 (n_entries=0, leader_commit=0)
11826.4ms Leader 0 SENDING AppendEntries to vehicle 6 (n_entries=0, leader_commit=0)
11826.4ms Leader 0 SENDING AppendEntries to vehicle 7 (n_entries=0, leader_commit=0)
11826.4ms Vehicle 1 RECEIVED AppendEntries from vehicle 0 (n_entries=0, leader_commit=0)
11826.6ms Vehicle 2 RECEIVED AppendEntries from vehicle 0 (n_entries=0, leader_commit=0)
11826.8ms Vehicle 3 RECEIVED AppendEntries from vehicle 0 (n_entries=0, leader_commit=0)
11828.3ms Vehicle 7 RECEIVED AppendEntries from vehicle 0 (n_entries=0, leader_commit=0)
11966.4ms Leader 0 SENDING AppendEntries to vehicle 1 (n_entries=0, leader_commit=0)
11966.4ms Leader 0 SENDING AppendEntries to vehicle 2 (n_entries=0, leader_commit=0)
11966.4ms Leader 0 SENDING AppendEntries to vehicle 3 (n_entries=0, leader_commit=0)
11966.4ms Leader 0 SENDING AppendEntries to vehicle 4 (n_entries=0, leader_commit=0)
11966.4ms Leader 0 SENDING AppendEntries to vehicle 5 (n_entries=0, leader_commit=0)
11966.4ms Leader 0 SENDING AppendEntries to vehicle 6 (n_entries=0, leader_commit=0)
11966.4ms Leader 0 SENDING AppendEntries to vehicle 7 (n_entries=0, leader_commit=0)
11966.4ms Vehicle 1 RECEIVED AppendEntries from vehicle 0 (n_entries=0, leader_commit=0)
11966.9ms Vehicle 2 RECEIVED AppendEntries from vehicle 0 (n_entries=0, leader_commit=0)
11967.3ms Vehicle 3 RECEIVED AppendEntries from vehicle 0 (n_entries=0, leader_commit=0)
11968.5ms Vehicle 7 RECEIVED AppendEntries from vehicle 0 (n_entries=0, leader_commit=0)
12106.4ms Leader 0 SENDING AppendEntries to vehicle 1 (n_entries=0, leader_commit=0)
12106.4ms Leader 0 SENDING AppendEntries to vehicle 2 (n_entries=0, leader_commit=0)
12106.4ms Leader 0 SENDING AppendEntries to vehicle 3 (n_entries=0, leader_commit=0)
12106.4ms Leader 0 SENDING AppendEntries to vehicle 4 (n_entries=0, leader_commit=0)
12106.4ms Leader 0 SENDING AppendEntries to vehicle 5 (n_entries=0, leader_commit=0)
12106.4ms Leader 0 SENDING AppendEntries to vehicle 6 (n_entries=0, leader_commit=0)
12106.4ms Leader 0 SENDING AppendEntries to vehicle 7 (n_entries=0, leader_commit=0)
12106.4ms Vehicle 1 RECEIVED AppendEntries from vehicle 0 (n_entries=0, leader_commit=0)
12106.8ms Vehicle 2 RECEIVED AppendEntries from vehicle 0 (n_entries=0, leader_commit=0)
12107.3ms Vehicle 3 RECEIVED AppendEntries from vehicle 0 (n_entries=0, leader_commit=0)
12108.5ms Vehicle 7 RECEIVED AppendEntries from vehicle 0 (n_entries=0, leader_commit=0)
12110.4ms Vehicle 10 sendRequestVote called for node 1
12110.4ms Vehicle 10 sendRequestVote called for node 2
12110.4ms Vehicle 10 sendRequestVote called for node 3
12110.4ms Vehicle 10 sendRequestVote called for node 4
12110.4ms Vehicle 10 sendRequestVote called for node 5
12110.4ms Vehicle 10 sendRequestVote called for node 6
12110.4ms Vehicle 10 sendRequestVote called for node 7
12110.4ms Vehicle 10 sendRequestVote called for node 8
12110.4ms Vehicle 10 RAFT STATE CHANGED from 1 to 2
12110.4ms Vehicle 10 I am a candidate now! Starting election...
12246.4ms Leader 0 SENDING AppendEntries to vehicle 1 (n_entries=0, leader_commit=0)
12246.4ms Leader 0 SENDING AppendEntries to vehicle 2 (n_entries=0, leader_commit=0)
12246.4ms Leader 0 SENDING AppendEntries to vehicle 3 (n_entries=0, leader_commit=0)
12246.4ms Leader 0 SENDING AppendEntries to vehicle 4 (n_entries=0, leader_commit=0)
12246.4ms Leader 0 SENDING AppendEntries to vehicle 5 (n_entries=0, leader_commit=0)
12246.4ms Leader 0 SENDING AppendEntries to vehicle 6 (n_entries=0, leader_commit=0)
12246.4ms Leader 0 SENDING AppendEntries to vehicle 7 (n_entries=0, leader_commit=0)
12246.4ms Vehicle 1 RECEIVED AppendEntries from vehicle 0 (n_entries=0, leader_commit=0)
12246.6ms Vehicle 2 RECEIVED AppendEntries from vehicle 0 (n_entries=0, leader_commit=0)
12247.0ms Vehicle 3 RECEIVED AppendEntries from vehicle 0 (n_entries=0, leader_commit=0)
12248.4ms Vehicle 7 RECEIVED AppendEntries from vehicle 0 (n_entries=0, leader_commit=0)
12386.4ms Leader 0 SENDING AppendEntries to vehicle 1 (n_entries=0, leader_commit=0)
12386.4ms Leader 0 SENDING AppendEntries to vehicle 2 (n_entries=0, leader_commit=0)
12386.4ms Leader 0 SENDING AppendEntries to vehicle 3 (n_entries=0, leader_commit=0)
12386.4ms Leader 0 SENDING AppendEntries to vehicle 4 (n_entries=0, leader_commit=0)
12386.4ms Leader 0 SENDING AppendEntries to vehicle 5 (n_entries=0, leader_commit=0)
12386.4ms Leader 0 SENDING AppendEntries to vehicle 6 (n_entries=0, leader_commit=0)
12386.4ms Leader 0 SENDING AppendEntries to vehicle 7 (n_entries=0, leader_commit=0)
12386.4ms Vehicle 1 RECEIVED AppendEntries from vehicle 0 (n_entries=0, leader_commit=0)
12386.5ms Vehicle 2 RECEIVED AppendEntries from vehicle 0 (n_entries=0, leader_commit=0)
12387.1ms Vehicle 3 RECEIVED AppendEntries from vehicle 0 (n_entries=0, leader_commit=0)
12388.3ms Vehicle 7 RECEIVED AppendEntries from vehicle 0 (n_entries=0, leader_commit=0)
12526.4ms Leader 0 SENDING AppendEntries to vehicle 1 (n_entries=0, leader_commit=0)
12526.4ms Leader 0 SENDING AppendEntries to vehicle 2 (n_entries=0, leader_commit=0)
12526.4ms Leader 0 SENDING AppendEntries to vehicle 3 (n_entries=0, leader_commit=0)
12526.4ms Leader 0 SENDING AppendEntries to vehicle 4 (n_entries=0, leader_commit=0)
12526.4ms Leader 0 SENDING AppendEntries to vehicle 5 (n_entries=0, leader_commit=0)
12526.4ms Leader 0 SENDING AppendEntries to vehicle 6 (n_entries=0, leader_commit=0)
12526.4ms Leader 0 SENDING AppendEntries to vehicle 7 (n_entries=0, leader_commit=0)
12526.8ms Vehicle 2 RECEIVED AppendEntries from vehicle 0 (n_entries=0, leader_commit=0)
12527.1ms Vehicle 3 RECEIVED AppendEntries from vehicle 0 (n_entries=0, leader_commit=0)
12528.4ms Vehicle 7 RECEIVED AppendEntries from vehicle 0 (n_entries=0, leader_commit=0)
12566.4ms Leader 0 collected status from 5 vehicles
12566.4ms Leader 0 PROPOSING STATUS_REPORT to quorum
12566.4ms Vehicle 0 doLogOffer entry #1 (len=2565)
12566.4ms Leader 0 SENDING AppendEntries to vehicle 1 (n_entries=1, leader_commit=0)
12566.4ms Leader 0 SENDING AppendEntries to vehicle 2 (n_entries=1, leader_commit=0)
12566.4ms Leader 0 SENDING AppendEntries to vehicle 3 (n_entries=1, leader_commit=0)
12566.4ms Leader 0 SENDING AppendEntries to vehicle 4 (n_entries=1, leader_commit=0)
12566.4ms Leader 0 SENDING AppendEntries to vehicle 5 (n_entries=1, leader_commit=0)
12566.4ms Leader 0 SENDING AppendEntries to vehicle 6 (n_entries=1, leader_commit=0)
12566.4ms Leader 0 SENDING AppendEntries to vehicle 7 (n_entries=1, leader_commit=0)
12566.4ms Leader 0 submitted STATUS_REPORT entry #1
12567.7ms Vehicle 1 RECEIVED AppendEntries from vehicle 0 (n_entries=1, leader_commit=0)
12567.7ms Vehicle 1 doLogOffer entry #1 (len=2565)
12569.6ms Vehicle 2 RECEIVED AppendEntries from vehicle 0 (n_entries=1, leader_commit=0)
12569.6ms Vehicle 2 doLogOffer entry #1 (len=2565)
12571.2ms Vehicle 3 RECEIVED AppendEntries from vehicle 0 (n_entries=1, leader_commit=0)
12571.2ms Vehicle 3 doLogOffer entry #1 (len=2565)
12578.0ms Vehicle 7 RECEIVED AppendEntries from vehicle 0 (n_entries=1, leader_commit=0)
12578.0ms Vehicle 7 doLogOffer entry #1 (len=2565)
12586.4ms Vehicle 0 doApplyLog entry #1 (lastApplied=0, len=2565)
12666.4ms Leader 0 vehicle 1 response lost — using default proposal
12666.4ms Leader 0 vehicle 5 response lost — using default proposal
12666.4ms Leader 0 vehicle 6 response lost — using default proposal
12666.4ms Leader 0 vehicle 7 response lost — using default proposal
12666.4ms Leader 0 PROPOSING PASS_SCHEDULE with 5 batches:
  Batch 0: [1,5]
  Batch 1: [6,2]
  Batch 2: [7,3]
  Batch 3: [0,4]
  Batch 4: [9]
12666.4ms Vehicle 0 doLogOffer entry #2 (len=581)
12666.4ms Leader 0 SENDING AppendEntries to vehicle 1 (n_entries=1, leader_commit=1)
12666.4ms Leader 0 SENDING AppendEntries to vehicle 2 (n_entries=1, leader_commit=1)
12666.4ms Leader 0 SENDING AppendEntries to vehicle 3 (n_entries=1, leader_commit=1)
12666.4ms Leader 0 SENDING AppendEntries to vehicle 7 (n_entries=1, leader_commit=1)
12666.4ms Leader 0 submitted PASS_SCHEDULE entry #2
12666.4ms Leader 0 SENDING AppendEntries to vehicle 1 (n_entries=1, leader_commit=1)
12666.4ms Leader 0 SENDING AppendEntries to vehicle 2 (n_entries=1, leader_commit=1)
12666.4ms Leader 0 SENDING AppendEntries to vehicle 3 (n_entries=1, leader_commit=1)
12666.4ms Leader 0 SENDING AppendEntries to vehicle 4 (n_entries=2, leader_commit=1)
12666.4ms Leader 0 SENDING AppendEntries to vehicle 5 (n_entries=2, leader_commit=1)
12666.4ms Leader 0 SENDING AppendEntries to vehicle 6 (n_entries=2, leader_commit=1)
12666.4ms Leader 0 SENDING AppendEntries to vehicle 7 (n_entries=1, leader_commit=1)
12666.6ms Vehicle 1 RECEIVED AppendEntries from vehicle 0 (n_entries=1, leader_commit=1)
12666.6ms Vehicle 1 doLogOffer entry #2 (len=581)
12667.0ms Vehicle 2 RECEIVED AppendEntries from vehicle 0 (n_entries=1, leader_commit=1)
12667.0ms Vehicle 2 doLogOffer entry #2 (len=581)
12667.8ms Vehicle 3 RECEIVED AppendEntries from vehicle 0 (n_entries=1, leader_commit=1)
12667.8ms Vehicle 3 doLogOffer entry #2 (len=581)
12668.3ms Vehicle 7 RECEIVED AppendEntries from vehicle 0 (n_entries=1, leader_commit=1)
12668.3ms Vehicle 7 doLogOffer entry #2 (len=581)
12668.7ms Vehicle 1 RECEIVED AppendEntries from vehicle 0 (n_entries=1, leader_commit=1)
12669.4ms Vehicle 2 RECEIVED AppendEntries from vehicle 0 (n_entries=1, leader_commit=1)
12670.0ms Vehicle 3 RECEIVED AppendEntries from vehicle 0 (n_entries=1, leader_commit=1)
12676.5ms Vehicle 7 RECEIVED AppendEntries from vehicle 0 (n_entries=1, leader_commit=1)
12685.5ms Vehicle 3 doApplyLog entry #1 (lastApplied=0, len=2565)
12685.5ms Vehicle 3 APPLYING STATUS_REPORT entry #1 (8 vehicles)
12685.8ms Vehicle 7 doApplyLog entry #1 (lastApplied=0, len=2565)
12685.8ms Vehicle 7 APPLYING STATUS_REPORT entry #1 (8 vehicles)
12685.8ms Vehicle 1 doApplyLog entry #1 (lastApplied=0, len=2565)
12685.8ms Vehicle 1 APPLYING STATUS_REPORT entry #1 (8 vehicles)
12685.8ms Vehicle 2 doApplyLog entry #1 (lastApplied=0, len=2565)
12685.8ms Vehicle 2 APPLYING STATUS_REPORT entry #1 (8 vehicles)
12686.4ms Vehicle 0 doApplyLog entry #2 (lastApplied=0, len=581)
12686.4ms Vehicle 0 APPLYING PASS_ORDER entry #2 (5 batches)
12686.4ms Vehicle 0 assigned to batch 3 (current batch: 0)
12686.4ms Vehicle 0 waiting for batch 3 via checkBatchAdvance
12806.4ms Leader 0 SENDING AppendEntries to vehicle 1 (n_entries=0, leader_commit=2)
12806.4ms Leader 0 SENDING AppendEntries to vehicle 2 (n_entries=0, leader_commit=2)
12806.4ms Leader 0 SENDING AppendEntries to vehicle 3 (n_entries=0, leader_commit=2)
12806.4ms Leader 0 SENDING AppendEntries to vehicle 4 (n_entries=2, leader_commit=2)
12806.4ms Leader 0 SENDING AppendEntries to vehicle 5 (n_entries=2, leader_commit=2)
12806.4ms Leader 0 SENDING AppendEntries to vehicle 6 (n_entries=2, leader_commit=2)
12806.4ms Leader 0 SENDING AppendEntries to vehicle 7 (n_entries=0, leader_commit=2)
12806.4ms Vehicle 1 RECEIVED AppendEntries from vehicle 0 (n_entries=0, leader_commit=2)
12806.5ms Vehicle 2 RECEIVED AppendEntries from vehicle 0 (n_entries=0, leader_commit=2)
12806.7ms Vehicle 3 RECEIVED AppendEntries from vehicle 0 (n_entries=0, leader_commit=2)
12812.6ms Vehicle 7 RECEIVED AppendEntries from vehicle 0 (n_entries=0, leader_commit=2)
12825.5ms Vehicle 3 doApplyLog entry #2 (lastApplied=1, len=581)
12825.5ms Vehicle 3 APPLYING PASS_ORDER entry #2 (5 batches)
12825.5ms Vehicle 3 assigned to batch 2 (current batch: 0)
12825.5ms Vehicle 3 waiting for batch 2 via checkBatchAdvance
12825.8ms Vehicle 7 doApplyLog entry #2 (lastApplied=1, len=581)
12825.8ms Vehicle 7 APPLYING PASS_ORDER entry #2 (5 batches)
12825.8ms Vehicle 7 assigned to batch 2 (current batch: 0)
12825.8ms Vehicle 7 waiting for batch 2 via checkBatchAdvance
12825.8ms Vehicle 1 doApplyLog entry #2 (lastApplied=1, len=581)
12825.8ms Vehicle 1 APPLYING PASS_ORDER entry #2 (5 batches)
12825.8ms Vehicle 1 assigned to batch 0 (current batch: 0)
12825.8ms Vehicle 1 RESUMING movement
12825.8ms Vehicle 9 sendRequestVote called for node 1
12825.8ms Vehicle 9 sendRequestVote called for node 2
12825.8ms Vehicle 9 sendRequestVote called for node 3
12825.8ms Vehicle 9 sendRequestVote called for node 4
12825.8ms Vehicle 9 sendRequestVote called for node 5
12825.8ms Vehicle 9 sendRequestVote called for node 6
12825.8ms Vehicle 9 sendRequestVote called for node 7
12825.8ms Vehicle 9 sendRequestVote called for node 8
12825.8ms Vehicle 2 doApplyLog entry #2 (lastApplied=1, len=581)
12825.8ms Vehicle 2 APPLYING PASS_ORDER entry #2 (5 batches)
12825.8ms Vehicle 2 assigned to batch 1 (current batch: 0)
12825.8ms Vehicle 2 waiting for batch 1 via checkBatchAdvance
12946.4ms Leader 0 SENDING AppendEntries to vehicle 1 (n_entries=0, leader_commit=2)
12946.4ms Leader 0 SENDING AppendEntries to vehicle 2 (n_entries=0, leader_commit=2)
12946.4ms Leader 0 SENDING AppendEntries to vehicle 3 (n_entries=0, leader_commit=2)
12946.4ms Leader 0 SENDING AppendEntries to vehicle 4 (n_entries=2, leader_commit=2)
12946.4ms Leader 0 SENDING AppendEntries to vehicle 5 (n_entries=2, leader_commit=2)
12946.4ms Leader 0 SENDING AppendEntries to vehicle 6 (n_entries=2, leader_commit=2)
12946.4ms Leader 0 SENDING AppendEntries to vehicle 7 (n_entries=0, leader_commit=2)
12946.4ms Vehicle 1 RECEIVED AppendEntries from vehicle 0 (n_entries=0, leader_commit=2)
12947.1ms Vehicle 3 RECEIVED AppendEntries from vehicle 0 (n_entries=0, leader_commit=2)
12952.9ms Vehicle 7 RECEIVED AppendEntries from vehicle 0 (n_entries=0, leader_commit=2)
13086.4ms Leader 0 SENDING AppendEntries to vehicle 1 (n_entries=0, leader_commit=2)
13086.4ms Leader 0 SENDING AppendEntries to vehicle 2 (n_entries=0, leader_commit=2)
13086.4ms Leader 0 SENDING AppendEntries to vehicle 3 (n_entries=0, leader_commit=2)
13086.4ms Leader 0 SENDING AppendEntries to vehicle 4 (n_entries=2, leader_commit=2)
13086.4ms Leader 0 SENDING AppendEntries to vehicle 5 (n_entries=2, leader_commit=2)
13086.4ms Leader 0 SENDING AppendEntries to vehicle 6 (n_entries=2, leader_commit=2)
13086.4ms Leader 0 SENDING AppendEntries to vehicle 7 (n_entries=0, leader_commit=2)
13086.4ms Vehicle 1 RECEIVED AppendEntries from vehicle 0 (n_entries=0, leader_commit=2)
13086.6ms Vehicle 2 RECEIVED AppendEntries from vehicle 0 (n_entries=0, leader_commit=2)
13086.8ms Vehicle 3 RECEIVED AppendEntries from vehicle 0 (n_entries=0, leader_commit=2)
13092.3ms Vehicle 7 RECEIVED AppendEntries from vehicle 0 (n_entries=0, leader_commit=2)
13226.4ms Leader 0 SENDING AppendEntries to vehicle 1 (n_entries=0, leader_commit=2)
13226.4ms Leader 0 SENDING AppendEntries to vehicle 2 (n_entries=0, leader_commit=2)
13226.4ms Leader 0 SENDING AppendEntries to vehicle 3 (n_entries=0, leader_commit=2)
13226.4ms Leader 0 SENDING AppendEntries to vehicle 4 (n_entries=2, leader_commit=2)
13226.4ms Leader 0 SENDING AppendEntries to vehicle 5 (n_entries=2, leader_commit=2)
13226.4ms Leader 0 SENDING AppendEntries to vehicle 6 (n_entries=2, leader_commit=2)
13226.4ms Leader 0 SENDING AppendEntries to vehicle 7 (n_entries=0, leader_commit=2)
13226.4ms Vehicle 1 RECEIVED AppendEntries from vehicle 0 (n_entries=0, leader_commit=2)
13226.5ms Vehicle 2 RECEIVED AppendEntries from vehicle 0 (n_entries=0, leader_commit=2)
13226.9ms Vehicle 3 RECEIVED AppendEntries from vehicle 0 (n_entries=0, leader_commit=2)
13232.8ms Vehicle 7 RECEIVED AppendEntries from vehicle 0 (n_entries=0, leader_commit=2)
13366.4ms Leader 0 SENDING AppendEntries to vehicle 1 (n_entries=0, leader_commit=2)
13366.4ms Leader 0 SENDING AppendEntries to vehicle 2 (n_entries=0, leader_commit=2)
13366.4ms Leader 0 SENDING AppendEntries to vehicle 3 (n_entries=0, leader_commit=2)
13366.4ms Leader 0 SENDING AppendEntries to vehicle 4 (n_entries=2, leader_commit=2)
13366.4ms Leader 0 SENDING AppendEntries to vehicle 5 (n_entries=2, leader_commit=2)
13366.4ms Leader 0 SENDING AppendEntries to vehicle 6 (n_entries=2, leader_commit=2)
13366.4ms Leader 0 SENDING AppendEntries to vehicle 7 (n_entries=0, leader_commit=2)
13366.4ms Vehicle 1 RECEIVED AppendEntries from vehicle 0 (n_entries=0, leader_commit=2)
13366.6ms Vehicle 2 RECEIVED AppendEntries from vehicle 0 (n_entries=0, leader_commit=2)
13366.8ms Vehicle 3 RECEIVED AppendEntries from vehicle 0 (n_entries=0, leader_commit=2)
13373.1ms Vehicle 7 RECEIVED AppendEntries from vehicle 0 (n_entries=0, leader_commit=2)
13410.4ms Vehicle 10 sendRequestVote called for node 1
13410.4ms Vehicle 10 sendRequestVote called for node 2
13410.4ms Vehicle 10 sendRequestVote called for node 3
13410.4ms Vehicle 10 sendRequestVote called for node 4
13410.4ms Vehicle 10 sendRequestVote called for node 5
13410.4ms Vehicle 10 sendRequestVote called for node 6
13410.4ms Vehicle 10 sendRequestVote called for node 7
13410.4ms Vehicle 10 sendRequestVote called for node 8
13506.4ms Leader 0 SENDING AppendEntries to vehicle 1 (n_entries=0, leader_commit=2)
13506.4ms Leader 0 SENDING AppendEntries to vehicle 2 (n_entries=0, leader_commit=2)
13506.4ms Leader 0 SENDING AppendEntries to vehicle 3 (n_entries=0, leader_commit=2)
13506.4ms Leader 0 SENDING AppendEntries to vehicle 4 (n_entries=2, leader_commit=2)
13506.4ms Leader 0 SENDING AppendEntries to vehicle 5 (n_entries=2, leader_commit=2)
13506.4ms Leader 0 SENDING AppendEntries to vehicle 6 (n_entries=2, leader_commit=2)
13506.4ms Leader 0 SENDING AppendEntries to vehicle 7 (n_entries=0, leader_commit=2)
13506.4ms Vehicle 1 RECEIVED AppendEntries from vehicle 0 (n_entries=0, leader_commit=2)
13506.8ms Vehicle 2 RECEIVED AppendEntries from vehicle 0 (n_entries=0, leader_commit=2)
13507.1ms Vehicle 3 RECEIVED AppendEntries from vehicle 0 (n_entries=0, leader_commit=2)
13513.1ms Vehicle 7 RECEIVED AppendEntries from vehicle 0 (n_entries=0, leader_commit=2)
13646.4ms Leader 0 SENDING AppendEntries to vehicle 1 (n_entries=0, leader_commit=2)
13646.4ms Leader 0 SENDING AppendEntries to vehicle 2 (n_entries=0, leader_commit=2)
13646.4ms Leader 0 SENDING AppendEntries to vehicle 3 (n_entries=0, leader_commit=2)
13646.4ms Leader 0 SENDING AppendEntries to vehicle 4 (n_entries=2, leader_commit=2)
13646.4ms Leader 0 SENDING AppendEntries to vehicle 5 (n_entries=2, leader_commit=2)
13646.4ms Leader 0 SENDING AppendEntries to vehicle 6 (n_entries=2, leader_commit=2)
13646.4ms Leader 0 SENDING AppendEntries to vehicle 7 (n_entries=0, leader_commit=2)
13646.4ms Vehicle 1 RECEIVED AppendEntries from vehicle 0 (n_entries=0, leader_commit=2)
13646.6ms Vehicle 2 RECEIVED AppendEntries from vehicle 0 (n_entries=0, leader_commit=2)
13646.8ms Vehicle 3 RECEIVED AppendEntries from vehicle 0 (n_entries=0, leader_commit=2)
13652.7ms Vehicle 7 RECEIVED AppendEntries from vehicle 0 (n_entries=0, leader_commit=2)
13685.8ms Vehicle 9 sendRequestVote called for node 1
13685.8ms Vehicle 9 sendRequestVote called for node 2
13685.8ms Vehicle 9 sendRequestVote called for node 3
13685.8ms Vehicle 9 sendRequestVote called for node 4
13685.8ms Vehicle 9 sendRequestVote called for node 5
13685.8ms Vehicle 9 sendRequestVote called for node 6
13685.8ms Vehicle 9 sendRequestVote called for node 7
13685.8ms Vehicle 9 sendRequestVote called for node 8
13786.4ms Leader 0 SENDING AppendEntries to vehicle 1 (n_entries=0, leader_commit=2)
13786.4ms Leader 0 SENDING AppendEntries to vehicle 2 (n_entries=0, leader_commit=2)
13786.4ms Leader 0 SENDING AppendEntries to vehicle 3 (n_entries=0, leader_commit=2)
13786.4ms Leader 0 SENDING AppendEntries to vehicle 4 (n_entries=2, leader_commit=2)
13786.4ms Leader 0 SENDING AppendEntries to vehicle 5 (n_entries=2, leader_commit=2)
13786.4ms Leader 0 SENDING AppendEntries to vehicle 6 (n_entries=2, leader_commit=2)
13786.4ms Leader 0 SENDING AppendEntries to vehicle 7 (n_entries=0, leader_commit=2)
13786.4ms Vehicle 1 RECEIVED AppendEntries from vehicle 0 (n_entries=0, leader_commit=2)
13786.8ms Vehicle 2 RECEIVED AppendEntries from vehicle 0 (n_entries=0, leader_commit=2)
13787.2ms Vehicle 3 RECEIVED AppendEntries from vehicle 0 (n_entries=0, leader_commit=2)
13793.1ms Vehicle 7 RECEIVED AppendEntries from vehicle 0 (n_entries=0, leader_commit=2)
13926.4ms Leader 0 SENDING AppendEntries to vehicle 1 (n_entries=0, leader_commit=2)
13926.4ms Leader 0 SENDING AppendEntries to vehicle 2 (n_entries=0, leader_commit=2)
13926.4ms Leader 0 SENDING AppendEntries to vehicle 3 (n_entries=0, leader_commit=2)
13926.4ms Leader 0 SENDING AppendEntries to vehicle 4 (n_entries=2, leader_commit=2)
13926.4ms Leader 0 SENDING AppendEntries to vehicle 5 (n_entries=2, leader_commit=2)
13926.4ms Leader 0 SENDING AppendEntries to vehicle 6 (n_entries=2, leader_commit=2)
13926.4ms Leader 0 SENDING AppendEntries to vehicle 7 (n_entries=0, leader_commit=2)
13926.7ms Vehicle 1 RECEIVED AppendEntries from vehicle 0 (n_entries=0, leader_commit=2)
13927.1ms Vehicle 2 RECEIVED AppendEntries from vehicle 0 (n_entries=0, leader_commit=2)
13927.3ms Vehicle 3 RECEIVED AppendEntries from vehicle 0 (n_entries=0, leader_commit=2)
13933.3ms Vehicle 7 RECEIVED AppendEntries from vehicle 0 (n_entries=0, leader_commit=2)
14066.4ms Leader 0 SENDING AppendEntries to vehicle 1 (n_entries=0, leader_commit=2)
14066.4ms Leader 0 SENDING AppendEntries to vehicle 2 (n_entries=0, leader_commit=2)
14066.4ms Leader 0 SENDING AppendEntries to vehicle 3 (n_entries=0, leader_commit=2)
14066.4ms Leader 0 SENDING AppendEntries to vehicle 4 (n_entries=2, leader_commit=2)
14066.4ms Leader 0 SENDING AppendEntries to vehicle 5 (n_entries=2, leader_commit=2)
14066.4ms Leader 0 SENDING AppendEntries to vehicle 6 (n_entries=2, leader_commit=2)
14066.4ms Leader 0 SENDING AppendEntries to vehicle 7 (n_entries=0, leader_commit=2)
14066.4ms Vehicle 1 RECEIVED AppendEntries from vehicle 0 (n_entries=0, leader_commit=2)
14066.8ms Vehicle 2 RECEIVED AppendEntries from vehicle 0 (n_entries=0, leader_commit=2)
14067.0ms Vehicle 3 RECEIVED AppendEntries from vehicle 0 (n_entries=0, leader_commit=2)
14072.7ms Vehicle 7 RECEIVED AppendEntries from vehicle 0 (n_entries=0, leader_commit=2)
14206.4ms Leader 0 SENDING AppendEntries to vehicle 1 (n_entries=0, leader_commit=2)
14206.4ms Leader 0 SENDING AppendEntries to vehicle 2 (n_entries=0, leader_commit=2)
14206.4ms Leader 0 SENDING AppendEntries to vehicle 3 (n_entries=0, leader_commit=2)
14206.4ms Leader 0 SENDING AppendEntries to vehicle 4 (n_entries=2, leader_commit=2)
14206.4ms Leader 0 SENDING AppendEntries to vehicle 5 (n_entries=2, leader_commit=2)
14206.4ms Leader 0 SENDING AppendEntries to vehicle 6 (n_entries=2, leader_commit=2)
14206.4ms Leader 0 SENDING AppendEntries to vehicle 7 (n_entries=0, leader_commit=2)
14206.4ms Vehicle 1 RECEIVED AppendEntries from vehicle 0 (n_entries=0, leader_commit=2)
14206.7ms Vehicle 2 RECEIVED AppendEntries from vehicle 0 (n_entries=0, leader_commit=2)
14207.2ms Vehicle 3 RECEIVED AppendEntries from vehicle 0 (n_entries=0, leader_commit=2)
14213.4ms Vehicle 7 RECEIVED AppendEntries from vehicle 0 (n_entries=0, leader_commit=2)
14346.4ms Leader 0 SENDING AppendEntries to vehicle 1 (n_entries=0, leader_commit=2)
14346.4ms Leader 0 SENDING AppendEntries to vehicle 2 (n_entries=0, leader_commit=2)
14346.4ms Leader 0 SENDING AppendEntries to vehicle 3 (n_entries=0, leader_commit=2)
14346.4ms Leader 0 SENDING AppendEntries to vehicle 4 (n_entries=2, leader_commit=2)
14346.4ms Leader 0 SENDING AppendEntries to vehicle 5 (n_entries=2, leader_commit=2)
14346.4ms Leader 0 SENDING AppendEntries to vehicle 6 (n_entries=2, leader_commit=2)
14346.4ms Leader 0 SENDING AppendEntries to vehicle 7 (n_entries=0, leader_commit=2)
14346.4ms Vehicle 1 RECEIVED AppendEntries from vehicle 0 (n_entries=0, leader_commit=2)
14346.6ms Vehicle 2 RECEIVED AppendEntries from vehicle 0 (n_entries=0, leader_commit=2)
14346.9ms Vehicle 3 RECEIVED AppendEntries from vehicle 0 (n_entries=0, leader_commit=2)
14353.0ms Vehicle 7 RECEIVED AppendEntries from vehicle 0 (n_entries=0, leader_commit=2)
14486.4ms Leader 0 SENDING AppendEntries to vehicle 1 (n_entries=0, leader_commit=2)
14486.4ms Leader 0 SENDING AppendEntries to vehicle 2 (n_entries=0, leader_commit=2)
14486.4ms Leader 0 SENDING AppendEntries to vehicle 3 (n_entries=0, leader_commit=2)
14486.4ms Leader 0 SENDING AppendEntries to vehicle 4 (n_entries=2, leader_commit=2)
14486.4ms Leader 0 SENDING AppendEntries to vehicle 5 (n_entries=2, leader_commit=2)
14486.4ms Leader 0 SENDING AppendEntries to vehicle 6 (n_entries=2, leader_commit=2)
14486.4ms Leader 0 SENDING AppendEntries to vehicle 7 (n_entries=0, leader_commit=2)
14486.4ms Vehicle 1 RECEIVED AppendEntries from vehicle 0 (n_entries=0, leader_commit=2)
14486.8ms Vehicle 2 RECEIVED AppendEntries from vehicle 0 (n_entries=0, leader_commit=2)
14487.0ms Vehicle 3 RECEIVED AppendEntries from vehicle 0 (n_entries=0, leader_commit=2)
14493.2ms Vehicle 7 RECEIVED AppendEntries from vehicle 0 (n_entries=0, leader_commit=2)
14530.4ms Vehicle 10 sendRequestVote called for node 1
14530.4ms Vehicle 10 sendRequestVote called for node 2
14530.4ms Vehicle 10 sendRequestVote called for node 3
14530.4ms Vehicle 10 sendRequestVote called for node 4
14530.4ms Vehicle 10 sendRequestVote called for node 5
14530.4ms Vehicle 10 sendRequestVote called for node 6
14530.4ms Vehicle 10 sendRequestVote called for node 7
14530.4ms Vehicle 10 sendRequestVote called for node 8
14626.4ms Leader 0 SENDING AppendEntries to vehicle 1 (n_entries=0, leader_commit=2)
14626.4ms Leader 0 SENDING AppendEntries to vehicle 2 (n_entries=0, leader_commit=2)
14626.4ms Leader 0 SENDING AppendEntries to vehicle 3 (n_entries=0, leader_commit=2)
14626.4ms Leader 0 SENDING AppendEntries to vehicle 4 (n_entries=2, leader_commit=2)
14626.4ms Leader 0 SENDING AppendEntries to vehicle 5 (n_entries=2, leader_commit=2)
14626.4ms Leader 0 SENDING AppendEntries to vehicle 6 (n_entries=2, leader_commit=2)
14626.4ms Leader 0 SENDING AppendEntries to vehicle 7 (n_entries=0, leader_commit=2)
14626.4ms Vehicle 1 RECEIVED AppendEntries from vehicle 0 (n_entries=0, leader_commit=2)
14626.7ms Vehicle 2 RECEIVED AppendEntries from vehicle 0 (n_entries=0, leader_commit=2)
14627.0ms Vehicle 3 RECEIVED AppendEntries from vehicle 0 (n_entries=0, leader_commit=2)
14633.0ms Vehicle 7 RECEIVED AppendEntries from vehicle 0 (n_entries=0, leader_commit=2)
14766.4ms Leader 0 SENDING AppendEntries to vehicle 1 (n_entries=0, leader_commit=2)
14766.4ms Leader 0 SENDING AppendEntries to vehicle 2 (n_entries=0, leader_commit=2)
14766.4ms Leader 0 SENDING AppendEntries to vehicle 3 (n_entries=0, leader_commit=2)
14766.4ms Leader 0 SENDING AppendEntries to vehicle 4 (n_entries=2, leader_commit=2)
14766.4ms Leader 0 SENDING AppendEntries to vehicle 5 (n_entries=2, leader_commit=2)
14766.4ms Leader 0 SENDING AppendEntries to vehicle 6 (n_entries=2, leader_commit=2)
14766.4ms Leader 0 SENDING AppendEntries to vehicle 7 (n_entries=0, leader_commit=2)
14766.4ms Vehicle 1 RECEIVED AppendEntries from vehicle 0 (n_entries=0, leader_commit=2)
14766.9ms Vehicle 2 RECEIVED AppendEntries from vehicle 0 (n_entries=0, leader_commit=2)
14767.1ms Vehicle 3 RECEIVED AppendEntries from vehicle 0 (n_entries=0, leader_commit=2)
14773.4ms Vehicle 7 RECEIVED AppendEntries from vehicle 0 (n_entries=0, leader_commit=2)
14885.8ms Vehicle 9 sendRequestVote called for node 1
14885.8ms Vehicle 9 sendRequestVote called for node 2
14885.8ms Vehicle 9 sendRequestVote called for node 3
14885.8ms Vehicle 9 sendRequestVote called for node 4
14885.8ms Vehicle 9 sendRequestVote called for node 5
14885.8ms Vehicle 9 sendRequestVote called for node 6
14885.8ms Vehicle 9 sendRequestVote called for node 7
14885.8ms Vehicle 9 sendRequestVote called for node 8
14906.4ms Leader 0 SENDING AppendEntries to vehicle 1 (n_entries=0, leader_commit=2)
14906.4ms Leader 0 SENDING AppendEntries to vehicle 2 (n_entries=0, leader_commit=2)
14906.4ms Leader 0 SENDING AppendEntries to vehicle 3 (n_entries=0, leader_commit=2)
14906.4ms Leader 0 SENDING AppendEntries to vehicle 4 (n_entries=2, leader_commit=2)
14906.4ms Leader 0 SENDING AppendEntries to vehicle 5 (n_entries=2, leader_commit=2)
14906.4ms Leader 0 SENDING AppendEntries to vehicle 6 (n_entries=2, leader_commit=2)
14906.4ms Leader 0 SENDING AppendEntries to vehicle 7 (n_entries=0, leader_commit=2)
14906.4ms Vehicle 1 RECEIVED AppendEntries from vehicle 0 (n_entries=0, leader_commit=2)
14906.9ms Vehicle 2 RECEIVED AppendEntries from vehicle 0 (n_entries=0, leader_commit=2)
14907.3ms Vehicle 3 RECEIVED AppendEntries from vehicle 0 (n_entries=0, leader_commit=2)
14913.3ms Vehicle 7 RECEIVED AppendEntries from vehicle 0 (n_entries=0, leader_commit=2)
15 Vehicle 1 hasPassed=true (on exit edge 34894202#13)
15000.0ms Vehicle 1 LEFT intersection
15000.0ms Vehicle 1 BROADCASTING vehicle-passed
15000.0ms Vehicle 1 sending vehicle-left (isLeader=0, myBatch=0)
15000.1ms Vehicle 0 RECEIVED vehicle-passed from vehicle 1
15000.1ms Vehicle 9 RECEIVED vehicle-passed from vehicle 1
15000.1ms Vehicle 2 RECEIVED vehicle-passed from vehicle 1
15000.1ms Vehicle 3 RECEIVED vehicle-passed from vehicle 1
15000.1ms Vehicle 7 RECEIVED vehicle-passed from vehicle 1
15000.4ms Vehicle 0 RECEIVED vehicle-left from vehicle 1
15000.4ms Leader 0 proposing VEHICLE_LEFT for vehicle 1 (batch=0)
15000.4ms Vehicle 0 doLogOffer entry #3 (len=9)
15000.4ms Leader 0 SENDING AppendEntries to vehicle 2 (n_entries=1, leader_commit=2)
15000.4ms Leader 0 SENDING AppendEntries to vehicle 3 (n_entries=1, leader_commit=2)
15000.4ms Leader 0 SENDING AppendEntries to vehicle 7 (n_entries=1, leader_commit=2)
15000.4ms Vehicle 9 RECEIVED vehicle-left from vehicle 1
15000.4ms Vehicle 2 RECEIVED vehicle-left from vehicle 1
15000.4ms Vehicle 3 RECEIVED vehicle-left from vehicle 1
15000.4ms Vehicle 7 RECEIVED vehicle-left from vehicle 1
15000.6ms Vehicle 2 RECEIVED AppendEntries from vehicle 0 (n_entries=1, leader_commit=2)
15000.6ms Vehicle 2 doLogOffer entry #3 (len=9)
15000.9ms Vehicle 3 RECEIVED AppendEntries from vehicle 0 (n_entries=1, leader_commit=2)
15000.9ms Vehicle 3 doLogOffer entry #3 (len=9)
15001.4ms Vehicle 7 RECEIVED AppendEntries from vehicle 0 (n_entries=1, leader_commit=2)
15001.4ms Vehicle 7 doLogOffer entry #3 (len=9)
15046.4ms Leader 0 SENDING AppendEntries to vehicle 2 (n_entries=0, leader_commit=2)
15046.4ms Leader 0 SENDING AppendEntries to vehicle 3 (n_entries=0, leader_commit=2)
15046.4ms Leader 0 SENDING AppendEntries to vehicle 4 (n_entries=3, leader_commit=2)
15046.4ms Leader 0 SENDING AppendEntries to vehicle 5 (n_entries=3, leader_commit=2)
15046.4ms Leader 0 SENDING AppendEntries to vehicle 6 (n_entries=3, leader_commit=2)
15046.4ms Leader 0 SENDING AppendEntries to vehicle 7 (n_entries=0, leader_commit=2)
15046.7ms Vehicle 3 RECEIVED AppendEntries from vehicle 0 (n_entries=0, leader_commit=2)
15052.5ms Vehicle 7 RECEIVED AppendEntries from vehicle 0 (n_entries=0, leader_commit=2)
15186.4ms Leader 0 SENDING AppendEntries to vehicle 2 (n_entries=0, leader_commit=2)
15186.4ms Leader 0 SENDING AppendEntries to vehicle 3 (n_entries=0, leader_commit=2)
15186.4ms Leader 0 SENDING AppendEntries to vehicle 4 (n_entries=3, leader_commit=2)
15186.4ms Leader 0 SENDING AppendEntries to vehicle 5 (n_entries=3, leader_commit=2)
15186.4ms Leader 0 SENDING AppendEntries to vehicle 6 (n_entries=3, leader_commit=2)
15186.4ms Leader 0 SENDING AppendEntries to vehicle 7 (n_entries=0, leader_commit=2)
15186.4ms Vehicle 2 RECEIVED AppendEntries from vehicle 0 (n_entries=0, leader_commit=2)
15186.9ms Vehicle 3 RECEIVED AppendEntries from vehicle 0 (n_entries=0, leader_commit=2)
15193.3ms Vehicle 7 RECEIVED AppendEntries from vehicle 0 (n_entries=0, leader_commit=2)
15326.4ms Leader 0 SENDING AppendEntries to vehicle 2 (n_entries=0, leader_commit=2)
15326.4ms Leader 0 SENDING AppendEntries to vehicle 3 (n_entries=0, leader_commit=2)
15326.4ms Leader 0 SENDING AppendEntries to vehicle 4 (n_entries=3, leader_commit=2)
15326.4ms Leader 0 SENDING AppendEntries to vehicle 5 (n_entries=3, leader_commit=2)
15326.4ms Leader 0 SENDING AppendEntries to vehicle 6 (n_entries=3, leader_commit=2)
15326.4ms Leader 0 SENDING AppendEntries to vehicle 7 (n_entries=0, leader_commit=2)
15326.4ms Vehicle 2 RECEIVED AppendEntries from vehicle 0 (n_entries=0, leader_commit=2)
15326.8ms Vehicle 3 RECEIVED AppendEntries from vehicle 0 (n_entries=0, leader_commit=2)
15332.8ms Vehicle 7 RECEIVED AppendEntries from vehicle 0 (n_entries=0, leader_commit=2)
15466.4ms Leader 0 SENDING AppendEntries to vehicle 2 (n_entries=0, leader_commit=2)
15466.4ms Leader 0 SENDING AppendEntries to vehicle 3 (n_entries=0, leader_commit=2)
15466.4ms Leader 0 SENDING AppendEntries to vehicle 4 (n_entries=3, leader_commit=2)
15466.4ms Leader 0 SENDING AppendEntries to vehicle 5 (n_entries=3, leader_commit=2)
15466.4ms Leader 0 SENDING AppendEntries to vehicle 6 (n_entries=3, leader_commit=2)
15466.4ms Leader 0 SENDING AppendEntries to vehicle 7 (n_entries=0, leader_commit=2)
15466.4ms Vehicle 2 RECEIVED AppendEntries from vehicle 0 (n_entries=0, leader_commit=2)
15466.6ms Vehicle 3 RECEIVED AppendEntries from vehicle 0 (n_entries=0, leader_commit=2)
15471.9ms Vehicle 7 RECEIVED AppendEntries from vehicle 0 (n_entries=0, leader_commit=2)
15570.4ms Vehicle 10 sendRequestVote called for node 1
15570.4ms Vehicle 10 sendRequestVote called for node 2
15570.4ms Vehicle 10 sendRequestVote called for node 3
15570.4ms Vehicle 10 sendRequestVote called for node 4
15570.4ms Vehicle 10 sendRequestVote called for node 5
15570.4ms Vehicle 10 sendRequestVote called for node 6
15570.4ms Vehicle 10 sendRequestVote called for node 7
15570.4ms Vehicle 10 sendRequestVote called for node 8
15606.4ms Leader 0 SENDING AppendEntries to vehicle 2 (n_entries=0, leader_commit=2)
15606.4ms Leader 0 SENDING AppendEntries to vehicle 3 (n_entries=0, leader_commit=2)
15606.4ms Leader 0 SENDING AppendEntries to vehicle 4 (n_entries=3, leader_commit=2)
15606.4ms Leader 0 SENDING AppendEntries to vehicle 5 (n_entries=3, leader_commit=2)
15606.4ms Leader 0 SENDING AppendEntries to vehicle 6 (n_entries=3, leader_commit=2)
15606.4ms Leader 0 SENDING AppendEntries to vehicle 7 (n_entries=0, leader_commit=2)
15606.4ms Vehicle 2 RECEIVED AppendEntries from vehicle 0 (n_entries=0, leader_commit=2)
15606.6ms Vehicle 3 RECEIVED AppendEntries from vehicle 0 (n_entries=0, leader_commit=2)
15612.6ms Vehicle 7 RECEIVED AppendEntries from vehicle 0 (n_entries=0, leader_commit=2)
15746.4ms Leader 0 SENDING AppendEntries to vehicle 1 (n_entries=1, leader_commit=2)
15746.4ms Leader 0 SENDING AppendEntries to vehicle 2 (n_entries=0, leader_commit=2)
15746.4ms Leader 0 SENDING AppendEntries to vehicle 3 (n_entries=0, leader_commit=2)
15746.4ms Leader 0 SENDING AppendEntries to vehicle 4 (n_entries=3, leader_commit=2)
15746.4ms Leader 0 SENDING AppendEntries to vehicle 5 (n_entries=3, leader_commit=2)
15746.4ms Leader 0 SENDING AppendEntries to vehicle 6 (n_entries=3, leader_commit=2)
15746.4ms Leader 0 SENDING AppendEntries to vehicle 7 (n_entries=0, leader_commit=2)
15746.7ms Vehicle 2 RECEIVED AppendEntries from vehicle 0 (n_entries=0, leader_commit=2)
15746.9ms Vehicle 3 RECEIVED AppendEntries from vehicle 0 (n_entries=0, leader_commit=2)
15752.4ms Vehicle 7 RECEIVED AppendEntries from vehicle 0 (n_entries=0, leader_commit=2)
15886.4ms Leader 0 SENDING AppendEntries to vehicle 1 (n_entries=1, leader_commit=2)
15886.4ms Leader 0 SENDING AppendEntries to vehicle 2 (n_entries=0, leader_commit=2)
15886.4ms Leader 0 SENDING AppendEntries to vehicle 3 (n_entries=0, leader_commit=2)
15886.4ms Leader 0 SENDING AppendEntries to vehicle 4 (n_entries=3, leader_commit=2)
15886.4ms Leader 0 SENDING AppendEntries to vehicle 5 (n_entries=3, leader_commit=2)
15886.4ms Leader 0 SENDING AppendEntries to vehicle 6 (n_entries=3, leader_commit=2)
15886.4ms Leader 0 SENDING AppendEntries to vehicle 7 (n_entries=0, leader_commit=2)
15886.6ms Vehicle 2 RECEIVED AppendEntries from vehicle 0 (n_entries=0, leader_commit=2)
15887.1ms Vehicle 3 RECEIVED AppendEntries from vehicle 0 (n_entries=0, leader_commit=2)
15893.0ms Vehicle 7 RECEIVED AppendEntries from vehicle 0 (n_entries=0, leader_commit=2)
16026.4ms Leader 0 SENDING AppendEntries to vehicle 1 (n_entries=1, leader_commit=2)
16026.4ms Leader 0 SENDING AppendEntries to vehicle 2 (n_entries=0, leader_commit=2)
16026.4ms Leader 0 SENDING AppendEntries to vehicle 3 (n_entries=0, leader_commit=2)
16026.4ms Leader 0 SENDING AppendEntries to vehicle 4 (n_entries=3, leader_commit=2)
16026.4ms Leader 0 SENDING AppendEntries to vehicle 5 (n_entries=3, leader_commit=2)
16026.4ms Leader 0 SENDING AppendEntries to vehicle 6 (n_entries=3, leader_commit=2)
16026.4ms Leader 0 SENDING AppendEntries to vehicle 7 (n_entries=0, leader_commit=2)
16026.7ms Vehicle 3 RECEIVED AppendEntries from vehicle 0 (n_entries=0, leader_commit=2)
16065.8ms Vehicle 9 sendRequestVote called for node 1
16065.8ms Vehicle 9 sendRequestVote called for node 2
16065.8ms Vehicle 9 sendRequestVote called for node 3
16065.8ms Vehicle 9 sendRequestVote called for node 4
16065.8ms Vehicle 9 sendRequestVote called for node 5
16065.8ms Vehicle 9 sendRequestVote called for node 6
16065.8ms Vehicle 9 sendRequestVote called for node 7
16065.8ms Vehicle 9 sendRequestVote called for node 8
16166.4ms Leader 0 SENDING AppendEntries to vehicle 1 (n_entries=1, leader_commit=2)
16166.4ms Leader 0 SENDING AppendEntries to vehicle 2 (n_entries=0, leader_commit=2)
16166.4ms Leader 0 SENDING AppendEntries to vehicle 3 (n_entries=0, leader_commit=2)
16166.4ms Leader 0 SENDING AppendEntries to vehicle 4 (n_entries=3, leader_commit=2)
16166.4ms Leader 0 SENDING AppendEntries to vehicle 5 (n_entries=3, leader_commit=2)
16166.4ms Leader 0 SENDING AppendEntries to vehicle 6 (n_entries=3, leader_commit=2)
16166.4ms Leader 0 SENDING AppendEntries to vehicle 7 (n_entries=0, leader_commit=2)
16166.6ms Vehicle 2 RECEIVED AppendEntries from vehicle 0 (n_entries=0, leader_commit=2)
16167.0ms Vehicle 3 RECEIVED AppendEntries from vehicle 0 (n_entries=0, leader_commit=2)
16172.4ms Vehicle 7 RECEIVED AppendEntries from vehicle 0 (n_entries=0, leader_commit=2)
16306.4ms Leader 0 SENDING AppendEntries to vehicle 1 (n_entries=1, leader_commit=2)
16306.4ms Leader 0 SENDING AppendEntries to vehicle 2 (n_entries=0, leader_commit=2)
16306.4ms Leader 0 SENDING AppendEntries to vehicle 3 (n_entries=0, leader_commit=2)
16306.4ms Leader 0 SENDING AppendEntries to vehicle 4 (n_entries=3, leader_commit=2)
16306.4ms Leader 0 SENDING AppendEntries to vehicle 5 (n_entries=3, leader_commit=2)
16306.4ms Leader 0 SENDING AppendEntries to vehicle 6 (n_entries=3, leader_commit=2)
16306.4ms Leader 0 SENDING AppendEntries to vehicle 7 (n_entries=0, leader_commit=2)
16306.6ms Vehicle 2 RECEIVED AppendEntries from vehicle 0 (n_entries=0, leader_commit=2)
16307.0ms Vehicle 3 RECEIVED AppendEntries from vehicle 0 (n_entries=0, leader_commit=2)
16313.1ms Vehicle 7 RECEIVED AppendEntries from vehicle 0 (n_entries=0, leader_commit=2)
16446.4ms Leader 0 SENDING AppendEntries to vehicle 1 (n_entries=1, leader_commit=2)
16446.4ms Leader 0 SENDING AppendEntries to vehicle 2 (n_entries=0, leader_commit=2)
16446.4ms Leader 0 SENDING AppendEntries to vehicle 3 (n_entries=0, leader_commit=2)
16446.4ms Leader 0 SENDING AppendEntries to vehicle 4 (n_entries=3, leader_commit=2)
16446.4ms Leader 0 SENDING AppendEntries to vehicle 5 (n_entries=3, leader_commit=2)
16446.4ms Leader 0 SENDING AppendEntries to vehicle 6 (n_entries=3, leader_commit=2)
16446.4ms Leader 0 SENDING AppendEntries to vehicle 7 (n_entries=0, leader_commit=2)
16446.8ms Vehicle 2 RECEIVED AppendEntries from vehicle 0 (n_entries=0, leader_commit=2)
16447.1ms Vehicle 3 RECEIVED AppendEntries from vehicle 0 (n_entries=0, leader_commit=2)
16452.4ms Vehicle 7 RECEIVED AppendEntries from vehicle 0 (n_entries=0, leader_commit=2)
16586.4ms Leader 0 SENDING AppendEntries to vehicle 1 (n_entries=1, leader_commit=2)
16586.4ms Leader 0 SENDING AppendEntries to vehicle 2 (n_entries=0, leader_commit=2)
16586.4ms Leader 0 SENDING AppendEntries to vehicle 3 (n_entries=0, leader_commit=2)
16586.4ms Leader 0 SENDING AppendEntries to vehicle 4 (n_entries=3, leader_commit=2)
16586.4ms Leader 0 SENDING AppendEntries to vehicle 5 (n_entries=3, leader_commit=2)
16586.4ms Leader 0 SENDING AppendEntries to vehicle 6 (n_entries=3, leader_commit=2)
16586.4ms Leader 0 SENDING AppendEntries to vehicle 7 (n_entries=0, leader_commit=2)
16586.7ms Vehicle 2 RECEIVED AppendEntries from vehicle 0 (n_entries=0, leader_commit=2)
16586.9ms Vehicle 3 RECEIVED AppendEntries from vehicle 0 (n_entries=0, leader_commit=2)
16592.5ms Vehicle 7 RECEIVED AppendEntries from vehicle 0 (n_entries=0, leader_commit=2)
16726.4ms Leader 0 SENDING AppendEntries to vehicle 1 (n_entries=1, leader_commit=2)
16726.4ms Leader 0 SENDING AppendEntries to vehicle 2 (n_entries=0, leader_commit=2)
16726.4ms Leader 0 SENDING AppendEntries to vehicle 3 (n_entries=0, leader_commit=2)
16726.4ms Leader 0 SENDING AppendEntries to vehicle 4 (n_entries=3, leader_commit=2)
16726.4ms Leader 0 SENDING AppendEntries to vehicle 5 (n_entries=3, leader_commit=2)
16726.4ms Leader 0 SENDING AppendEntries to vehicle 6 (n_entries=3, leader_commit=2)
16726.4ms Leader 0 SENDING AppendEntries to vehicle 7 (n_entries=0, leader_commit=2)
16726.9ms Vehicle 3 RECEIVED AppendEntries from vehicle 0 (n_entries=0, leader_commit=2)
16733.0ms Vehicle 7 RECEIVED AppendEntries from vehicle 0 (n_entries=0, leader_commit=2)
16800.0ms Vehicle 9 QUEUED at dist=32.4m speed=1.5m/s
16805.8ms Vehicle 9 RAFT TIMEOUT: 10840.0ms since cluster formed (threshold=8700.0ms)
16805.8ms Vehicle 9 FALLBACK MODE activated
16805.8ms Vehicle 9 RESUMING movement
16866.4ms Leader 0 SENDING AppendEntries to vehicle 1 (n_entries=1, leader_commit=2)
16866.4ms Leader 0 SENDING AppendEntries to vehicle 2 (n_entries=0, leader_commit=2)
16866.4ms Leader 0 SENDING AppendEntries to vehicle 3 (n_entries=0, leader_commit=2)
16866.4ms Leader 0 SENDING AppendEntries to vehicle 4 (n_entries=3, leader_commit=2)
16866.4ms Leader 0 SENDING AppendEntries to vehicle 5 (n_entries=3, leader_commit=2)
16866.4ms Leader 0 SENDING AppendEntries to vehicle 6 (n_entries=3, leader_commit=2)
16866.4ms Leader 0 SENDING AppendEntries to vehicle 7 (n_entries=0, leader_commit=2)
16866.8ms Vehicle 2 RECEIVED AppendEntries from vehicle 0 (n_entries=0, leader_commit=2)
16867.1ms Vehicle 3 RECEIVED AppendEntries from vehicle 0 (n_entries=0, leader_commit=2)
16873.0ms Vehicle 7 RECEIVED AppendEntries from vehicle 0 (n_entries=0, leader_commit=2)
17006.4ms Leader 0 SENDING AppendEntries to vehicle 1 (n_entries=1, leader_commit=2)
17006.4ms Leader 0 SENDING AppendEntries to vehicle 2 (n_entries=0, leader_commit=2)
17006.4ms Leader 0 SENDING AppendEntries to vehicle 3 (n_entries=0, leader_commit=2)
17006.4ms Leader 0 SENDING AppendEntries to vehicle 4 (n_entries=3, leader_commit=2)
17006.4ms Leader 0 SENDING AppendEntries to vehicle 5 (n_entries=3, leader_commit=2)
17006.4ms Leader 0 SENDING AppendEntries to vehicle 6 (n_entries=3, leader_commit=2)
17006.4ms Leader 0 SENDING AppendEntries to vehicle 7 (n_entries=0, leader_commit=2)
17006.5ms Vehicle 2 RECEIVED AppendEntries from vehicle 0 (n_entries=0, leader_commit=2)
17007.0ms Vehicle 3 RECEIVED AppendEntries from vehicle 0 (n_entries=0, leader_commit=2)
17012.6ms Vehicle 7 RECEIVED AppendEntries from vehicle 0 (n_entries=0, leader_commit=2)
17146.4ms Leader 0 SENDING AppendEntries to vehicle 1 (n_entries=1, leader_commit=2)
17146.4ms Leader 0 SENDING AppendEntries to vehicle 2 (n_entries=0, leader_commit=2)
17146.4ms Leader 0 SENDING AppendEntries to vehicle 3 (n_entries=0, leader_commit=2)
17146.4ms Leader 0 SENDING AppendEntries to vehicle 4 (n_entries=3, leader_commit=2)
17146.4ms Leader 0 SENDING AppendEntries to vehicle 5 (n_entries=3, leader_commit=2)
17146.4ms Leader 0 SENDING AppendEntries to vehicle 6 (n_entries=3, leader_commit=2)
17146.4ms Leader 0 SENDING AppendEntries to vehicle 7 (n_entries=0, leader_commit=2)
17146.7ms Vehicle 2 RECEIVED AppendEntries from vehicle 0 (n_entries=0, leader_commit=2)
17147.1ms Vehicle 3 RECEIVED AppendEntries from vehicle 0 (n_entries=0, leader_commit=2)
17152.7ms Vehicle 7 RECEIVED AppendEntries from vehicle 0 (n_entries=0, leader_commit=2)
17286.4ms Leader 0 SENDING AppendEntries to vehicle 1 (n_entries=1, leader_commit=2)
17286.4ms Leader 0 SENDING AppendEntries to vehicle 2 (n_entries=0, leader_commit=2)
17286.4ms Leader 0 SENDING AppendEntries to vehicle 3 (n_entries=0, leader_commit=2)
17286.4ms Leader 0 SENDING AppendEntries to vehicle 4 (n_entries=3, leader_commit=2)
17286.4ms Leader 0 SENDING AppendEntries to vehicle 5 (n_entries=3, leader_commit=2)
17286.4ms Leader 0 SENDING AppendEntries to vehicle 6 (n_entries=3, leader_commit=2)
17286.4ms Leader 0 SENDING AppendEntries to vehicle 7 (n_entries=0, leader_commit=2)
17286.6ms Vehicle 2 RECEIVED AppendEntries from vehicle 0 (n_entries=0, leader_commit=2)
17286.8ms Vehicle 3 RECEIVED AppendEntries from vehicle 0 (n_entries=0, leader_commit=2)
17292.2ms Vehicle 7 RECEIVED AppendEntries from vehicle 0 (n_entries=0, leader_commit=2)
17426.4ms Leader 0 SENDING AppendEntries to vehicle 1 (n_entries=1, leader_commit=2)
17426.4ms Leader 0 SENDING AppendEntries to vehicle 2 (n_entries=0, leader_commit=2)
17426.4ms Leader 0 SENDING AppendEntries to vehicle 3 (n_entries=0, leader_commit=2)
17426.4ms Leader 0 SENDING AppendEntries to vehicle 4 (n_entries=3, leader_commit=2)
17426.4ms Leader 0 SENDING AppendEntries to vehicle 5 (n_entries=3, leader_commit=2)
17426.4ms Leader 0 SENDING AppendEntries to vehicle 6 (n_entries=3, leader_commit=2)
17426.4ms Leader 0 SENDING AppendEntries to vehicle 7 (n_entries=0, leader_commit=2)
17426.7ms Vehicle 2 RECEIVED AppendEntries from vehicle 0 (n_entries=0, leader_commit=2)
17427.0ms Vehicle 3 RECEIVED AppendEntries from vehicle 0 (n_entries=0, leader_commit=2)
17432.5ms Vehicle 7 RECEIVED AppendEntries from vehicle 0 (n_entries=0, leader_commit=2)
17566.4ms Leader 0 SENDING AppendEntries to vehicle 1 (n_entries=1, leader_commit=2)
17566.4ms Leader 0 SENDING AppendEntries to vehicle 2 (n_entries=0, leader_commit=2)
17566.4ms Leader 0 SENDING AppendEntries to vehicle 3 (n_entries=0, leader_commit=2)
17566.4ms Leader 0 SENDING AppendEntries to vehicle 4 (n_entries=3, leader_commit=2)
17566.4ms Leader 0 SENDING AppendEntries to vehicle 5 (n_entries=3, leader_commit=2)
17566.4ms Leader 0 SENDING AppendEntries to vehicle 6 (n_entries=3, leader_commit=2)
17566.4ms Leader 0 SENDING AppendEntries to vehicle 7 (n_entries=0, leader_commit=2)
17566.8ms Vehicle 2 RECEIVED AppendEntries from vehicle 0 (n_entries=0, leader_commit=2)
17567.3ms Vehicle 3 RECEIVED AppendEntries from vehicle 0 (n_entries=0, leader_commit=2)
17573.2ms Vehicle 7 RECEIVED AppendEntries from vehicle 0 (n_entries=0, leader_commit=2)
17706.4ms Leader 0 SENDING AppendEntries to vehicle 1 (n_entries=1, leader_commit=2)
17706.4ms Leader 0 SENDING AppendEntries to vehicle 2 (n_entries=0, leader_commit=2)
17706.4ms Leader 0 SENDING AppendEntries to vehicle 3 (n_entries=0, leader_commit=2)
17706.4ms Leader 0 SENDING AppendEntries to vehicle 4 (n_entries=3, leader_commit=2)
17706.4ms Leader 0 SENDING AppendEntries to vehicle 5 (n_entries=3, leader_commit=2)
17706.4ms Leader 0 SENDING AppendEntries to vehicle 6 (n_entries=3, leader_commit=2)
17706.4ms Leader 0 SENDING AppendEntries to vehicle 7 (n_entries=0, leader_commit=2)
17707.0ms Vehicle 3 RECEIVED AppendEntries from vehicle 0 (n_entries=0, leader_commit=2)
17713.0ms Vehicle 7 RECEIVED AppendEntries from vehicle 0 (n_entries=0, leader_commit=2)
17846.4ms Leader 0 SENDING AppendEntries to vehicle 1 (n_entries=1, leader_commit=2)
17846.4ms Leader 0 SENDING AppendEntries to vehicle 2 (n_entries=0, leader_commit=2)
17846.4ms Leader 0 SENDING AppendEntries to vehicle 3 (n_entries=0, leader_commit=2)
17846.4ms Leader 0 SENDING AppendEntries to vehicle 4 (n_entries=3, leader_commit=2)
17846.4ms Leader 0 SENDING AppendEntries to vehicle 5 (n_entries=3, leader_commit=2)
17846.4ms Leader 0 SENDING AppendEntries to vehicle 6 (n_entries=3, leader_commit=2)
17846.4ms Leader 0 SENDING AppendEntries to vehicle 7 (n_entries=0, leader_commit=2)
17846.8ms Vehicle 2 RECEIVED AppendEntries from vehicle 0 (n_entries=0, leader_commit=2)
17847.2ms Vehicle 3 RECEIVED AppendEntries from vehicle 0 (n_entries=0, leader_commit=2)
17853.3ms Vehicle 7 RECEIVED AppendEntries from vehicle 0 (n_entries=0, leader_commit=2)
17986.4ms Leader 0 SENDING AppendEntries to vehicle 1 (n_entries=1, leader_commit=2)
17986.4ms Leader 0 SENDING AppendEntries to vehicle 2 (n_entries=0, leader_commit=2)
17986.4ms Leader 0 SENDING AppendEntries to vehicle 3 (n_entries=0, leader_commit=2)
17986.4ms Leader 0 SENDING AppendEntries to vehicle 4 (n_entries=3, leader_commit=2)
17986.4ms Leader 0 SENDING AppendEntries to vehicle 5 (n_entries=3, leader_commit=2)
17986.4ms Leader 0 SENDING AppendEntries to vehicle 6 (n_entries=3, leader_commit=2)
17986.4ms Leader 0 SENDING AppendEntries to vehicle 7 (n_entries=0, leader_commit=2)
17986.6ms Vehicle 2 RECEIVED AppendEntries from vehicle 0 (n_entries=0, leader_commit=2)
17987.1ms Vehicle 3 RECEIVED AppendEntries from vehicle 0 (n_entries=0, leader_commit=2)
17992.9ms Vehicle 7 RECEIVED AppendEntries from vehicle 0 (n_entries=0, leader_commit=2)
18126.4ms Leader 0 SENDING AppendEntries to vehicle 1 (n_entries=1, leader_commit=2)
18126.4ms Leader 0 SENDING AppendEntries to vehicle 2 (n_entries=0, leader_commit=2)
18126.4ms Leader 0 SENDING AppendEntries to vehicle 3 (n_entries=0, leader_commit=2)
18126.4ms Leader 0 SENDING AppendEntries to vehicle 4 (n_entries=3, leader_commit=2)
18126.4ms Leader 0 SENDING AppendEntries to vehicle 5 (n_entries=3, leader_commit=2)
18126.4ms Leader 0 SENDING AppendEntries to vehicle 6 (n_entries=3, leader_commit=2)
18126.4ms Leader 0 SENDING AppendEntries to vehicle 7 (n_entries=0, leader_commit=2)
18126.6ms Vehicle 2 RECEIVED AppendEntries from vehicle 0 (n_entries=0, leader_commit=2)
18126.8ms Vehicle 3 RECEIVED AppendEntries from vehicle 0 (n_entries=0, leader_commit=2)
18132.6ms Vehicle 7 RECEIVED AppendEntries from vehicle 0 (n_entries=0, leader_commit=2)
18266.4ms Leader 0 SENDING AppendEntries to vehicle 1 (n_entries=1, leader_commit=2)
18266.4ms Leader 0 SENDING AppendEntries to vehicle 2 (n_entries=0, leader_commit=2)
18266.4ms Leader 0 SENDING AppendEntries to vehicle 3 (n_entries=0, leader_commit=2)
18266.4ms Leader 0 SENDING AppendEntries to vehicle 4 (n_entries=3, leader_commit=2)
18266.4ms Leader 0 SENDING AppendEntries to vehicle 5 (n_entries=3, leader_commit=2)
18266.4ms Leader 0 SENDING AppendEntries to vehicle 6 (n_entries=3, leader_commit=2)
18266.4ms Leader 0 SENDING AppendEntries to vehicle 7 (n_entries=0, leader_commit=2)
18266.8ms Vehicle 2 RECEIVED AppendEntries from vehicle 0 (n_entries=0, leader_commit=2)
18267.3ms Vehicle 3 RECEIVED AppendEntries from vehicle 0 (n_entries=0, leader_commit=2)
18273.2ms Vehicle 7 RECEIVED AppendEntries from vehicle 0 (n_entries=0, leader_commit=2)
18406.4ms Leader 0 SENDING AppendEntries to vehicle 1 (n_entries=1, leader_commit=2)
18406.4ms Leader 0 SENDING AppendEntries to vehicle 2 (n_entries=0, leader_commit=2)
18406.4ms Leader 0 SENDING AppendEntries to vehicle 3 (n_entries=0, leader_commit=2)
18406.4ms Leader 0 SENDING AppendEntries to vehicle 4 (n_entries=3, leader_commit=2)
18406.4ms Leader 0 SENDING AppendEntries to vehicle 5 (n_entries=3, leader_commit=2)
18406.4ms Leader 0 SENDING AppendEntries to vehicle 6 (n_entries=3, leader_commit=2)
18406.4ms Leader 0 SENDING AppendEntries to vehicle 7 (n_entries=0, leader_commit=2)
18406.8ms Vehicle 2 RECEIVED AppendEntries from vehicle 0 (n_entries=0, leader_commit=2)
18407.1ms Vehicle 3 RECEIVED AppendEntries from vehicle 0 (n_entries=0, leader_commit=2)
18413.1ms Vehicle 7 RECEIVED AppendEntries from vehicle 0 (n_entries=0, leader_commit=2)
18546.4ms Leader 0 SENDING AppendEntries to vehicle 1 (n_entries=1, leader_commit=2)
18546.4ms Leader 0 SENDING AppendEntries to vehicle 2 (n_entries=0, leader_commit=2)
18546.4ms Leader 0 SENDING AppendEntries to vehicle 3 (n_entries=0, leader_commit=2)
18546.4ms Leader 0 SENDING AppendEntries to vehicle 4 (n_entries=3, leader_commit=2)
18546.4ms Leader 0 SENDING AppendEntries to vehicle 5 (n_entries=3, leader_commit=2)
18546.4ms Leader 0 SENDING AppendEntries to vehicle 6 (n_entries=3, leader_commit=2)
18546.4ms Leader 0 SENDING AppendEntries to vehicle 7 (n_entries=0, leader_commit=2)
18546.7ms Vehicle 2 RECEIVED AppendEntries from vehicle 0 (n_entries=0, leader_commit=2)
18547.2ms Vehicle 3 RECEIVED AppendEntries from vehicle 0 (n_entries=0, leader_commit=2)
18552.7ms Vehicle 7 RECEIVED AppendEntries from vehicle 0 (n_entries=0, leader_commit=2)
18686.4ms Leader 0 SENDING AppendEntries to vehicle 1 (n_entries=1, leader_commit=2)
18686.4ms Leader 0 SENDING AppendEntries to vehicle 2 (n_entries=0, leader_commit=2)
18686.4ms Leader 0 SENDING AppendEntries to vehicle 3 (n_entries=0, leader_commit=2)
18686.4ms Leader 0 SENDING AppendEntries to vehicle 4 (n_entries=3, leader_commit=2)
18686.4ms Leader 0 SENDING AppendEntries to vehicle 5 (n_entries=3, leader_commit=2)
18686.4ms Leader 0 SENDING AppendEntries to vehicle 6 (n_entries=3, leader_commit=2)
18686.4ms Leader 0 SENDING AppendEntries to vehicle 7 (n_entries=0, leader_commit=2)
18686.8ms Vehicle 2 RECEIVED AppendEntries from vehicle 0 (n_entries=0, leader_commit=2)
18687.2ms Vehicle 3 RECEIVED AppendEntries from vehicle 0 (n_entries=0, leader_commit=2)
18693.6ms Vehicle 7 RECEIVED AppendEntries from vehicle 0 (n_entries=0, leader_commit=2)
18826.4ms Leader 0 SENDING AppendEntries to vehicle 1 (n_entries=1, leader_commit=2)
18826.4ms Leader 0 SENDING AppendEntries to vehicle 2 (n_entries=0, leader_commit=2)
18826.4ms Leader 0 SENDING AppendEntries to vehicle 3 (n_entries=0, leader_commit=2)
18826.4ms Leader 0 SENDING AppendEntries to vehicle 4 (n_entries=3, leader_commit=2)
18826.4ms Leader 0 SENDING AppendEntries to vehicle 5 (n_entries=3, leader_commit=2)
18826.4ms Leader 0 SENDING AppendEntries to vehicle 6 (n_entries=3, leader_commit=2)
18826.4ms Leader 0 SENDING AppendEntries to vehicle 7 (n_entries=0, leader_commit=2)
18826.6ms Vehicle 2 RECEIVED AppendEntries from vehicle 0 (n_entries=0, leader_commit=2)
18826.7ms Vehicle 3 RECEIVED AppendEntries from vehicle 0 (n_entries=0, leader_commit=2)
18832.4ms Vehicle 7 RECEIVED AppendEntries from vehicle 0 (n_entries=0, leader_commit=2)
18966.4ms Leader 0 SENDING AppendEntries to vehicle 1 (n_entries=1, leader_commit=2)
18966.4ms Leader 0 SENDING AppendEntries to vehicle 2 (n_entries=0, leader_commit=2)
18966.4ms Leader 0 SENDING AppendEntries to vehicle 3 (n_entries=0, leader_commit=2)
18966.4ms Leader 0 SENDING AppendEntries to vehicle 4 (n_entries=3, leader_commit=2)
18966.4ms Leader 0 SENDING AppendEntries to vehicle 5 (n_entries=3, leader_commit=2)
18966.4ms Leader 0 SENDING AppendEntries to vehicle 6 (n_entries=3, leader_commit=2)
18966.4ms Leader 0 SENDING AppendEntries to vehicle 7 (n_entries=0, leader_commit=2)
18966.7ms Vehicle 2 RECEIVED AppendEntries from vehicle 0 (n_entries=0, leader_commit=2)
18967.0ms Vehicle 3 RECEIVED AppendEntries from vehicle 0 (n_entries=0, leader_commit=2)
18972.8ms Vehicle 7 RECEIVED AppendEntries from vehicle 0 (n_entries=0, leader_commit=2)
19106.4ms Leader 0 SENDING AppendEntries to vehicle 1 (n_entries=1, leader_commit=2)
19106.4ms Leader 0 SENDING AppendEntries to vehicle 2 (n_entries=0, leader_commit=2)
19106.4ms Leader 0 SENDING AppendEntries to vehicle 3 (n_entries=0, leader_commit=2)
19106.4ms Leader 0 SENDING AppendEntries to vehicle 4 (n_entries=3, leader_commit=2)
19106.4ms Leader 0 SENDING AppendEntries to vehicle 5 (n_entries=3, leader_commit=2)
19106.4ms Leader 0 SENDING AppendEntries to vehicle 6 (n_entries=3, leader_commit=2)
19106.4ms Leader 0 SENDING AppendEntries to vehicle 7 (n_entries=0, leader_commit=2)
19106.6ms Vehicle 2 RECEIVED AppendEntries from vehicle 0 (n_entries=0, leader_commit=2)
19107.1ms Vehicle 3 RECEIVED AppendEntries from vehicle 0 (n_entries=0, leader_commit=2)
19112.6ms Vehicle 7 RECEIVED AppendEntries from vehicle 0 (n_entries=0, leader_commit=2)
19246.4ms Leader 0 SENDING AppendEntries to vehicle 1 (n_entries=1, leader_commit=2)
19246.4ms Leader 0 SENDING AppendEntries to vehicle 2 (n_entries=0, leader_commit=2)
19246.4ms Leader 0 SENDING AppendEntries to vehicle 3 (n_entries=0, leader_commit=2)
19246.4ms Leader 0 SENDING AppendEntries to vehicle 4 (n_entries=3, leader_commit=2)
19246.4ms Leader 0 SENDING AppendEntries to vehicle 5 (n_entries=3, leader_commit=2)
19246.4ms Leader 0 SENDING AppendEntries to vehicle 6 (n_entries=3, leader_commit=2)
19246.4ms Leader 0 SENDING AppendEntries to vehicle 7 (n_entries=0, leader_commit=2)
19246.7ms Vehicle 2 RECEIVED AppendEntries from vehicle 0 (n_entries=0, leader_commit=2)
19247.1ms Vehicle 3 RECEIVED AppendEntries from vehicle 0 (n_entries=0, leader_commit=2)
19253.4ms Vehicle 7 RECEIVED AppendEntries from vehicle 0 (n_entries=0, leader_commit=2)
19386.4ms Leader 0 SENDING AppendEntries to vehicle 1 (n_entries=1, leader_commit=2)
19386.4ms Leader 0 SENDING AppendEntries to vehicle 2 (n_entries=0, leader_commit=2)
19386.4ms Leader 0 SENDING AppendEntries to vehicle 3 (n_entries=0, leader_commit=2)
19386.4ms Leader 0 SENDING AppendEntries to vehicle 4 (n_entries=3, leader_commit=2)
19386.4ms Leader 0 SENDING AppendEntries to vehicle 5 (n_entries=3, leader_commit=2)
19386.4ms Leader 0 SENDING AppendEntries to vehicle 6 (n_entries=3, leader_commit=2)
19386.4ms Leader 0 SENDING AppendEntries to vehicle 7 (n_entries=0, leader_commit=2)
19386.7ms Vehicle 2 RECEIVED AppendEntries from vehicle 0 (n_entries=0, leader_commit=2)
19387.0ms Vehicle 3 RECEIVED AppendEntries from vehicle 0 (n_entries=0, leader_commit=2)
19392.9ms Vehicle 7 RECEIVED AppendEntries from vehicle 0 (n_entries=0, leader_commit=2)
19526.4ms Leader 0 SENDING AppendEntries to vehicle 1 (n_entries=1, leader_commit=2)
19526.4ms Leader 0 SENDING AppendEntries to vehicle 2 (n_entries=0, leader_commit=2)
19526.4ms Leader 0 SENDING AppendEntries to vehicle 3 (n_entries=0, leader_commit=2)
19526.4ms Leader 0 SENDING AppendEntries to vehicle 4 (n_entries=3, leader_commit=2)
19526.4ms Leader 0 SENDING AppendEntries to vehicle 5 (n_entries=3, leader_commit=2)
19526.4ms Leader 0 SENDING AppendEntries to vehicle 6 (n_entries=3, leader_commit=2)
19526.4ms Leader 0 SENDING AppendEntries to vehicle 7 (n_entries=0, leader_commit=2)
19526.9ms Vehicle 2 RECEIVED AppendEntries from vehicle 0 (n_entries=0, leader_commit=2)
19527.2ms Vehicle 3 RECEIVED AppendEntries from vehicle 0 (n_entries=0, leader_commit=2)
19533.4ms Vehicle 7 RECEIVED AppendEntries from vehicle 0 (n_entries=0, leader_commit=2)
19666.4ms Leader 0 SENDING AppendEntries to vehicle 1 (n_entries=1, leader_commit=2)
19666.4ms Leader 0 SENDING AppendEntries to vehicle 2 (n_entries=0, leader_commit=2)
19666.4ms Leader 0 SENDING AppendEntries to vehicle 3 (n_entries=0, leader_commit=2)
19666.4ms Leader 0 SENDING AppendEntries to vehicle 4 (n_entries=3, leader_commit=2)
19666.4ms Leader 0 SENDING AppendEntries to vehicle 5 (n_entries=3, leader_commit=2)
19666.4ms Leader 0 SENDING AppendEntries to vehicle 6 (n_entries=3, leader_commit=2)
19666.4ms Leader 0 SENDING AppendEntries to vehicle 7 (n_entries=0, leader_commit=2)
19666.6ms Vehicle 2 RECEIVED AppendEntries from vehicle 0 (n_entries=0, leader_commit=2)
19666.8ms Vehicle 3 RECEIVED AppendEntries from vehicle 0 (n_entries=0, leader_commit=2)
19672.8ms Vehicle 7 RECEIVED AppendEntries from vehicle 0 (n_entries=0, leader_commit=2)
19806.4ms Leader 0 SENDING AppendEntries to vehicle 1 (n_entries=1, leader_commit=2)
19806.4ms Leader 0 SENDING AppendEntries to vehicle 2 (n_entries=0, leader_commit=2)
19806.4ms Leader 0 SENDING AppendEntries to vehicle 3 (n_entries=0, leader_commit=2)
19806.4ms Leader 0 SENDING AppendEntries to vehicle 4 (n_entries=3, leader_commit=2)
19806.4ms Leader 0 SENDING AppendEntries to vehicle 5 (n_entries=3, leader_commit=2)
19806.4ms Leader 0 SENDING AppendEntries to vehicle 6 (n_entries=3, leader_commit=2)
19806.4ms Leader 0 SENDING AppendEntries to vehicle 7 (n_entries=0, leader_commit=2)
19806.8ms Vehicle 2 RECEIVED AppendEntries from vehicle 0 (n_entries=0, leader_commit=2)
19807.1ms Vehicle 3 RECEIVED AppendEntries from vehicle 0 (n_entries=0, leader_commit=2)
19812.9ms Vehicle 7 RECEIVED AppendEntries from vehicle 0 (n_entries=0, leader_commit=2)
19946.4ms Leader 0 SENDING AppendEntries to vehicle 1 (n_entries=1, leader_commit=2)
19946.4ms Leader 0 SENDING AppendEntries to vehicle 2 (n_entries=0, leader_commit=2)
19946.4ms Leader 0 SENDING AppendEntries to vehicle 3 (n_entries=0, leader_commit=2)
19946.4ms Leader 0 SENDING AppendEntries to vehicle 4 (n_entries=3, leader_commit=2)
19946.4ms Leader 0 SENDING AppendEntries to vehicle 5 (n_entries=3, leader_commit=2)
19946.4ms Leader 0 SENDING AppendEntries to vehicle 6 (n_entries=3, leader_commit=2)
19946.4ms Leader 0 SENDING AppendEntries to vehicle 7 (n_entries=0, leader_commit=2)
19946.6ms Vehicle 2 RECEIVED AppendEntries from vehicle 0 (n_entries=0, leader_commit=2)
19946.7ms Vehicle 3 RECEIVED AppendEntries from vehicle 0 (n_entries=0, leader_commit=2)
19952.3ms Vehicle 7 RECEIVED AppendEntries from vehicle 0 (n_entries=0, leader_commit=2)
20086.4ms Leader 0 SENDING AppendEntries to vehicle 1 (n_entries=1, leader_commit=2)
20086.4ms Leader 0 SENDING AppendEntries to vehicle 2 (n_entries=0, leader_commit=2)
20086.4ms Leader 0 SENDING AppendEntries to vehicle 3 (n_entries=0, leader_commit=2)
20086.4ms Leader 0 SENDING AppendEntries to vehicle 4 (n_entries=3, leader_commit=2)
20086.4ms Leader 0 SENDING AppendEntries to vehicle 5 (n_entries=3, leader_commit=2)
20086.4ms Leader 0 SENDING AppendEntries to vehicle 6 (n_entries=3, leader_commit=2)
20086.4ms Leader 0 SENDING AppendEntries to vehicle 7 (n_entries=0, leader_commit=2)
20086.6ms Vehicle 2 RECEIVED AppendEntries from vehicle 0 (n_entries=0, leader_commit=2)
20087.0ms Vehicle 3 RECEIVED AppendEntries from vehicle 0 (n_entries=0, leader_commit=2)
20093.2ms Vehicle 7 RECEIVED AppendEntries from vehicle 0 (n_entries=0, leader_commit=2)
20226.4ms Leader 0 SENDING AppendEntries to vehicle 1 (n_entries=1, leader_commit=2)
20226.4ms Leader 0 SENDING AppendEntries to vehicle 2 (n_entries=0, leader_commit=2)
20226.4ms Leader 0 SENDING AppendEntries to vehicle 3 (n_entries=0, leader_commit=2)
20226.4ms Leader 0 SENDING AppendEntries to vehicle 4 (n_entries=3, leader_commit=2)
20226.4ms Leader 0 SENDING AppendEntries to vehicle 5 (n_entries=3, leader_commit=2)
20226.4ms Leader 0 SENDING AppendEntries to vehicle 6 (n_entries=3, leader_commit=2)
20226.4ms Leader 0 SENDING AppendEntries to vehicle 7 (n_entries=0, leader_commit=2)
20226.7ms Vehicle 2 RECEIVED AppendEntries from vehicle 0 (n_entries=0, leader_commit=2)
20227.2ms Vehicle 3 RECEIVED AppendEntries from vehicle 0 (n_entries=0, leader_commit=2)
20233.0ms Vehicle 7 RECEIVED AppendEntries from vehicle 0 (n_entries=0, leader_commit=2)
20366.4ms Leader 0 SENDING AppendEntries to vehicle 1 (n_entries=1, leader_commit=2)
20366.4ms Leader 0 SENDING AppendEntries to vehicle 2 (n_entries=0, leader_commit=2)
20366.4ms Leader 0 SENDING AppendEntries to vehicle 3 (n_entries=0, leader_commit=2)
20366.4ms Leader 0 SENDING AppendEntries to vehicle 4 (n_entries=3, leader_commit=2)
20366.4ms Leader 0 SENDING AppendEntries to vehicle 5 (n_entries=3, leader_commit=2)
20366.4ms Leader 0 SENDING AppendEntries to vehicle 6 (n_entries=3, leader_commit=2)
20366.4ms Leader 0 SENDING AppendEntries to vehicle 7 (n_entries=0, leader_commit=2)
20366.7ms Vehicle 2 RECEIVED AppendEntries from vehicle 0 (n_entries=0, leader_commit=2)
20366.9ms Vehicle 3 RECEIVED AppendEntries from vehicle 0 (n_entries=0, leader_commit=2)
20373.0ms Vehicle 7 RECEIVED AppendEntries from vehicle 0 (n_entries=0, leader_commit=2)
20506.4ms Leader 0 SENDING AppendEntries to vehicle 1 (n_entries=1, leader_commit=2)
20506.4ms Leader 0 SENDING AppendEntries to vehicle 2 (n_entries=0, leader_commit=2)
20506.4ms Leader 0 SENDING AppendEntries to vehicle 3 (n_entries=0, leader_commit=2)
20506.4ms Leader 0 SENDING AppendEntries to vehicle 4 (n_entries=3, leader_commit=2)
20506.4ms Leader 0 SENDING AppendEntries to vehicle 5 (n_entries=3, leader_commit=2)
20506.4ms Leader 0 SENDING AppendEntries to vehicle 6 (n_entries=3, leader_commit=2)
20506.4ms Leader 0 SENDING AppendEntries to vehicle 7 (n_entries=0, leader_commit=2)
20506.7ms Vehicle 3 RECEIVED AppendEntries from vehicle 0 (n_entries=0, leader_commit=2)
20512.4ms Vehicle 7 RECEIVED AppendEntries from vehicle 0 (n_entries=0, leader_commit=2)
20646.4ms Leader 0 SENDING AppendEntries to vehicle 1 (n_entries=1, leader_commit=2)
20646.4ms Leader 0 SENDING AppendEntries to vehicle 2 (n_entries=0, leader_commit=2)
20646.4ms Leader 0 SENDING AppendEntries to vehicle 3 (n_entries=0, leader_commit=2)
20646.4ms Leader 0 SENDING AppendEntries to vehicle 4 (n_entries=3, leader_commit=2)
20646.4ms Leader 0 SENDING AppendEntries to vehicle 5 (n_entries=3, leader_commit=2)
20646.4ms Leader 0 SENDING AppendEntries to vehicle 6 (n_entries=3, leader_commit=2)
20646.4ms Leader 0 SENDING AppendEntries to vehicle 7 (n_entries=0, leader_commit=2)
20646.8ms Vehicle 2 RECEIVED AppendEntries from vehicle 0 (n_entries=0, leader_commit=2)
20647.0ms Vehicle 3 RECEIVED AppendEntries from vehicle 0 (n_entries=0, leader_commit=2)
20653.4ms Vehicle 7 RECEIVED AppendEntries from vehicle 0 (n_entries=0, leader_commit=2)
20786.4ms Leader 0 SENDING AppendEntries to vehicle 1 (n_entries=1, leader_commit=2)
20786.4ms Leader 0 SENDING AppendEntries to vehicle 2 (n_entries=0, leader_commit=2)
20786.4ms Leader 0 SENDING AppendEntries to vehicle 3 (n_entries=0, leader_commit=2)
20786.4ms Leader 0 SENDING AppendEntries to vehicle 4 (n_entries=3, leader_commit=2)
20786.4ms Leader 0 SENDING AppendEntries to vehicle 5 (n_entries=3, leader_commit=2)
20786.4ms Leader 0 SENDING AppendEntries to vehicle 6 (n_entries=3, leader_commit=2)
20786.4ms Leader 0 SENDING AppendEntries to vehicle 7 (n_entries=0, leader_commit=2)
20786.6ms Vehicle 2 RECEIVED AppendEntries from vehicle 0 (n_entries=0, leader_commit=2)
20787.1ms Vehicle 3 RECEIVED AppendEntries from vehicle 0 (n_entries=0, leader_commit=2)
20793.1ms Vehicle 7 RECEIVED AppendEntries from vehicle 0 (n_entries=0, leader_commit=2)
20926.4ms Leader 0 SENDING AppendEntries to vehicle 1 (n_entries=1, leader_commit=2)
20926.4ms Leader 0 SENDING AppendEntries to vehicle 2 (n_entries=0, leader_commit=2)
20926.4ms Leader 0 SENDING AppendEntries to vehicle 3 (n_entries=0, leader_commit=2)
20926.4ms Leader 0 SENDING AppendEntries to vehicle 4 (n_entries=3, leader_commit=2)
20926.4ms Leader 0 SENDING AppendEntries to vehicle 5 (n_entries=3, leader_commit=2)
20926.4ms Leader 0 SENDING AppendEntries to vehicle 6 (n_entries=3, leader_commit=2)
20926.4ms Leader 0 SENDING AppendEntries to vehicle 7 (n_entries=0, leader_commit=2)
20926.8ms Vehicle 2 RECEIVED AppendEntries from vehicle 0 (n_entries=0, leader_commit=2)
20927.0ms Vehicle 3 RECEIVED AppendEntries from vehicle 0 (n_entries=0, leader_commit=2)
20932.7ms Vehicle 7 RECEIVED AppendEntries from vehicle 0 (n_entries=0, leader_commit=2)
21066.4ms Leader 0 SENDING AppendEntries to vehicle 1 (n_entries=1, leader_commit=2)
21066.4ms Leader 0 SENDING AppendEntries to vehicle 2 (n_entries=0, leader_commit=2)
21066.4ms Leader 0 SENDING AppendEntries to vehicle 3 (n_entries=0, leader_commit=2)
21066.4ms Leader 0 SENDING AppendEntries to vehicle 4 (n_entries=3, leader_commit=2)
21066.4ms Leader 0 SENDING AppendEntries to vehicle 5 (n_entries=3, leader_commit=2)
21066.4ms Leader 0 SENDING AppendEntries to vehicle 6 (n_entries=3, leader_commit=2)
21066.4ms Leader 0 SENDING AppendEntries to vehicle 7 (n_entries=0, leader_commit=2)
21066.9ms Vehicle 3 RECEIVED AppendEntries from vehicle 0 (n_entries=0, leader_commit=2)
21072.8ms Vehicle 7 RECEIVED AppendEntries from vehicle 0 (n_entries=0, leader_commit=2)
21206.4ms Leader 0 SENDING AppendEntries to vehicle 1 (n_entries=1, leader_commit=2)
21206.4ms Leader 0 SENDING AppendEntries to vehicle 2 (n_entries=0, leader_commit=2)
21206.4ms Leader 0 SENDING AppendEntries to vehicle 3 (n_entries=0, leader_commit=2)
21206.4ms Leader 0 SENDING AppendEntries to vehicle 4 (n_entries=3, leader_commit=2)
21206.4ms Leader 0 SENDING AppendEntries to vehicle 5 (n_entries=3, leader_commit=2)
21206.4ms Leader 0 SENDING AppendEntries to vehicle 6 (n_entries=3, leader_commit=2)
21206.4ms Leader 0 SENDING AppendEntries to vehicle 7 (n_entries=0, leader_commit=2)
21206.8ms Vehicle 2 RECEIVED AppendEntries from vehicle 0 (n_entries=0, leader_commit=2)
21207.3ms Vehicle 3 RECEIVED AppendEntries from vehicle 0 (n_entries=0, leader_commit=2)
21212.6ms Vehicle 7 RECEIVED AppendEntries from vehicle 0 (n_entries=0, leader_commit=2)
21346.4ms Leader 0 SENDING AppendEntries to vehicle 1 (n_entries=1, leader_commit=2)
21346.4ms Leader 0 SENDING AppendEntries to vehicle 2 (n_entries=0, leader_commit=2)
21346.4ms Leader 0 SENDING AppendEntries to vehicle 3 (n_entries=0, leader_commit=2)
21346.4ms Leader 0 SENDING AppendEntries to vehicle 4 (n_entries=3, leader_commit=2)
21346.4ms Leader 0 SENDING AppendEntries to vehicle 5 (n_entries=3, leader_commit=2)
21346.4ms Leader 0 SENDING AppendEntries to vehicle 6 (n_entries=3, leader_commit=2)
21346.4ms Leader 0 SENDING AppendEntries to vehicle 7 (n_entries=0, leader_commit=2)
21347.0ms Vehicle 3 RECEIVED AppendEntries from vehicle 0 (n_entries=0, leader_commit=2)
21352.4ms Vehicle 7 RECEIVED AppendEntries from vehicle 0 (n_entries=0, leader_commit=2)
21486.4ms Leader 0 SENDING AppendEntries to vehicle 1 (n_entries=1, leader_commit=2)
21486.4ms Leader 0 SENDING AppendEntries to vehicle 2 (n_entries=0, leader_commit=2)
21486.4ms Leader 0 SENDING AppendEntries to vehicle 3 (n_entries=0, leader_commit=2)
21486.4ms Leader 0 SENDING AppendEntries to vehicle 4 (n_entries=3, leader_commit=2)
21486.4ms Leader 0 SENDING AppendEntries to vehicle 5 (n_entries=3, leader_commit=2)
21486.4ms Leader 0 SENDING AppendEntries to vehicle 6 (n_entries=3, leader_commit=2)
21486.4ms Leader 0 SENDING AppendEntries to vehicle 7 (n_entries=0, leader_commit=2)
21486.7ms Vehicle 3 RECEIVED AppendEntries from vehicle 0 (n_entries=0, leader_commit=2)
21493.1ms Vehicle 7 RECEIVED AppendEntries from vehicle 0 (n_entries=0, leader_commit=2)
21626.4ms Leader 0 SENDING AppendEntries to vehicle 1 (n_entries=1, leader_commit=2)
21626.4ms Leader 0 SENDING AppendEntries to vehicle 2 (n_entries=0, leader_commit=2)
21626.4ms Leader 0 SENDING AppendEntries to vehicle 3 (n_entries=0, leader_commit=2)
21626.4ms Leader 0 SENDING AppendEntries to vehicle 4 (n_entries=3, leader_commit=2)
21626.4ms Leader 0 SENDING AppendEntries to vehicle 5 (n_entries=3, leader_commit=2)
21626.4ms Leader 0 SENDING AppendEntries to vehicle 6 (n_entries=3, leader_commit=2)
21626.4ms Leader 0 SENDING AppendEntries to vehicle 7 (n_entries=0, leader_commit=2)
21626.7ms Vehicle 2 RECEIVED AppendEntries from vehicle 0 (n_entries=0, leader_commit=2)
21627.1ms Vehicle 3 RECEIVED AppendEntries from vehicle 0 (n_entries=0, leader_commit=2)
21633.0ms Vehicle 7 RECEIVED AppendEntries from vehicle 0 (n_entries=0, leader_commit=2)
21766.4ms Leader 0 SENDING AppendEntries to vehicle 1 (n_entries=1, leader_commit=2)
21766.4ms Leader 0 SENDING AppendEntries to vehicle 2 (n_entries=0, leader_commit=2)
21766.4ms Leader 0 SENDING AppendEntries to vehicle 3 (n_entries=0, leader_commit=2)
21766.4ms Leader 0 SENDING AppendEntries to vehicle 4 (n_entries=3, leader_commit=2)
21766.4ms Leader 0 SENDING AppendEntries to vehicle 5 (n_entries=3, leader_commit=2)
21766.4ms Leader 0 SENDING AppendEntries to vehicle 6 (n_entries=3, leader_commit=2)
21766.4ms Leader 0 SENDING AppendEntries to vehicle 7 (n_entries=0, leader_commit=2)
21766.7ms Vehicle 2 RECEIVED AppendEntries from vehicle 0 (n_entries=0, leader_commit=2)
21766.9ms Vehicle 3 RECEIVED AppendEntries from vehicle 0 (n_entries=0, leader_commit=2)
21773.0ms Vehicle 7 RECEIVED AppendEntries from vehicle 0 (n_entries=0, leader_commit=2)
21906.4ms Leader 0 SENDING AppendEntries to vehicle 1 (n_entries=1, leader_commit=2)
21906.4ms Leader 0 SENDING AppendEntries to vehicle 2 (n_entries=0, leader_commit=2)
21906.4ms Leader 0 SENDING AppendEntries to vehicle 3 (n_entries=0, leader_commit=2)
21906.4ms Leader 0 SENDING AppendEntries to vehicle 4 (n_entries=3, leader_commit=2)
21906.4ms Leader 0 SENDING AppendEntries to vehicle 5 (n_entries=3, leader_commit=2)
21906.4ms Leader 0 SENDING AppendEntries to vehicle 6 (n_entries=3, leader_commit=2)
21906.4ms Leader 0 SENDING AppendEntries to vehicle 7 (n_entries=0, leader_commit=2)
21906.7ms Vehicle 2 RECEIVED AppendEntries from vehicle 0 (n_entries=0, leader_commit=2)
21907.1ms Vehicle 3 RECEIVED AppendEntries from vehicle 0 (n_entries=0, leader_commit=2)
21913.0ms Vehicle 7 RECEIVED AppendEntries from vehicle 0 (n_entries=0, leader_commit=2)
22046.4ms Leader 0 SENDING AppendEntries to vehicle 1 (n_entries=1, leader_commit=2)
22046.4ms Leader 0 SENDING AppendEntries to vehicle 2 (n_entries=0, leader_commit=2)
22046.4ms Leader 0 SENDING AppendEntries to vehicle 3 (n_entries=0, leader_commit=2)
22046.4ms Leader 0 SENDING AppendEntries to vehicle 4 (n_entries=3, leader_commit=2)
22046.4ms Leader 0 SENDING AppendEntries to vehicle 5 (n_entries=3, leader_commit=2)
22046.4ms Leader 0 SENDING AppendEntries to vehicle 6 (n_entries=3, leader_commit=2)
22046.4ms Leader 0 SENDING AppendEntries to vehicle 7 (n_entries=0, leader_commit=2)
22046.6ms Vehicle 2 RECEIVED AppendEntries from vehicle 0 (n_entries=0, leader_commit=2)
22046.9ms Vehicle 3 RECEIVED AppendEntries from vehicle 0 (n_entries=0, leader_commit=2)
22052.8ms Vehicle 7 RECEIVED AppendEntries from vehicle 0 (n_entries=0, leader_commit=2)
22186.4ms Leader 0 SENDING AppendEntries to vehicle 1 (n_entries=1, leader_commit=2)
22186.4ms Leader 0 SENDING AppendEntries to vehicle 2 (n_entries=0, leader_commit=2)
22186.4ms Leader 0 SENDING AppendEntries to vehicle 3 (n_entries=0, leader_commit=2)
22186.4ms Leader 0 SENDING AppendEntries to vehicle 4 (n_entries=3, leader_commit=2)
22186.4ms Leader 0 SENDING AppendEntries to vehicle 5 (n_entries=3, leader_commit=2)
22186.4ms Leader 0 SENDING AppendEntries to vehicle 6 (n_entries=3, leader_commit=2)
22186.4ms Leader 0 SENDING AppendEntries to vehicle 7 (n_entries=0, leader_commit=2)
22186.8ms Vehicle 2 RECEIVED AppendEntries from vehicle 0 (n_entries=0, leader_commit=2)
22187.2ms Vehicle 3 RECEIVED AppendEntries from vehicle 0 (n_entries=0, leader_commit=2)
22193.2ms Vehicle 7 RECEIVED AppendEntries from vehicle 0 (n_entries=0, leader_commit=2)
22326.4ms Leader 0 SENDING AppendEntries to vehicle 1 (n_entries=1, leader_commit=2)
22326.4ms Leader 0 SENDING AppendEntries to vehicle 2 (n_entries=0, leader_commit=2)
22326.4ms Leader 0 SENDING AppendEntries to vehicle 3 (n_entries=0, leader_commit=2)
22326.4ms Leader 0 SENDING AppendEntries to vehicle 4 (n_entries=3, leader_commit=2)
22326.4ms Leader 0 SENDING AppendEntries to vehicle 5 (n_entries=3, leader_commit=2)
22326.4ms Leader 0 SENDING AppendEntries to vehicle 6 (n_entries=3, leader_commit=2)
22326.4ms Leader 0 SENDING AppendEntries to vehicle 7 (n_entries=0, leader_commit=2)
22326.8ms Vehicle 2 RECEIVED AppendEntries from vehicle 0 (n_entries=0, leader_commit=2)
22327.3ms Vehicle 3 RECEIVED AppendEntries from vehicle 0 (n_entries=0, leader_commit=2)
22332.7ms Vehicle 7 RECEIVED AppendEntries from vehicle 0 (n_entries=0, leader_commit=2)
22466.4ms Leader 0 SENDING AppendEntries to vehicle 1 (n_entries=1, leader_commit=2)
22466.4ms Leader 0 SENDING AppendEntries to vehicle 2 (n_entries=0, leader_commit=2)
22466.4ms Leader 0 SENDING AppendEntries to vehicle 3 (n_entries=0, leader_commit=2)
22466.4ms Leader 0 SENDING AppendEntries to vehicle 4 (n_entries=3, leader_commit=2)
22466.4ms Leader 0 SENDING AppendEntries to vehicle 5 (n_entries=3, leader_commit=2)
22466.4ms Leader 0 SENDING AppendEntries to vehicle 6 (n_entries=3, leader_commit=2)
22466.4ms Leader 0 SENDING AppendEntries to vehicle 7 (n_entries=0, leader_commit=2)
22466.7ms Vehicle 2 RECEIVED AppendEntries from vehicle 0 (n_entries=0, leader_commit=2)
22466.9ms Vehicle 3 RECEIVED AppendEntries from vehicle 0 (n_entries=0, leader_commit=2)
22606.4ms Leader 0 SENDING AppendEntries to vehicle 1 (n_entries=1, leader_commit=2)
22606.4ms Leader 0 SENDING AppendEntries to vehicle 2 (n_entries=0, leader_commit=2)
22606.4ms Leader 0 SENDING AppendEntries to vehicle 3 (n_entries=0, leader_commit=2)
22606.4ms Leader 0 SENDING AppendEntries to vehicle 4 (n_entries=3, leader_commit=2)
22606.4ms Leader 0 SENDING AppendEntries to vehicle 5 (n_entries=3, leader_commit=2)
22606.4ms Leader 0 SENDING AppendEntries to vehicle 6 (n_entries=3, leader_commit=2)
22606.4ms Leader 0 SENDING AppendEntries to vehicle 7 (n_entries=0, leader_commit=2)
22606.6ms Vehicle 2 RECEIVED AppendEntries from vehicle 0 (n_entries=0, leader_commit=2)
22606.8ms Vehicle 3 RECEIVED AppendEntries from vehicle 0 (n_entries=0, leader_commit=2)
22612.9ms Vehicle 7 RECEIVED AppendEntries from vehicle 0 (n_entries=0, leader_commit=2)
22746.4ms Leader 0 SENDING AppendEntries to vehicle 1 (n_entries=1, leader_commit=2)
22746.4ms Leader 0 SENDING AppendEntries to vehicle 2 (n_entries=0, leader_commit=2)
22746.4ms Leader 0 SENDING AppendEntries to vehicle 3 (n_entries=0, leader_commit=2)
22746.4ms Leader 0 SENDING AppendEntries to vehicle 4 (n_entries=3, leader_commit=2)
22746.4ms Leader 0 SENDING AppendEntries to vehicle 5 (n_entries=3, leader_commit=2)
22746.4ms Leader 0 SENDING AppendEntries to vehicle 6 (n_entries=3, leader_commit=2)
22746.4ms Leader 0 SENDING AppendEntries to vehicle 7 (n_entries=0, leader_commit=2)
22746.7ms Vehicle 2 RECEIVED AppendEntries from vehicle 0 (n_entries=0, leader_commit=2)
22747.2ms Vehicle 3 RECEIVED AppendEntries from vehicle 0 (n_entries=0, leader_commit=2)
22752.9ms Vehicle 7 RECEIVED AppendEntries from vehicle 0 (n_entries=0, leader_commit=2)
22886.4ms Leader 0 SENDING AppendEntries to vehicle 1 (n_entries=1, leader_commit=2)
22886.4ms Leader 0 SENDING AppendEntries to vehicle 2 (n_entries=0, leader_commit=2)
22886.4ms Leader 0 SENDING AppendEntries to vehicle 3 (n_entries=0, leader_commit=2)
22886.4ms Leader 0 SENDING AppendEntries to vehicle 4 (n_entries=3, leader_commit=2)
22886.4ms Leader 0 SENDING AppendEntries to vehicle 5 (n_entries=3, leader_commit=2)
22886.4ms Leader 0 SENDING AppendEntries to vehicle 6 (n_entries=3, leader_commit=2)
22886.4ms Leader 0 SENDING AppendEntries to vehicle 7 (n_entries=0, leader_commit=2)
22886.7ms Vehicle 2 RECEIVED AppendEntries from vehicle 0 (n_entries=0, leader_commit=2)
22887.1ms Vehicle 3 RECEIVED AppendEntries from vehicle 0 (n_entries=0, leader_commit=2)
22892.9ms Vehicle 7 RECEIVED AppendEntries from vehicle 0 (n_entries=0, leader_commit=2)
23026.4ms Leader 0 SENDING AppendEntries to vehicle 1 (n_entries=1, leader_commit=2)
23026.4ms Leader 0 SENDING AppendEntries to vehicle 2 (n_entries=0, leader_commit=2)
23026.4ms Leader 0 SENDING AppendEntries to vehicle 3 (n_entries=0, leader_commit=2)
23026.4ms Leader 0 SENDING AppendEntries to vehicle 4 (n_entries=3, leader_commit=2)
23026.4ms Leader 0 SENDING AppendEntries to vehicle 5 (n_entries=3, leader_commit=2)
23026.4ms Leader 0 SENDING AppendEntries to vehicle 6 (n_entries=3, leader_commit=2)
23026.4ms Leader 0 SENDING AppendEntries to vehicle 7 (n_entries=0, leader_commit=2)
23026.7ms Vehicle 2 RECEIVED AppendEntries from vehicle 0 (n_entries=0, leader_commit=2)
23027.0ms Vehicle 3 RECEIVED AppendEntries from vehicle 0 (n_entries=0, leader_commit=2)
23032.5ms Vehicle 7 RECEIVED AppendEntries from vehicle 0 (n_entries=0, leader_commit=2)
23166.4ms Leader 0 SENDING AppendEntries to vehicle 1 (n_entries=1, leader_commit=2)
23166.4ms Leader 0 SENDING AppendEntries to vehicle 2 (n_entries=0, leader_commit=2)
23166.4ms Leader 0 SENDING AppendEntries to vehicle 3 (n_entries=0, leader_commit=2)
23166.4ms Leader 0 SENDING AppendEntries to vehicle 4 (n_entries=3, leader_commit=2)
23166.4ms Leader 0 SENDING AppendEntries to vehicle 5 (n_entries=3, leader_commit=2)
23166.4ms Leader 0 SENDING AppendEntries to vehicle 6 (n_entries=3, leader_commit=2)
23166.4ms Leader 0 SENDING AppendEntries to vehicle 7 (n_entries=0, leader_commit=2)
23166.8ms Vehicle 2 RECEIVED AppendEntries from vehicle 0 (n_entries=0, leader_commit=2)
23166.9ms Vehicle 3 RECEIVED AppendEntries from vehicle 0 (n_entries=0, leader_commit=2)
23172.5ms Vehicle 7 RECEIVED AppendEntries from vehicle 0 (n_entries=0, leader_commit=2)
23306.4ms Leader 0 SENDING AppendEntries to vehicle 1 (n_entries=1, leader_commit=2)
23306.4ms Leader 0 SENDING AppendEntries to vehicle 2 (n_entries=0, leader_commit=2)
23306.4ms Leader 0 SENDING AppendEntries to vehicle 3 (n_entries=0, leader_commit=2)
23306.4ms Leader 0 SENDING AppendEntries to vehicle 4 (n_entries=3, leader_commit=2)
23306.4ms Leader 0 SENDING AppendEntries to vehicle 5 (n_entries=3, leader_commit=2)
23306.4ms Leader 0 SENDING AppendEntries to vehicle 6 (n_entries=3, leader_commit=2)
23306.4ms Leader 0 SENDING AppendEntries to vehicle 7 (n_entries=0, leader_commit=2)
23306.8ms Vehicle 2 RECEIVED AppendEntries from vehicle 0 (n_entries=0, leader_commit=2)
23307.1ms Vehicle 3 RECEIVED AppendEntries from vehicle 0 (n_entries=0, leader_commit=2)
23313.1ms Vehicle 7 RECEIVED AppendEntries from vehicle 0 (n_entries=0, leader_commit=2)
23446.4ms Leader 0 SENDING AppendEntries to vehicle 1 (n_entries=1, leader_commit=2)
23446.4ms Leader 0 SENDING AppendEntries to vehicle 2 (n_entries=0, leader_commit=2)
23446.4ms Leader 0 SENDING AppendEntries to vehicle 3 (n_entries=0, leader_commit=2)
23446.4ms Leader 0 SENDING AppendEntries to vehicle 4 (n_entries=3, leader_commit=2)
23446.4ms Leader 0 SENDING AppendEntries to vehicle 5 (n_entries=3, leader_commit=2)
23446.4ms Leader 0 SENDING AppendEntries to vehicle 6 (n_entries=3, leader_commit=2)
23446.4ms Leader 0 SENDING AppendEntries to vehicle 7 (n_entries=0, leader_commit=2)
23446.6ms Vehicle 2 RECEIVED AppendEntries from vehicle 0 (n_entries=0, leader_commit=2)
23446.9ms Vehicle 3 RECEIVED AppendEntries from vehicle 0 (n_entries=0, leader_commit=2)
23586.4ms Leader 0 SENDING AppendEntries to vehicle 1 (n_entries=1, leader_commit=2)
23586.4ms Leader 0 SENDING AppendEntries to vehicle 2 (n_entries=0, leader_commit=2)
23586.4ms Leader 0 SENDING AppendEntries to vehicle 3 (n_entries=0, leader_commit=2)
23586.4ms Leader 0 SENDING AppendEntries to vehicle 4 (n_entries=3, leader_commit=2)
23586.4ms Leader 0 SENDING AppendEntries to vehicle 5 (n_entries=3, leader_commit=2)
23586.4ms Leader 0 SENDING AppendEntries to vehicle 6 (n_entries=3, leader_commit=2)
23586.4ms Leader 0 SENDING AppendEntries to vehicle 7 (n_entries=0, leader_commit=2)
23586.8ms Vehicle 2 RECEIVED AppendEntries from vehicle 0 (n_entries=0, leader_commit=2)
23587.2ms Vehicle 3 RECEIVED AppendEntries from vehicle 0 (n_entries=0, leader_commit=2)
23726.4ms Leader 0 SENDING AppendEntries to vehicle 1 (n_entries=1, leader_commit=2)
23726.4ms Leader 0 SENDING AppendEntries to vehicle 2 (n_entries=0, leader_commit=2)
23726.4ms Leader 0 SENDING AppendEntries to vehicle 3 (n_entries=0, leader_commit=2)
23726.4ms Leader 0 SENDING AppendEntries to vehicle 4 (n_entries=3, leader_commit=2)
23726.4ms Leader 0 SENDING AppendEntries to vehicle 5 (n_entries=3, leader_commit=2)
23726.4ms Leader 0 SENDING AppendEntries to vehicle 6 (n_entries=3, leader_commit=2)
23726.4ms Leader 0 SENDING AppendEntries to vehicle 7 (n_entries=0, leader_commit=2)
23726.8ms Vehicle 2 RECEIVED AppendEntries from vehicle 0 (n_entries=0, leader_commit=2)
23727.1ms Vehicle 3 RECEIVED AppendEntries from vehicle 0 (n_entries=0, leader_commit=2)
23732.7ms Vehicle 7 RECEIVED AppendEntries from vehicle 0 (n_entries=0, leader_commit=2)
23866.4ms Leader 0 SENDING AppendEntries to vehicle 1 (n_entries=1, leader_commit=2)
23866.4ms Leader 0 SENDING AppendEntries to vehicle 2 (n_entries=0, leader_commit=2)
23866.4ms Leader 0 SENDING AppendEntries to vehicle 3 (n_entries=0, leader_commit=2)
23866.4ms Leader 0 SENDING AppendEntries to vehicle 4 (n_entries=3, leader_commit=2)
23866.4ms Leader 0 SENDING AppendEntries to vehicle 5 (n_entries=3, leader_commit=2)
23866.4ms Leader 0 SENDING AppendEntries to vehicle 6 (n_entries=3, leader_commit=2)
23866.4ms Leader 0 SENDING AppendEntries to vehicle 7 (n_entries=0, leader_commit=2)
23866.6ms Vehicle 2 RECEIVED AppendEntries from vehicle 0 (n_entries=0, leader_commit=2)
23866.9ms Vehicle 3 RECEIVED AppendEntries from vehicle 0 (n_entries=0, leader_commit=2)
23873.0ms Vehicle 7 RECEIVED AppendEntries from vehicle 0 (n_entries=0, leader_commit=2)
24006.4ms Leader 0 SENDING AppendEntries to vehicle 1 (n_entries=1, leader_commit=2)
24006.4ms Leader 0 SENDING AppendEntries to vehicle 2 (n_entries=0, leader_commit=2)
24006.4ms Leader 0 SENDING AppendEntries to vehicle 3 (n_entries=0, leader_commit=2)
24006.4ms Leader 0 SENDING AppendEntries to vehicle 4 (n_entries=3, leader_commit=2)
24006.4ms Leader 0 SENDING AppendEntries to vehicle 5 (n_entries=3, leader_commit=2)
24006.4ms Leader 0 SENDING AppendEntries to vehicle 6 (n_entries=3, leader_commit=2)
24006.4ms Leader 0 SENDING AppendEntries to vehicle 7 (n_entries=0, leader_commit=2)
24006.8ms Vehicle 2 RECEIVED AppendEntries from vehicle 0 (n_entries=0, leader_commit=2)
24007.3ms Vehicle 3 RECEIVED AppendEntries from vehicle 0 (n_entries=0, leader_commit=2)
24013.3ms Vehicle 7 RECEIVED AppendEntries from vehicle 0 (n_entries=0, leader_commit=2)
24146.4ms Leader 0 SENDING AppendEntries to vehicle 1 (n_entries=1, leader_commit=2)
24146.4ms Leader 0 SENDING AppendEntries to vehicle 2 (n_entries=0, leader_commit=2)
24146.4ms Leader 0 SENDING AppendEntries to vehicle 3 (n_entries=0, leader_commit=2)
24146.4ms Leader 0 SENDING AppendEntries to vehicle 4 (n_entries=3, leader_commit=2)
24146.4ms Leader 0 SENDING AppendEntries to vehicle 5 (n_entries=3, leader_commit=2)
24146.4ms Leader 0 SENDING AppendEntries to vehicle 6 (n_entries=3, leader_commit=2)
24146.4ms Leader 0 SENDING AppendEntries to vehicle 7 (n_entries=0, leader_commit=2)
24146.8ms Vehicle 2 RECEIVED AppendEntries from vehicle 0 (n_entries=0, leader_commit=2)
24147.0ms Vehicle 3 RECEIVED AppendEntries from vehicle 0 (n_entries=0, leader_commit=2)
24152.6ms Vehicle 7 RECEIVED AppendEntries from vehicle 0 (n_entries=0, leader_commit=2)
24286.4ms Leader 0 SENDING AppendEntries to vehicle 1 (n_entries=1, leader_commit=2)
24286.4ms Leader 0 SENDING AppendEntries to vehicle 2 (n_entries=0, leader_commit=2)
24286.4ms Leader 0 SENDING AppendEntries to vehicle 3 (n_entries=0, leader_commit=2)
24286.4ms Leader 0 SENDING AppendEntries to vehicle 4 (n_entries=3, leader_commit=2)
24286.4ms Leader 0 SENDING AppendEntries to vehicle 5 (n_entries=3, leader_commit=2)
24286.4ms Leader 0 SENDING AppendEntries to vehicle 6 (n_entries=3, leader_commit=2)
24286.4ms Leader 0 SENDING AppendEntries to vehicle 7 (n_entries=0, leader_commit=2)
24286.8ms Vehicle 2 RECEIVED AppendEntries from vehicle 0 (n_entries=0, leader_commit=2)
24287.2ms Vehicle 3 RECEIVED AppendEntries from vehicle 0 (n_entries=0, leader_commit=2)
24293.1ms Vehicle 7 RECEIVED AppendEntries from vehicle 0 (n_entries=0, leader_commit=2)
24426.4ms Leader 0 SENDING AppendEntries to vehicle 1 (n_entries=1, leader_commit=2)
24426.4ms Leader 0 SENDING AppendEntries to vehicle 2 (n_entries=0, leader_commit=2)
24426.4ms Leader 0 SENDING AppendEntries to vehicle 3 (n_entries=0, leader_commit=2)
24426.4ms Leader 0 SENDING AppendEntries to vehicle 4 (n_entries=3, leader_commit=2)
24426.4ms Leader 0 SENDING AppendEntries to vehicle 5 (n_entries=3, leader_commit=2)
24426.4ms Leader 0 SENDING AppendEntries to vehicle 6 (n_entries=3, leader_commit=2)
24426.4ms Leader 0 SENDING AppendEntries to vehicle 7 (n_entries=0, leader_commit=2)
24426.7ms Vehicle 2 RECEIVED AppendEntries from vehicle 0 (n_entries=0, leader_commit=2)
24427.0ms Vehicle 3 RECEIVED AppendEntries from vehicle 0 (n_entries=0, leader_commit=2)
24433.1ms Vehicle 7 RECEIVED AppendEntries from vehicle 0 (n_entries=0, leader_commit=2)
24566.4ms Leader 0 SENDING AppendEntries to vehicle 1 (n_entries=1, leader_commit=2)
24566.4ms Leader 0 SENDING AppendEntries to vehicle 2 (n_entries=0, leader_commit=2)
24566.4ms Leader 0 SENDING AppendEntries to vehicle 3 (n_entries=0, leader_commit=2)
24566.4ms Leader 0 SENDING AppendEntries to vehicle 4 (n_entries=3, leader_commit=2)
24566.4ms Leader 0 SENDING AppendEntries to vehicle 5 (n_entries=3, leader_commit=2)
24566.4ms Leader 0 SENDING AppendEntries to vehicle 6 (n_entries=3, leader_commit=2)
24566.4ms Leader 0 SENDING AppendEntries to vehicle 7 (n_entries=0, leader_commit=2)
24566.6ms Vehicle 2 RECEIVED AppendEntries from vehicle 0 (n_entries=0, leader_commit=2)
24566.7ms Vehicle 3 RECEIVED AppendEntries from vehicle 0 (n_entries=0, leader_commit=2)
24572.6ms Vehicle 7 RECEIVED AppendEntries from vehicle 0 (n_entries=0, leader_commit=2)
24706.4ms Leader 0 SENDING AppendEntries to vehicle 1 (n_entries=1, leader_commit=2)
24706.4ms Leader 0 SENDING AppendEntries to vehicle 2 (n_entries=0, leader_commit=2)
24706.4ms Leader 0 SENDING AppendEntries to vehicle 3 (n_entries=0, leader_commit=2)
24706.4ms Leader 0 SENDING AppendEntries to vehicle 4 (n_entries=3, leader_commit=2)
24706.4ms Leader 0 SENDING AppendEntries to vehicle 5 (n_entries=3, leader_commit=2)
24706.4ms Leader 0 SENDING AppendEntries to vehicle 6 (n_entries=3, leader_commit=2)
24706.4ms Leader 0 SENDING AppendEntries to vehicle 7 (n_entries=0, leader_commit=2)
24706.8ms Vehicle 2 RECEIVED AppendEntries from vehicle 0 (n_entries=0, leader_commit=2)
24707.0ms Vehicle 3 RECEIVED AppendEntries from vehicle 0 (n_entries=0, leader_commit=2)
24712.8ms Vehicle 7 RECEIVED AppendEntries from vehicle 0 (n_entries=0, leader_commit=2)
24846.4ms Leader 0 SENDING AppendEntries to vehicle 1 (n_entries=1, leader_commit=2)
24846.4ms Leader 0 SENDING AppendEntries to vehicle 2 (n_entries=0, leader_commit=2)
24846.4ms Leader 0 SENDING AppendEntries to vehicle 3 (n_entries=0, leader_commit=2)
24846.4ms Leader 0 SENDING AppendEntries to vehicle 4 (n_entries=3, leader_commit=2)
24846.4ms Leader 0 SENDING AppendEntries to vehicle 5 (n_entries=3, leader_commit=2)
24846.4ms Leader 0 SENDING AppendEntries to vehicle 6 (n_entries=3, leader_commit=2)
24846.4ms Leader 0 SENDING AppendEntries to vehicle 7 (n_entries=0, leader_commit=2)
24846.7ms Vehicle 2 RECEIVED AppendEntries from vehicle 0 (n_entries=0, leader_commit=2)
24847.0ms Vehicle 3 RECEIVED AppendEntries from vehicle 0 (n_entries=0, leader_commit=2)
24853.3ms Vehicle 7 RECEIVED AppendEntries from vehicle 0 (n_entries=0, leader_commit=2)
24986.4ms Leader 0 SENDING AppendEntries to vehicle 1 (n_entries=1, leader_commit=2)
24986.4ms Leader 0 SENDING AppendEntries to vehicle 2 (n_entries=0, leader_commit=2)
24986.4ms Leader 0 SENDING AppendEntries to vehicle 3 (n_entries=0, leader_commit=2)
24986.4ms Leader 0 SENDING AppendEntries to vehicle 4 (n_entries=3, leader_commit=2)
24986.4ms Leader 0 SENDING AppendEntries to vehicle 5 (n_entries=3, leader_commit=2)
24986.4ms Leader 0 SENDING AppendEntries to vehicle 6 (n_entries=3, leader_commit=2)
24986.4ms Leader 0 SENDING AppendEntries to vehicle 7 (n_entries=0, leader_commit=2)
24986.6ms Vehicle 2 RECEIVED AppendEntries from vehicle 0 (n_entries=0, leader_commit=2)
24986.9ms Vehicle 3 RECEIVED AppendEntries from vehicle 0 (n_entries=0, leader_commit=2)
24992.7ms Vehicle 7 RECEIVED AppendEntries from vehicle 0 (n_entries=0, leader_commit=2)
25126.4ms Leader 0 SENDING AppendEntries to vehicle 1 (n_entries=1, leader_commit=2)
25126.4ms Leader 0 SENDING AppendEntries to vehicle 2 (n_entries=0, leader_commit=2)
25126.4ms Leader 0 SENDING AppendEntries to vehicle 3 (n_entries=0, leader_commit=2)
25126.4ms Leader 0 SENDING AppendEntries to vehicle 4 (n_entries=3, leader_commit=2)
25126.4ms Leader 0 SENDING AppendEntries to vehicle 5 (n_entries=3, leader_commit=2)
25126.4ms Leader 0 SENDING AppendEntries to vehicle 6 (n_entries=3, leader_commit=2)
25126.4ms Leader 0 SENDING AppendEntries to vehicle 7 (n_entries=0, leader_commit=2)
25126.7ms Vehicle 2 RECEIVED AppendEntries from vehicle 0 (n_entries=0, leader_commit=2)
25127.2ms Vehicle 3 RECEIVED AppendEntries from vehicle 0 (n_entries=0, leader_commit=2)
25132.5ms Vehicle 7 RECEIVED AppendEntries from vehicle 0 (n_entries=0, leader_commit=2)
25266.4ms Leader 0 SENDING AppendEntries to vehicle 1 (n_entries=1, leader_commit=2)
25266.4ms Leader 0 SENDING AppendEntries to vehicle 2 (n_entries=0, leader_commit=2)
25266.4ms Leader 0 SENDING AppendEntries to vehicle 3 (n_entries=0, leader_commit=2)
25266.4ms Leader 0 SENDING AppendEntries to vehicle 4 (n_entries=3, leader_commit=2)
25266.4ms Leader 0 SENDING AppendEntries to vehicle 5 (n_entries=3, leader_commit=2)
25266.4ms Leader 0 SENDING AppendEntries to vehicle 6 (n_entries=3, leader_commit=2)
25266.4ms Leader 0 SENDING AppendEntries to vehicle 7 (n_entries=0, leader_commit=2)
25267.0ms Vehicle 3 RECEIVED AppendEntries from vehicle 0 (n_entries=0, leader_commit=2)
25273.1ms Vehicle 7 RECEIVED AppendEntries from vehicle 0 (n_entries=0, leader_commit=2)
25406.4ms Leader 0 SENDING AppendEntries to vehicle 1 (n_entries=1, leader_commit=2)
25406.4ms Leader 0 SENDING AppendEntries to vehicle 2 (n_entries=0, leader_commit=2)
25406.4ms Leader 0 SENDING AppendEntries to vehicle 3 (n_entries=0, leader_commit=2)
25406.4ms Leader 0 SENDING AppendEntries to vehicle 4 (n_entries=3, leader_commit=2)
25406.4ms Leader 0 SENDING AppendEntries to vehicle 5 (n_entries=3, leader_commit=2)
25406.4ms Leader 0 SENDING AppendEntries to vehicle 6 (n_entries=3, leader_commit=2)
25406.4ms Leader 0 SENDING AppendEntries to vehicle 7 (n_entries=0, leader_commit=2)
25406.8ms Vehicle 2 RECEIVED AppendEntries from vehicle 0 (n_entries=0, leader_commit=2)
25407.0ms Vehicle 3 RECEIVED AppendEntries from vehicle 0 (n_entries=0, leader_commit=2)
25412.9ms Vehicle 7 RECEIVED AppendEntries from vehicle 0 (n_entries=0, leader_commit=2)
25546.4ms Leader 0 SENDING AppendEntries to vehicle 1 (n_entries=1, leader_commit=2)
25546.4ms Leader 0 SENDING AppendEntries to vehicle 2 (n_entries=0, leader_commit=2)
25546.4ms Leader 0 SENDING AppendEntries to vehicle 3 (n_entries=0, leader_commit=2)
25546.4ms Leader 0 SENDING AppendEntries to vehicle 4 (n_entries=3, leader_commit=2)
25546.4ms Leader 0 SENDING AppendEntries to vehicle 5 (n_entries=3, leader_commit=2)
25546.4ms Leader 0 SENDING AppendEntries to vehicle 6 (n_entries=3, leader_commit=2)
25546.4ms Leader 0 SENDING AppendEntries to vehicle 7 (n_entries=0, leader_commit=2)
25546.7ms Vehicle 2 RECEIVED AppendEntries from vehicle 0 (n_entries=0, leader_commit=2)
25547.0ms Vehicle 3 RECEIVED AppendEntries from vehicle 0 (n_entries=0, leader_commit=2)
25553.0ms Vehicle 7 RECEIVED AppendEntries from vehicle 0 (n_entries=0, leader_commit=2)
25686.4ms Leader 0 SENDING AppendEntries to vehicle 1 (n_entries=1, leader_commit=2)
25686.4ms Leader 0 SENDING AppendEntries to vehicle 2 (n_entries=0, leader_commit=2)
25686.4ms Leader 0 SENDING AppendEntries to vehicle 3 (n_entries=0, leader_commit=2)
25686.4ms Leader 0 SENDING AppendEntries to vehicle 4 (n_entries=3, leader_commit=2)
25686.4ms Leader 0 SENDING AppendEntries to vehicle 5 (n_entries=3, leader_commit=2)
25686.4ms Leader 0 SENDING AppendEntries to vehicle 6 (n_entries=3, leader_commit=2)
25686.4ms Leader 0 SENDING AppendEntries to vehicle 7 (n_entries=0, leader_commit=2)
25686.7ms Vehicle 2 RECEIVED AppendEntries from vehicle 0 (n_entries=0, leader_commit=2)
25687.0ms Vehicle 3 RECEIVED AppendEntries from vehicle 0 (n_entries=0, leader_commit=2)
25692.6ms Vehicle 7 RECEIVED AppendEntries from vehicle 0 (n_entries=0, leader_commit=2)
25826.4ms Leader 0 SENDING AppendEntries to vehicle 1 (n_entries=1, leader_commit=2)
25826.4ms Leader 0 SENDING AppendEntries to vehicle 2 (n_entries=0, leader_commit=2)
25826.4ms Leader 0 SENDING AppendEntries to vehicle 3 (n_entries=0, leader_commit=2)
25826.4ms Leader 0 SENDING AppendEntries to vehicle 4 (n_entries=3, leader_commit=2)
25826.4ms Leader 0 SENDING AppendEntries to vehicle 5 (n_entries=3, leader_commit=2)
25826.4ms Leader 0 SENDING AppendEntries to vehicle 6 (n_entries=3, leader_commit=2)
25826.4ms Leader 0 SENDING AppendEntries to vehicle 7 (n_entries=0, leader_commit=2)
25826.6ms Vehicle 2 RECEIVED AppendEntries from vehicle 0 (n_entries=0, leader_commit=2)
25826.8ms Vehicle 3 RECEIVED AppendEntries from vehicle 0 (n_entries=0, leader_commit=2)
25832.4ms Vehicle 7 RECEIVED AppendEntries from vehicle 0 (n_entries=0, leader_commit=2)
25966.4ms Leader 0 SENDING AppendEntries to vehicle 1 (n_entries=1, leader_commit=2)
25966.4ms Leader 0 SENDING AppendEntries to vehicle 2 (n_entries=0, leader_commit=2)
25966.4ms Leader 0 SENDING AppendEntries to vehicle 3 (n_entries=0, leader_commit=2)
25966.4ms Leader 0 SENDING AppendEntries to vehicle 4 (n_entries=3, leader_commit=2)
25966.4ms Leader 0 SENDING AppendEntries to vehicle 5 (n_entries=3, leader_commit=2)
25966.4ms Leader 0 SENDING AppendEntries to vehicle 6 (n_entries=3, leader_commit=2)
25966.4ms Leader 0 SENDING AppendEntries to vehicle 7 (n_entries=0, leader_commit=2)
25966.6ms Vehicle 2 RECEIVED AppendEntries from vehicle 0 (n_entries=0, leader_commit=2)
25973.2ms Vehicle 7 RECEIVED AppendEntries from vehicle 0 (n_entries=0, leader_commit=2)
26106.4ms Leader 0 SENDING AppendEntries to vehicle 1 (n_entries=1, leader_commit=2)
26106.4ms Leader 0 SENDING AppendEntries to vehicle 2 (n_entries=0, leader_commit=2)
26106.4ms Leader 0 SENDING AppendEntries to vehicle 3 (n_entries=0, leader_commit=2)
26106.4ms Leader 0 SENDING AppendEntries to vehicle 4 (n_entries=3, leader_commit=2)
26106.4ms Leader 0 SENDING AppendEntries to vehicle 5 (n_entries=3, leader_commit=2)
26106.4ms Leader 0 SENDING AppendEntries to vehicle 6 (n_entries=3, leader_commit=2)
26106.4ms Leader 0 SENDING AppendEntries to vehicle 7 (n_entries=0, leader_commit=2)
26106.6ms Vehicle 2 RECEIVED AppendEntries from vehicle 0 (n_entries=0, leader_commit=2)
26107.0ms Vehicle 3 RECEIVED AppendEntries from vehicle 0 (n_entries=0, leader_commit=2)
26112.3ms Vehicle 7 RECEIVED AppendEntries from vehicle 0 (n_entries=0, leader_commit=2)
26246.4ms Leader 0 SENDING AppendEntries to vehicle 1 (n_entries=1, leader_commit=2)
26246.4ms Leader 0 SENDING AppendEntries to vehicle 2 (n_entries=0, leader_commit=2)
26246.4ms Leader 0 SENDING AppendEntries to vehicle 3 (n_entries=0, leader_commit=2)
26246.4ms Leader 0 SENDING AppendEntries to vehicle 4 (n_entries=3, leader_commit=2)
26246.4ms Leader 0 SENDING AppendEntries to vehicle 5 (n_entries=3, leader_commit=2)
26246.4ms Leader 0 SENDING AppendEntries to vehicle 6 (n_entries=3, leader_commit=2)
26246.4ms Leader 0 SENDING AppendEntries to vehicle 7 (n_entries=0, leader_commit=2)
26246.8ms Vehicle 2 RECEIVED AppendEntries from vehicle 0 (n_entries=0, leader_commit=2)
26247.0ms Vehicle 3 RECEIVED AppendEntries from vehicle 0 (n_entries=0, leader_commit=2)
26253.1ms Vehicle 7 RECEIVED AppendEntries from vehicle 0 (n_entries=0, leader_commit=2)
26386.4ms Leader 0 SENDING AppendEntries to vehicle 1 (n_entries=1, leader_commit=2)
26386.4ms Leader 0 SENDING AppendEntries to vehicle 2 (n_entries=0, leader_commit=2)
26386.4ms Leader 0 SENDING AppendEntries to vehicle 3 (n_entries=0, leader_commit=2)
26386.4ms Leader 0 SENDING AppendEntries to vehicle 4 (n_entries=3, leader_commit=2)
26386.4ms Leader 0 SENDING AppendEntries to vehicle 5 (n_entries=3, leader_commit=2)
26386.4ms Leader 0 SENDING AppendEntries to vehicle 6 (n_entries=3, leader_commit=2)
26386.4ms Leader 0 SENDING AppendEntries to vehicle 7 (n_entries=0, leader_commit=2)
26386.6ms Vehicle 2 RECEIVED AppendEntries from vehicle 0 (n_entries=0, leader_commit=2)
26387.1ms Vehicle 3 RECEIVED AppendEntries from vehicle 0 (n_entries=0, leader_commit=2)
26392.9ms Vehicle 7 RECEIVED AppendEntries from vehicle 0 (n_entries=0, leader_commit=2)
26526.4ms Leader 0 SENDING AppendEntries to vehicle 1 (n_entries=1, leader_commit=2)
26526.4ms Leader 0 SENDING AppendEntries to vehicle 2 (n_entries=0, leader_commit=2)
26526.4ms Leader 0 SENDING AppendEntries to vehicle 3 (n_entries=0, leader_commit=2)
26526.4ms Leader 0 SENDING AppendEntries to vehicle 4 (n_entries=3, leader_commit=2)
26526.4ms Leader 0 SENDING AppendEntries to vehicle 5 (n_entries=3, leader_commit=2)
26526.4ms Leader 0 SENDING AppendEntries to vehicle 6 (n_entries=3, leader_commit=2)
26526.4ms Leader 0 SENDING AppendEntries to vehicle 7 (n_entries=0, leader_commit=2)
26526.7ms Vehicle 2 RECEIVED AppendEntries from vehicle 0 (n_entries=0, leader_commit=2)
26527.1ms Vehicle 3 RECEIVED AppendEntries from vehicle 0 (n_entries=0, leader_commit=2)
26532.9ms Vehicle 7 RECEIVED AppendEntries from vehicle 0 (n_entries=0, leader_commit=2)
26666.4ms Leader 0 SENDING AppendEntries to vehicle 1 (n_entries=1, leader_commit=2)
26666.4ms Leader 0 SENDING AppendEntries to vehicle 2 (n_entries=0, leader_commit=2)
26666.4ms Leader 0 SENDING AppendEntries to vehicle 3 (n_entries=0, leader_commit=2)
26666.4ms Leader 0 SENDING AppendEntries to vehicle 4 (n_entries=3, leader_commit=2)
26666.4ms Leader 0 SENDING AppendEntries to vehicle 5 (n_entries=3, leader_commit=2)
26666.4ms Leader 0 SENDING AppendEntries to vehicle 6 (n_entries=3, leader_commit=2)
26666.4ms Leader 0 SENDING AppendEntries to vehicle 7 (n_entries=0, leader_commit=2)
26666.7ms Vehicle 2 RECEIVED AppendEntries from vehicle 0 (n_entries=0, leader_commit=2)
26666.9ms Vehicle 3 RECEIVED AppendEntries from vehicle 0 (n_entries=0, leader_commit=2)
26673.5ms Vehicle 7 RECEIVED AppendEntries from vehicle 0 (n_entries=0, leader_commit=2)
26806.4ms Leader 0 SENDING AppendEntries to vehicle 1 (n_entries=1, leader_commit=2)
26806.4ms Leader 0 SENDING AppendEntries to vehicle 2 (n_entries=0, leader_commit=2)
26806.4ms Leader 0 SENDING AppendEntries to vehicle 3 (n_entries=0, leader_commit=2)
26806.4ms Leader 0 SENDING AppendEntries to vehicle 4 (n_entries=3, leader_commit=2)
26806.4ms Leader 0 SENDING AppendEntries to vehicle 5 (n_entries=3, leader_commit=2)
26806.4ms Leader 0 SENDING AppendEntries to vehicle 6 (n_entries=3, leader_commit=2)
26806.4ms Leader 0 SENDING AppendEntries to vehicle 7 (n_entries=0, leader_commit=2)
26806.7ms Vehicle 2 RECEIVED AppendEntries from vehicle 0 (n_entries=0, leader_commit=2)
26807.0ms Vehicle 3 RECEIVED AppendEntries from vehicle 0 (n_entries=0, leader_commit=2)
26812.5ms Vehicle 7 RECEIVED AppendEntries from vehicle 0 (n_entries=0, leader_commit=2)
26946.4ms Leader 0 SENDING AppendEntries to vehicle 1 (n_entries=1, leader_commit=2)
26946.4ms Leader 0 SENDING AppendEntries to vehicle 2 (n_entries=0, leader_commit=2)
26946.4ms Leader 0 SENDING AppendEntries to vehicle 3 (n_entries=0, leader_commit=2)
26946.4ms Leader 0 SENDING AppendEntries to vehicle 4 (n_entries=3, leader_commit=2)
26946.4ms Leader 0 SENDING AppendEntries to vehicle 5 (n_entries=3, leader_commit=2)
26946.4ms Leader 0 SENDING AppendEntries to vehicle 6 (n_entries=3, leader_commit=2)
26946.4ms Leader 0 SENDING AppendEntries to vehicle 7 (n_entries=0, leader_commit=2)
26946.8ms Vehicle 2 RECEIVED AppendEntries from vehicle 0 (n_entries=0, leader_commit=2)
26947.1ms Vehicle 3 RECEIVED AppendEntries from vehicle 0 (n_entries=0, leader_commit=2)
26953.8ms Vehicle 7 RECEIVED AppendEntries from vehicle 0 (n_entries=0, leader_commit=2)
27086.4ms Leader 0 SENDING AppendEntries to vehicle 1 (n_entries=1, leader_commit=2)
27086.4ms Leader 0 SENDING AppendEntries to vehicle 2 (n_entries=0, leader_commit=2)
27086.4ms Leader 0 SENDING AppendEntries to vehicle 3 (n_entries=0, leader_commit=2)
27086.4ms Leader 0 SENDING AppendEntries to vehicle 4 (n_entries=3, leader_commit=2)
27086.4ms Leader 0 SENDING AppendEntries to vehicle 5 (n_entries=3, leader_commit=2)
27086.4ms Leader 0 SENDING AppendEntries to vehicle 6 (n_entries=3, leader_commit=2)
27086.4ms Leader 0 SENDING AppendEntries to vehicle 7 (n_entries=0, leader_commit=2)
27086.6ms Vehicle 2 RECEIVED AppendEntries from vehicle 0 (n_entries=0, leader_commit=2)
27087.0ms Vehicle 3 RECEIVED AppendEntries from vehicle 0 (n_entries=0, leader_commit=2)
27093.2ms Vehicle 7 RECEIVED AppendEntries from vehicle 0 (n_entries=0, leader_commit=2)
27226.4ms Leader 0 SENDING AppendEntries to vehicle 1 (n_entries=1, leader_commit=2)
27226.4ms Leader 0 SENDING AppendEntries to vehicle 2 (n_entries=0, leader_commit=2)
27226.4ms Leader 0 SENDING AppendEntries to vehicle 3 (n_entries=0, leader_commit=2)
27226.4ms Leader 0 SENDING AppendEntries to vehicle 4 (n_entries=3, leader_commit=2)
27226.4ms Leader 0 SENDING AppendEntries to vehicle 5 (n_entries=3, leader_commit=2)
27226.4ms Leader 0 SENDING AppendEntries to vehicle 6 (n_entries=3, leader_commit=2)
27226.4ms Leader 0 SENDING AppendEntries to vehicle 7 (n_entries=0, leader_commit=2)
27226.6ms Vehicle 2 RECEIVED AppendEntries from vehicle 0 (n_entries=0, leader_commit=2)
27227.0ms Vehicle 3 RECEIVED AppendEntries from vehicle 0 (n_entries=0, leader_commit=2)
27232.7ms Vehicle 7 RECEIVED AppendEntries from vehicle 0 (n_entries=0, leader_commit=2)
27366.4ms Leader 0 SENDING AppendEntries to vehicle 1 (n_entries=1, leader_commit=2)
27366.4ms Leader 0 SENDING AppendEntries to vehicle 2 (n_entries=0, leader_commit=2)
27366.4ms Leader 0 SENDING AppendEntries to vehicle 3 (n_entries=0, leader_commit=2)
27366.4ms Leader 0 SENDING AppendEntries to vehicle 4 (n_entries=3, leader_commit=2)
27366.4ms Leader 0 SENDING AppendEntries to vehicle 5 (n_entries=3, leader_commit=2)
27366.4ms Leader 0 SENDING AppendEntries to vehicle 6 (n_entries=3, leader_commit=2)
27366.4ms Leader 0 SENDING AppendEntries to vehicle 7 (n_entries=0, leader_commit=2)
27366.7ms Vehicle 2 RECEIVED AppendEntries from vehicle 0 (n_entries=0, leader_commit=2)
** Event #176640   t=27.366931868784   Elapsed: 2.00134s (0m 02s)  9% completed  (9% total)
     Speed:     ev/sec=88261.6   simsec/sec=13.6743   ev/simsec=6454.54
     Messages:  created: 134801   present: 322   in FES: 22
27367.1ms Vehicle 3 RECEIVED AppendEntries from vehicle 0 (n_entries=0, leader_commit=2)
27372.9ms Vehicle 7 RECEIVED AppendEntries from vehicle 0 (n_entries=0, leader_commit=2)
27506.4ms Leader 0 SENDING AppendEntries to vehicle 1 (n_entries=1, leader_commit=2)
27506.4ms Leader 0 SENDING AppendEntries to vehicle 2 (n_entries=0, leader_commit=2)
27506.4ms Leader 0 SENDING AppendEntries to vehicle 3 (n_entries=0, leader_commit=2)
27506.4ms Leader 0 SENDING AppendEntries to vehicle 4 (n_entries=3, leader_commit=2)
27506.4ms Leader 0 SENDING AppendEntries to vehicle 5 (n_entries=3, leader_commit=2)
27506.4ms Leader 0 SENDING AppendEntries to vehicle 6 (n_entries=3, leader_commit=2)
27506.4ms Leader 0 SENDING AppendEntries to vehicle 7 (n_entries=0, leader_commit=2)
27506.8ms Vehicle 2 RECEIVED AppendEntries from vehicle 0 (n_entries=0, leader_commit=2)
27506.9ms Vehicle 3 RECEIVED AppendEntries from vehicle 0 (n_entries=0, leader_commit=2)
27513.1ms Vehicle 7 RECEIVED AppendEntries from vehicle 0 (n_entries=0, leader_commit=2)
27646.4ms Leader 0 SENDING AppendEntries to vehicle 1 (n_entries=1, leader_commit=2)
27646.4ms Leader 0 SENDING AppendEntries to vehicle 2 (n_entries=0, leader_commit=2)
27646.4ms Leader 0 SENDING AppendEntries to vehicle 3 (n_entries=0, leader_commit=2)
27646.4ms Leader 0 SENDING AppendEntries to vehicle 4 (n_entries=3, leader_commit=2)
27646.4ms Leader 0 SENDING AppendEntries to vehicle 5 (n_entries=3, leader_commit=2)
27646.4ms Leader 0 SENDING AppendEntries to vehicle 6 (n_entries=3, leader_commit=2)
27646.4ms Leader 0 SENDING AppendEntries to vehicle 7 (n_entries=0, leader_commit=2)
27646.6ms Vehicle 2 RECEIVED AppendEntries from vehicle 0 (n_entries=0, leader_commit=2)
27646.9ms Vehicle 3 RECEIVED AppendEntries from vehicle 0 (n_entries=0, leader_commit=2)
27652.8ms Vehicle 7 RECEIVED AppendEntries from vehicle 0 (n_entries=0, leader_commit=2)
27786.4ms Leader 0 SENDING AppendEntries to vehicle 1 (n_entries=1, leader_commit=2)
27786.4ms Leader 0 SENDING AppendEntries to vehicle 2 (n_entries=0, leader_commit=2)
27786.4ms Leader 0 SENDING AppendEntries to vehicle 3 (n_entries=0, leader_commit=2)
27786.4ms Leader 0 SENDING AppendEntries to vehicle 4 (n_entries=3, leader_commit=2)
27786.4ms Leader 0 SENDING AppendEntries to vehicle 5 (n_entries=3, leader_commit=2)
27786.4ms Leader 0 SENDING AppendEntries to vehicle 6 (n_entries=3, leader_commit=2)
27786.4ms Leader 0 SENDING AppendEntries to vehicle 7 (n_entries=0, leader_commit=2)
27786.8ms Vehicle 2 RECEIVED AppendEntries from vehicle 0 (n_entries=0, leader_commit=2)
27787.1ms Vehicle 3 RECEIVED AppendEntries from vehicle 0 (n_entries=0, leader_commit=2)
27793.3ms Vehicle 7 RECEIVED AppendEntries from vehicle 0 (n_entries=0, leader_commit=2)
27926.4ms Leader 0 SENDING AppendEntries to vehicle 1 (n_entries=1, leader_commit=2)
27926.4ms Leader 0 SENDING AppendEntries to vehicle 2 (n_entries=0, leader_commit=2)
27926.4ms Leader 0 SENDING AppendEntries to vehicle 3 (n_entries=0, leader_commit=2)
27926.4ms Leader 0 SENDING AppendEntries to vehicle 4 (n_entries=3, leader_commit=2)
27926.4ms Leader 0 SENDING AppendEntries to vehicle 5 (n_entries=3, leader_commit=2)
27926.4ms Leader 0 SENDING AppendEntries to vehicle 6 (n_entries=3, leader_commit=2)
27926.4ms Leader 0 SENDING AppendEntries to vehicle 7 (n_entries=0, leader_commit=2)
27926.8ms Vehicle 2 RECEIVED AppendEntries from vehicle 0 (n_entries=0, leader_commit=2)
27927.2ms Vehicle 3 RECEIVED AppendEntries from vehicle 0 (n_entries=0, leader_commit=2)
27933.2ms Vehicle 7 RECEIVED AppendEntries from vehicle 0 (n_entries=0, leader_commit=2)
28066.4ms Leader 0 SENDING AppendEntries to vehicle 1 (n_entries=1, leader_commit=2)
28066.4ms Leader 0 SENDING AppendEntries to vehicle 2 (n_entries=0, leader_commit=2)
28066.4ms Leader 0 SENDING AppendEntries to vehicle 3 (n_entries=0, leader_commit=2)
28066.4ms Leader 0 SENDING AppendEntries to vehicle 4 (n_entries=3, leader_commit=2)
28066.4ms Leader 0 SENDING AppendEntries to vehicle 5 (n_entries=3, leader_commit=2)
28066.4ms Leader 0 SENDING AppendEntries to vehicle 6 (n_entries=3, leader_commit=2)
28066.4ms Leader 0 SENDING AppendEntries to vehicle 7 (n_entries=0, leader_commit=2)
28066.7ms Vehicle 2 RECEIVED AppendEntries from vehicle 0 (n_entries=0, leader_commit=2)
28067.2ms Vehicle 3 RECEIVED AppendEntries from vehicle 0 (n_entries=0, leader_commit=2)
28073.5ms Vehicle 7 RECEIVED AppendEntries from vehicle 0 (n_entries=0, leader_commit=2)
28206.4ms Leader 0 SENDING AppendEntries to vehicle 1 (n_entries=1, leader_commit=2)
28206.4ms Leader 0 SENDING AppendEntries to vehicle 2 (n_entries=0, leader_commit=2)
28206.4ms Leader 0 SENDING AppendEntries to vehicle 3 (n_entries=0, leader_commit=2)
28206.4ms Leader 0 SENDING AppendEntries to vehicle 4 (n_entries=3, leader_commit=2)
28206.4ms Leader 0 SENDING AppendEntries to vehicle 5 (n_entries=3, leader_commit=2)
28206.4ms Leader 0 SENDING AppendEntries to vehicle 6 (n_entries=3, leader_commit=2)
28206.4ms Leader 0 SENDING AppendEntries to vehicle 7 (n_entries=0, leader_commit=2)
28206.8ms Vehicle 2 RECEIVED AppendEntries from vehicle 0 (n_entries=0, leader_commit=2)
28207.3ms Vehicle 3 RECEIVED AppendEntries from vehicle 0 (n_entries=0, leader_commit=2)
28213.2ms Vehicle 7 RECEIVED AppendEntries from vehicle 0 (n_entries=0, leader_commit=2)
28346.4ms Leader 0 SENDING AppendEntries to vehicle 1 (n_entries=1, leader_commit=2)
28346.4ms Leader 0 SENDING AppendEntries to vehicle 2 (n_entries=0, leader_commit=2)
28346.4ms Leader 0 SENDING AppendEntries to vehicle 3 (n_entries=0, leader_commit=2)
28346.4ms Leader 0 SENDING AppendEntries to vehicle 4 (n_entries=3, leader_commit=2)
28346.4ms Leader 0 SENDING AppendEntries to vehicle 5 (n_entries=3, leader_commit=2)
28346.4ms Leader 0 SENDING AppendEntries to vehicle 6 (n_entries=3, leader_commit=2)
28346.4ms Leader 0 SENDING AppendEntries to vehicle 7 (n_entries=0, leader_commit=2)
28346.8ms Vehicle 2 RECEIVED AppendEntries from vehicle 0 (n_entries=0, leader_commit=2)
28347.0ms Vehicle 3 RECEIVED AppendEntries from vehicle 0 (n_entries=0, leader_commit=2)
28352.5ms Vehicle 7 RECEIVED AppendEntries from vehicle 0 (n_entries=0, leader_commit=2)
28486.4ms Leader 0 SENDING AppendEntries to vehicle 1 (n_entries=1, leader_commit=2)
28486.4ms Leader 0 SENDING AppendEntries to vehicle 2 (n_entries=0, leader_commit=2)
28486.4ms Leader 0 SENDING AppendEntries to vehicle 3 (n_entries=0, leader_commit=2)
28486.4ms Leader 0 SENDING AppendEntries to vehicle 4 (n_entries=3, leader_commit=2)
28486.4ms Leader 0 SENDING AppendEntries to vehicle 5 (n_entries=3, leader_commit=2)
28486.4ms Leader 0 SENDING AppendEntries to vehicle 6 (n_entries=3, leader_commit=2)
28486.4ms Leader 0 SENDING AppendEntries to vehicle 7 (n_entries=0, leader_commit=2)
28486.8ms Vehicle 2 RECEIVED AppendEntries from vehicle 0 (n_entries=0, leader_commit=2)
28487.0ms Vehicle 3 RECEIVED AppendEntries from vehicle 0 (n_entries=0, leader_commit=2)
28493.1ms Vehicle 7 RECEIVED AppendEntries from vehicle 0 (n_entries=0, leader_commit=2)
28626.4ms Leader 0 SENDING AppendEntries to vehicle 1 (n_entries=1, leader_commit=2)
28626.4ms Leader 0 SENDING AppendEntries to vehicle 2 (n_entries=0, leader_commit=2)
28626.4ms Leader 0 SENDING AppendEntries to vehicle 3 (n_entries=0, leader_commit=2)
28626.4ms Leader 0 SENDING AppendEntries to vehicle 4 (n_entries=3, leader_commit=2)
28626.4ms Leader 0 SENDING AppendEntries to vehicle 5 (n_entries=3, leader_commit=2)
28626.4ms Leader 0 SENDING AppendEntries to vehicle 6 (n_entries=3, leader_commit=2)
28626.4ms Leader 0 SENDING AppendEntries to vehicle 7 (n_entries=0, leader_commit=2)
28626.6ms Vehicle 2 RECEIVED AppendEntries from vehicle 0 (n_entries=0, leader_commit=2)
28626.8ms Vehicle 3 RECEIVED AppendEntries from vehicle 0 (n_entries=0, leader_commit=2)
28632.5ms Vehicle 7 RECEIVED AppendEntries from vehicle 0 (n_entries=0, leader_commit=2)
28766.4ms Leader 0 SENDING AppendEntries to vehicle 1 (n_entries=1, leader_commit=2)
28766.4ms Leader 0 SENDING AppendEntries to vehicle 2 (n_entries=0, leader_commit=2)
28766.4ms Leader 0 SENDING AppendEntries to vehicle 3 (n_entries=0, leader_commit=2)
28766.4ms Leader 0 SENDING AppendEntries to vehicle 4 (n_entries=3, leader_commit=2)
28766.4ms Leader 0 SENDING AppendEntries to vehicle 5 (n_entries=3, leader_commit=2)
28766.4ms Leader 0 SENDING AppendEntries to vehicle 6 (n_entries=3, leader_commit=2)
28766.4ms Leader 0 SENDING AppendEntries to vehicle 7 (n_entries=0, leader_commit=2)
28766.5ms Vehicle 2 RECEIVED AppendEntries from vehicle 0 (n_entries=0, leader_commit=2)
28766.8ms Vehicle 3 RECEIVED AppendEntries from vehicle 0 (n_entries=0, leader_commit=2)
28772.6ms Vehicle 7 RECEIVED AppendEntries from vehicle 0 (n_entries=0, leader_commit=2)
28906.4ms Leader 0 SENDING AppendEntries to vehicle 1 (n_entries=1, leader_commit=2)
28906.4ms Leader 0 SENDING AppendEntries to vehicle 2 (n_entries=0, leader_commit=2)
28906.4ms Leader 0 SENDING AppendEntries to vehicle 3 (n_entries=0, leader_commit=2)
28906.4ms Leader 0 SENDING AppendEntries to vehicle 4 (n_entries=3, leader_commit=2)
28906.4ms Leader 0 SENDING AppendEntries to vehicle 5 (n_entries=3, leader_commit=2)
28906.4ms Leader 0 SENDING AppendEntries to vehicle 6 (n_entries=3, leader_commit=2)
28906.4ms Leader 0 SENDING AppendEntries to vehicle 7 (n_entries=0, leader_commit=2)
28907.1ms Vehicle 2 RECEIVED AppendEntries from vehicle 0 (n_entries=0, leader_commit=2)
28907.5ms Vehicle 3 RECEIVED AppendEntries from vehicle 0 (n_entries=0, leader_commit=2)
28912.9ms Vehicle 7 RECEIVED AppendEntries from vehicle 0 (n_entries=0, leader_commit=2)
29046.4ms Leader 0 SENDING AppendEntries to vehicle 1 (n_entries=1, leader_commit=2)
29046.4ms Leader 0 SENDING AppendEntries to vehicle 2 (n_entries=0, leader_commit=2)
29046.4ms Leader 0 SENDING AppendEntries to vehicle 3 (n_entries=0, leader_commit=2)
29046.4ms Leader 0 SENDING AppendEntries to vehicle 4 (n_entries=3, leader_commit=2)
29046.4ms Leader 0 SENDING AppendEntries to vehicle 5 (n_entries=3, leader_commit=2)
29046.4ms Leader 0 SENDING AppendEntries to vehicle 6 (n_entries=3, leader_commit=2)
29046.4ms Leader 0 SENDING AppendEntries to vehicle 7 (n_entries=0, leader_commit=2)
29046.7ms Vehicle 2 RECEIVED AppendEntries from vehicle 0 (n_entries=0, leader_commit=2)
29047.2ms Vehicle 3 RECEIVED AppendEntries from vehicle 0 (n_entries=0, leader_commit=2)
29053.1ms Vehicle 7 RECEIVED AppendEntries from vehicle 0 (n_entries=0, leader_commit=2)
29186.4ms Leader 0 SENDING AppendEntries to vehicle 1 (n_entries=1, leader_commit=2)
29186.4ms Leader 0 SENDING AppendEntries to vehicle 2 (n_entries=0, leader_commit=2)
29186.4ms Leader 0 SENDING AppendEntries to vehicle 3 (n_entries=0, leader_commit=2)
29186.4ms Leader 0 SENDING AppendEntries to vehicle 4 (n_entries=3, leader_commit=2)
29186.4ms Leader 0 SENDING AppendEntries to vehicle 5 (n_entries=3, leader_commit=2)
29186.4ms Leader 0 SENDING AppendEntries to vehicle 6 (n_entries=3, leader_commit=2)
29186.4ms Leader 0 SENDING AppendEntries to vehicle 7 (n_entries=0, leader_commit=2)
29186.7ms Vehicle 2 RECEIVED AppendEntries from vehicle 0 (n_entries=0, leader_commit=2)
29186.9ms Vehicle 3 RECEIVED AppendEntries from vehicle 0 (n_entries=0, leader_commit=2)
29192.9ms Vehicle 7 RECEIVED AppendEntries from vehicle 0 (n_entries=0, leader_commit=2)
29326.4ms Leader 0 SENDING AppendEntries to vehicle 1 (n_entries=1, leader_commit=2)
29326.4ms Leader 0 SENDING AppendEntries to vehicle 2 (n_entries=0, leader_commit=2)
29326.4ms Leader 0 SENDING AppendEntries to vehicle 3 (n_entries=0, leader_commit=2)
29326.4ms Leader 0 SENDING AppendEntries to vehicle 4 (n_entries=3, leader_commit=2)
29326.4ms Leader 0 SENDING AppendEntries to vehicle 5 (n_entries=3, leader_commit=2)
29326.4ms Leader 0 SENDING AppendEntries to vehicle 6 (n_entries=3, leader_commit=2)
29326.4ms Leader 0 SENDING AppendEntries to vehicle 7 (n_entries=0, leader_commit=2)
29326.6ms Vehicle 2 RECEIVED AppendEntries from vehicle 0 (n_entries=0, leader_commit=2)
29326.7ms Vehicle 3 RECEIVED AppendEntries from vehicle 0 (n_entries=0, leader_commit=2)
29332.9ms Vehicle 7 RECEIVED AppendEntries from vehicle 0 (n_entries=0, leader_commit=2)
29466.4ms Leader 0 SENDING AppendEntries to vehicle 1 (n_entries=1, leader_commit=2)
29466.4ms Leader 0 SENDING AppendEntries to vehicle 2 (n_entries=0, leader_commit=2)
29466.4ms Leader 0 SENDING AppendEntries to vehicle 3 (n_entries=0, leader_commit=2)
29466.4ms Leader 0 SENDING AppendEntries to vehicle 4 (n_entries=3, leader_commit=2)
29466.4ms Leader 0 SENDING AppendEntries to vehicle 5 (n_entries=3, leader_commit=2)
29466.4ms Leader 0 SENDING AppendEntries to vehicle 6 (n_entries=3, leader_commit=2)
29466.4ms Leader 0 SENDING AppendEntries to vehicle 7 (n_entries=0, leader_commit=2)
29466.6ms Vehicle 2 RECEIVED AppendEntries from vehicle 0 (n_entries=0, leader_commit=2)
29466.8ms Vehicle 3 RECEIVED AppendEntries from vehicle 0 (n_entries=0, leader_commit=2)
29473.0ms Vehicle 7 RECEIVED AppendEntries from vehicle 0 (n_entries=0, leader_commit=2)
29606.4ms Leader 0 SENDING AppendEntries to vehicle 1 (n_entries=1, leader_commit=2)
29606.4ms Leader 0 SENDING AppendEntries to vehicle 2 (n_entries=0, leader_commit=2)
29606.4ms Leader 0 SENDING AppendEntries to vehicle 3 (n_entries=0, leader_commit=2)
29606.4ms Leader 0 SENDING AppendEntries to vehicle 4 (n_entries=3, leader_commit=2)
29606.4ms Leader 0 SENDING AppendEntries to vehicle 5 (n_entries=3, leader_commit=2)
29606.4ms Leader 0 SENDING AppendEntries to vehicle 6 (n_entries=3, leader_commit=2)
29606.4ms Leader 0 SENDING AppendEntries to vehicle 7 (n_entries=0, leader_commit=2)
29606.7ms Vehicle 2 RECEIVED AppendEntries from vehicle 0 (n_entries=0, leader_commit=2)
29607.1ms Vehicle 3 RECEIVED AppendEntries from vehicle 0 (n_entries=0, leader_commit=2)
29612.4ms Vehicle 7 RECEIVED AppendEntries from vehicle 0 (n_entries=0, leader_commit=2)
29746.4ms Leader 0 SENDING AppendEntries to vehicle 1 (n_entries=1, leader_commit=2)
29746.4ms Leader 0 SENDING AppendEntries to vehicle 2 (n_entries=0, leader_commit=2)
29746.4ms Leader 0 SENDING AppendEntries to vehicle 3 (n_entries=0, leader_commit=2)
29746.4ms Leader 0 SENDING AppendEntries to vehicle 4 (n_entries=3, leader_commit=2)
29746.4ms Leader 0 SENDING AppendEntries to vehicle 5 (n_entries=3, leader_commit=2)
29746.4ms Leader 0 SENDING AppendEntries to vehicle 6 (n_entries=3, leader_commit=2)
29746.4ms Leader 0 SENDING AppendEntries to vehicle 7 (n_entries=0, leader_commit=2)
29746.8ms Vehicle 2 RECEIVED AppendEntries from vehicle 0 (n_entries=0, leader_commit=2)
29747.1ms Vehicle 3 RECEIVED AppendEntries from vehicle 0 (n_entries=0, leader_commit=2)
29753.3ms Vehicle 7 RECEIVED AppendEntries from vehicle 0 (n_entries=0, leader_commit=2)
29886.4ms Leader 0 SENDING AppendEntries to vehicle 1 (n_entries=1, leader_commit=2)
29886.4ms Leader 0 SENDING AppendEntries to vehicle 2 (n_entries=0, leader_commit=2)
29886.4ms Leader 0 SENDING AppendEntries to vehicle 3 (n_entries=0, leader_commit=2)
29886.4ms Leader 0 SENDING AppendEntries to vehicle 4 (n_entries=3, leader_commit=2)
29886.4ms Leader 0 SENDING AppendEntries to vehicle 5 (n_entries=3, leader_commit=2)
29886.4ms Leader 0 SENDING AppendEntries to vehicle 6 (n_entries=3, leader_commit=2)
29886.4ms Leader 0 SENDING AppendEntries to vehicle 7 (n_entries=0, leader_commit=2)
29886.6ms Vehicle 2 RECEIVED AppendEntries from vehicle 0 (n_entries=0, leader_commit=2)
29887.1ms Vehicle 3 RECEIVED AppendEntries from vehicle 0 (n_entries=0, leader_commit=2)
29892.7ms Vehicle 7 RECEIVED AppendEntries from vehicle 0 (n_entries=0, leader_commit=2)
30026.4ms Leader 0 SENDING AppendEntries to vehicle 1 (n_entries=1, leader_commit=2)
30026.4ms Leader 0 SENDING AppendEntries to vehicle 2 (n_entries=0, leader_commit=2)
30026.4ms Leader 0 SENDING AppendEntries to vehicle 3 (n_entries=0, leader_commit=2)
30026.4ms Leader 0 SENDING AppendEntries to vehicle 4 (n_entries=3, leader_commit=2)
30026.4ms Leader 0 SENDING AppendEntries to vehicle 5 (n_entries=3, leader_commit=2)
30026.4ms Leader 0 SENDING AppendEntries to vehicle 6 (n_entries=3, leader_commit=2)
30026.4ms Leader 0 SENDING AppendEntries to vehicle 7 (n_entries=0, leader_commit=2)
30026.7ms Vehicle 2 RECEIVED AppendEntries from vehicle 0 (n_entries=0, leader_commit=2)
30027.0ms Vehicle 3 RECEIVED AppendEntries from vehicle 0 (n_entries=0, leader_commit=2)
30033.2ms Vehicle 7 RECEIVED AppendEntries from vehicle 0 (n_entries=0, leader_commit=2)
30166.4ms Leader 0 SENDING AppendEntries to vehicle 1 (n_entries=1, leader_commit=2)
30166.4ms Leader 0 SENDING AppendEntries to vehicle 2 (n_entries=0, leader_commit=2)
30166.4ms Leader 0 SENDING AppendEntries to vehicle 3 (n_entries=0, leader_commit=2)
30166.4ms Leader 0 SENDING AppendEntries to vehicle 4 (n_entries=3, leader_commit=2)
30166.4ms Leader 0 SENDING AppendEntries to vehicle 5 (n_entries=3, leader_commit=2)
30166.4ms Leader 0 SENDING AppendEntries to vehicle 6 (n_entries=3, leader_commit=2)
30166.4ms Leader 0 SENDING AppendEntries to vehicle 7 (n_entries=0, leader_commit=2)
30166.7ms Vehicle 2 RECEIVED AppendEntries from vehicle 0 (n_entries=0, leader_commit=2)
30167.1ms Vehicle 3 RECEIVED AppendEntries from vehicle 0 (n_entries=0, leader_commit=2)
30172.8ms Vehicle 7 RECEIVED AppendEntries from vehicle 0 (n_entries=0, leader_commit=2)
30306.4ms Leader 0 SENDING AppendEntries to vehicle 1 (n_entries=1, leader_commit=2)
30306.4ms Leader 0 SENDING AppendEntries to vehicle 2 (n_entries=0, leader_commit=2)
30306.4ms Leader 0 SENDING AppendEntries to vehicle 3 (n_entries=0, leader_commit=2)
30306.4ms Leader 0 SENDING AppendEntries to vehicle 4 (n_entries=3, leader_commit=2)
30306.4ms Leader 0 SENDING AppendEntries to vehicle 5 (n_entries=3, leader_commit=2)
30306.4ms Leader 0 SENDING AppendEntries to vehicle 6 (n_entries=3, leader_commit=2)
30306.4ms Leader 0 SENDING AppendEntries to vehicle 7 (n_entries=0, leader_commit=2)
30306.7ms Vehicle 2 RECEIVED AppendEntries from vehicle 0 (n_entries=0, leader_commit=2)
30307.2ms Vehicle 3 RECEIVED AppendEntries from vehicle 0 (n_entries=0, leader_commit=2)
30313.1ms Vehicle 7 RECEIVED AppendEntries from vehicle 0 (n_entries=0, leader_commit=2)
30446.4ms Leader 0 SENDING AppendEntries to vehicle 1 (n_entries=1, leader_commit=2)
30446.4ms Leader 0 SENDING AppendEntries to vehicle 2 (n_entries=0, leader_commit=2)
30446.4ms Leader 0 SENDING AppendEntries to vehicle 3 (n_entries=0, leader_commit=2)
30446.4ms Leader 0 SENDING AppendEntries to vehicle 4 (n_entries=3, leader_commit=2)
30446.4ms Leader 0 SENDING AppendEntries to vehicle 5 (n_entries=3, leader_commit=2)
30446.4ms Leader 0 SENDING AppendEntries to vehicle 6 (n_entries=3, leader_commit=2)
30446.4ms Leader 0 SENDING AppendEntries to vehicle 7 (n_entries=0, leader_commit=2)
30446.7ms Vehicle 2 RECEIVED AppendEntries from vehicle 0 (n_entries=0, leader_commit=2)
30447.2ms Vehicle 3 RECEIVED AppendEntries from vehicle 0 (n_entries=0, leader_commit=2)
30453.2ms Vehicle 7 RECEIVED AppendEntries from vehicle 0 (n_entries=0, leader_commit=2)
30586.4ms Leader 0 SENDING AppendEntries to vehicle 1 (n_entries=1, leader_commit=2)
30586.4ms Leader 0 SENDING AppendEntries to vehicle 2 (n_entries=0, leader_commit=2)
30586.4ms Leader 0 SENDING AppendEntries to vehicle 3 (n_entries=0, leader_commit=2)
30586.4ms Leader 0 SENDING AppendEntries to vehicle 4 (n_entries=3, leader_commit=2)
30586.4ms Leader 0 SENDING AppendEntries to vehicle 5 (n_entries=3, leader_commit=2)
30586.4ms Leader 0 SENDING AppendEntries to vehicle 6 (n_entries=3, leader_commit=2)
30586.4ms Leader 0 SENDING AppendEntries to vehicle 7 (n_entries=0, leader_commit=2)
30586.6ms Vehicle 2 RECEIVED AppendEntries from vehicle 0 (n_entries=0, leader_commit=2)
30587.2ms Vehicle 3 RECEIVED AppendEntries from vehicle 0 (n_entries=0, leader_commit=2)
30592.9ms Vehicle 7 RECEIVED AppendEntries from vehicle 0 (n_entries=0, leader_commit=2)
30726.4ms Leader 0 SENDING AppendEntries to vehicle 1 (n_entries=1, leader_commit=2)
30726.4ms Leader 0 SENDING AppendEntries to vehicle 2 (n_entries=0, leader_commit=2)
30726.4ms Leader 0 SENDING AppendEntries to vehicle 3 (n_entries=0, leader_commit=2)
30726.4ms Leader 0 SENDING AppendEntries to vehicle 4 (n_entries=3, leader_commit=2)
30726.4ms Leader 0 SENDING AppendEntries to vehicle 5 (n_entries=3, leader_commit=2)
30726.4ms Leader 0 SENDING AppendEntries to vehicle 6 (n_entries=3, leader_commit=2)
30726.4ms Leader 0 SENDING AppendEntries to vehicle 7 (n_entries=0, leader_commit=2)
30726.6ms Vehicle 2 RECEIVED AppendEntries from vehicle 0 (n_entries=0, leader_commit=2)
30727.1ms Vehicle 3 RECEIVED AppendEntries from vehicle 0 (n_entries=0, leader_commit=2)
30733.0ms Vehicle 7 RECEIVED AppendEntries from vehicle 0 (n_entries=0, leader_commit=2)
30866.4ms Leader 0 SENDING AppendEntries to vehicle 1 (n_entries=1, leader_commit=2)
30866.4ms Leader 0 SENDING AppendEntries to vehicle 2 (n_entries=0, leader_commit=2)
30866.4ms Leader 0 SENDING AppendEntries to vehicle 3 (n_entries=0, leader_commit=2)
30866.4ms Leader 0 SENDING AppendEntries to vehicle 4 (n_entries=3, leader_commit=2)
30866.4ms Leader 0 SENDING AppendEntries to vehicle 5 (n_entries=3, leader_commit=2)
30866.4ms Leader 0 SENDING AppendEntries to vehicle 6 (n_entries=3, leader_commit=2)
30866.4ms Leader 0 SENDING AppendEntries to vehicle 7 (n_entries=0, leader_commit=2)
30866.6ms Vehicle 2 RECEIVED AppendEntries from vehicle 0 (n_entries=0, leader_commit=2)
30867.2ms Vehicle 3 RECEIVED AppendEntries from vehicle 0 (n_entries=0, leader_commit=2)
30873.1ms Vehicle 7 RECEIVED AppendEntries from vehicle 0 (n_entries=0, leader_commit=2)
31006.4ms Leader 0 SENDING AppendEntries to vehicle 1 (n_entries=1, leader_commit=2)
31006.4ms Leader 0 SENDING AppendEntries to vehicle 2 (n_entries=0, leader_commit=2)
31006.4ms Leader 0 SENDING AppendEntries to vehicle 3 (n_entries=0, leader_commit=2)
31006.4ms Leader 0 SENDING AppendEntries to vehicle 4 (n_entries=3, leader_commit=2)
31006.4ms Leader 0 SENDING AppendEntries to vehicle 5 (n_entries=3, leader_commit=2)
31006.4ms Leader 0 SENDING AppendEntries to vehicle 6 (n_entries=3, leader_commit=2)
31006.4ms Leader 0 SENDING AppendEntries to vehicle 7 (n_entries=0, leader_commit=2)
31006.6ms Vehicle 2 RECEIVED AppendEntries from vehicle 0 (n_entries=0, leader_commit=2)
31006.8ms Vehicle 3 RECEIVED AppendEntries from vehicle 0 (n_entries=0, leader_commit=2)
31012.1ms Vehicle 7 RECEIVED AppendEntries from vehicle 0 (n_entries=0, leader_commit=2)
31146.4ms Leader 0 SENDING AppendEntries to vehicle 1 (n_entries=1, leader_commit=2)
31146.4ms Leader 0 SENDING AppendEntries to vehicle 2 (n_entries=0, leader_commit=2)
31146.4ms Leader 0 SENDING AppendEntries to vehicle 3 (n_entries=0, leader_commit=2)
31146.4ms Leader 0 SENDING AppendEntries to vehicle 4 (n_entries=3, leader_commit=2)
31146.4ms Leader 0 SENDING AppendEntries to vehicle 5 (n_entries=3, leader_commit=2)
31146.4ms Leader 0 SENDING AppendEntries to vehicle 6 (n_entries=3, leader_commit=2)
31146.4ms Leader 0 SENDING AppendEntries to vehicle 7 (n_entries=0, leader_commit=2)
31146.7ms Vehicle 2 RECEIVED AppendEntries from vehicle 0 (n_entries=0, leader_commit=2)
31152.6ms Vehicle 7 RECEIVED AppendEntries from vehicle 0 (n_entries=0, leader_commit=2)
31286.4ms Leader 0 SENDING AppendEntries to vehicle 1 (n_entries=1, leader_commit=2)
31286.4ms Leader 0 SENDING AppendEntries to vehicle 2 (n_entries=0, leader_commit=2)
31286.4ms Leader 0 SENDING AppendEntries to vehicle 3 (n_entries=0, leader_commit=2)
31286.4ms Leader 0 SENDING AppendEntries to vehicle 4 (n_entries=3, leader_commit=2)
31286.4ms Leader 0 SENDING AppendEntries to vehicle 5 (n_entries=3, leader_commit=2)
31286.4ms Leader 0 SENDING AppendEntries to vehicle 6 (n_entries=3, leader_commit=2)
31286.4ms Leader 0 SENDING AppendEntries to vehicle 7 (n_entries=0, leader_commit=2)
31286.6ms Vehicle 2 RECEIVED AppendEntries from vehicle 0 (n_entries=0, leader_commit=2)
31287.0ms Vehicle 3 RECEIVED AppendEntries from vehicle 0 (n_entries=0, leader_commit=2)
31293.0ms Vehicle 7 RECEIVED AppendEntries from vehicle 0 (n_entries=0, leader_commit=2)
31426.4ms Leader 0 SENDING AppendEntries to vehicle 1 (n_entries=1, leader_commit=2)
31426.4ms Leader 0 SENDING AppendEntries to vehicle 2 (n_entries=0, leader_commit=2)
31426.4ms Leader 0 SENDING AppendEntries to vehicle 3 (n_entries=0, leader_commit=2)
31426.4ms Leader 0 SENDING AppendEntries to vehicle 4 (n_entries=3, leader_commit=2)
31426.4ms Leader 0 SENDING AppendEntries to vehicle 5 (n_entries=3, leader_commit=2)
31426.4ms Leader 0 SENDING AppendEntries to vehicle 6 (n_entries=3, leader_commit=2)
31426.4ms Leader 0 SENDING AppendEntries to vehicle 7 (n_entries=0, leader_commit=2)
31426.6ms Vehicle 2 RECEIVED AppendEntries from vehicle 0 (n_entries=0, leader_commit=2)
31427.2ms Vehicle 3 RECEIVED AppendEntries from vehicle 0 (n_entries=0, leader_commit=2)
31432.7ms Vehicle 7 RECEIVED AppendEntries from vehicle 0 (n_entries=0, leader_commit=2)
31566.4ms Leader 0 SENDING AppendEntries to vehicle 1 (n_entries=1, leader_commit=2)
31566.4ms Leader 0 SENDING AppendEntries to vehicle 2 (n_entries=0, leader_commit=2)
31566.4ms Leader 0 SENDING AppendEntries to vehicle 3 (n_entries=0, leader_commit=2)
31566.4ms Leader 0 SENDING AppendEntries to vehicle 4 (n_entries=3, leader_commit=2)
31566.4ms Leader 0 SENDING AppendEntries to vehicle 5 (n_entries=3, leader_commit=2)
31566.4ms Leader 0 SENDING AppendEntries to vehicle 6 (n_entries=3, leader_commit=2)
31566.4ms Leader 0 SENDING AppendEntries to vehicle 7 (n_entries=0, leader_commit=2)
31566.7ms Vehicle 2 RECEIVED AppendEntries from vehicle 0 (n_entries=0, leader_commit=2)
31567.1ms Vehicle 3 RECEIVED AppendEntries from vehicle 0 (n_entries=0, leader_commit=2)
31573.6ms Vehicle 7 RECEIVED AppendEntries from vehicle 0 (n_entries=0, leader_commit=2)
31706.4ms Leader 0 SENDING AppendEntries to vehicle 1 (n_entries=1, leader_commit=2)
31706.4ms Leader 0 SENDING AppendEntries to vehicle 2 (n_entries=0, leader_commit=2)
31706.4ms Leader 0 SENDING AppendEntries to vehicle 3 (n_entries=0, leader_commit=2)
31706.4ms Leader 0 SENDING AppendEntries to vehicle 4 (n_entries=3, leader_commit=2)
31706.4ms Leader 0 SENDING AppendEntries to vehicle 5 (n_entries=3, leader_commit=2)
31706.4ms Leader 0 SENDING AppendEntries to vehicle 6 (n_entries=3, leader_commit=2)
31706.4ms Leader 0 SENDING AppendEntries to vehicle 7 (n_entries=0, leader_commit=2)
31706.6ms Vehicle 2 RECEIVED AppendEntries from vehicle 0 (n_entries=0, leader_commit=2)
31706.9ms Vehicle 3 RECEIVED AppendEntries from vehicle 0 (n_entries=0, leader_commit=2)
31712.7ms Vehicle 7 RECEIVED AppendEntries from vehicle 0 (n_entries=0, leader_commit=2)
31846.4ms Leader 0 SENDING AppendEntries to vehicle 1 (n_entries=1, leader_commit=2)
31846.4ms Leader 0 SENDING AppendEntries to vehicle 2 (n_entries=0, leader_commit=2)
31846.4ms Leader 0 SENDING AppendEntries to vehicle 3 (n_entries=0, leader_commit=2)
31846.4ms Leader 0 SENDING AppendEntries to vehicle 4 (n_entries=3, leader_commit=2)
31846.4ms Leader 0 SENDING AppendEntries to vehicle 5 (n_entries=3, leader_commit=2)
31846.4ms Leader 0 SENDING AppendEntries to vehicle 6 (n_entries=3, leader_commit=2)
31846.4ms Leader 0 SENDING AppendEntries to vehicle 7 (n_entries=0, leader_commit=2)
31846.6ms Vehicle 2 RECEIVED AppendEntries from vehicle 0 (n_entries=0, leader_commit=2)
31847.0ms Vehicle 3 RECEIVED AppendEntries from vehicle 0 (n_entries=0, leader_commit=2)
31853.1ms Vehicle 7 RECEIVED AppendEntries from vehicle 0 (n_entries=0, leader_commit=2)
31986.4ms Leader 0 SENDING AppendEntries to vehicle 1 (n_entries=1, leader_commit=2)
31986.4ms Leader 0 SENDING AppendEntries to vehicle 2 (n_entries=0, leader_commit=2)
31986.4ms Leader 0 SENDING AppendEntries to vehicle 3 (n_entries=0, leader_commit=2)
31986.4ms Leader 0 SENDING AppendEntries to vehicle 4 (n_entries=3, leader_commit=2)
31986.4ms Leader 0 SENDING AppendEntries to vehicle 5 (n_entries=3, leader_commit=2)
31986.4ms Leader 0 SENDING AppendEntries to vehicle 6 (n_entries=3, leader_commit=2)
31986.4ms Leader 0 SENDING AppendEntries to vehicle 7 (n_entries=0, leader_commit=2)
31986.7ms Vehicle 2 RECEIVED AppendEntries from vehicle 0 (n_entries=0, leader_commit=2)
31986.9ms Vehicle 3 RECEIVED AppendEntries from vehicle 0 (n_entries=0, leader_commit=2)
31992.8ms Vehicle 7 RECEIVED AppendEntries from vehicle 0 (n_entries=0, leader_commit=2)
32126.4ms Leader 0 SENDING AppendEntries to vehicle 1 (n_entries=1, leader_commit=2)
32126.4ms Leader 0 SENDING AppendEntries to vehicle 2 (n_entries=0, leader_commit=2)
32126.4ms Leader 0 SENDING AppendEntries to vehicle 3 (n_entries=0, leader_commit=2)
32126.4ms Leader 0 SENDING AppendEntries to vehicle 4 (n_entries=3, leader_commit=2)
32126.4ms Leader 0 SENDING AppendEntries to vehicle 5 (n_entries=3, leader_commit=2)
32126.4ms Leader 0 SENDING AppendEntries to vehicle 6 (n_entries=3, leader_commit=2)
32126.4ms Leader 0 SENDING AppendEntries to vehicle 7 (n_entries=0, leader_commit=2)
32126.6ms Vehicle 2 RECEIVED AppendEntries from vehicle 0 (n_entries=0, leader_commit=2)
32127.1ms Vehicle 3 RECEIVED AppendEntries from vehicle 0 (n_entries=0, leader_commit=2)
32133.3ms Vehicle 7 RECEIVED AppendEntries from vehicle 0 (n_entries=0, leader_commit=2)
32266.4ms Leader 0 SENDING AppendEntries to vehicle 1 (n_entries=1, leader_commit=2)
32266.4ms Leader 0 SENDING AppendEntries to vehicle 2 (n_entries=0, leader_commit=2)
32266.4ms Leader 0 SENDING AppendEntries to vehicle 3 (n_entries=0, leader_commit=2)
32266.4ms Leader 0 SENDING AppendEntries to vehicle 4 (n_entries=3, leader_commit=2)
32266.4ms Leader 0 SENDING AppendEntries to vehicle 5 (n_entries=3, leader_commit=2)
32266.4ms Leader 0 SENDING AppendEntries to vehicle 6 (n_entries=3, leader_commit=2)
32266.4ms Leader 0 SENDING AppendEntries to vehicle 7 (n_entries=0, leader_commit=2)
32266.8ms Vehicle 2 RECEIVED AppendEntries from vehicle 0 (n_entries=0, leader_commit=2)
32267.2ms Vehicle 3 RECEIVED AppendEntries from vehicle 0 (n_entries=0, leader_commit=2)
32273.4ms Vehicle 7 RECEIVED AppendEntries from vehicle 0 (n_entries=0, leader_commit=2)
32406.4ms Leader 0 SENDING AppendEntries to vehicle 1 (n_entries=1, leader_commit=2)
32406.4ms Leader 0 SENDING AppendEntries to vehicle 2 (n_entries=0, leader_commit=2)
32406.4ms Leader 0 SENDING AppendEntries to vehicle 3 (n_entries=0, leader_commit=2)
32406.4ms Leader 0 SENDING AppendEntries to vehicle 4 (n_entries=3, leader_commit=2)
32406.4ms Leader 0 SENDING AppendEntries to vehicle 5 (n_entries=3, leader_commit=2)
32406.4ms Leader 0 SENDING AppendEntries to vehicle 6 (n_entries=3, leader_commit=2)
32406.4ms Leader 0 SENDING AppendEntries to vehicle 7 (n_entries=0, leader_commit=2)
32406.6ms Vehicle 2 RECEIVED AppendEntries from vehicle 0 (n_entries=0, leader_commit=2)
32407.0ms Vehicle 3 RECEIVED AppendEntries from vehicle 0 (n_entries=0, leader_commit=2)
32412.4ms Vehicle 7 RECEIVED AppendEntries from vehicle 0 (n_entries=0, leader_commit=2)
32546.4ms Leader 0 SENDING AppendEntries to vehicle 1 (n_entries=1, leader_commit=2)
32546.4ms Leader 0 SENDING AppendEntries to vehicle 2 (n_entries=0, leader_commit=2)
32546.4ms Leader 0 SENDING AppendEntries to vehicle 3 (n_entries=0, leader_commit=2)
32546.4ms Leader 0 SENDING AppendEntries to vehicle 4 (n_entries=3, leader_commit=2)
32546.4ms Leader 0 SENDING AppendEntries to vehicle 5 (n_entries=3, leader_commit=2)
32546.4ms Leader 0 SENDING AppendEntries to vehicle 6 (n_entries=3, leader_commit=2)
32546.4ms Leader 0 SENDING AppendEntries to vehicle 7 (n_entries=0, leader_commit=2)
32546.6ms Vehicle 2 RECEIVED AppendEntries from vehicle 0 (n_entries=0, leader_commit=2)
32547.0ms Vehicle 3 RECEIVED AppendEntries from vehicle 0 (n_entries=0, leader_commit=2)
32553.1ms Vehicle 7 RECEIVED AppendEntries from vehicle 0 (n_entries=0, leader_commit=2)
32686.4ms Leader 0 SENDING AppendEntries to vehicle 1 (n_entries=1, leader_commit=2)
32686.4ms Leader 0 SENDING AppendEntries to vehicle 2 (n_entries=0, leader_commit=2)
32686.4ms Leader 0 SENDING AppendEntries to vehicle 3 (n_entries=0, leader_commit=2)
32686.4ms Leader 0 SENDING AppendEntries to vehicle 4 (n_entries=3, leader_commit=2)
32686.4ms Leader 0 SENDING AppendEntries to vehicle 5 (n_entries=3, leader_commit=2)
32686.4ms Leader 0 SENDING AppendEntries to vehicle 6 (n_entries=3, leader_commit=2)
32686.4ms Leader 0 SENDING AppendEntries to vehicle 7 (n_entries=0, leader_commit=2)
32686.6ms Vehicle 2 RECEIVED AppendEntries from vehicle 0 (n_entries=0, leader_commit=2)
32687.0ms Vehicle 3 RECEIVED AppendEntries from vehicle 0 (n_entries=0, leader_commit=2)
32692.5ms Vehicle 7 RECEIVED AppendEntries from vehicle 0 (n_entries=0, leader_commit=2)
32826.4ms Leader 0 SENDING AppendEntries to vehicle 1 (n_entries=1, leader_commit=2)
32826.4ms Leader 0 SENDING AppendEntries to vehicle 2 (n_entries=0, leader_commit=2)
32826.4ms Leader 0 SENDING AppendEntries to vehicle 3 (n_entries=0, leader_commit=2)
32826.4ms Leader 0 SENDING AppendEntries to vehicle 4 (n_entries=3, leader_commit=2)
32826.4ms Leader 0 SENDING AppendEntries to vehicle 5 (n_entries=3, leader_commit=2)
32826.4ms Leader 0 SENDING AppendEntries to vehicle 6 (n_entries=3, leader_commit=2)
32826.4ms Leader 0 SENDING AppendEntries to vehicle 7 (n_entries=0, leader_commit=2)
32826.7ms Vehicle 2 RECEIVED AppendEntries from vehicle 0 (n_entries=0, leader_commit=2)
32826.9ms Vehicle 3 RECEIVED AppendEntries from vehicle 0 (n_entries=0, leader_commit=2)
32832.5ms Vehicle 7 RECEIVED AppendEntries from vehicle 0 (n_entries=0, leader_commit=2)
32966.4ms Leader 0 SENDING AppendEntries to vehicle 1 (n_entries=1, leader_commit=2)
32966.4ms Leader 0 SENDING AppendEntries to vehicle 2 (n_entries=0, leader_commit=2)
32966.4ms Leader 0 SENDING AppendEntries to vehicle 3 (n_entries=0, leader_commit=2)
32966.4ms Leader 0 SENDING AppendEntries to vehicle 4 (n_entries=3, leader_commit=2)
32966.4ms Leader 0 SENDING AppendEntries to vehicle 5 (n_entries=3, leader_commit=2)
32966.4ms Leader 0 SENDING AppendEntries to vehicle 6 (n_entries=3, leader_commit=2)
32966.4ms Leader 0 SENDING AppendEntries to vehicle 7 (n_entries=0, leader_commit=2)
32966.7ms Vehicle 2 RECEIVED AppendEntries from vehicle 0 (n_entries=0, leader_commit=2)
32967.2ms Vehicle 3 RECEIVED AppendEntries from vehicle 0 (n_entries=0, leader_commit=2)
33106.4ms Leader 0 SENDING AppendEntries to vehicle 1 (n_entries=1, leader_commit=2)
33106.4ms Leader 0 SENDING AppendEntries to vehicle 2 (n_entries=0, leader_commit=2)
33106.4ms Leader 0 SENDING AppendEntries to vehicle 3 (n_entries=0, leader_commit=2)
33106.4ms Leader 0 SENDING AppendEntries to vehicle 4 (n_entries=3, leader_commit=2)
33106.4ms Leader 0 SENDING AppendEntries to vehicle 5 (n_entries=3, leader_commit=2)
33106.4ms Leader 0 SENDING AppendEntries to vehicle 6 (n_entries=3, leader_commit=2)
33106.4ms Leader 0 SENDING AppendEntries to vehicle 7 (n_entries=0, leader_commit=2)
33106.8ms Vehicle 2 RECEIVED AppendEntries from vehicle 0 (n_entries=0, leader_commit=2)
33107.3ms Vehicle 3 RECEIVED AppendEntries from vehicle 0 (n_entries=0, leader_commit=2)
33113.1ms Vehicle 7 RECEIVED AppendEntries from vehicle 0 (n_entries=0, leader_commit=2)
33246.4ms Leader 0 SENDING AppendEntries to vehicle 1 (n_entries=1, leader_commit=2)
33246.4ms Leader 0 SENDING AppendEntries to vehicle 2 (n_entries=0, leader_commit=2)
33246.4ms Leader 0 SENDING AppendEntries to vehicle 3 (n_entries=0, leader_commit=2)
33246.4ms Leader 0 SENDING AppendEntries to vehicle 4 (n_entries=3, leader_commit=2)
33246.4ms Leader 0 SENDING AppendEntries to vehicle 5 (n_entries=3, leader_commit=2)
33246.4ms Leader 0 SENDING AppendEntries to vehicle 6 (n_entries=3, leader_commit=2)
33246.4ms Leader 0 SENDING AppendEntries to vehicle 7 (n_entries=0, leader_commit=2)
33246.8ms Vehicle 2 RECEIVED AppendEntries from vehicle 0 (n_entries=0, leader_commit=2)
33247.3ms Vehicle 3 RECEIVED AppendEntries from vehicle 0 (n_entries=0, leader_commit=2)
33253.2ms Vehicle 7 RECEIVED AppendEntries from vehicle 0 (n_entries=0, leader_commit=2)
33386.4ms Leader 0 SENDING AppendEntries to vehicle 1 (n_entries=1, leader_commit=2)
33386.4ms Leader 0 SENDING AppendEntries to vehicle 2 (n_entries=0, leader_commit=2)
33386.4ms Leader 0 SENDING AppendEntries to vehicle 3 (n_entries=0, leader_commit=2)
33386.4ms Leader 0 SENDING AppendEntries to vehicle 4 (n_entries=3, leader_commit=2)
33386.4ms Leader 0 SENDING AppendEntries to vehicle 5 (n_entries=3, leader_commit=2)
33386.4ms Leader 0 SENDING AppendEntries to vehicle 6 (n_entries=3, leader_commit=2)
33386.4ms Leader 0 SENDING AppendEntries to vehicle 7 (n_entries=0, leader_commit=2)
33386.6ms Vehicle 2 RECEIVED AppendEntries from vehicle 0 (n_entries=0, leader_commit=2)
33387.0ms Vehicle 3 RECEIVED AppendEntries from vehicle 0 (n_entries=0, leader_commit=2)
33393.3ms Vehicle 7 RECEIVED AppendEntries from vehicle 0 (n_entries=0, leader_commit=2)
33526.4ms Leader 0 SENDING AppendEntries to vehicle 1 (n_entries=1, leader_commit=2)
33526.4ms Leader 0 SENDING AppendEntries to vehicle 2 (n_entries=0, leader_commit=2)
33526.4ms Leader 0 SENDING AppendEntries to vehicle 3 (n_entries=0, leader_commit=2)
33526.4ms Leader 0 SENDING AppendEntries to vehicle 4 (n_entries=3, leader_commit=2)
33526.4ms Leader 0 SENDING AppendEntries to vehicle 5 (n_entries=3, leader_commit=2)
33526.4ms Leader 0 SENDING AppendEntries to vehicle 6 (n_entries=3, leader_commit=2)
33526.4ms Leader 0 SENDING AppendEntries to vehicle 7 (n_entries=0, leader_commit=2)
33526.7ms Vehicle 2 RECEIVED AppendEntries from vehicle 0 (n_entries=0, leader_commit=2)
33527.0ms Vehicle 3 RECEIVED AppendEntries from vehicle 0 (n_entries=0, leader_commit=2)
33533.3ms Vehicle 7 RECEIVED AppendEntries from vehicle 0 (n_entries=0, leader_commit=2)
33666.4ms Leader 0 SENDING AppendEntries to vehicle 1 (n_entries=1, leader_commit=2)
33666.4ms Leader 0 SENDING AppendEntries to vehicle 2 (n_entries=0, leader_commit=2)
33666.4ms Leader 0 SENDING AppendEntries to vehicle 3 (n_entries=0, leader_commit=2)
33666.4ms Leader 0 SENDING AppendEntries to vehicle 4 (n_entries=3, leader_commit=2)
33666.4ms Leader 0 SENDING AppendEntries to vehicle 5 (n_entries=3, leader_commit=2)
33666.4ms Leader 0 SENDING AppendEntries to vehicle 6 (n_entries=3, leader_commit=2)
33666.4ms Leader 0 SENDING AppendEntries to vehicle 7 (n_entries=0, leader_commit=2)
33666.7ms Vehicle 2 RECEIVED AppendEntries from vehicle 0 (n_entries=0, leader_commit=2)
33666.9ms Vehicle 3 RECEIVED AppendEntries from vehicle 0 (n_entries=0, leader_commit=2)
33672.8ms Vehicle 7 RECEIVED AppendEntries from vehicle 0 (n_entries=0, leader_commit=2)
33806.4ms Leader 0 SENDING AppendEntries to vehicle 1 (n_entries=1, leader_commit=2)
33806.4ms Leader 0 SENDING AppendEntries to vehicle 2 (n_entries=0, leader_commit=2)
33806.4ms Leader 0 SENDING AppendEntries to vehicle 3 (n_entries=0, leader_commit=2)
33806.4ms Leader 0 SENDING AppendEntries to vehicle 4 (n_entries=3, leader_commit=2)
33806.4ms Leader 0 SENDING AppendEntries to vehicle 5 (n_entries=3, leader_commit=2)
33806.4ms Leader 0 SENDING AppendEntries to vehicle 6 (n_entries=3, leader_commit=2)
33806.4ms Leader 0 SENDING AppendEntries to vehicle 7 (n_entries=0, leader_commit=2)
33806.8ms Vehicle 2 RECEIVED AppendEntries from vehicle 0 (n_entries=0, leader_commit=2)
33807.3ms Vehicle 3 RECEIVED AppendEntries from vehicle 0 (n_entries=0, leader_commit=2)
33813.3ms Vehicle 7 RECEIVED AppendEntries from vehicle 0 (n_entries=0, leader_commit=2)
33946.4ms Leader 0 SENDING AppendEntries to vehicle 1 (n_entries=1, leader_commit=2)
33946.4ms Leader 0 SENDING AppendEntries to vehicle 2 (n_entries=0, leader_commit=2)
33946.4ms Leader 0 SENDING AppendEntries to vehicle 3 (n_entries=0, leader_commit=2)
33946.4ms Leader 0 SENDING AppendEntries to vehicle 4 (n_entries=3, leader_commit=2)
33946.4ms Leader 0 SENDING AppendEntries to vehicle 5 (n_entries=3, leader_commit=2)
33946.4ms Leader 0 SENDING AppendEntries to vehicle 6 (n_entries=3, leader_commit=2)
33946.4ms Leader 0 SENDING AppendEntries to vehicle 7 (n_entries=0, leader_commit=2)
33946.6ms Vehicle 2 RECEIVED AppendEntries from vehicle 0 (n_entries=0, leader_commit=2)
33946.9ms Vehicle 3 RECEIVED AppendEntries from vehicle 0 (n_entries=0, leader_commit=2)
33952.5ms Vehicle 7 RECEIVED AppendEntries from vehicle 0 (n_entries=0, leader_commit=2)
34086.4ms Leader 0 SENDING AppendEntries to vehicle 1 (n_entries=1, leader_commit=2)
34086.4ms Leader 0 SENDING AppendEntries to vehicle 2 (n_entries=0, leader_commit=2)
34086.4ms Leader 0 SENDING AppendEntries to vehicle 3 (n_entries=0, leader_commit=2)
34086.4ms Leader 0 SENDING AppendEntries to vehicle 4 (n_entries=3, leader_commit=2)
34086.4ms Leader 0 SENDING AppendEntries to vehicle 5 (n_entries=3, leader_commit=2)
34086.4ms Leader 0 SENDING AppendEntries to vehicle 6 (n_entries=3, leader_commit=2)
34086.4ms Leader 0 SENDING AppendEntries to vehicle 7 (n_entries=0, leader_commit=2)
34092.5ms Vehicle 7 RECEIVED AppendEntries from vehicle 0 (n_entries=0, leader_commit=2)
34226.4ms Leader 0 SENDING AppendEntries to vehicle 1 (n_entries=1, leader_commit=2)
34226.4ms Leader 0 SENDING AppendEntries to vehicle 2 (n_entries=0, leader_commit=2)
34226.4ms Leader 0 SENDING AppendEntries to vehicle 3 (n_entries=0, leader_commit=2)
34226.4ms Leader 0 SENDING AppendEntries to vehicle 4 (n_entries=3, leader_commit=2)
34226.4ms Leader 0 SENDING AppendEntries to vehicle 5 (n_entries=3, leader_commit=2)
34226.4ms Leader 0 SENDING AppendEntries to vehicle 6 (n_entries=3, leader_commit=2)
34226.4ms Leader 0 SENDING AppendEntries to vehicle 7 (n_entries=0, leader_commit=2)
34226.8ms Vehicle 2 RECEIVED AppendEntries from vehicle 0 (n_entries=0, leader_commit=2)
34227.3ms Vehicle 3 RECEIVED AppendEntries from vehicle 0 (n_entries=0, leader_commit=2)
34233.1ms Vehicle 7 RECEIVED AppendEntries from vehicle 0 (n_entries=0, leader_commit=2)
34366.4ms Leader 0 SENDING AppendEntries to vehicle 1 (n_entries=1, leader_commit=2)
34366.4ms Leader 0 SENDING AppendEntries to vehicle 2 (n_entries=0, leader_commit=2)
34366.4ms Leader 0 SENDING AppendEntries to vehicle 3 (n_entries=0, leader_commit=2)
34366.4ms Leader 0 SENDING AppendEntries to vehicle 4 (n_entries=3, leader_commit=2)
34366.4ms Leader 0 SENDING AppendEntries to vehicle 5 (n_entries=3, leader_commit=2)
34366.4ms Leader 0 SENDING AppendEntries to vehicle 6 (n_entries=3, leader_commit=2)
34366.4ms Leader 0 SENDING AppendEntries to vehicle 7 (n_entries=0, leader_commit=2)
34366.6ms Vehicle 2 RECEIVED AppendEntries from vehicle 0 (n_entries=0, leader_commit=2)
34366.7ms Vehicle 3 RECEIVED AppendEntries from vehicle 0 (n_entries=0, leader_commit=2)
34372.3ms Vehicle 7 RECEIVED AppendEntries from vehicle 0 (n_entries=0, leader_commit=2)
34506.4ms Leader 0 SENDING AppendEntries to vehicle 1 (n_entries=1, leader_commit=2)
34506.4ms Leader 0 SENDING AppendEntries to vehicle 2 (n_entries=0, leader_commit=2)
34506.4ms Leader 0 SENDING AppendEntries to vehicle 3 (n_entries=0, leader_commit=2)
34506.4ms Leader 0 SENDING AppendEntries to vehicle 4 (n_entries=3, leader_commit=2)
34506.4ms Leader 0 SENDING AppendEntries to vehicle 5 (n_entries=3, leader_commit=2)
34506.4ms Leader 0 SENDING AppendEntries to vehicle 6 (n_entries=3, leader_commit=2)
34506.4ms Leader 0 SENDING AppendEntries to vehicle 7 (n_entries=0, leader_commit=2)
34506.7ms Vehicle 2 RECEIVED AppendEntries from vehicle 0 (n_entries=0, leader_commit=2)
34506.8ms Vehicle 3 RECEIVED AppendEntries from vehicle 0 (n_entries=0, leader_commit=2)
34513.0ms Vehicle 7 RECEIVED AppendEntries from vehicle 0 (n_entries=0, leader_commit=2)
34646.4ms Leader 0 SENDING AppendEntries to vehicle 1 (n_entries=1, leader_commit=2)
34646.4ms Leader 0 SENDING AppendEntries to vehicle 2 (n_entries=0, leader_commit=2)
34646.4ms Leader 0 SENDING AppendEntries to vehicle 3 (n_entries=0, leader_commit=2)
34646.4ms Leader 0 SENDING AppendEntries to vehicle 4 (n_entries=3, leader_commit=2)
34646.4ms Leader 0 SENDING AppendEntries to vehicle 5 (n_entries=3, leader_commit=2)
34646.4ms Leader 0 SENDING AppendEntries to vehicle 6 (n_entries=3, leader_commit=2)
34646.4ms Leader 0 SENDING AppendEntries to vehicle 7 (n_entries=0, leader_commit=2)
34646.7ms Vehicle 2 RECEIVED AppendEntries from vehicle 0 (n_entries=0, leader_commit=2)
34647.2ms Vehicle 3 RECEIVED AppendEntries from vehicle 0 (n_entries=0, leader_commit=2)
34652.6ms Vehicle 7 RECEIVED AppendEntries from vehicle 0 (n_entries=0, leader_commit=2)
34786.4ms Leader 0 SENDING AppendEntries to vehicle 1 (n_entries=1, leader_commit=2)
34786.4ms Leader 0 SENDING AppendEntries to vehicle 2 (n_entries=0, leader_commit=2)
34786.4ms Leader 0 SENDING AppendEntries to vehicle 3 (n_entries=0, leader_commit=2)
34786.4ms Leader 0 SENDING AppendEntries to vehicle 4 (n_entries=3, leader_commit=2)
34786.4ms Leader 0 SENDING AppendEntries to vehicle 5 (n_entries=3, leader_commit=2)
34786.4ms Leader 0 SENDING AppendEntries to vehicle 6 (n_entries=3, leader_commit=2)
34786.4ms Leader 0 SENDING AppendEntries to vehicle 7 (n_entries=0, leader_commit=2)
34786.5ms Vehicle 2 RECEIVED AppendEntries from vehicle 0 (n_entries=0, leader_commit=2)
34786.8ms Vehicle 3 RECEIVED AppendEntries from vehicle 0 (n_entries=0, leader_commit=2)
34793.1ms Vehicle 7 RECEIVED AppendEntries from vehicle 0 (n_entries=0, leader_commit=2)
34926.4ms Leader 0 SENDING AppendEntries to vehicle 1 (n_entries=1, leader_commit=2)
34926.4ms Leader 0 SENDING AppendEntries to vehicle 2 (n_entries=0, leader_commit=2)
34926.4ms Leader 0 SENDING AppendEntries to vehicle 3 (n_entries=0, leader_commit=2)
34926.4ms Leader 0 SENDING AppendEntries to vehicle 4 (n_entries=3, leader_commit=2)
34926.4ms Leader 0 SENDING AppendEntries to vehicle 5 (n_entries=3, leader_commit=2)
34926.4ms Leader 0 SENDING AppendEntries to vehicle 6 (n_entries=3, leader_commit=2)
34926.4ms Leader 0 SENDING AppendEntries to vehicle 7 (n_entries=0, leader_commit=2)
34926.8ms Vehicle 2 RECEIVED AppendEntries from vehicle 0 (n_entries=0, leader_commit=2)
34927.1ms Vehicle 3 RECEIVED AppendEntries from vehicle 0 (n_entries=0, leader_commit=2)
34932.6ms Vehicle 7 RECEIVED AppendEntries from vehicle 0 (n_entries=0, leader_commit=2)
35066.4ms Leader 0 SENDING AppendEntries to vehicle 1 (n_entries=1, leader_commit=2)
35066.4ms Leader 0 SENDING AppendEntries to vehicle 2 (n_entries=0, leader_commit=2)
35066.4ms Leader 0 SENDING AppendEntries to vehicle 3 (n_entries=0, leader_commit=2)
35066.4ms Leader 0 SENDING AppendEntries to vehicle 4 (n_entries=3, leader_commit=2)
35066.4ms Leader 0 SENDING AppendEntries to vehicle 5 (n_entries=3, leader_commit=2)
35066.4ms Leader 0 SENDING AppendEntries to vehicle 6 (n_entries=3, leader_commit=2)
35066.4ms Leader 0 SENDING AppendEntries to vehicle 7 (n_entries=0, leader_commit=2)
35066.6ms Vehicle 2 RECEIVED AppendEntries from vehicle 0 (n_entries=0, leader_commit=2)
35067.0ms Vehicle 3 RECEIVED AppendEntries from vehicle 0 (n_entries=0, leader_commit=2)
35072.9ms Vehicle 7 RECEIVED AppendEntries from vehicle 0 (n_entries=0, leader_commit=2)
35206.4ms Leader 0 SENDING AppendEntries to vehicle 1 (n_entries=1, leader_commit=2)
35206.4ms Leader 0 SENDING AppendEntries to vehicle 2 (n_entries=0, leader_commit=2)
35206.4ms Leader 0 SENDING AppendEntries to vehicle 3 (n_entries=0, leader_commit=2)
35206.4ms Leader 0 SENDING AppendEntries to vehicle 4 (n_entries=3, leader_commit=2)
35206.4ms Leader 0 SENDING AppendEntries to vehicle 5 (n_entries=3, leader_commit=2)
35206.4ms Leader 0 SENDING AppendEntries to vehicle 6 (n_entries=3, leader_commit=2)
35206.4ms Leader 0 SENDING AppendEntries to vehicle 7 (n_entries=0, leader_commit=2)
35206.6ms Vehicle 2 RECEIVED AppendEntries from vehicle 0 (n_entries=0, leader_commit=2)
35206.8ms Vehicle 3 RECEIVED AppendEntries from vehicle 0 (n_entries=0, leader_commit=2)
35212.4ms Vehicle 7 RECEIVED AppendEntries from vehicle 0 (n_entries=0, leader_commit=2)
35346.4ms Leader 0 SENDING AppendEntries to vehicle 1 (n_entries=1, leader_commit=2)
35346.4ms Leader 0 SENDING AppendEntries to vehicle 2 (n_entries=0, leader_commit=2)
35346.4ms Leader 0 SENDING AppendEntries to vehicle 3 (n_entries=0, leader_commit=2)
35346.4ms Leader 0 SENDING AppendEntries to vehicle 4 (n_entries=3, leader_commit=2)
35346.4ms Leader 0 SENDING AppendEntries to vehicle 5 (n_entries=3, leader_commit=2)
35346.4ms Leader 0 SENDING AppendEntries to vehicle 6 (n_entries=3, leader_commit=2)
35346.4ms Leader 0 SENDING AppendEntries to vehicle 7 (n_entries=0, leader_commit=2)
35346.7ms Vehicle 2 RECEIVED AppendEntries from vehicle 0 (n_entries=0, leader_commit=2)
35346.8ms Vehicle 3 RECEIVED AppendEntries from vehicle 0 (n_entries=0, leader_commit=2)
35353.2ms Vehicle 7 RECEIVED AppendEntries from vehicle 0 (n_entries=0, leader_commit=2)
35486.4ms Leader 0 SENDING AppendEntries to vehicle 1 (n_entries=1, leader_commit=2)
35486.4ms Leader 0 SENDING AppendEntries to vehicle 2 (n_entries=0, leader_commit=2)
35486.4ms Leader 0 SENDING AppendEntries to vehicle 3 (n_entries=0, leader_commit=2)
35486.4ms Leader 0 SENDING AppendEntries to vehicle 4 (n_entries=3, leader_commit=2)
35486.4ms Leader 0 SENDING AppendEntries to vehicle 5 (n_entries=3, leader_commit=2)
35486.4ms Leader 0 SENDING AppendEntries to vehicle 6 (n_entries=3, leader_commit=2)
35486.4ms Leader 0 SENDING AppendEntries to vehicle 7 (n_entries=0, leader_commit=2)
35486.8ms Vehicle 2 RECEIVED AppendEntries from vehicle 0 (n_entries=0, leader_commit=2)
35487.3ms Vehicle 3 RECEIVED AppendEntries from vehicle 0 (n_entries=0, leader_commit=2)
35493.1ms Vehicle 7 RECEIVED AppendEntries from vehicle 0 (n_entries=0, leader_commit=2)
35626.4ms Leader 0 SENDING AppendEntries to vehicle 1 (n_entries=1, leader_commit=2)
35626.4ms Leader 0 SENDING AppendEntries to vehicle 2 (n_entries=0, leader_commit=2)
35626.4ms Leader 0 SENDING AppendEntries to vehicle 3 (n_entries=0, leader_commit=2)
35626.4ms Leader 0 SENDING AppendEntries to vehicle 4 (n_entries=3, leader_commit=2)
35626.4ms Leader 0 SENDING AppendEntries to vehicle 5 (n_entries=3, leader_commit=2)
35626.4ms Leader 0 SENDING AppendEntries to vehicle 6 (n_entries=3, leader_commit=2)
35626.4ms Leader 0 SENDING AppendEntries to vehicle 7 (n_entries=0, leader_commit=2)
35626.6ms Vehicle 2 RECEIVED AppendEntries from vehicle 0 (n_entries=0, leader_commit=2)
35627.0ms Vehicle 3 RECEIVED AppendEntries from vehicle 0 (n_entries=0, leader_commit=2)
35632.9ms Vehicle 7 RECEIVED AppendEntries from vehicle 0 (n_entries=0, leader_commit=2)
35766.4ms Leader 0 SENDING AppendEntries to vehicle 1 (n_entries=1, leader_commit=2)
35766.4ms Leader 0 SENDING AppendEntries to vehicle 2 (n_entries=0, leader_commit=2)
35766.4ms Leader 0 SENDING AppendEntries to vehicle 3 (n_entries=0, leader_commit=2)
35766.4ms Leader 0 SENDING AppendEntries to vehicle 4 (n_entries=3, leader_commit=2)
35766.4ms Leader 0 SENDING AppendEntries to vehicle 5 (n_entries=3, leader_commit=2)
35766.4ms Leader 0 SENDING AppendEntries to vehicle 6 (n_entries=3, leader_commit=2)
35766.4ms Leader 0 SENDING AppendEntries to vehicle 7 (n_entries=0, leader_commit=2)
35766.8ms Vehicle 2 RECEIVED AppendEntries from vehicle 0 (n_entries=0, leader_commit=2)
35767.1ms Vehicle 3 RECEIVED AppendEntries from vehicle 0 (n_entries=0, leader_commit=2)
35772.5ms Vehicle 7 RECEIVED AppendEntries from vehicle 0 (n_entries=0, leader_commit=2)
35906.4ms Leader 0 SENDING AppendEntries to vehicle 1 (n_entries=1, leader_commit=2)
35906.4ms Leader 0 SENDING AppendEntries to vehicle 2 (n_entries=0, leader_commit=2)
35906.4ms Leader 0 SENDING AppendEntries to vehicle 3 (n_entries=0, leader_commit=2)
35906.4ms Leader 0 SENDING AppendEntries to vehicle 4 (n_entries=3, leader_commit=2)
35906.4ms Leader 0 SENDING AppendEntries to vehicle 5 (n_entries=3, leader_commit=2)
35906.4ms Leader 0 SENDING AppendEntries to vehicle 6 (n_entries=3, leader_commit=2)
35906.4ms Leader 0 SENDING AppendEntries to vehicle 7 (n_entries=0, leader_commit=2)
35906.6ms Vehicle 2 RECEIVED AppendEntries from vehicle 0 (n_entries=0, leader_commit=2)
35907.0ms Vehicle 3 RECEIVED AppendEntries from vehicle 0 (n_entries=0, leader_commit=2)
35913.3ms Vehicle 7 RECEIVED AppendEntries from vehicle 0 (n_entries=0, leader_commit=2)
36046.4ms Leader 0 SENDING AppendEntries to vehicle 1 (n_entries=1, leader_commit=2)
36046.4ms Leader 0 SENDING AppendEntries to vehicle 2 (n_entries=0, leader_commit=2)
36046.4ms Leader 0 SENDING AppendEntries to vehicle 3 (n_entries=0, leader_commit=2)
36046.4ms Leader 0 SENDING AppendEntries to vehicle 4 (n_entries=3, leader_commit=2)
36046.4ms Leader 0 SENDING AppendEntries to vehicle 5 (n_entries=3, leader_commit=2)
36046.4ms Leader 0 SENDING AppendEntries to vehicle 6 (n_entries=3, leader_commit=2)
36046.4ms Leader 0 SENDING AppendEntries to vehicle 7 (n_entries=0, leader_commit=2)
36046.8ms Vehicle 2 RECEIVED AppendEntries from vehicle 0 (n_entries=0, leader_commit=2)
36047.3ms Vehicle 3 RECEIVED AppendEntries from vehicle 0 (n_entries=0, leader_commit=2)
36052.7ms Vehicle 7 RECEIVED AppendEntries from vehicle 0 (n_entries=0, leader_commit=2)
36186.4ms Leader 0 SENDING AppendEntries to vehicle 1 (n_entries=1, leader_commit=2)
36186.4ms Leader 0 SENDING AppendEntries to vehicle 2 (n_entries=0, leader_commit=2)
36186.4ms Leader 0 SENDING AppendEntries to vehicle 3 (n_entries=0, leader_commit=2)
36186.4ms Leader 0 SENDING AppendEntries to vehicle 4 (n_entries=3, leader_commit=2)
36186.4ms Leader 0 SENDING AppendEntries to vehicle 5 (n_entries=3, leader_commit=2)
36186.4ms Leader 0 SENDING AppendEntries to vehicle 6 (n_entries=3, leader_commit=2)
36186.4ms Leader 0 SENDING AppendEntries to vehicle 7 (n_entries=0, leader_commit=2)
36186.6ms Vehicle 2 RECEIVED AppendEntries from vehicle 0 (n_entries=0, leader_commit=2)
36187.1ms Vehicle 3 RECEIVED AppendEntries from vehicle 0 (n_entries=0, leader_commit=2)
36192.9ms Vehicle 7 RECEIVED AppendEntries from vehicle 0 (n_entries=0, leader_commit=2)
36326.4ms Leader 0 SENDING AppendEntries to vehicle 1 (n_entries=1, leader_commit=2)
36326.4ms Leader 0 SENDING AppendEntries to vehicle 2 (n_entries=0, leader_commit=2)
36326.4ms Leader 0 SENDING AppendEntries to vehicle 3 (n_entries=0, leader_commit=2)
36326.4ms Leader 0 SENDING AppendEntries to vehicle 4 (n_entries=3, leader_commit=2)
36326.4ms Leader 0 SENDING AppendEntries to vehicle 5 (n_entries=3, leader_commit=2)
36326.4ms Leader 0 SENDING AppendEntries to vehicle 6 (n_entries=3, leader_commit=2)
36326.4ms Leader 0 SENDING AppendEntries to vehicle 7 (n_entries=0, leader_commit=2)
36326.9ms Vehicle 3 RECEIVED AppendEntries from vehicle 0 (n_entries=0, leader_commit=2)
36332.9ms Vehicle 7 RECEIVED AppendEntries from vehicle 0 (n_entries=0, leader_commit=2)
36466.4ms Leader 0 SENDING AppendEntries to vehicle 1 (n_entries=1, leader_commit=2)
36466.4ms Leader 0 SENDING AppendEntries to vehicle 2 (n_entries=0, leader_commit=2)
36466.4ms Leader 0 SENDING AppendEntries to vehicle 3 (n_entries=0, leader_commit=2)
36466.4ms Leader 0 SENDING AppendEntries to vehicle 4 (n_entries=3, leader_commit=2)
36466.4ms Leader 0 SENDING AppendEntries to vehicle 5 (n_entries=3, leader_commit=2)
36466.4ms Leader 0 SENDING AppendEntries to vehicle 6 (n_entries=3, leader_commit=2)
36466.4ms Leader 0 SENDING AppendEntries to vehicle 7 (n_entries=0, leader_commit=2)
36466.7ms Vehicle 2 RECEIVED AppendEntries from vehicle 0 (n_entries=0, leader_commit=2)
36467.0ms Vehicle 3 RECEIVED AppendEntries from vehicle 0 (n_entries=0, leader_commit=2)
36473.0ms Vehicle 7 RECEIVED AppendEntries from vehicle 0 (n_entries=0, leader_commit=2)
36606.4ms Leader 0 SENDING AppendEntries to vehicle 1 (n_entries=1, leader_commit=2)
36606.4ms Leader 0 SENDING AppendEntries to vehicle 2 (n_entries=0, leader_commit=2)
36606.4ms Leader 0 SENDING AppendEntries to vehicle 3 (n_entries=0, leader_commit=2)
36606.4ms Leader 0 SENDING AppendEntries to vehicle 4 (n_entries=3, leader_commit=2)
36606.4ms Leader 0 SENDING AppendEntries to vehicle 5 (n_entries=3, leader_commit=2)
36606.4ms Leader 0 SENDING AppendEntries to vehicle 6 (n_entries=3, leader_commit=2)
36606.4ms Leader 0 SENDING AppendEntries to vehicle 7 (n_entries=0, leader_commit=2)
36606.7ms Vehicle 2 RECEIVED AppendEntries from vehicle 0 (n_entries=0, leader_commit=2)
36607.2ms Vehicle 3 RECEIVED AppendEntries from vehicle 0 (n_entries=0, leader_commit=2)
36612.8ms Vehicle 7 RECEIVED AppendEntries from vehicle 0 (n_entries=0, leader_commit=2)
36746.4ms Leader 0 SENDING AppendEntries to vehicle 1 (n_entries=1, leader_commit=2)
36746.4ms Leader 0 SENDING AppendEntries to vehicle 2 (n_entries=0, leader_commit=2)
36746.4ms Leader 0 SENDING AppendEntries to vehicle 3 (n_entries=0, leader_commit=2)
36746.4ms Leader 0 SENDING AppendEntries to vehicle 4 (n_entries=3, leader_commit=2)
36746.4ms Leader 0 SENDING AppendEntries to vehicle 5 (n_entries=3, leader_commit=2)
36746.4ms Leader 0 SENDING AppendEntries to vehicle 6 (n_entries=3, leader_commit=2)
36746.4ms Leader 0 SENDING AppendEntries to vehicle 7 (n_entries=0, leader_commit=2)
36746.7ms Vehicle 2 RECEIVED AppendEntries from vehicle 0 (n_entries=0, leader_commit=2)
36747.2ms Vehicle 3 RECEIVED AppendEntries from vehicle 0 (n_entries=0, leader_commit=2)
36753.7ms Vehicle 7 RECEIVED AppendEntries from vehicle 0 (n_entries=0, leader_commit=2)
36886.4ms Leader 0 SENDING AppendEntries to vehicle 1 (n_entries=1, leader_commit=2)
36886.4ms Leader 0 SENDING AppendEntries to vehicle 2 (n_entries=0, leader_commit=2)
36886.4ms Leader 0 SENDING AppendEntries to vehicle 3 (n_entries=0, leader_commit=2)
36886.4ms Leader 0 SENDING AppendEntries to vehicle 4 (n_entries=3, leader_commit=2)
36886.4ms Leader 0 SENDING AppendEntries to vehicle 5 (n_entries=3, leader_commit=2)
36886.4ms Leader 0 SENDING AppendEntries to vehicle 6 (n_entries=3, leader_commit=2)
36886.4ms Leader 0 SENDING AppendEntries to vehicle 7 (n_entries=0, leader_commit=2)
36886.8ms Vehicle 3 RECEIVED AppendEntries from vehicle 0 (n_entries=0, leader_commit=2)
36892.4ms Vehicle 7 RECEIVED AppendEntries from vehicle 0 (n_entries=0, leader_commit=2)
37026.4ms Leader 0 SENDING AppendEntries to vehicle 1 (n_entries=1, leader_commit=2)
37026.4ms Leader 0 SENDING AppendEntries to vehicle 2 (n_entries=0, leader_commit=2)
37026.4ms Leader 0 SENDING AppendEntries to vehicle 3 (n_entries=0, leader_commit=2)
37026.4ms Leader 0 SENDING AppendEntries to vehicle 4 (n_entries=3, leader_commit=2)
37026.4ms Leader 0 SENDING AppendEntries to vehicle 5 (n_entries=3, leader_commit=2)
37026.4ms Leader 0 SENDING AppendEntries to vehicle 6 (n_entries=3, leader_commit=2)
37026.4ms Leader 0 SENDING AppendEntries to vehicle 7 (n_entries=0, leader_commit=2)
37026.6ms Vehicle 2 RECEIVED AppendEntries from vehicle 0 (n_entries=0, leader_commit=2)
37026.8ms Vehicle 3 RECEIVED AppendEntries from vehicle 0 (n_entries=0, leader_commit=2)
37032.9ms Vehicle 7 RECEIVED AppendEntries from vehicle 0 (n_entries=0, leader_commit=2)
37166.4ms Leader 0 SENDING AppendEntries to vehicle 1 (n_entries=1, leader_commit=2)
37166.4ms Leader 0 SENDING AppendEntries to vehicle 2 (n_entries=0, leader_commit=2)
37166.4ms Leader 0 SENDING AppendEntries to vehicle 3 (n_entries=0, leader_commit=2)
37166.4ms Leader 0 SENDING AppendEntries to vehicle 4 (n_entries=3, leader_commit=2)
37166.4ms Leader 0 SENDING AppendEntries to vehicle 5 (n_entries=3, leader_commit=2)
37166.4ms Leader 0 SENDING AppendEntries to vehicle 6 (n_entries=3, leader_commit=2)
37166.4ms Leader 0 SENDING AppendEntries to vehicle 7 (n_entries=0, leader_commit=2)
37166.7ms Vehicle 2 RECEIVED AppendEntries from vehicle 0 (n_entries=0, leader_commit=2)
37167.0ms Vehicle 3 RECEIVED AppendEntries from vehicle 0 (n_entries=0, leader_commit=2)
37172.8ms Vehicle 7 RECEIVED AppendEntries from vehicle 0 (n_entries=0, leader_commit=2)
37306.4ms Leader 0 SENDING AppendEntries to vehicle 1 (n_entries=1, leader_commit=2)
37306.4ms Leader 0 SENDING AppendEntries to vehicle 2 (n_entries=0, leader_commit=2)
37306.4ms Leader 0 SENDING AppendEntries to vehicle 3 (n_entries=0, leader_commit=2)
37306.4ms Leader 0 SENDING AppendEntries to vehicle 4 (n_entries=3, leader_commit=2)
37306.4ms Leader 0 SENDING AppendEntries to vehicle 5 (n_entries=3, leader_commit=2)
37306.4ms Leader 0 SENDING AppendEntries to vehicle 6 (n_entries=3, leader_commit=2)
37306.4ms Leader 0 SENDING AppendEntries to vehicle 7 (n_entries=0, leader_commit=2)
37306.7ms Vehicle 2 RECEIVED AppendEntries from vehicle 0 (n_entries=0, leader_commit=2)
37306.8ms Vehicle 3 RECEIVED AppendEntries from vehicle 0 (n_entries=0, leader_commit=2)
37312.3ms Vehicle 7 RECEIVED AppendEntries from vehicle 0 (n_entries=0, leader_commit=2)
37446.4ms Leader 0 SENDING AppendEntries to vehicle 1 (n_entries=1, leader_commit=2)
37446.4ms Leader 0 SENDING AppendEntries to vehicle 2 (n_entries=0, leader_commit=2)
37446.4ms Leader 0 SENDING AppendEntries to vehicle 3 (n_entries=0, leader_commit=2)
37446.4ms Leader 0 SENDING AppendEntries to vehicle 4 (n_entries=3, leader_commit=2)
37446.4ms Leader 0 SENDING AppendEntries to vehicle 5 (n_entries=3, leader_commit=2)
37446.4ms Leader 0 SENDING AppendEntries to vehicle 6 (n_entries=3, leader_commit=2)
37446.4ms Leader 0 SENDING AppendEntries to vehicle 7 (n_entries=0, leader_commit=2)
37446.7ms Vehicle 2 RECEIVED AppendEntries from vehicle 0 (n_entries=0, leader_commit=2)
37447.2ms Vehicle 3 RECEIVED AppendEntries from vehicle 0 (n_entries=0, leader_commit=2)
37453.5ms Vehicle 7 RECEIVED AppendEntries from vehicle 0 (n_entries=0, leader_commit=2)
37586.4ms Leader 0 SENDING AppendEntries to vehicle 1 (n_entries=1, leader_commit=2)
37586.4ms Leader 0 SENDING AppendEntries to vehicle 2 (n_entries=0, leader_commit=2)
37586.4ms Leader 0 SENDING AppendEntries to vehicle 3 (n_entries=0, leader_commit=2)
37586.4ms Leader 0 SENDING AppendEntries to vehicle 4 (n_entries=3, leader_commit=2)
37586.4ms Leader 0 SENDING AppendEntries to vehicle 5 (n_entries=3, leader_commit=2)
37586.4ms Leader 0 SENDING AppendEntries to vehicle 6 (n_entries=3, leader_commit=2)
37586.4ms Leader 0 SENDING AppendEntries to vehicle 7 (n_entries=0, leader_commit=2)
37586.6ms Vehicle 2 RECEIVED AppendEntries from vehicle 0 (n_entries=0, leader_commit=2)
37587.1ms Vehicle 3 RECEIVED AppendEntries from vehicle 0 (n_entries=0, leader_commit=2)
37593.6ms Vehicle 7 RECEIVED AppendEntries from vehicle 0 (n_entries=0, leader_commit=2)
37726.4ms Leader 0 SENDING AppendEntries to vehicle 1 (n_entries=1, leader_commit=2)
37726.4ms Leader 0 SENDING AppendEntries to vehicle 2 (n_entries=0, leader_commit=2)
37726.4ms Leader 0 SENDING AppendEntries to vehicle 3 (n_entries=0, leader_commit=2)
37726.4ms Leader 0 SENDING AppendEntries to vehicle 4 (n_entries=3, leader_commit=2)
37726.4ms Leader 0 SENDING AppendEntries to vehicle 5 (n_entries=3, leader_commit=2)
37726.4ms Leader 0 SENDING AppendEntries to vehicle 6 (n_entries=3, leader_commit=2)
37726.4ms Leader 0 SENDING AppendEntries to vehicle 7 (n_entries=0, leader_commit=2)
37726.6ms Vehicle 2 RECEIVED AppendEntries from vehicle 0 (n_entries=0, leader_commit=2)
37726.9ms Vehicle 3 RECEIVED AppendEntries from vehicle 0 (n_entries=0, leader_commit=2)
37866.4ms Leader 0 SENDING AppendEntries to vehicle 1 (n_entries=1, leader_commit=2)
37866.4ms Leader 0 SENDING AppendEntries to vehicle 2 (n_entries=0, leader_commit=2)
37866.4ms Leader 0 SENDING AppendEntries to vehicle 3 (n_entries=0, leader_commit=2)
37866.4ms Leader 0 SENDING AppendEntries to vehicle 4 (n_entries=3, leader_commit=2)
37866.4ms Leader 0 SENDING AppendEntries to vehicle 5 (n_entries=3, leader_commit=2)
37866.4ms Leader 0 SENDING AppendEntries to vehicle 6 (n_entries=3, leader_commit=2)
37866.4ms Leader 0 SENDING AppendEntries to vehicle 7 (n_entries=0, leader_commit=2)
37866.7ms Vehicle 2 RECEIVED AppendEntries from vehicle 0 (n_entries=0, leader_commit=2)
37866.8ms Vehicle 3 RECEIVED AppendEntries from vehicle 0 (n_entries=0, leader_commit=2)
37873.0ms Vehicle 7 RECEIVED AppendEntries from vehicle 0 (n_entries=0, leader_commit=2)
38006.4ms Leader 0 SENDING AppendEntries to vehicle 1 (n_entries=1, leader_commit=2)
38006.4ms Leader 0 SENDING AppendEntries to vehicle 2 (n_entries=0, leader_commit=2)
38006.4ms Leader 0 SENDING AppendEntries to vehicle 3 (n_entries=0, leader_commit=2)
38006.4ms Leader 0 SENDING AppendEntries to vehicle 4 (n_entries=3, leader_commit=2)
38006.4ms Leader 0 SENDING AppendEntries to vehicle 5 (n_entries=3, leader_commit=2)
38006.4ms Leader 0 SENDING AppendEntries to vehicle 6 (n_entries=3, leader_commit=2)
38006.4ms Leader 0 SENDING AppendEntries to vehicle 7 (n_entries=0, leader_commit=2)
38006.8ms Vehicle 2 RECEIVED AppendEntries from vehicle 0 (n_entries=0, leader_commit=2)
38007.2ms Vehicle 3 RECEIVED AppendEntries from vehicle 0 (n_entries=0, leader_commit=2)
38012.8ms Vehicle 7 RECEIVED AppendEntries from vehicle 0 (n_entries=0, leader_commit=2)
38146.4ms Leader 0 SENDING AppendEntries to vehicle 1 (n_entries=1, leader_commit=2)
38146.4ms Leader 0 SENDING AppendEntries to vehicle 2 (n_entries=0, leader_commit=2)
38146.4ms Leader 0 SENDING AppendEntries to vehicle 3 (n_entries=0, leader_commit=2)
38146.4ms Leader 0 SENDING AppendEntries to vehicle 4 (n_entries=3, leader_commit=2)
38146.4ms Leader 0 SENDING AppendEntries to vehicle 5 (n_entries=3, leader_commit=2)
38146.4ms Leader 0 SENDING AppendEntries to vehicle 6 (n_entries=3, leader_commit=2)
38146.4ms Leader 0 SENDING AppendEntries to vehicle 7 (n_entries=0, leader_commit=2)
38146.6ms Vehicle 2 RECEIVED AppendEntries from vehicle 0 (n_entries=0, leader_commit=2)
38146.9ms Vehicle 3 RECEIVED AppendEntries from vehicle 0 (n_entries=0, leader_commit=2)
38153.0ms Vehicle 7 RECEIVED AppendEntries from vehicle 0 (n_entries=0, leader_commit=2)
38286.4ms Leader 0 SENDING AppendEntries to vehicle 1 (n_entries=1, leader_commit=2)
38286.4ms Leader 0 SENDING AppendEntries to vehicle 2 (n_entries=0, leader_commit=2)
38286.4ms Leader 0 SENDING AppendEntries to vehicle 3 (n_entries=0, leader_commit=2)
38286.4ms Leader 0 SENDING AppendEntries to vehicle 4 (n_entries=3, leader_commit=2)
38286.4ms Leader 0 SENDING AppendEntries to vehicle 5 (n_entries=3, leader_commit=2)
38286.4ms Leader 0 SENDING AppendEntries to vehicle 6 (n_entries=3, leader_commit=2)
38286.4ms Leader 0 SENDING AppendEntries to vehicle 7 (n_entries=0, leader_commit=2)
38286.6ms Vehicle 2 RECEIVED AppendEntries from vehicle 0 (n_entries=0, leader_commit=2)
38286.9ms Vehicle 3 RECEIVED AppendEntries from vehicle 0 (n_entries=0, leader_commit=2)
38293.3ms Vehicle 7 RECEIVED AppendEntries from vehicle 0 (n_entries=0, leader_commit=2)
38426.4ms Leader 0 SENDING AppendEntries to vehicle 1 (n_entries=1, leader_commit=2)
38426.4ms Leader 0 SENDING AppendEntries to vehicle 2 (n_entries=0, leader_commit=2)
38426.4ms Leader 0 SENDING AppendEntries to vehicle 3 (n_entries=0, leader_commit=2)
38426.4ms Leader 0 SENDING AppendEntries to vehicle 4 (n_entries=3, leader_commit=2)
38426.4ms Leader 0 SENDING AppendEntries to vehicle 5 (n_entries=3, leader_commit=2)
38426.4ms Leader 0 SENDING AppendEntries to vehicle 6 (n_entries=3, leader_commit=2)
38426.4ms Leader 0 SENDING AppendEntries to vehicle 7 (n_entries=0, leader_commit=2)
38426.6ms Vehicle 2 RECEIVED AppendEntries from vehicle 0 (n_entries=0, leader_commit=2)
38427.0ms Vehicle 3 RECEIVED AppendEntries from vehicle 0 (n_entries=0, leader_commit=2)
38432.7ms Vehicle 7 RECEIVED AppendEntries from vehicle 0 (n_entries=0, leader_commit=2)
38566.4ms Leader 0 SENDING AppendEntries to vehicle 1 (n_entries=1, leader_commit=2)
38566.4ms Leader 0 SENDING AppendEntries to vehicle 2 (n_entries=0, leader_commit=2)
38566.4ms Leader 0 SENDING AppendEntries to vehicle 3 (n_entries=0, leader_commit=2)
38566.4ms Leader 0 SENDING AppendEntries to vehicle 4 (n_entries=3, leader_commit=2)
38566.4ms Leader 0 SENDING AppendEntries to vehicle 5 (n_entries=3, leader_commit=2)
38566.4ms Leader 0 SENDING AppendEntries to vehicle 6 (n_entries=3, leader_commit=2)
38566.4ms Leader 0 SENDING AppendEntries to vehicle 7 (n_entries=0, leader_commit=2)
38566.8ms Vehicle 2 RECEIVED AppendEntries from vehicle 0 (n_entries=0, leader_commit=2)
38567.3ms Vehicle 3 RECEIVED AppendEntries from vehicle 0 (n_entries=0, leader_commit=2)
38573.0ms Vehicle 7 RECEIVED AppendEntries from vehicle 0 (n_entries=0, leader_commit=2)
38706.4ms Leader 0 SENDING AppendEntries to vehicle 1 (n_entries=1, leader_commit=2)
38706.4ms Leader 0 SENDING AppendEntries to vehicle 2 (n_entries=0, leader_commit=2)
38706.4ms Leader 0 SENDING AppendEntries to vehicle 3 (n_entries=0, leader_commit=2)
38706.4ms Leader 0 SENDING AppendEntries to vehicle 4 (n_entries=3, leader_commit=2)
38706.4ms Leader 0 SENDING AppendEntries to vehicle 5 (n_entries=3, leader_commit=2)
38706.4ms Leader 0 SENDING AppendEntries to vehicle 6 (n_entries=3, leader_commit=2)
38706.4ms Leader 0 SENDING AppendEntries to vehicle 7 (n_entries=0, leader_commit=2)
38706.7ms Vehicle 2 RECEIVED AppendEntries from vehicle 0 (n_entries=0, leader_commit=2)
38706.9ms Vehicle 3 RECEIVED AppendEntries from vehicle 0 (n_entries=0, leader_commit=2)
38712.7ms Vehicle 7 RECEIVED AppendEntries from vehicle 0 (n_entries=0, leader_commit=2)
38846.4ms Leader 0 SENDING AppendEntries to vehicle 1 (n_entries=1, leader_commit=2)
38846.4ms Leader 0 SENDING AppendEntries to vehicle 2 (n_entries=0, leader_commit=2)
38846.4ms Leader 0 SENDING AppendEntries to vehicle 3 (n_entries=0, leader_commit=2)
38846.4ms Leader 0 SENDING AppendEntries to vehicle 4 (n_entries=3, leader_commit=2)
38846.4ms Leader 0 SENDING AppendEntries to vehicle 5 (n_entries=3, leader_commit=2)
38846.4ms Leader 0 SENDING AppendEntries to vehicle 6 (n_entries=3, leader_commit=2)
38846.4ms Leader 0 SENDING AppendEntries to vehicle 7 (n_entries=0, leader_commit=2)
38846.6ms Vehicle 2 RECEIVED AppendEntries from vehicle 0 (n_entries=0, leader_commit=2)
38846.8ms Vehicle 3 RECEIVED AppendEntries from vehicle 0 (n_entries=0, leader_commit=2)
38852.6ms Vehicle 7 RECEIVED AppendEntries from vehicle 0 (n_entries=0, leader_commit=2)
38986.4ms Leader 0 SENDING AppendEntries to vehicle 1 (n_entries=1, leader_commit=2)
38986.4ms Leader 0 SENDING AppendEntries to vehicle 2 (n_entries=0, leader_commit=2)
38986.4ms Leader 0 SENDING AppendEntries to vehicle 3 (n_entries=0, leader_commit=2)
38986.4ms Leader 0 SENDING AppendEntries to vehicle 4 (n_entries=3, leader_commit=2)
38986.4ms Leader 0 SENDING AppendEntries to vehicle 5 (n_entries=3, leader_commit=2)
38986.4ms Leader 0 SENDING AppendEntries to vehicle 6 (n_entries=3, leader_commit=2)
38986.4ms Leader 0 SENDING AppendEntries to vehicle 7 (n_entries=0, leader_commit=2)
38986.8ms Vehicle 2 RECEIVED AppendEntries from vehicle 0 (n_entries=0, leader_commit=2)
38987.0ms Vehicle 3 RECEIVED AppendEntries from vehicle 0 (n_entries=0, leader_commit=2)
38992.9ms Vehicle 7 RECEIVED AppendEntries from vehicle 0 (n_entries=0, leader_commit=2)
39126.4ms Leader 0 SENDING AppendEntries to vehicle 1 (n_entries=1, leader_commit=2)
39126.4ms Leader 0 SENDING AppendEntries to vehicle 2 (n_entries=0, leader_commit=2)
39126.4ms Leader 0 SENDING AppendEntries to vehicle 3 (n_entries=0, leader_commit=2)
39126.4ms Leader 0 SENDING AppendEntries to vehicle 4 (n_entries=3, leader_commit=2)
39126.4ms Leader 0 SENDING AppendEntries to vehicle 5 (n_entries=3, leader_commit=2)
39126.4ms Leader 0 SENDING AppendEntries to vehicle 6 (n_entries=3, leader_commit=2)
39126.4ms Leader 0 SENDING AppendEntries to vehicle 7 (n_entries=0, leader_commit=2)
39126.6ms Vehicle 2 RECEIVED AppendEntries from vehicle 0 (n_entries=0, leader_commit=2)
39126.8ms Vehicle 3 RECEIVED AppendEntries from vehicle 0 (n_entries=0, leader_commit=2)
39132.8ms Vehicle 7 RECEIVED AppendEntries from vehicle 0 (n_entries=0, leader_commit=2)
39266.4ms Leader 0 SENDING AppendEntries to vehicle 1 (n_entries=1, leader_commit=2)
39266.4ms Leader 0 SENDING AppendEntries to vehicle 2 (n_entries=0, leader_commit=2)
39266.4ms Leader 0 SENDING AppendEntries to vehicle 3 (n_entries=0, leader_commit=2)
39266.4ms Leader 0 SENDING AppendEntries to vehicle 4 (n_entries=3, leader_commit=2)
39266.4ms Leader 0 SENDING AppendEntries to vehicle 5 (n_entries=3, leader_commit=2)
39266.4ms Leader 0 SENDING AppendEntries to vehicle 6 (n_entries=3, leader_commit=2)
39266.4ms Leader 0 SENDING AppendEntries to vehicle 7 (n_entries=0, leader_commit=2)
39266.8ms Vehicle 2 RECEIVED AppendEntries from vehicle 0 (n_entries=0, leader_commit=2)
39266.9ms Vehicle 3 RECEIVED AppendEntries from vehicle 0 (n_entries=0, leader_commit=2)
39272.7ms Vehicle 7 RECEIVED AppendEntries from vehicle 0 (n_entries=0, leader_commit=2)
39406.4ms Leader 0 SENDING AppendEntries to vehicle 1 (n_entries=1, leader_commit=2)
39406.4ms Leader 0 SENDING AppendEntries to vehicle 2 (n_entries=0, leader_commit=2)
39406.4ms Leader 0 SENDING AppendEntries to vehicle 3 (n_entries=0, leader_commit=2)
39406.4ms Leader 0 SENDING AppendEntries to vehicle 4 (n_entries=3, leader_commit=2)
39406.4ms Leader 0 SENDING AppendEntries to vehicle 5 (n_entries=3, leader_commit=2)
39406.4ms Leader 0 SENDING AppendEntries to vehicle 6 (n_entries=3, leader_commit=2)
39406.4ms Leader 0 SENDING AppendEntries to vehicle 7 (n_entries=0, leader_commit=2)
39406.7ms Vehicle 2 RECEIVED AppendEntries from vehicle 0 (n_entries=0, leader_commit=2)
39407.1ms Vehicle 3 RECEIVED AppendEntries from vehicle 0 (n_entries=0, leader_commit=2)
39413.4ms Vehicle 7 RECEIVED AppendEntries from vehicle 0 (n_entries=0, leader_commit=2)
39546.4ms Leader 0 SENDING AppendEntries to vehicle 1 (n_entries=1, leader_commit=2)
39546.4ms Leader 0 SENDING AppendEntries to vehicle 2 (n_entries=0, leader_commit=2)
39546.4ms Leader 0 SENDING AppendEntries to vehicle 3 (n_entries=0, leader_commit=2)
39546.4ms Leader 0 SENDING AppendEntries to vehicle 4 (n_entries=3, leader_commit=2)
39546.4ms Leader 0 SENDING AppendEntries to vehicle 5 (n_entries=3, leader_commit=2)
39546.4ms Leader 0 SENDING AppendEntries to vehicle 6 (n_entries=3, leader_commit=2)
39546.4ms Leader 0 SENDING AppendEntries to vehicle 7 (n_entries=0, leader_commit=2)
39546.7ms Vehicle 2 RECEIVED AppendEntries from vehicle 0 (n_entries=0, leader_commit=2)
39547.2ms Vehicle 3 RECEIVED AppendEntries from vehicle 0 (n_entries=0, leader_commit=2)
39552.8ms Vehicle 7 RECEIVED AppendEntries from vehicle 0 (n_entries=0, leader_commit=2)
39686.4ms Leader 0 SENDING AppendEntries to vehicle 1 (n_entries=1, leader_commit=2)
39686.4ms Leader 0 SENDING AppendEntries to vehicle 2 (n_entries=0, leader_commit=2)
39686.4ms Leader 0 SENDING AppendEntries to vehicle 3 (n_entries=0, leader_commit=2)
39686.4ms Leader 0 SENDING AppendEntries to vehicle 4 (n_entries=3, leader_commit=2)
39686.4ms Leader 0 SENDING AppendEntries to vehicle 5 (n_entries=3, leader_commit=2)
39686.4ms Leader 0 SENDING AppendEntries to vehicle 6 (n_entries=3, leader_commit=2)
39686.4ms Leader 0 SENDING AppendEntries to vehicle 7 (n_entries=0, leader_commit=2)
39686.6ms Vehicle 2 RECEIVED AppendEntries from vehicle 0 (n_entries=0, leader_commit=2)
39687.0ms Vehicle 3 RECEIVED AppendEntries from vehicle 0 (n_entries=0, leader_commit=2)
39693.0ms Vehicle 7 RECEIVED AppendEntries from vehicle 0 (n_entries=0, leader_commit=2)
39826.4ms Leader 0 SENDING AppendEntries to vehicle 1 (n_entries=1, leader_commit=2)
39826.4ms Leader 0 SENDING AppendEntries to vehicle 2 (n_entries=0, leader_commit=2)
39826.4ms Leader 0 SENDING AppendEntries to vehicle 3 (n_entries=0, leader_commit=2)
39826.4ms Leader 0 SENDING AppendEntries to vehicle 4 (n_entries=3, leader_commit=2)
39826.4ms Leader 0 SENDING AppendEntries to vehicle 5 (n_entries=3, leader_commit=2)
39826.4ms Leader 0 SENDING AppendEntries to vehicle 6 (n_entries=3, leader_commit=2)
39826.4ms Leader 0 SENDING AppendEntries to vehicle 7 (n_entries=0, leader_commit=2)
39826.7ms Vehicle 2 RECEIVED AppendEntries from vehicle 0 (n_entries=0, leader_commit=2)
39826.9ms Vehicle 3 RECEIVED AppendEntries from vehicle 0 (n_entries=0, leader_commit=2)
39832.2ms Vehicle 7 RECEIVED AppendEntries from vehicle 0 (n_entries=0, leader_commit=2)
39966.4ms Leader 0 SENDING AppendEntries to vehicle 1 (n_entries=1, leader_commit=2)
39966.4ms Leader 0 SENDING AppendEntries to vehicle 2 (n_entries=0, leader_commit=2)
39966.4ms Leader 0 SENDING AppendEntries to vehicle 3 (n_entries=0, leader_commit=2)
39966.4ms Leader 0 SENDING AppendEntries to vehicle 4 (n_entries=3, leader_commit=2)
39966.4ms Leader 0 SENDING AppendEntries to vehicle 5 (n_entries=3, leader_commit=2)
39966.4ms Leader 0 SENDING AppendEntries to vehicle 6 (n_entries=3, leader_commit=2)
39966.4ms Leader 0 SENDING AppendEntries to vehicle 7 (n_entries=0, leader_commit=2)
39966.8ms Vehicle 2 RECEIVED AppendEntries from vehicle 0 (n_entries=0, leader_commit=2)
39967.3ms Vehicle 3 RECEIVED AppendEntries from vehicle 0 (n_entries=0, leader_commit=2)
39972.9ms Vehicle 7 RECEIVED AppendEntries from vehicle 0 (n_entries=0, leader_commit=2)
40106.4ms Leader 0 SENDING AppendEntries to vehicle 1 (n_entries=1, leader_commit=2)
40106.4ms Leader 0 SENDING AppendEntries to vehicle 2 (n_entries=0, leader_commit=2)
40106.4ms Leader 0 SENDING AppendEntries to vehicle 3 (n_entries=0, leader_commit=2)
40106.4ms Leader 0 SENDING AppendEntries to vehicle 4 (n_entries=3, leader_commit=2)
40106.4ms Leader 0 SENDING AppendEntries to vehicle 5 (n_entries=3, leader_commit=2)
40106.4ms Leader 0 SENDING AppendEntries to vehicle 6 (n_entries=3, leader_commit=2)
40106.4ms Leader 0 SENDING AppendEntries to vehicle 7 (n_entries=0, leader_commit=2)
40106.7ms Vehicle 2 RECEIVED AppendEntries from vehicle 0 (n_entries=0, leader_commit=2)
40107.1ms Vehicle 3 RECEIVED AppendEntries from vehicle 0 (n_entries=0, leader_commit=2)
40112.9ms Vehicle 7 RECEIVED AppendEntries from vehicle 0 (n_entries=0, leader_commit=2)
40246.4ms Leader 0 SENDING AppendEntries to vehicle 1 (n_entries=1, leader_commit=2)
40246.4ms Leader 0 SENDING AppendEntries to vehicle 2 (n_entries=0, leader_commit=2)
40246.4ms Leader 0 SENDING AppendEntries to vehicle 3 (n_entries=0, leader_commit=2)
40246.4ms Leader 0 SENDING AppendEntries to vehicle 4 (n_entries=3, leader_commit=2)
40246.4ms Leader 0 SENDING AppendEntries to vehicle 5 (n_entries=3, leader_commit=2)
40246.4ms Leader 0 SENDING AppendEntries to vehicle 6 (n_entries=3, leader_commit=2)
40246.4ms Leader 0 SENDING AppendEntries to vehicle 7 (n_entries=0, leader_commit=2)
40246.7ms Vehicle 2 RECEIVED AppendEntries from vehicle 0 (n_entries=0, leader_commit=2)
40247.0ms Vehicle 3 RECEIVED AppendEntries from vehicle 0 (n_entries=0, leader_commit=2)
40252.9ms Vehicle 7 RECEIVED AppendEntries from vehicle 0 (n_entries=0, leader_commit=2)
40386.4ms Leader 0 SENDING AppendEntries to vehicle 1 (n_entries=1, leader_commit=2)
40386.4ms Leader 0 SENDING AppendEntries to vehicle 2 (n_entries=0, leader_commit=2)
40386.4ms Leader 0 SENDING AppendEntries to vehicle 3 (n_entries=0, leader_commit=2)
40386.4ms Leader 0 SENDING AppendEntries to vehicle 4 (n_entries=3, leader_commit=2)
40386.4ms Leader 0 SENDING AppendEntries to vehicle 5 (n_entries=3, leader_commit=2)
40386.4ms Leader 0 SENDING AppendEntries to vehicle 6 (n_entries=3, leader_commit=2)
40386.4ms Leader 0 SENDING AppendEntries to vehicle 7 (n_entries=0, leader_commit=2)
40387.2ms Vehicle 3 RECEIVED AppendEntries from vehicle 0 (n_entries=0, leader_commit=2)
40392.9ms Vehicle 7 RECEIVED AppendEntries from vehicle 0 (n_entries=0, leader_commit=2)
40526.4ms Leader 0 SENDING AppendEntries to vehicle 1 (n_entries=1, leader_commit=2)
40526.4ms Leader 0 SENDING AppendEntries to vehicle 2 (n_entries=0, leader_commit=2)
40526.4ms Leader 0 SENDING AppendEntries to vehicle 3 (n_entries=0, leader_commit=2)
40526.4ms Leader 0 SENDING AppendEntries to vehicle 4 (n_entries=3, leader_commit=2)
40526.4ms Leader 0 SENDING AppendEntries to vehicle 5 (n_entries=3, leader_commit=2)
40526.4ms Leader 0 SENDING AppendEntries to vehicle 6 (n_entries=3, leader_commit=2)
40526.4ms Leader 0 SENDING AppendEntries to vehicle 7 (n_entries=0, leader_commit=2)
40526.6ms Vehicle 2 RECEIVED AppendEntries from vehicle 0 (n_entries=0, leader_commit=2)
40527.0ms Vehicle 3 RECEIVED AppendEntries from vehicle 0 (n_entries=0, leader_commit=2)
40533.4ms Vehicle 7 RECEIVED AppendEntries from vehicle 0 (n_entries=0, leader_commit=2)
40666.4ms Leader 0 SENDING AppendEntries to vehicle 1 (n_entries=1, leader_commit=2)
40666.4ms Leader 0 SENDING AppendEntries to vehicle 2 (n_entries=0, leader_commit=2)
40666.4ms Leader 0 SENDING AppendEntries to vehicle 3 (n_entries=0, leader_commit=2)
40666.4ms Leader 0 SENDING AppendEntries to vehicle 4 (n_entries=3, leader_commit=2)
40666.4ms Leader 0 SENDING AppendEntries to vehicle 5 (n_entries=3, leader_commit=2)
40666.4ms Leader 0 SENDING AppendEntries to vehicle 6 (n_entries=3, leader_commit=2)
40666.4ms Leader 0 SENDING AppendEntries to vehicle 7 (n_entries=0, leader_commit=2)
40666.8ms Vehicle 2 RECEIVED AppendEntries from vehicle 0 (n_entries=0, leader_commit=2)
40667.0ms Vehicle 3 RECEIVED AppendEntries from vehicle 0 (n_entries=0, leader_commit=2)
40673.1ms Vehicle 7 RECEIVED AppendEntries from vehicle 0 (n_entries=0, leader_commit=2)
40806.4ms Leader 0 SENDING AppendEntries to vehicle 1 (n_entries=1, leader_commit=2)
40806.4ms Leader 0 SENDING AppendEntries to vehicle 2 (n_entries=0, leader_commit=2)
40806.4ms Leader 0 SENDING AppendEntries to vehicle 3 (n_entries=0, leader_commit=2)
40806.4ms Leader 0 SENDING AppendEntries to vehicle 4 (n_entries=3, leader_commit=2)
40806.4ms Leader 0 SENDING AppendEntries to vehicle 5 (n_entries=3, leader_commit=2)
40806.4ms Leader 0 SENDING AppendEntries to vehicle 6 (n_entries=3, leader_commit=2)
40806.4ms Leader 0 SENDING AppendEntries to vehicle 7 (n_entries=0, leader_commit=2)
40806.5ms Vehicle 2 RECEIVED AppendEntries from vehicle 0 (n_entries=0, leader_commit=2)
40807.0ms Vehicle 3 RECEIVED AppendEntries from vehicle 0 (n_entries=0, leader_commit=2)
40812.9ms Vehicle 7 RECEIVED AppendEntries from vehicle 0 (n_entries=0, leader_commit=2)
40946.4ms Leader 0 SENDING AppendEntries to vehicle 1 (n_entries=1, leader_commit=2)
40946.4ms Leader 0 SENDING AppendEntries to vehicle 2 (n_entries=0, leader_commit=2)
40946.4ms Leader 0 SENDING AppendEntries to vehicle 3 (n_entries=0, leader_commit=2)
40946.4ms Leader 0 SENDING AppendEntries to vehicle 4 (n_entries=3, leader_commit=2)
40946.4ms Leader 0 SENDING AppendEntries to vehicle 5 (n_entries=3, leader_commit=2)
40946.4ms Leader 0 SENDING AppendEntries to vehicle 6 (n_entries=3, leader_commit=2)
40946.4ms Leader 0 SENDING AppendEntries to vehicle 7 (n_entries=0, leader_commit=2)
40946.5ms Vehicle 2 RECEIVED AppendEntries from vehicle 0 (n_entries=0, leader_commit=2)
40947.0ms Vehicle 3 RECEIVED AppendEntries from vehicle 0 (n_entries=0, leader_commit=2)
40953.2ms Vehicle 7 RECEIVED AppendEntries from vehicle 0 (n_entries=0, leader_commit=2)
41086.4ms Leader 0 SENDING AppendEntries to vehicle 1 (n_entries=1, leader_commit=2)
41086.4ms Leader 0 SENDING AppendEntries to vehicle 2 (n_entries=0, leader_commit=2)
41086.4ms Leader 0 SENDING AppendEntries to vehicle 3 (n_entries=0, leader_commit=2)
41086.4ms Leader 0 SENDING AppendEntries to vehicle 4 (n_entries=3, leader_commit=2)
41086.4ms Leader 0 SENDING AppendEntries to vehicle 5 (n_entries=3, leader_commit=2)
41086.4ms Leader 0 SENDING AppendEntries to vehicle 6 (n_entries=3, leader_commit=2)
41086.4ms Leader 0 SENDING AppendEntries to vehicle 7 (n_entries=0, leader_commit=2)
41086.7ms Vehicle 2 RECEIVED AppendEntries from vehicle 0 (n_entries=0, leader_commit=2)
41087.0ms Vehicle 3 RECEIVED AppendEntries from vehicle 0 (n_entries=0, leader_commit=2)
41092.6ms Vehicle 7 RECEIVED AppendEntries from vehicle 0 (n_entries=0, leader_commit=2)
41226.4ms Leader 0 SENDING AppendEntries to vehicle 1 (n_entries=1, leader_commit=2)
41226.4ms Leader 0 SENDING AppendEntries to vehicle 2 (n_entries=0, leader_commit=2)
41226.4ms Leader 0 SENDING AppendEntries to vehicle 3 (n_entries=0, leader_commit=2)
41226.4ms Leader 0 SENDING AppendEntries to vehicle 4 (n_entries=3, leader_commit=2)
41226.4ms Leader 0 SENDING AppendEntries to vehicle 5 (n_entries=3, leader_commit=2)
41226.4ms Leader 0 SENDING AppendEntries to vehicle 6 (n_entries=3, leader_commit=2)
41226.4ms Leader 0 SENDING AppendEntries to vehicle 7 (n_entries=0, leader_commit=2)
41226.6ms Vehicle 2 RECEIVED AppendEntries from vehicle 0 (n_entries=0, leader_commit=2)
41226.9ms Vehicle 3 RECEIVED AppendEntries from vehicle 0 (n_entries=0, leader_commit=2)
41232.9ms Vehicle 7 RECEIVED AppendEntries from vehicle 0 (n_entries=0, leader_commit=2)
41366.4ms Leader 0 SENDING AppendEntries to vehicle 1 (n_entries=1, leader_commit=2)
41366.4ms Leader 0 SENDING AppendEntries to vehicle 2 (n_entries=0, leader_commit=2)
41366.4ms Leader 0 SENDING AppendEntries to vehicle 3 (n_entries=0, leader_commit=2)
41366.4ms Leader 0 SENDING AppendEntries to vehicle 4 (n_entries=3, leader_commit=2)
41366.4ms Leader 0 SENDING AppendEntries to vehicle 5 (n_entries=3, leader_commit=2)
41366.4ms Leader 0 SENDING AppendEntries to vehicle 6 (n_entries=3, leader_commit=2)
41366.4ms Leader 0 SENDING AppendEntries to vehicle 7 (n_entries=0, leader_commit=2)
41366.6ms Vehicle 2 RECEIVED AppendEntries from vehicle 0 (n_entries=0, leader_commit=2)
41367.1ms Vehicle 3 RECEIVED AppendEntries from vehicle 0 (n_entries=0, leader_commit=2)
41373.2ms Vehicle 7 RECEIVED AppendEntries from vehicle 0 (n_entries=0, leader_commit=2)
41506.4ms Leader 0 SENDING AppendEntries to vehicle 1 (n_entries=1, leader_commit=2)
41506.4ms Leader 0 SENDING AppendEntries to vehicle 2 (n_entries=0, leader_commit=2)
41506.4ms Leader 0 SENDING AppendEntries to vehicle 3 (n_entries=0, leader_commit=2)
41506.4ms Leader 0 SENDING AppendEntries to vehicle 4 (n_entries=3, leader_commit=2)
41506.4ms Leader 0 SENDING AppendEntries to vehicle 5 (n_entries=3, leader_commit=2)
41506.4ms Leader 0 SENDING AppendEntries to vehicle 6 (n_entries=3, leader_commit=2)
41506.4ms Leader 0 SENDING AppendEntries to vehicle 7 (n_entries=0, leader_commit=2)
41506.8ms Vehicle 2 RECEIVED AppendEntries from vehicle 0 (n_entries=0, leader_commit=2)
41507.0ms Vehicle 3 RECEIVED AppendEntries from vehicle 0 (n_entries=0, leader_commit=2)
41513.4ms Vehicle 7 RECEIVED AppendEntries from vehicle 0 (n_entries=0, leader_commit=2)
41646.4ms Leader 0 SENDING AppendEntries to vehicle 1 (n_entries=1, leader_commit=2)
41646.4ms Leader 0 SENDING AppendEntries to vehicle 2 (n_entries=0, leader_commit=2)
41646.4ms Leader 0 SENDING AppendEntries to vehicle 3 (n_entries=0, leader_commit=2)
41646.4ms Leader 0 SENDING AppendEntries to vehicle 4 (n_entries=3, leader_commit=2)
41646.4ms Leader 0 SENDING AppendEntries to vehicle 5 (n_entries=3, leader_commit=2)
41646.4ms Leader 0 SENDING AppendEntries to vehicle 6 (n_entries=3, leader_commit=2)
41646.4ms Leader 0 SENDING AppendEntries to vehicle 7 (n_entries=0, leader_commit=2)
41646.6ms Vehicle 2 RECEIVED AppendEntries from vehicle 0 (n_entries=0, leader_commit=2)
41652.6ms Vehicle 7 RECEIVED AppendEntries from vehicle 0 (n_entries=0, leader_commit=2)
41786.4ms Leader 0 SENDING AppendEntries to vehicle 1 (n_entries=1, leader_commit=2)
41786.4ms Leader 0 SENDING AppendEntries to vehicle 2 (n_entries=0, leader_commit=2)
41786.4ms Leader 0 SENDING AppendEntries to vehicle 3 (n_entries=0, leader_commit=2)
41786.4ms Leader 0 SENDING AppendEntries to vehicle 4 (n_entries=3, leader_commit=2)
41786.4ms Leader 0 SENDING AppendEntries to vehicle 5 (n_entries=3, leader_commit=2)
41786.4ms Leader 0 SENDING AppendEntries to vehicle 6 (n_entries=3, leader_commit=2)
41786.4ms Leader 0 SENDING AppendEntries to vehicle 7 (n_entries=0, leader_commit=2)
41786.6ms Vehicle 2 RECEIVED AppendEntries from vehicle 0 (n_entries=0, leader_commit=2)
41786.7ms Vehicle 3 RECEIVED AppendEntries from vehicle 0 (n_entries=0, leader_commit=2)
41793.4ms Vehicle 7 RECEIVED AppendEntries from vehicle 0 (n_entries=0, leader_commit=2)
41926.4ms Leader 0 SENDING AppendEntries to vehicle 1 (n_entries=1, leader_commit=2)
41926.4ms Leader 0 SENDING AppendEntries to vehicle 2 (n_entries=0, leader_commit=2)
41926.4ms Leader 0 SENDING AppendEntries to vehicle 3 (n_entries=0, leader_commit=2)
41926.4ms Leader 0 SENDING AppendEntries to vehicle 4 (n_entries=3, leader_commit=2)
41926.4ms Leader 0 SENDING AppendEntries to vehicle 5 (n_entries=3, leader_commit=2)
41926.4ms Leader 0 SENDING AppendEntries to vehicle 6 (n_entries=3, leader_commit=2)
41926.4ms Leader 0 SENDING AppendEntries to vehicle 7 (n_entries=0, leader_commit=2)
41926.8ms Vehicle 2 RECEIVED AppendEntries from vehicle 0 (n_entries=0, leader_commit=2)
41927.3ms Vehicle 3 RECEIVED AppendEntries from vehicle 0 (n_entries=0, leader_commit=2)
41932.8ms Vehicle 7 RECEIVED AppendEntries from vehicle 0 (n_entries=0, leader_commit=2)
42066.4ms Leader 0 SENDING AppendEntries to vehicle 1 (n_entries=1, leader_commit=2)
42066.4ms Leader 0 SENDING AppendEntries to vehicle 2 (n_entries=0, leader_commit=2)
42066.4ms Leader 0 SENDING AppendEntries to vehicle 3 (n_entries=0, leader_commit=2)
42066.4ms Leader 0 SENDING AppendEntries to vehicle 4 (n_entries=3, leader_commit=2)
42066.4ms Leader 0 SENDING AppendEntries to vehicle 5 (n_entries=3, leader_commit=2)
42066.4ms Leader 0 SENDING AppendEntries to vehicle 6 (n_entries=3, leader_commit=2)
42066.4ms Leader 0 SENDING AppendEntries to vehicle 7 (n_entries=0, leader_commit=2)
42066.8ms Vehicle 2 RECEIVED AppendEntries from vehicle 0 (n_entries=0, leader_commit=2)
42067.3ms Vehicle 3 RECEIVED AppendEntries from vehicle 0 (n_entries=0, leader_commit=2)
42073.1ms Vehicle 7 RECEIVED AppendEntries from vehicle 0 (n_entries=0, leader_commit=2)
42206.4ms Leader 0 SENDING AppendEntries to vehicle 1 (n_entries=1, leader_commit=2)
42206.4ms Leader 0 SENDING AppendEntries to vehicle 2 (n_entries=0, leader_commit=2)
42206.4ms Leader 0 SENDING AppendEntries to vehicle 3 (n_entries=0, leader_commit=2)
42206.4ms Leader 0 SENDING AppendEntries to vehicle 4 (n_entries=3, leader_commit=2)
42206.4ms Leader 0 SENDING AppendEntries to vehicle 5 (n_entries=3, leader_commit=2)
42206.4ms Leader 0 SENDING AppendEntries to vehicle 6 (n_entries=3, leader_commit=2)
42206.4ms Leader 0 SENDING AppendEntries to vehicle 7 (n_entries=0, leader_commit=2)
42206.6ms Vehicle 2 RECEIVED AppendEntries from vehicle 0 (n_entries=0, leader_commit=2)
42207.1ms Vehicle 3 RECEIVED AppendEntries from vehicle 0 (n_entries=0, leader_commit=2)
42213.3ms Vehicle 7 RECEIVED AppendEntries from vehicle 0 (n_entries=0, leader_commit=2)
42346.4ms Leader 0 SENDING AppendEntries to vehicle 1 (n_entries=1, leader_commit=2)
42346.4ms Leader 0 SENDING AppendEntries to vehicle 2 (n_entries=0, leader_commit=2)
42346.4ms Leader 0 SENDING AppendEntries to vehicle 3 (n_entries=0, leader_commit=2)
42346.4ms Leader 0 SENDING AppendEntries to vehicle 4 (n_entries=3, leader_commit=2)
42346.4ms Leader 0 SENDING AppendEntries to vehicle 5 (n_entries=3, leader_commit=2)
42346.4ms Leader 0 SENDING AppendEntries to vehicle 6 (n_entries=3, leader_commit=2)
42346.4ms Leader 0 SENDING AppendEntries to vehicle 7 (n_entries=0, leader_commit=2)
42346.7ms Vehicle 2 RECEIVED AppendEntries from vehicle 0 (n_entries=0, leader_commit=2)
42346.8ms Vehicle 3 RECEIVED AppendEntries from vehicle 0 (n_entries=0, leader_commit=2)
42352.5ms Vehicle 7 RECEIVED AppendEntries from vehicle 0 (n_entries=0, leader_commit=2)
42486.4ms Leader 0 SENDING AppendEntries to vehicle 1 (n_entries=1, leader_commit=2)
42486.4ms Leader 0 SENDING AppendEntries to vehicle 2 (n_entries=0, leader_commit=2)
42486.4ms Leader 0 SENDING AppendEntries to vehicle 3 (n_entries=0, leader_commit=2)
42486.4ms Leader 0 SENDING AppendEntries to vehicle 4 (n_entries=3, leader_commit=2)
42486.4ms Leader 0 SENDING AppendEntries to vehicle 5 (n_entries=3, leader_commit=2)
42486.4ms Leader 0 SENDING AppendEntries to vehicle 6 (n_entries=3, leader_commit=2)
42486.4ms Leader 0 SENDING AppendEntries to vehicle 7 (n_entries=0, leader_commit=2)
42486.6ms Vehicle 2 RECEIVED AppendEntries from vehicle 0 (n_entries=0, leader_commit=2)
42486.7ms Vehicle 3 RECEIVED AppendEntries from vehicle 0 (n_entries=0, leader_commit=2)
42492.4ms Vehicle 7 RECEIVED AppendEntries from vehicle 0 (n_entries=0, leader_commit=2)
42626.4ms Leader 0 SENDING AppendEntries to vehicle 1 (n_entries=1, leader_commit=2)
42626.4ms Leader 0 SENDING AppendEntries to vehicle 2 (n_entries=0, leader_commit=2)
42626.4ms Leader 0 SENDING AppendEntries to vehicle 3 (n_entries=0, leader_commit=2)
42626.4ms Leader 0 SENDING AppendEntries to vehicle 4 (n_entries=3, leader_commit=2)
42626.4ms Leader 0 SENDING AppendEntries to vehicle 5 (n_entries=3, leader_commit=2)
42626.4ms Leader 0 SENDING AppendEntries to vehicle 6 (n_entries=3, leader_commit=2)
42626.4ms Leader 0 SENDING AppendEntries to vehicle 7 (n_entries=0, leader_commit=2)
42626.7ms Vehicle 2 RECEIVED AppendEntries from vehicle 0 (n_entries=0, leader_commit=2)
42626.9ms Vehicle 3 RECEIVED AppendEntries from vehicle 0 (n_entries=0, leader_commit=2)
42632.6ms Vehicle 7 RECEIVED AppendEntries from vehicle 0 (n_entries=0, leader_commit=2)
42766.4ms Leader 0 SENDING AppendEntries to vehicle 1 (n_entries=1, leader_commit=2)
42766.4ms Leader 0 SENDING AppendEntries to vehicle 2 (n_entries=0, leader_commit=2)
42766.4ms Leader 0 SENDING AppendEntries to vehicle 3 (n_entries=0, leader_commit=2)
42766.4ms Leader 0 SENDING AppendEntries to vehicle 4 (n_entries=3, leader_commit=2)
42766.4ms Leader 0 SENDING AppendEntries to vehicle 5 (n_entries=3, leader_commit=2)
42766.4ms Leader 0 SENDING AppendEntries to vehicle 6 (n_entries=3, leader_commit=2)
42766.4ms Leader 0 SENDING AppendEntries to vehicle 7 (n_entries=0, leader_commit=2)
42766.8ms Vehicle 2 RECEIVED AppendEntries from vehicle 0 (n_entries=0, leader_commit=2)
42767.1ms Vehicle 3 RECEIVED AppendEntries from vehicle 0 (n_entries=0, leader_commit=2)
42772.8ms Vehicle 7 RECEIVED AppendEntries from vehicle 0 (n_entries=0, leader_commit=2)
42825.8ms Vehicle 2 BATCH SAFETY FALLBACK (lost VEHICLE_LEFT?) for batch 1
42825.8ms Vehicle 2 RESUMING movement
42906.4ms Leader 0 SENDING AppendEntries to vehicle 1 (n_entries=1, leader_commit=2)
42906.4ms Leader 0 SENDING AppendEntries to vehicle 2 (n_entries=0, leader_commit=2)
42906.4ms Leader 0 SENDING AppendEntries to vehicle 3 (n_entries=0, leader_commit=2)
42906.4ms Leader 0 SENDING AppendEntries to vehicle 4 (n_entries=3, leader_commit=2)
42906.4ms Leader 0 SENDING AppendEntries to vehicle 5 (n_entries=3, leader_commit=2)
42906.4ms Leader 0 SENDING AppendEntries to vehicle 6 (n_entries=3, leader_commit=2)
42906.4ms Leader 0 SENDING AppendEntries to vehicle 7 (n_entries=0, leader_commit=2)
42906.8ms Vehicle 2 RECEIVED AppendEntries from vehicle 0 (n_entries=0, leader_commit=2)
42907.3ms Vehicle 3 RECEIVED AppendEntries from vehicle 0 (n_entries=0, leader_commit=2)
42913.4ms Vehicle 7 RECEIVED AppendEntries from vehicle 0 (n_entries=0, leader_commit=2)
43046.4ms Leader 0 SENDING AppendEntries to vehicle 1 (n_entries=1, leader_commit=2)
43046.4ms Leader 0 SENDING AppendEntries to vehicle 2 (n_entries=0, leader_commit=2)
43046.4ms Leader 0 SENDING AppendEntries to vehicle 3 (n_entries=0, leader_commit=2)
43046.4ms Leader 0 SENDING AppendEntries to vehicle 4 (n_entries=3, leader_commit=2)
43046.4ms Leader 0 SENDING AppendEntries to vehicle 5 (n_entries=3, leader_commit=2)
43046.4ms Leader 0 SENDING AppendEntries to vehicle 6 (n_entries=3, leader_commit=2)
43046.4ms Leader 0 SENDING AppendEntries to vehicle 7 (n_entries=0, leader_commit=2)
43046.6ms Vehicle 2 RECEIVED AppendEntries from vehicle 0 (n_entries=0, leader_commit=2)
43046.8ms Vehicle 3 RECEIVED AppendEntries from vehicle 0 (n_entries=0, leader_commit=2)
43053.0ms Vehicle 7 RECEIVED AppendEntries from vehicle 0 (n_entries=0, leader_commit=2)
43186.4ms Leader 0 SENDING AppendEntries to vehicle 1 (n_entries=1, leader_commit=2)
43186.4ms Leader 0 SENDING AppendEntries to vehicle 2 (n_entries=0, leader_commit=2)
43186.4ms Leader 0 SENDING AppendEntries to vehicle 3 (n_entries=0, leader_commit=2)
43186.4ms Leader 0 SENDING AppendEntries to vehicle 4 (n_entries=3, leader_commit=2)
43186.4ms Leader 0 SENDING AppendEntries to vehicle 5 (n_entries=3, leader_commit=2)
43186.4ms Leader 0 SENDING AppendEntries to vehicle 6 (n_entries=3, leader_commit=2)
43186.4ms Leader 0 SENDING AppendEntries to vehicle 7 (n_entries=0, leader_commit=2)
43186.6ms Vehicle 2 RECEIVED AppendEntries from vehicle 0 (n_entries=0, leader_commit=2)
43187.1ms Vehicle 3 RECEIVED AppendEntries from vehicle 0 (n_entries=0, leader_commit=2)
43192.6ms Vehicle 7 RECEIVED AppendEntries from vehicle 0 (n_entries=0, leader_commit=2)
43326.4ms Leader 0 SENDING AppendEntries to vehicle 1 (n_entries=1, leader_commit=2)
43326.4ms Leader 0 SENDING AppendEntries to vehicle 2 (n_entries=0, leader_commit=2)
43326.4ms Leader 0 SENDING AppendEntries to vehicle 3 (n_entries=0, leader_commit=2)
43326.4ms Leader 0 SENDING AppendEntries to vehicle 4 (n_entries=3, leader_commit=2)
43326.4ms Leader 0 SENDING AppendEntries to vehicle 5 (n_entries=3, leader_commit=2)
43326.4ms Leader 0 SENDING AppendEntries to vehicle 6 (n_entries=3, leader_commit=2)
43326.4ms Leader 0 SENDING AppendEntries to vehicle 7 (n_entries=0, leader_commit=2)
43326.6ms Vehicle 2 RECEIVED AppendEntries from vehicle 0 (n_entries=0, leader_commit=2)
43326.9ms Vehicle 3 RECEIVED AppendEntries from vehicle 0 (n_entries=0, leader_commit=2)
43332.6ms Vehicle 7 RECEIVED AppendEntries from vehicle 0 (n_entries=0, leader_commit=2)
43466.4ms Leader 0 SENDING AppendEntries to vehicle 1 (n_entries=1, leader_commit=2)
43466.4ms Leader 0 SENDING AppendEntries to vehicle 2 (n_entries=0, leader_commit=2)
43466.4ms Leader 0 SENDING AppendEntries to vehicle 3 (n_entries=0, leader_commit=2)
43466.4ms Leader 0 SENDING AppendEntries to vehicle 4 (n_entries=3, leader_commit=2)
43466.4ms Leader 0 SENDING AppendEntries to vehicle 5 (n_entries=3, leader_commit=2)
43466.4ms Leader 0 SENDING AppendEntries to vehicle 6 (n_entries=3, leader_commit=2)
43466.4ms Leader 0 SENDING AppendEntries to vehicle 7 (n_entries=0, leader_commit=2)
43466.7ms Vehicle 2 RECEIVED AppendEntries from vehicle 0 (n_entries=0, leader_commit=2)
43467.2ms Vehicle 3 RECEIVED AppendEntries from vehicle 0 (n_entries=0, leader_commit=2)
43473.1ms Vehicle 7 RECEIVED AppendEntries from vehicle 0 (n_entries=0, leader_commit=2)
43606.4ms Leader 0 SENDING AppendEntries to vehicle 1 (n_entries=1, leader_commit=2)
43606.4ms Leader 0 SENDING AppendEntries to vehicle 2 (n_entries=0, leader_commit=2)
43606.4ms Leader 0 SENDING AppendEntries to vehicle 3 (n_entries=0, leader_commit=2)
43606.4ms Leader 0 SENDING AppendEntries to vehicle 4 (n_entries=3, leader_commit=2)
43606.4ms Leader 0 SENDING AppendEntries to vehicle 5 (n_entries=3, leader_commit=2)
43606.4ms Leader 0 SENDING AppendEntries to vehicle 6 (n_entries=3, leader_commit=2)
43606.4ms Leader 0 SENDING AppendEntries to vehicle 7 (n_entries=0, leader_commit=2)
43606.8ms Vehicle 2 RECEIVED AppendEntries from vehicle 0 (n_entries=0, leader_commit=2)
43607.3ms Vehicle 3 RECEIVED AppendEntries from vehicle 0 (n_entries=0, leader_commit=2)
43613.6ms Vehicle 7 RECEIVED AppendEntries from vehicle 0 (n_entries=0, leader_commit=2)
43746.4ms Leader 0 SENDING AppendEntries to vehicle 1 (n_entries=1, leader_commit=2)
43746.4ms Leader 0 SENDING AppendEntries to vehicle 2 (n_entries=0, leader_commit=2)
43746.4ms Leader 0 SENDING AppendEntries to vehicle 3 (n_entries=0, leader_commit=2)
43746.4ms Leader 0 SENDING AppendEntries to vehicle 4 (n_entries=3, leader_commit=2)
43746.4ms Leader 0 SENDING AppendEntries to vehicle 5 (n_entries=3, leader_commit=2)
43746.4ms Leader 0 SENDING AppendEntries to vehicle 6 (n_entries=3, leader_commit=2)
43746.4ms Leader 0 SENDING AppendEntries to vehicle 7 (n_entries=0, leader_commit=2)
43746.6ms Vehicle 2 RECEIVED AppendEntries from vehicle 0 (n_entries=0, leader_commit=2)
43746.8ms Vehicle 3 RECEIVED AppendEntries from vehicle 0 (n_entries=0, leader_commit=2)
43752.3ms Vehicle 7 RECEIVED AppendEntries from vehicle 0 (n_entries=0, leader_commit=2)
43886.4ms Leader 0 SENDING AppendEntries to vehicle 1 (n_entries=1, leader_commit=2)
43886.4ms Leader 0 SENDING AppendEntries to vehicle 2 (n_entries=0, leader_commit=2)
43886.4ms Leader 0 SENDING AppendEntries to vehicle 3 (n_entries=0, leader_commit=2)
43886.4ms Leader 0 SENDING AppendEntries to vehicle 4 (n_entries=3, leader_commit=2)
43886.4ms Leader 0 SENDING AppendEntries to vehicle 5 (n_entries=3, leader_commit=2)
43886.4ms Leader 0 SENDING AppendEntries to vehicle 6 (n_entries=3, leader_commit=2)
43886.4ms Leader 0 SENDING AppendEntries to vehicle 7 (n_entries=0, leader_commit=2)
43886.8ms Vehicle 2 RECEIVED AppendEntries from vehicle 0 (n_entries=0, leader_commit=2)
43886.9ms Vehicle 3 RECEIVED AppendEntries from vehicle 0 (n_entries=0, leader_commit=2)
43893.2ms Vehicle 7 RECEIVED AppendEntries from vehicle 0 (n_entries=0, leader_commit=2)
44026.4ms Leader 0 SENDING AppendEntries to vehicle 1 (n_entries=1, leader_commit=2)
44026.4ms Leader 0 SENDING AppendEntries to vehicle 2 (n_entries=0, leader_commit=2)
44026.4ms Leader 0 SENDING AppendEntries to vehicle 3 (n_entries=0, leader_commit=2)
44026.4ms Leader 0 SENDING AppendEntries to vehicle 4 (n_entries=3, leader_commit=2)
44026.4ms Leader 0 SENDING AppendEntries to vehicle 5 (n_entries=3, leader_commit=2)
44026.4ms Leader 0 SENDING AppendEntries to vehicle 6 (n_entries=3, leader_commit=2)
44026.4ms Leader 0 SENDING AppendEntries to vehicle 7 (n_entries=0, leader_commit=2)
44026.6ms Vehicle 2 RECEIVED AppendEntries from vehicle 0 (n_entries=0, leader_commit=2)
44027.0ms Vehicle 3 RECEIVED AppendEntries from vehicle 0 (n_entries=0, leader_commit=2)
44032.9ms Vehicle 7 RECEIVED AppendEntries from vehicle 0 (n_entries=0, leader_commit=2)
44166.4ms Leader 0 SENDING AppendEntries to vehicle 1 (n_entries=1, leader_commit=2)
44166.4ms Leader 0 SENDING AppendEntries to vehicle 2 (n_entries=0, leader_commit=2)
44166.4ms Leader 0 SENDING AppendEntries to vehicle 3 (n_entries=0, leader_commit=2)
44166.4ms Leader 0 SENDING AppendEntries to vehicle 4 (n_entries=3, leader_commit=2)
44166.4ms Leader 0 SENDING AppendEntries to vehicle 5 (n_entries=3, leader_commit=2)
44166.4ms Leader 0 SENDING AppendEntries to vehicle 6 (n_entries=3, leader_commit=2)
44166.4ms Leader 0 SENDING AppendEntries to vehicle 7 (n_entries=0, leader_commit=2)
44166.8ms Vehicle 2 RECEIVED AppendEntries from vehicle 0 (n_entries=0, leader_commit=2)
44167.2ms Vehicle 3 RECEIVED AppendEntries from vehicle 0 (n_entries=0, leader_commit=2)
44172.8ms Vehicle 7 RECEIVED AppendEntries from vehicle 0 (n_entries=0, leader_commit=2)
44306.4ms Leader 0 SENDING AppendEntries to vehicle 1 (n_entries=1, leader_commit=2)
44306.4ms Leader 0 SENDING AppendEntries to vehicle 2 (n_entries=0, leader_commit=2)
44306.4ms Leader 0 SENDING AppendEntries to vehicle 3 (n_entries=0, leader_commit=2)
44306.4ms Leader 0 SENDING AppendEntries to vehicle 4 (n_entries=3, leader_commit=2)
44306.4ms Leader 0 SENDING AppendEntries to vehicle 5 (n_entries=3, leader_commit=2)
44306.4ms Leader 0 SENDING AppendEntries to vehicle 6 (n_entries=3, leader_commit=2)
44306.4ms Leader 0 SENDING AppendEntries to vehicle 7 (n_entries=0, leader_commit=2)
44306.6ms Vehicle 2 RECEIVED AppendEntries from vehicle 0 (n_entries=0, leader_commit=2)
44307.1ms Vehicle 3 RECEIVED AppendEntries from vehicle 0 (n_entries=0, leader_commit=2)
44313.3ms Vehicle 7 RECEIVED AppendEntries from vehicle 0 (n_entries=0, leader_commit=2)
44446.4ms Leader 0 SENDING AppendEntries to vehicle 1 (n_entries=1, leader_commit=2)
44446.4ms Leader 0 SENDING AppendEntries to vehicle 2 (n_entries=0, leader_commit=2)
44446.4ms Leader 0 SENDING AppendEntries to vehicle 3 (n_entries=0, leader_commit=2)
44446.4ms Leader 0 SENDING AppendEntries to vehicle 4 (n_entries=3, leader_commit=2)
44446.4ms Leader 0 SENDING AppendEntries to vehicle 5 (n_entries=3, leader_commit=2)
44446.4ms Leader 0 SENDING AppendEntries to vehicle 6 (n_entries=3, leader_commit=2)
44446.4ms Leader 0 SENDING AppendEntries to vehicle 7 (n_entries=0, leader_commit=2)
44446.6ms Vehicle 2 RECEIVED AppendEntries from vehicle 0 (n_entries=0, leader_commit=2)
44446.8ms Vehicle 3 RECEIVED AppendEntries from vehicle 0 (n_entries=0, leader_commit=2)
44452.7ms Vehicle 7 RECEIVED AppendEntries from vehicle 0 (n_entries=0, leader_commit=2)
44586.4ms Leader 0 SENDING AppendEntries to vehicle 1 (n_entries=1, leader_commit=2)
44586.4ms Leader 0 SENDING AppendEntries to vehicle 2 (n_entries=0, leader_commit=2)
44586.4ms Leader 0 SENDING AppendEntries to vehicle 3 (n_entries=0, leader_commit=2)
44586.4ms Leader 0 SENDING AppendEntries to vehicle 4 (n_entries=3, leader_commit=2)
44586.4ms Leader 0 SENDING AppendEntries to vehicle 5 (n_entries=3, leader_commit=2)
44586.4ms Leader 0 SENDING AppendEntries to vehicle 6 (n_entries=3, leader_commit=2)
44586.4ms Leader 0 SENDING AppendEntries to vehicle 7 (n_entries=0, leader_commit=2)
44586.7ms Vehicle 2 RECEIVED AppendEntries from vehicle 0 (n_entries=0, leader_commit=2)
44587.2ms Vehicle 3 RECEIVED AppendEntries from vehicle 0 (n_entries=0, leader_commit=2)
44593.2ms Vehicle 7 RECEIVED AppendEntries from vehicle 0 (n_entries=0, leader_commit=2)
44726.4ms Leader 0 SENDING AppendEntries to vehicle 1 (n_entries=1, leader_commit=2)
44726.4ms Leader 0 SENDING AppendEntries to vehicle 2 (n_entries=0, leader_commit=2)
44726.4ms Leader 0 SENDING AppendEntries to vehicle 3 (n_entries=0, leader_commit=2)
44726.4ms Leader 0 SENDING AppendEntries to vehicle 4 (n_entries=3, leader_commit=2)
44726.4ms Leader 0 SENDING AppendEntries to vehicle 5 (n_entries=3, leader_commit=2)
44726.4ms Leader 0 SENDING AppendEntries to vehicle 6 (n_entries=3, leader_commit=2)
44726.4ms Leader 0 SENDING AppendEntries to vehicle 7 (n_entries=0, leader_commit=2)
44726.5ms Vehicle 2 RECEIVED AppendEntries from vehicle 0 (n_entries=0, leader_commit=2)
44726.7ms Vehicle 3 RECEIVED AppendEntries from vehicle 0 (n_entries=0, leader_commit=2)
44732.5ms Vehicle 7 RECEIVED AppendEntries from vehicle 0 (n_entries=0, leader_commit=2)
44866.4ms Leader 0 SENDING AppendEntries to vehicle 1 (n_entries=1, leader_commit=2)
44866.4ms Leader 0 SENDING AppendEntries to vehicle 2 (n_entries=0, leader_commit=2)
44866.4ms Leader 0 SENDING AppendEntries to vehicle 3 (n_entries=0, leader_commit=2)
44866.4ms Leader 0 SENDING AppendEntries to vehicle 4 (n_entries=3, leader_commit=2)
44866.4ms Leader 0 SENDING AppendEntries to vehicle 5 (n_entries=3, leader_commit=2)
44866.4ms Leader 0 SENDING AppendEntries to vehicle 6 (n_entries=3, leader_commit=2)
44866.4ms Leader 0 SENDING AppendEntries to vehicle 7 (n_entries=0, leader_commit=2)
44866.7ms Vehicle 2 RECEIVED AppendEntries from vehicle 0 (n_entries=0, leader_commit=2)
44866.8ms Vehicle 3 RECEIVED AppendEntries from vehicle 0 (n_entries=0, leader_commit=2)
44872.8ms Vehicle 7 RECEIVED AppendEntries from vehicle 0 (n_entries=0, leader_commit=2)
44.9 Vehicle 2 hasPassed=true (on exit edge -37551802#8)
44900.0ms Vehicle 2 LEFT intersection
44900.0ms Vehicle 2 BROADCASTING vehicle-passed
44900.0ms Vehicle 2 sending vehicle-left (isLeader=0, myBatch=1)
44900.1ms Vehicle 3 RECEIVED vehicle-passed from vehicle 2
44900.1ms Vehicle 3 front vehicle passed — advancing to stop position (chain)
44900.1ms Vehicle 7 RECEIVED vehicle-passed from vehicle 2
44900.1ms Vehicle 0 RECEIVED vehicle-passed from vehicle 2
44900.2ms Vehicle 3 RECEIVED vehicle-left from vehicle 2
44900.2ms Vehicle 7 RECEIVED vehicle-left from vehicle 2
44900.2ms Vehicle 0 RECEIVED vehicle-left from vehicle 2
44900.2ms Leader 0 proposing VEHICLE_LEFT for vehicle 2 (batch=1)
44900.2ms Vehicle 0 doLogOffer entry #4 (len=9)
44900.2ms Leader 0 SENDING AppendEntries to vehicle 3 (n_entries=1, leader_commit=2)
44900.2ms Leader 0 SENDING AppendEntries to vehicle 7 (n_entries=1, leader_commit=2)
44900.6ms Vehicle 3 RECEIVED AppendEntries from vehicle 0 (n_entries=1, leader_commit=2)
44900.6ms Vehicle 3 doLogOffer entry #4 (len=9)
44900.8ms Vehicle 7 RECEIVED AppendEntries from vehicle 0 (n_entries=1, leader_commit=2)
44900.8ms Vehicle 7 doLogOffer entry #4 (len=9)
45006.4ms Leader 0 SENDING AppendEntries to vehicle 1 (n_entries=2, leader_commit=2)
45006.4ms Leader 0 SENDING AppendEntries to vehicle 3 (n_entries=0, leader_commit=2)
45006.4ms Leader 0 SENDING AppendEntries to vehicle 4 (n_entries=4, leader_commit=2)
45006.4ms Leader 0 SENDING AppendEntries to vehicle 5 (n_entries=4, leader_commit=2)
45006.4ms Leader 0 SENDING AppendEntries to vehicle 6 (n_entries=4, leader_commit=2)
45006.4ms Leader 0 SENDING AppendEntries to vehicle 7 (n_entries=0, leader_commit=2)
45006.8ms Vehicle 3 RECEIVED AppendEntries from vehicle 0 (n_entries=0, leader_commit=2)
45012.6ms Vehicle 7 RECEIVED AppendEntries from vehicle 0 (n_entries=0, leader_commit=2)
45146.4ms Leader 0 SENDING AppendEntries to vehicle 1 (n_entries=2, leader_commit=2)
45146.4ms Leader 0 SENDING AppendEntries to vehicle 3 (n_entries=0, leader_commit=2)
45146.4ms Leader 0 SENDING AppendEntries to vehicle 4 (n_entries=4, leader_commit=2)
45146.4ms Leader 0 SENDING AppendEntries to vehicle 5 (n_entries=4, leader_commit=2)
45146.4ms Leader 0 SENDING AppendEntries to vehicle 6 (n_entries=4, leader_commit=2)
45146.4ms Leader 0 SENDING AppendEntries to vehicle 7 (n_entries=0, leader_commit=2)
45146.7ms Vehicle 3 RECEIVED AppendEntries from vehicle 0 (n_entries=0, leader_commit=2)
45152.2ms Vehicle 7 RECEIVED AppendEntries from vehicle 0 (n_entries=0, leader_commit=2)
45286.4ms Leader 0 SENDING AppendEntries to vehicle 1 (n_entries=2, leader_commit=2)
45286.4ms Leader 0 SENDING AppendEntries to vehicle 3 (n_entries=0, leader_commit=2)
45286.4ms Leader 0 SENDING AppendEntries to vehicle 4 (n_entries=4, leader_commit=2)
45286.4ms Leader 0 SENDING AppendEntries to vehicle 5 (n_entries=4, leader_commit=2)
45286.4ms Leader 0 SENDING AppendEntries to vehicle 6 (n_entries=4, leader_commit=2)
45286.4ms Leader 0 SENDING AppendEntries to vehicle 7 (n_entries=0, leader_commit=2)
45286.8ms Vehicle 3 RECEIVED AppendEntries from vehicle 0 (n_entries=0, leader_commit=2)
45292.2ms Vehicle 7 RECEIVED AppendEntries from vehicle 0 (n_entries=0, leader_commit=2)
45426.4ms Leader 0 SENDING AppendEntries to vehicle 1 (n_entries=2, leader_commit=2)
45426.4ms Leader 0 SENDING AppendEntries to vehicle 3 (n_entries=0, leader_commit=2)
45426.4ms Leader 0 SENDING AppendEntries to vehicle 4 (n_entries=4, leader_commit=2)
45426.4ms Leader 0 SENDING AppendEntries to vehicle 5 (n_entries=4, leader_commit=2)
45426.4ms Leader 0 SENDING AppendEntries to vehicle 6 (n_entries=4, leader_commit=2)
45426.4ms Leader 0 SENDING AppendEntries to vehicle 7 (n_entries=0, leader_commit=2)
45426.8ms Vehicle 3 RECEIVED AppendEntries from vehicle 0 (n_entries=0, leader_commit=2)
45432.6ms Vehicle 7 RECEIVED AppendEntries from vehicle 0 (n_entries=0, leader_commit=2)
45566.4ms Leader 0 SENDING AppendEntries to vehicle 1 (n_entries=2, leader_commit=2)
45566.4ms Leader 0 SENDING AppendEntries to vehicle 3 (n_entries=0, leader_commit=2)
45566.4ms Leader 0 SENDING AppendEntries to vehicle 4 (n_entries=4, leader_commit=2)
45566.4ms Leader 0 SENDING AppendEntries to vehicle 5 (n_entries=4, leader_commit=2)
45566.4ms Leader 0 SENDING AppendEntries to vehicle 6 (n_entries=4, leader_commit=2)
45566.4ms Leader 0 SENDING AppendEntries to vehicle 7 (n_entries=0, leader_commit=2)
45566.7ms Vehicle 3 RECEIVED AppendEntries from vehicle 0 (n_entries=0, leader_commit=2)
45572.5ms Vehicle 7 RECEIVED AppendEntries from vehicle 0 (n_entries=0, leader_commit=2)
45706.4ms Leader 0 SENDING AppendEntries to vehicle 1 (n_entries=2, leader_commit=2)
45706.4ms Leader 0 SENDING AppendEntries to vehicle 3 (n_entries=0, leader_commit=2)
45706.4ms Leader 0 SENDING AppendEntries to vehicle 4 (n_entries=4, leader_commit=2)
45706.4ms Leader 0 SENDING AppendEntries to vehicle 5 (n_entries=4, leader_commit=2)
45706.4ms Leader 0 SENDING AppendEntries to vehicle 6 (n_entries=4, leader_commit=2)
45706.4ms Leader 0 SENDING AppendEntries to vehicle 7 (n_entries=0, leader_commit=2)
45706.8ms Vehicle 3 RECEIVED AppendEntries from vehicle 0 (n_entries=0, leader_commit=2)
45712.8ms Vehicle 7 RECEIVED AppendEntries from vehicle 0 (n_entries=0, leader_commit=2)
45846.4ms Leader 0 SENDING AppendEntries to vehicle 1 (n_entries=2, leader_commit=2)
45846.4ms Leader 0 SENDING AppendEntries to vehicle 3 (n_entries=0, leader_commit=2)
45846.4ms Leader 0 SENDING AppendEntries to vehicle 4 (n_entries=4, leader_commit=2)
45846.4ms Leader 0 SENDING AppendEntries to vehicle 5 (n_entries=4, leader_commit=2)
45846.4ms Leader 0 SENDING AppendEntries to vehicle 6 (n_entries=4, leader_commit=2)
45846.4ms Leader 0 SENDING AppendEntries to vehicle 7 (n_entries=0, leader_commit=2)
45846.7ms Vehicle 3 RECEIVED AppendEntries from vehicle 0 (n_entries=0, leader_commit=2)
45852.4ms Vehicle 7 RECEIVED AppendEntries from vehicle 0 (n_entries=0, leader_commit=2)
45986.4ms Leader 0 SENDING AppendEntries to vehicle 1 (n_entries=2, leader_commit=2)
45986.4ms Leader 0 SENDING AppendEntries to vehicle 3 (n_entries=0, leader_commit=2)
45986.4ms Leader 0 SENDING AppendEntries to vehicle 4 (n_entries=4, leader_commit=2)
45986.4ms Leader 0 SENDING AppendEntries to vehicle 5 (n_entries=4, leader_commit=2)
45986.4ms Leader 0 SENDING AppendEntries to vehicle 6 (n_entries=4, leader_commit=2)
45986.4ms Leader 0 SENDING AppendEntries to vehicle 7 (n_entries=0, leader_commit=2)
45986.6ms Vehicle 3 RECEIVED AppendEntries from vehicle 0 (n_entries=0, leader_commit=2)
45992.7ms Vehicle 7 RECEIVED AppendEntries from vehicle 0 (n_entries=0, leader_commit=2)
46126.4ms Leader 0 SENDING AppendEntries to vehicle 1 (n_entries=2, leader_commit=2)
46126.4ms Leader 0 SENDING AppendEntries to vehicle 3 (n_entries=0, leader_commit=2)
46126.4ms Leader 0 SENDING AppendEntries to vehicle 4 (n_entries=4, leader_commit=2)
46126.4ms Leader 0 SENDING AppendEntries to vehicle 5 (n_entries=4, leader_commit=2)
46126.4ms Leader 0 SENDING AppendEntries to vehicle 6 (n_entries=4, leader_commit=2)
46126.4ms Leader 0 SENDING AppendEntries to vehicle 7 (n_entries=0, leader_commit=2)
46126.5ms Vehicle 3 RECEIVED AppendEntries from vehicle 0 (n_entries=0, leader_commit=2)
46132.6ms Vehicle 7 RECEIVED AppendEntries from vehicle 0 (n_entries=0, leader_commit=2)
46266.4ms Leader 0 SENDING AppendEntries to vehicle 1 (n_entries=2, leader_commit=2)
46266.4ms Leader 0 SENDING AppendEntries to vehicle 3 (n_entries=0, leader_commit=2)
46266.4ms Leader 0 SENDING AppendEntries to vehicle 4 (n_entries=4, leader_commit=2)
46266.4ms Leader 0 SENDING AppendEntries to vehicle 5 (n_entries=4, leader_commit=2)
46266.4ms Leader 0 SENDING AppendEntries to vehicle 6 (n_entries=4, leader_commit=2)
46266.4ms Leader 0 SENDING AppendEntries to vehicle 7 (n_entries=0, leader_commit=2)
46266.7ms Vehicle 3 RECEIVED AppendEntries from vehicle 0 (n_entries=0, leader_commit=2)
46272.5ms Vehicle 7 RECEIVED AppendEntries from vehicle 0 (n_entries=0, leader_commit=2)
46406.4ms Leader 0 SENDING AppendEntries to vehicle 1 (n_entries=2, leader_commit=2)
46406.4ms Leader 0 SENDING AppendEntries to vehicle 3 (n_entries=0, leader_commit=2)
46406.4ms Leader 0 SENDING AppendEntries to vehicle 4 (n_entries=4, leader_commit=2)
46406.4ms Leader 0 SENDING AppendEntries to vehicle 5 (n_entries=4, leader_commit=2)
46406.4ms Leader 0 SENDING AppendEntries to vehicle 6 (n_entries=4, leader_commit=2)
46406.4ms Leader 0 SENDING AppendEntries to vehicle 7 (n_entries=0, leader_commit=2)
46406.7ms Vehicle 3 RECEIVED AppendEntries from vehicle 0 (n_entries=0, leader_commit=2)
46412.4ms Vehicle 7 RECEIVED AppendEntries from vehicle 0 (n_entries=0, leader_commit=2)
46546.4ms Leader 0 SENDING AppendEntries to vehicle 1 (n_entries=2, leader_commit=2)
46546.4ms Leader 0 SENDING AppendEntries to vehicle 3 (n_entries=0, leader_commit=2)
46546.4ms Leader 0 SENDING AppendEntries to vehicle 4 (n_entries=4, leader_commit=2)
46546.4ms Leader 0 SENDING AppendEntries to vehicle 5 (n_entries=4, leader_commit=2)
46546.4ms Leader 0 SENDING AppendEntries to vehicle 6 (n_entries=4, leader_commit=2)
46546.4ms Leader 0 SENDING AppendEntries to vehicle 7 (n_entries=0, leader_commit=2)
46546.7ms Vehicle 3 RECEIVED AppendEntries from vehicle 0 (n_entries=0, leader_commit=2)
46686.4ms Leader 0 SENDING AppendEntries to vehicle 1 (n_entries=2, leader_commit=2)
46686.4ms Leader 0 SENDING AppendEntries to vehicle 3 (n_entries=0, leader_commit=2)
46686.4ms Leader 0 SENDING AppendEntries to vehicle 4 (n_entries=4, leader_commit=2)
46686.4ms Leader 0 SENDING AppendEntries to vehicle 5 (n_entries=4, leader_commit=2)
46686.4ms Leader 0 SENDING AppendEntries to vehicle 6 (n_entries=4, leader_commit=2)
46686.4ms Leader 0 SENDING AppendEntries to vehicle 7 (n_entries=0, leader_commit=2)
46686.7ms Vehicle 3 RECEIVED AppendEntries from vehicle 0 (n_entries=0, leader_commit=2)
46692.6ms Vehicle 7 RECEIVED AppendEntries from vehicle 0 (n_entries=0, leader_commit=2)
46826.4ms Leader 0 SENDING AppendEntries to vehicle 1 (n_entries=2, leader_commit=2)
46826.4ms Leader 0 SENDING AppendEntries to vehicle 3 (n_entries=0, leader_commit=2)
46826.4ms Leader 0 SENDING AppendEntries to vehicle 4 (n_entries=4, leader_commit=2)
46826.4ms Leader 0 SENDING AppendEntries to vehicle 5 (n_entries=4, leader_commit=2)
46826.4ms Leader 0 SENDING AppendEntries to vehicle 6 (n_entries=4, leader_commit=2)
46826.4ms Leader 0 SENDING AppendEntries to vehicle 7 (n_entries=0, leader_commit=2)
46826.6ms Vehicle 3 RECEIVED AppendEntries from vehicle 0 (n_entries=0, leader_commit=2)
46832.6ms Vehicle 7 RECEIVED AppendEntries from vehicle 0 (n_entries=0, leader_commit=2)
46966.4ms Leader 0 SENDING AppendEntries to vehicle 1 (n_entries=2, leader_commit=2)
46966.4ms Leader 0 SENDING AppendEntries to vehicle 3 (n_entries=0, leader_commit=2)
46966.4ms Leader 0 SENDING AppendEntries to vehicle 4 (n_entries=4, leader_commit=2)
46966.4ms Leader 0 SENDING AppendEntries to vehicle 5 (n_entries=4, leader_commit=2)
46966.4ms Leader 0 SENDING AppendEntries to vehicle 6 (n_entries=4, leader_commit=2)
46966.4ms Leader 0 SENDING AppendEntries to vehicle 7 (n_entries=0, leader_commit=2)
46966.8ms Vehicle 3 RECEIVED AppendEntries from vehicle 0 (n_entries=0, leader_commit=2)
47106.4ms Leader 0 SENDING AppendEntries to vehicle 1 (n_entries=2, leader_commit=2)
47106.4ms Leader 0 SENDING AppendEntries to vehicle 3 (n_entries=0, leader_commit=2)
47106.4ms Leader 0 SENDING AppendEntries to vehicle 4 (n_entries=4, leader_commit=2)
47106.4ms Leader 0 SENDING AppendEntries to vehicle 5 (n_entries=4, leader_commit=2)
47106.4ms Leader 0 SENDING AppendEntries to vehicle 6 (n_entries=4, leader_commit=2)
47106.4ms Leader 0 SENDING AppendEntries to vehicle 7 (n_entries=0, leader_commit=2)
47113.0ms Vehicle 7 RECEIVED AppendEntries from vehicle 0 (n_entries=0, leader_commit=2)
47246.4ms Leader 0 SENDING AppendEntries to vehicle 1 (n_entries=2, leader_commit=2)
47246.4ms Leader 0 SENDING AppendEntries to vehicle 3 (n_entries=0, leader_commit=2)
47246.4ms Leader 0 SENDING AppendEntries to vehicle 4 (n_entries=4, leader_commit=2)
47246.4ms Leader 0 SENDING AppendEntries to vehicle 5 (n_entries=4, leader_commit=2)
47246.4ms Leader 0 SENDING AppendEntries to vehicle 6 (n_entries=4, leader_commit=2)
47246.4ms Leader 0 SENDING AppendEntries to vehicle 7 (n_entries=0, leader_commit=2)
47246.7ms Vehicle 3 RECEIVED AppendEntries from vehicle 0 (n_entries=0, leader_commit=2)
47252.5ms Vehicle 7 RECEIVED AppendEntries from vehicle 0 (n_entries=0, leader_commit=2)
47386.4ms Leader 0 SENDING AppendEntries to vehicle 1 (n_entries=2, leader_commit=2)
47386.4ms Leader 0 SENDING AppendEntries to vehicle 3 (n_entries=0, leader_commit=2)
47386.4ms Leader 0 SENDING AppendEntries to vehicle 4 (n_entries=4, leader_commit=2)
47386.4ms Leader 0 SENDING AppendEntries to vehicle 5 (n_entries=4, leader_commit=2)
47386.4ms Leader 0 SENDING AppendEntries to vehicle 6 (n_entries=4, leader_commit=2)
47386.4ms Leader 0 SENDING AppendEntries to vehicle 7 (n_entries=0, leader_commit=2)
47386.8ms Vehicle 3 RECEIVED AppendEntries from vehicle 0 (n_entries=0, leader_commit=2)
47392.8ms Vehicle 7 RECEIVED AppendEntries from vehicle 0 (n_entries=0, leader_commit=2)
47526.4ms Leader 0 SENDING AppendEntries to vehicle 1 (n_entries=2, leader_commit=2)
47526.4ms Leader 0 SENDING AppendEntries to vehicle 3 (n_entries=0, leader_commit=2)
47526.4ms Leader 0 SENDING AppendEntries to vehicle 4 (n_entries=4, leader_commit=2)
47526.4ms Leader 0 SENDING AppendEntries to vehicle 5 (n_entries=4, leader_commit=2)
47526.4ms Leader 0 SENDING AppendEntries to vehicle 6 (n_entries=4, leader_commit=2)
47526.4ms Leader 0 SENDING AppendEntries to vehicle 7 (n_entries=0, leader_commit=2)
47526.6ms Vehicle 3 RECEIVED AppendEntries from vehicle 0 (n_entries=0, leader_commit=2)
47532.7ms Vehicle 7 RECEIVED AppendEntries from vehicle 0 (n_entries=0, leader_commit=2)
47666.4ms Leader 0 SENDING AppendEntries to vehicle 1 (n_entries=2, leader_commit=2)
47666.4ms Leader 0 SENDING AppendEntries to vehicle 3 (n_entries=0, leader_commit=2)
47666.4ms Leader 0 SENDING AppendEntries to vehicle 4 (n_entries=4, leader_commit=2)
47666.4ms Leader 0 SENDING AppendEntries to vehicle 5 (n_entries=4, leader_commit=2)
47666.4ms Leader 0 SENDING AppendEntries to vehicle 6 (n_entries=4, leader_commit=2)
47666.4ms Leader 0 SENDING AppendEntries to vehicle 7 (n_entries=0, leader_commit=2)
47666.8ms Vehicle 3 RECEIVED AppendEntries from vehicle 0 (n_entries=0, leader_commit=2)
47806.4ms Leader 0 SENDING AppendEntries to vehicle 1 (n_entries=2, leader_commit=2)
47806.4ms Leader 0 SENDING AppendEntries to vehicle 3 (n_entries=0, leader_commit=2)
47806.4ms Leader 0 SENDING AppendEntries to vehicle 4 (n_entries=4, leader_commit=2)
47806.4ms Leader 0 SENDING AppendEntries to vehicle 5 (n_entries=4, leader_commit=2)
47806.4ms Leader 0 SENDING AppendEntries to vehicle 6 (n_entries=4, leader_commit=2)
47806.4ms Leader 0 SENDING AppendEntries to vehicle 7 (n_entries=0, leader_commit=2)
47806.6ms Vehicle 3 RECEIVED AppendEntries from vehicle 0 (n_entries=0, leader_commit=2)
47812.2ms Vehicle 7 RECEIVED AppendEntries from vehicle 0 (n_entries=0, leader_commit=2)
47946.4ms Leader 0 SENDING AppendEntries to vehicle 1 (n_entries=2, leader_commit=2)
47946.4ms Leader 0 SENDING AppendEntries to vehicle 3 (n_entries=0, leader_commit=2)
47946.4ms Leader 0 SENDING AppendEntries to vehicle 4 (n_entries=4, leader_commit=2)
47946.4ms Leader 0 SENDING AppendEntries to vehicle 5 (n_entries=4, leader_commit=2)
47946.4ms Leader 0 SENDING AppendEntries to vehicle 6 (n_entries=4, leader_commit=2)
47946.4ms Leader 0 SENDING AppendEntries to vehicle 7 (n_entries=0, leader_commit=2)
47946.5ms Vehicle 3 RECEIVED AppendEntries from vehicle 0 (n_entries=0, leader_commit=2)
48086.4ms Leader 0 SENDING AppendEntries to vehicle 1 (n_entries=2, leader_commit=2)
48086.4ms Leader 0 SENDING AppendEntries to vehicle 3 (n_entries=0, leader_commit=2)
48086.4ms Leader 0 SENDING AppendEntries to vehicle 4 (n_entries=4, leader_commit=2)
48086.4ms Leader 0 SENDING AppendEntries to vehicle 5 (n_entries=4, leader_commit=2)
48086.4ms Leader 0 SENDING AppendEntries to vehicle 6 (n_entries=4, leader_commit=2)
48086.4ms Leader 0 SENDING AppendEntries to vehicle 7 (n_entries=0, leader_commit=2)
48086.7ms Vehicle 3 RECEIVED AppendEntries from vehicle 0 (n_entries=0, leader_commit=2)
48092.1ms Vehicle 7 RECEIVED AppendEntries from vehicle 0 (n_entries=0, leader_commit=2)
48226.4ms Leader 0 SENDING AppendEntries to vehicle 1 (n_entries=2, leader_commit=2)
48226.4ms Leader 0 SENDING AppendEntries to vehicle 3 (n_entries=0, leader_commit=2)
48226.4ms Leader 0 SENDING AppendEntries to vehicle 4 (n_entries=4, leader_commit=2)
48226.4ms Leader 0 SENDING AppendEntries to vehicle 5 (n_entries=4, leader_commit=2)
48226.4ms Leader 0 SENDING AppendEntries to vehicle 6 (n_entries=4, leader_commit=2)
48226.4ms Leader 0 SENDING AppendEntries to vehicle 7 (n_entries=0, leader_commit=2)
48232.6ms Vehicle 7 RECEIVED AppendEntries from vehicle 0 (n_entries=0, leader_commit=2)
48366.4ms Leader 0 SENDING AppendEntries to vehicle 1 (n_entries=2, leader_commit=2)
48366.4ms Leader 0 SENDING AppendEntries to vehicle 3 (n_entries=0, leader_commit=2)
48366.4ms Leader 0 SENDING AppendEntries to vehicle 4 (n_entries=4, leader_commit=2)
48366.4ms Leader 0 SENDING AppendEntries to vehicle 5 (n_entries=4, leader_commit=2)
48366.4ms Leader 0 SENDING AppendEntries to vehicle 6 (n_entries=4, leader_commit=2)
48366.4ms Leader 0 SENDING AppendEntries to vehicle 7 (n_entries=0, leader_commit=2)
48366.8ms Vehicle 3 RECEIVED AppendEntries from vehicle 0 (n_entries=0, leader_commit=2)
48372.5ms Vehicle 7 RECEIVED AppendEntries from vehicle 0 (n_entries=0, leader_commit=2)
48506.4ms Leader 0 SENDING AppendEntries to vehicle 1 (n_entries=2, leader_commit=2)
48506.4ms Leader 0 SENDING AppendEntries to vehicle 3 (n_entries=0, leader_commit=2)
48506.4ms Leader 0 SENDING AppendEntries to vehicle 4 (n_entries=4, leader_commit=2)
48506.4ms Leader 0 SENDING AppendEntries to vehicle 5 (n_entries=4, leader_commit=2)
48506.4ms Leader 0 SENDING AppendEntries to vehicle 6 (n_entries=4, leader_commit=2)
48506.4ms Leader 0 SENDING AppendEntries to vehicle 7 (n_entries=0, leader_commit=2)
48506.7ms Vehicle 3 RECEIVED AppendEntries from vehicle 0 (n_entries=0, leader_commit=2)
48512.7ms Vehicle 7 RECEIVED AppendEntries from vehicle 0 (n_entries=0, leader_commit=2)
48646.4ms Leader 0 SENDING AppendEntries to vehicle 1 (n_entries=2, leader_commit=2)
48646.4ms Leader 0 SENDING AppendEntries to vehicle 3 (n_entries=0, leader_commit=2)
48646.4ms Leader 0 SENDING AppendEntries to vehicle 4 (n_entries=4, leader_commit=2)
48646.4ms Leader 0 SENDING AppendEntries to vehicle 5 (n_entries=4, leader_commit=2)
48646.4ms Leader 0 SENDING AppendEntries to vehicle 6 (n_entries=4, leader_commit=2)
48646.4ms Leader 0 SENDING AppendEntries to vehicle 7 (n_entries=0, leader_commit=2)
48646.6ms Vehicle 3 RECEIVED AppendEntries from vehicle 0 (n_entries=0, leader_commit=2)
48652.5ms Vehicle 7 RECEIVED AppendEntries from vehicle 0 (n_entries=0, leader_commit=2)
48786.4ms Leader 0 SENDING AppendEntries to vehicle 1 (n_entries=2, leader_commit=2)
48786.4ms Leader 0 SENDING AppendEntries to vehicle 3 (n_entries=0, leader_commit=2)
48786.4ms Leader 0 SENDING AppendEntries to vehicle 4 (n_entries=4, leader_commit=2)
48786.4ms Leader 0 SENDING AppendEntries to vehicle 5 (n_entries=4, leader_commit=2)
48786.4ms Leader 0 SENDING AppendEntries to vehicle 6 (n_entries=4, leader_commit=2)
48786.4ms Leader 0 SENDING AppendEntries to vehicle 7 (n_entries=0, leader_commit=2)
48786.6ms Vehicle 3 RECEIVED AppendEntries from vehicle 0 (n_entries=0, leader_commit=2)
48792.7ms Vehicle 7 RECEIVED AppendEntries from vehicle 0 (n_entries=0, leader_commit=2)
48926.4ms Leader 0 SENDING AppendEntries to vehicle 1 (n_entries=2, leader_commit=2)
48926.4ms Leader 0 SENDING AppendEntries to vehicle 3 (n_entries=0, leader_commit=2)
48926.4ms Leader 0 SENDING AppendEntries to vehicle 4 (n_entries=4, leader_commit=2)
48926.4ms Leader 0 SENDING AppendEntries to vehicle 5 (n_entries=4, leader_commit=2)
48926.4ms Leader 0 SENDING AppendEntries to vehicle 6 (n_entries=4, leader_commit=2)
48926.4ms Leader 0 SENDING AppendEntries to vehicle 7 (n_entries=0, leader_commit=2)
48926.7ms Vehicle 3 RECEIVED AppendEntries from vehicle 0 (n_entries=0, leader_commit=2)
48932.4ms Vehicle 7 RECEIVED AppendEntries from vehicle 0 (n_entries=0, leader_commit=2)
49066.4ms Leader 0 SENDING AppendEntries to vehicle 1 (n_entries=2, leader_commit=2)
49066.4ms Leader 0 SENDING AppendEntries to vehicle 3 (n_entries=0, leader_commit=2)
49066.4ms Leader 0 SENDING AppendEntries to vehicle 4 (n_entries=4, leader_commit=2)
49066.4ms Leader 0 SENDING AppendEntries to vehicle 5 (n_entries=4, leader_commit=2)
49066.4ms Leader 0 SENDING AppendEntries to vehicle 6 (n_entries=4, leader_commit=2)
49066.4ms Leader 0 SENDING AppendEntries to vehicle 7 (n_entries=0, leader_commit=2)
49066.5ms Vehicle 3 RECEIVED AppendEntries from vehicle 0 (n_entries=0, leader_commit=2)
49206.4ms Leader 0 SENDING AppendEntries to vehicle 1 (n_entries=2, leader_commit=2)
49206.4ms Leader 0 SENDING AppendEntries to vehicle 3 (n_entries=0, leader_commit=2)
49206.4ms Leader 0 SENDING AppendEntries to vehicle 4 (n_entries=4, leader_commit=2)
49206.4ms Leader 0 SENDING AppendEntries to vehicle 5 (n_entries=4, leader_commit=2)
49206.4ms Leader 0 SENDING AppendEntries to vehicle 6 (n_entries=4, leader_commit=2)
49206.4ms Leader 0 SENDING AppendEntries to vehicle 7 (n_entries=0, leader_commit=2)
49212.4ms Vehicle 7 RECEIVED AppendEntries from vehicle 0 (n_entries=0, leader_commit=2)
49346.4ms Leader 0 SENDING AppendEntries to vehicle 1 (n_entries=2, leader_commit=2)
49346.4ms Leader 0 SENDING AppendEntries to vehicle 3 (n_entries=0, leader_commit=2)
49346.4ms Leader 0 SENDING AppendEntries to vehicle 4 (n_entries=4, leader_commit=2)
49346.4ms Leader 0 SENDING AppendEntries to vehicle 5 (n_entries=4, leader_commit=2)
49346.4ms Leader 0 SENDING AppendEntries to vehicle 6 (n_entries=4, leader_commit=2)
49346.4ms Leader 0 SENDING AppendEntries to vehicle 7 (n_entries=0, leader_commit=2)
49346.8ms Vehicle 3 RECEIVED AppendEntries from vehicle 0 (n_entries=0, leader_commit=2)
49352.4ms Vehicle 7 RECEIVED AppendEntries from vehicle 0 (n_entries=0, leader_commit=2)
49486.4ms Leader 0 SENDING AppendEntries to vehicle 1 (n_entries=2, leader_commit=2)
49486.4ms Leader 0 SENDING AppendEntries to vehicle 3 (n_entries=0, leader_commit=2)
49486.4ms Leader 0 SENDING AppendEntries to vehicle 4 (n_entries=4, leader_commit=2)
49486.4ms Leader 0 SENDING AppendEntries to vehicle 5 (n_entries=4, leader_commit=2)
49486.4ms Leader 0 SENDING AppendEntries to vehicle 6 (n_entries=4, leader_commit=2)
49486.4ms Leader 0 SENDING AppendEntries to vehicle 7 (n_entries=0, leader_commit=2)
49486.6ms Vehicle 3 RECEIVED AppendEntries from vehicle 0 (n_entries=0, leader_commit=2)
49492.6ms Vehicle 7 RECEIVED AppendEntries from vehicle 0 (n_entries=0, leader_commit=2)
49626.4ms Leader 0 SENDING AppendEntries to vehicle 1 (n_entries=2, leader_commit=2)
49626.4ms Leader 0 SENDING AppendEntries to vehicle 3 (n_entries=0, leader_commit=2)
49626.4ms Leader 0 SENDING AppendEntries to vehicle 4 (n_entries=4, leader_commit=2)
49626.4ms Leader 0 SENDING AppendEntries to vehicle 5 (n_entries=4, leader_commit=2)
49626.4ms Leader 0 SENDING AppendEntries to vehicle 6 (n_entries=4, leader_commit=2)
49626.4ms Leader 0 SENDING AppendEntries to vehicle 7 (n_entries=0, leader_commit=2)
49626.7ms Vehicle 3 RECEIVED AppendEntries from vehicle 0 (n_entries=0, leader_commit=2)
49633.0ms Vehicle 7 RECEIVED AppendEntries from vehicle 0 (n_entries=0, leader_commit=2)
49766.4ms Leader 0 SENDING AppendEntries to vehicle 1 (n_entries=2, leader_commit=2)
49766.4ms Leader 0 SENDING AppendEntries to vehicle 3 (n_entries=0, leader_commit=2)
49766.4ms Leader 0 SENDING AppendEntries to vehicle 4 (n_entries=4, leader_commit=2)
49766.4ms Leader 0 SENDING AppendEntries to vehicle 5 (n_entries=4, leader_commit=2)
49766.4ms Leader 0 SENDING AppendEntries to vehicle 6 (n_entries=4, leader_commit=2)
49766.4ms Leader 0 SENDING AppendEntries to vehicle 7 (n_entries=0, leader_commit=2)
49766.7ms Vehicle 3 RECEIVED AppendEntries from vehicle 0 (n_entries=0, leader_commit=2)
49772.7ms Vehicle 7 RECEIVED AppendEntries from vehicle 0 (n_entries=0, leader_commit=2)
49906.4ms Leader 0 SENDING AppendEntries to vehicle 1 (n_entries=2, leader_commit=2)
49906.4ms Leader 0 SENDING AppendEntries to vehicle 3 (n_entries=0, leader_commit=2)
49906.4ms Leader 0 SENDING AppendEntries to vehicle 4 (n_entries=4, leader_commit=2)
49906.4ms Leader 0 SENDING AppendEntries to vehicle 5 (n_entries=4, leader_commit=2)
49906.4ms Leader 0 SENDING AppendEntries to vehicle 6 (n_entries=4, leader_commit=2)
49906.4ms Leader 0 SENDING AppendEntries to vehicle 7 (n_entries=0, leader_commit=2)
49906.8ms Vehicle 3 RECEIVED AppendEntries from vehicle 0 (n_entries=0, leader_commit=2)
49912.6ms Vehicle 7 RECEIVED AppendEntries from vehicle 0 (n_entries=0, leader_commit=2)
50046.4ms Leader 0 SENDING AppendEntries to vehicle 1 (n_entries=2, leader_commit=2)
50046.4ms Leader 0 SENDING AppendEntries to vehicle 3 (n_entries=0, leader_commit=2)
50046.4ms Leader 0 SENDING AppendEntries to vehicle 4 (n_entries=4, leader_commit=2)
50046.4ms Leader 0 SENDING AppendEntries to vehicle 5 (n_entries=4, leader_commit=2)
50046.4ms Leader 0 SENDING AppendEntries to vehicle 6 (n_entries=4, leader_commit=2)
50046.4ms Leader 0 SENDING AppendEntries to vehicle 7 (n_entries=0, leader_commit=2)
50046.8ms Vehicle 3 RECEIVED AppendEntries from vehicle 0 (n_entries=0, leader_commit=2)
50052.5ms Vehicle 7 RECEIVED AppendEntries from vehicle 0 (n_entries=0, leader_commit=2)
50186.4ms Leader 0 SENDING AppendEntries to vehicle 1 (n_entries=2, leader_commit=2)
50186.4ms Leader 0 SENDING AppendEntries to vehicle 3 (n_entries=0, leader_commit=2)
50186.4ms Leader 0 SENDING AppendEntries to vehicle 4 (n_entries=4, leader_commit=2)
50186.4ms Leader 0 SENDING AppendEntries to vehicle 5 (n_entries=4, leader_commit=2)
50186.4ms Leader 0 SENDING AppendEntries to vehicle 6 (n_entries=4, leader_commit=2)
50186.4ms Leader 0 SENDING AppendEntries to vehicle 7 (n_entries=0, leader_commit=2)
50186.6ms Vehicle 3 RECEIVED AppendEntries from vehicle 0 (n_entries=0, leader_commit=2)
50191.8ms Vehicle 7 RECEIVED AppendEntries from vehicle 0 (n_entries=0, leader_commit=2)
50326.4ms Leader 0 SENDING AppendEntries to vehicle 1 (n_entries=2, leader_commit=2)
50326.4ms Leader 0 SENDING AppendEntries to vehicle 3 (n_entries=0, leader_commit=2)
50326.4ms Leader 0 SENDING AppendEntries to vehicle 4 (n_entries=4, leader_commit=2)
50326.4ms Leader 0 SENDING AppendEntries to vehicle 5 (n_entries=4, leader_commit=2)
50326.4ms Leader 0 SENDING AppendEntries to vehicle 6 (n_entries=4, leader_commit=2)
50326.4ms Leader 0 SENDING AppendEntries to vehicle 7 (n_entries=0, leader_commit=2)
50326.8ms Vehicle 3 RECEIVED AppendEntries from vehicle 0 (n_entries=0, leader_commit=2)
50332.5ms Vehicle 7 RECEIVED AppendEntries from vehicle 0 (n_entries=0, leader_commit=2)
50466.4ms Leader 0 SENDING AppendEntries to vehicle 1 (n_entries=2, leader_commit=2)
50466.4ms Leader 0 SENDING AppendEntries to vehicle 3 (n_entries=0, leader_commit=2)
50466.4ms Leader 0 SENDING AppendEntries to vehicle 4 (n_entries=4, leader_commit=2)
50466.4ms Leader 0 SENDING AppendEntries to vehicle 5 (n_entries=4, leader_commit=2)
50466.4ms Leader 0 SENDING AppendEntries to vehicle 6 (n_entries=4, leader_commit=2)
50466.4ms Leader 0 SENDING AppendEntries to vehicle 7 (n_entries=0, leader_commit=2)
50466.6ms Vehicle 3 RECEIVED AppendEntries from vehicle 0 (n_entries=0, leader_commit=2)
50471.9ms Vehicle 7 RECEIVED AppendEntries from vehicle 0 (n_entries=0, leader_commit=2)
50606.4ms Leader 0 SENDING AppendEntries to vehicle 1 (n_entries=2, leader_commit=2)
50606.4ms Leader 0 SENDING AppendEntries to vehicle 3 (n_entries=0, leader_commit=2)
50606.4ms Leader 0 SENDING AppendEntries to vehicle 4 (n_entries=4, leader_commit=2)
50606.4ms Leader 0 SENDING AppendEntries to vehicle 5 (n_entries=4, leader_commit=2)
50606.4ms Leader 0 SENDING AppendEntries to vehicle 6 (n_entries=4, leader_commit=2)
50606.4ms Leader 0 SENDING AppendEntries to vehicle 7 (n_entries=0, leader_commit=2)
50606.6ms Vehicle 3 RECEIVED AppendEntries from vehicle 0 (n_entries=0, leader_commit=2)
50611.9ms Vehicle 7 RECEIVED AppendEntries from vehicle 0 (n_entries=0, leader_commit=2)
50746.4ms Leader 0 SENDING AppendEntries to vehicle 1 (n_entries=2, leader_commit=2)
50746.4ms Leader 0 SENDING AppendEntries to vehicle 3 (n_entries=0, leader_commit=2)
50746.4ms Leader 0 SENDING AppendEntries to vehicle 4 (n_entries=4, leader_commit=2)
50746.4ms Leader 0 SENDING AppendEntries to vehicle 5 (n_entries=4, leader_commit=2)
50746.4ms Leader 0 SENDING AppendEntries to vehicle 6 (n_entries=4, leader_commit=2)
50746.4ms Leader 0 SENDING AppendEntries to vehicle 7 (n_entries=0, leader_commit=2)
50746.7ms Vehicle 3 RECEIVED AppendEntries from vehicle 0 (n_entries=0, leader_commit=2)
50753.0ms Vehicle 7 RECEIVED AppendEntries from vehicle 0 (n_entries=0, leader_commit=2)
50886.4ms Leader 0 SENDING AppendEntries to vehicle 1 (n_entries=2, leader_commit=2)
50886.4ms Leader 0 SENDING AppendEntries to vehicle 3 (n_entries=0, leader_commit=2)
50886.4ms Leader 0 SENDING AppendEntries to vehicle 4 (n_entries=4, leader_commit=2)
50886.4ms Leader 0 SENDING AppendEntries to vehicle 5 (n_entries=4, leader_commit=2)
50886.4ms Leader 0 SENDING AppendEntries to vehicle 6 (n_entries=4, leader_commit=2)
50886.4ms Leader 0 SENDING AppendEntries to vehicle 7 (n_entries=0, leader_commit=2)
50886.6ms Vehicle 3 RECEIVED AppendEntries from vehicle 0 (n_entries=0, leader_commit=2)
50892.4ms Vehicle 7 RECEIVED AppendEntries from vehicle 0 (n_entries=0, leader_commit=2)
51026.4ms Leader 0 SENDING AppendEntries to vehicle 1 (n_entries=2, leader_commit=2)
51026.4ms Leader 0 SENDING AppendEntries to vehicle 3 (n_entries=0, leader_commit=2)
51026.4ms Leader 0 SENDING AppendEntries to vehicle 4 (n_entries=4, leader_commit=2)
51026.4ms Leader 0 SENDING AppendEntries to vehicle 5 (n_entries=4, leader_commit=2)
51026.4ms Leader 0 SENDING AppendEntries to vehicle 6 (n_entries=4, leader_commit=2)
51026.4ms Leader 0 SENDING AppendEntries to vehicle 7 (n_entries=0, leader_commit=2)
51026.7ms Vehicle 3 RECEIVED AppendEntries from vehicle 0 (n_entries=0, leader_commit=2)
51032.0ms Vehicle 7 RECEIVED AppendEntries from vehicle 0 (n_entries=0, leader_commit=2)
51166.4ms Leader 0 SENDING AppendEntries to vehicle 1 (n_entries=2, leader_commit=2)
51166.4ms Leader 0 SENDING AppendEntries to vehicle 3 (n_entries=0, leader_commit=2)
51166.4ms Leader 0 SENDING AppendEntries to vehicle 4 (n_entries=4, leader_commit=2)
51166.4ms Leader 0 SENDING AppendEntries to vehicle 5 (n_entries=4, leader_commit=2)
51166.4ms Leader 0 SENDING AppendEntries to vehicle 6 (n_entries=4, leader_commit=2)
51166.4ms Leader 0 SENDING AppendEntries to vehicle 7 (n_entries=0, leader_commit=2)
51166.8ms Vehicle 3 RECEIVED AppendEntries from vehicle 0 (n_entries=0, leader_commit=2)
51172.9ms Vehicle 7 RECEIVED AppendEntries from vehicle 0 (n_entries=0, leader_commit=2)
51306.4ms Leader 0 SENDING AppendEntries to vehicle 1 (n_entries=2, leader_commit=2)
51306.4ms Leader 0 SENDING AppendEntries to vehicle 3 (n_entries=0, leader_commit=2)
51306.4ms Leader 0 SENDING AppendEntries to vehicle 4 (n_entries=4, leader_commit=2)
51306.4ms Leader 0 SENDING AppendEntries to vehicle 5 (n_entries=4, leader_commit=2)
51306.4ms Leader 0 SENDING AppendEntries to vehicle 6 (n_entries=4, leader_commit=2)
51306.4ms Leader 0 SENDING AppendEntries to vehicle 7 (n_entries=0, leader_commit=2)
51306.6ms Vehicle 3 RECEIVED AppendEntries from vehicle 0 (n_entries=0, leader_commit=2)
51312.2ms Vehicle 7 RECEIVED AppendEntries from vehicle 0 (n_entries=0, leader_commit=2)
51446.4ms Leader 0 SENDING AppendEntries to vehicle 1 (n_entries=2, leader_commit=2)
51446.4ms Leader 0 SENDING AppendEntries to vehicle 3 (n_entries=0, leader_commit=2)
51446.4ms Leader 0 SENDING AppendEntries to vehicle 4 (n_entries=4, leader_commit=2)
51446.4ms Leader 0 SENDING AppendEntries to vehicle 5 (n_entries=4, leader_commit=2)
51446.4ms Leader 0 SENDING AppendEntries to vehicle 6 (n_entries=4, leader_commit=2)
51446.4ms Leader 0 SENDING AppendEntries to vehicle 7 (n_entries=0, leader_commit=2)
51446.8ms Vehicle 3 RECEIVED AppendEntries from vehicle 0 (n_entries=0, leader_commit=2)
51453.1ms Vehicle 7 RECEIVED AppendEntries from vehicle 0 (n_entries=0, leader_commit=2)
51586.4ms Leader 0 SENDING AppendEntries to vehicle 1 (n_entries=2, leader_commit=2)
51586.4ms Leader 0 SENDING AppendEntries to vehicle 3 (n_entries=0, leader_commit=2)
51586.4ms Leader 0 SENDING AppendEntries to vehicle 4 (n_entries=4, leader_commit=2)
51586.4ms Leader 0 SENDING AppendEntries to vehicle 5 (n_entries=4, leader_commit=2)
51586.4ms Leader 0 SENDING AppendEntries to vehicle 6 (n_entries=4, leader_commit=2)
51586.4ms Leader 0 SENDING AppendEntries to vehicle 7 (n_entries=0, leader_commit=2)
51586.6ms Vehicle 3 RECEIVED AppendEntries from vehicle 0 (n_entries=0, leader_commit=2)
51592.2ms Vehicle 7 RECEIVED AppendEntries from vehicle 0 (n_entries=0, leader_commit=2)
51726.4ms Leader 0 SENDING AppendEntries to vehicle 1 (n_entries=2, leader_commit=2)
51726.4ms Leader 0 SENDING AppendEntries to vehicle 3 (n_entries=0, leader_commit=2)
51726.4ms Leader 0 SENDING AppendEntries to vehicle 4 (n_entries=4, leader_commit=2)
51726.4ms Leader 0 SENDING AppendEntries to vehicle 5 (n_entries=4, leader_commit=2)
51726.4ms Leader 0 SENDING AppendEntries to vehicle 6 (n_entries=4, leader_commit=2)
51726.4ms Leader 0 SENDING AppendEntries to vehicle 7 (n_entries=0, leader_commit=2)
51726.6ms Vehicle 3 RECEIVED AppendEntries from vehicle 0 (n_entries=0, leader_commit=2)
51732.1ms Vehicle 7 RECEIVED AppendEntries from vehicle 0 (n_entries=0, leader_commit=2)
51866.4ms Leader 0 SENDING AppendEntries to vehicle 1 (n_entries=2, leader_commit=2)
51866.4ms Leader 0 SENDING AppendEntries to vehicle 3 (n_entries=0, leader_commit=2)
51866.4ms Leader 0 SENDING AppendEntries to vehicle 4 (n_entries=4, leader_commit=2)
51866.4ms Leader 0 SENDING AppendEntries to vehicle 5 (n_entries=4, leader_commit=2)
51866.4ms Leader 0 SENDING AppendEntries to vehicle 6 (n_entries=4, leader_commit=2)
51866.4ms Leader 0 SENDING AppendEntries to vehicle 7 (n_entries=0, leader_commit=2)
51866.7ms Vehicle 3 RECEIVED AppendEntries from vehicle 0 (n_entries=0, leader_commit=2)
51872.7ms Vehicle 7 RECEIVED AppendEntries from vehicle 0 (n_entries=0, leader_commit=2)
52006.4ms Leader 0 SENDING AppendEntries to vehicle 1 (n_entries=2, leader_commit=2)
52006.4ms Leader 0 SENDING AppendEntries to vehicle 3 (n_entries=0, leader_commit=2)
52006.4ms Leader 0 SENDING AppendEntries to vehicle 4 (n_entries=4, leader_commit=2)
52006.4ms Leader 0 SENDING AppendEntries to vehicle 5 (n_entries=4, leader_commit=2)
52006.4ms Leader 0 SENDING AppendEntries to vehicle 6 (n_entries=4, leader_commit=2)
52006.4ms Leader 0 SENDING AppendEntries to vehicle 7 (n_entries=0, leader_commit=2)
52006.7ms Vehicle 3 RECEIVED AppendEntries from vehicle 0 (n_entries=0, leader_commit=2)
52012.2ms Vehicle 7 RECEIVED AppendEntries from vehicle 0 (n_entries=0, leader_commit=2)
52146.4ms Leader 0 SENDING AppendEntries to vehicle 1 (n_entries=2, leader_commit=2)
52146.4ms Leader 0 SENDING AppendEntries to vehicle 3 (n_entries=0, leader_commit=2)
52146.4ms Leader 0 SENDING AppendEntries to vehicle 4 (n_entries=4, leader_commit=2)
52146.4ms Leader 0 SENDING AppendEntries to vehicle 5 (n_entries=4, leader_commit=2)
52146.4ms Leader 0 SENDING AppendEntries to vehicle 6 (n_entries=4, leader_commit=2)
52146.4ms Leader 0 SENDING AppendEntries to vehicle 7 (n_entries=0, leader_commit=2)
52146.7ms Vehicle 3 RECEIVED AppendEntries from vehicle 0 (n_entries=0, leader_commit=2)
52152.9ms Vehicle 7 RECEIVED AppendEntries from vehicle 0 (n_entries=0, leader_commit=2)
52286.4ms Leader 0 SENDING AppendEntries to vehicle 1 (n_entries=2, leader_commit=2)
52286.4ms Leader 0 SENDING AppendEntries to vehicle 3 (n_entries=0, leader_commit=2)
52286.4ms Leader 0 SENDING AppendEntries to vehicle 4 (n_entries=4, leader_commit=2)
52286.4ms Leader 0 SENDING AppendEntries to vehicle 5 (n_entries=4, leader_commit=2)
52286.4ms Leader 0 SENDING AppendEntries to vehicle 6 (n_entries=4, leader_commit=2)
52286.4ms Leader 0 SENDING AppendEntries to vehicle 7 (n_entries=0, leader_commit=2)
52286.7ms Vehicle 3 RECEIVED AppendEntries from vehicle 0 (n_entries=0, leader_commit=2)
52292.5ms Vehicle 7 RECEIVED AppendEntries from vehicle 0 (n_entries=0, leader_commit=2)
52426.4ms Leader 0 SENDING AppendEntries to vehicle 1 (n_entries=2, leader_commit=2)
52426.4ms Leader 0 SENDING AppendEntries to vehicle 3 (n_entries=0, leader_commit=2)
52426.4ms Leader 0 SENDING AppendEntries to vehicle 4 (n_entries=4, leader_commit=2)
52426.4ms Leader 0 SENDING AppendEntries to vehicle 5 (n_entries=4, leader_commit=2)
52426.4ms Leader 0 SENDING AppendEntries to vehicle 6 (n_entries=4, leader_commit=2)
52426.4ms Leader 0 SENDING AppendEntries to vehicle 7 (n_entries=0, leader_commit=2)
52426.7ms Vehicle 3 RECEIVED AppendEntries from vehicle 0 (n_entries=0, leader_commit=2)
52432.5ms Vehicle 7 RECEIVED AppendEntries from vehicle 0 (n_entries=0, leader_commit=2)
52566.4ms Leader 0 SENDING AppendEntries to vehicle 1 (n_entries=2, leader_commit=2)
52566.4ms Leader 0 SENDING AppendEntries to vehicle 3 (n_entries=0, leader_commit=2)
52566.4ms Leader 0 SENDING AppendEntries to vehicle 4 (n_entries=4, leader_commit=2)
52566.4ms Leader 0 SENDING AppendEntries to vehicle 5 (n_entries=4, leader_commit=2)
52566.4ms Leader 0 SENDING AppendEntries to vehicle 6 (n_entries=4, leader_commit=2)
52566.4ms Leader 0 SENDING AppendEntries to vehicle 7 (n_entries=0, leader_commit=2)
52566.6ms Vehicle 3 RECEIVED AppendEntries from vehicle 0 (n_entries=0, leader_commit=2)
52572.7ms Vehicle 7 RECEIVED AppendEntries from vehicle 0 (n_entries=0, leader_commit=2)
52706.4ms Leader 0 SENDING AppendEntries to vehicle 1 (n_entries=2, leader_commit=2)
52706.4ms Leader 0 SENDING AppendEntries to vehicle 3 (n_entries=0, leader_commit=2)
52706.4ms Leader 0 SENDING AppendEntries to vehicle 4 (n_entries=4, leader_commit=2)
52706.4ms Leader 0 SENDING AppendEntries to vehicle 5 (n_entries=4, leader_commit=2)
52706.4ms Leader 0 SENDING AppendEntries to vehicle 6 (n_entries=4, leader_commit=2)
52706.4ms Leader 0 SENDING AppendEntries to vehicle 7 (n_entries=0, leader_commit=2)
52706.7ms Vehicle 3 RECEIVED AppendEntries from vehicle 0 (n_entries=0, leader_commit=2)
52712.7ms Vehicle 7 RECEIVED AppendEntries from vehicle 0 (n_entries=0, leader_commit=2)
52846.4ms Leader 0 SENDING AppendEntries to vehicle 1 (n_entries=2, leader_commit=2)
52846.4ms Leader 0 SENDING AppendEntries to vehicle 3 (n_entries=0, leader_commit=2)
52846.4ms Leader 0 SENDING AppendEntries to vehicle 4 (n_entries=4, leader_commit=2)
52846.4ms Leader 0 SENDING AppendEntries to vehicle 5 (n_entries=4, leader_commit=2)
52846.4ms Leader 0 SENDING AppendEntries to vehicle 6 (n_entries=4, leader_commit=2)
52846.4ms Leader 0 SENDING AppendEntries to vehicle 7 (n_entries=0, leader_commit=2)
52846.7ms Vehicle 3 RECEIVED AppendEntries from vehicle 0 (n_entries=0, leader_commit=2)
52852.1ms Vehicle 7 RECEIVED AppendEntries from vehicle 0 (n_entries=0, leader_commit=2)
52986.4ms Leader 0 SENDING AppendEntries to vehicle 1 (n_entries=2, leader_commit=2)
52986.4ms Leader 0 SENDING AppendEntries to vehicle 3 (n_entries=0, leader_commit=2)
52986.4ms Leader 0 SENDING AppendEntries to vehicle 4 (n_entries=4, leader_commit=2)
52986.4ms Leader 0 SENDING AppendEntries to vehicle 5 (n_entries=4, leader_commit=2)
52986.4ms Leader 0 SENDING AppendEntries to vehicle 6 (n_entries=4, leader_commit=2)
52986.4ms Leader 0 SENDING AppendEntries to vehicle 7 (n_entries=0, leader_commit=2)
52986.8ms Vehicle 3 RECEIVED AppendEntries from vehicle 0 (n_entries=0, leader_commit=2)
52993.3ms Vehicle 7 RECEIVED AppendEntries from vehicle 0 (n_entries=0, leader_commit=2)
53126.4ms Leader 0 SENDING AppendEntries to vehicle 1 (n_entries=2, leader_commit=2)
53126.4ms Leader 0 SENDING AppendEntries to vehicle 3 (n_entries=0, leader_commit=2)
53126.4ms Leader 0 SENDING AppendEntries to vehicle 4 (n_entries=4, leader_commit=2)
53126.4ms Leader 0 SENDING AppendEntries to vehicle 5 (n_entries=4, leader_commit=2)
53126.4ms Leader 0 SENDING AppendEntries to vehicle 6 (n_entries=4, leader_commit=2)
53126.4ms Leader 0 SENDING AppendEntries to vehicle 7 (n_entries=0, leader_commit=2)
53126.8ms Vehicle 3 RECEIVED AppendEntries from vehicle 0 (n_entries=0, leader_commit=2)
53132.6ms Vehicle 7 RECEIVED AppendEntries from vehicle 0 (n_entries=0, leader_commit=2)
53266.4ms Leader 0 SENDING AppendEntries to vehicle 1 (n_entries=2, leader_commit=2)
53266.4ms Leader 0 SENDING AppendEntries to vehicle 3 (n_entries=0, leader_commit=2)
53266.4ms Leader 0 SENDING AppendEntries to vehicle 4 (n_entries=4, leader_commit=2)
53266.4ms Leader 0 SENDING AppendEntries to vehicle 5 (n_entries=4, leader_commit=2)
53266.4ms Leader 0 SENDING AppendEntries to vehicle 6 (n_entries=4, leader_commit=2)
53266.4ms Leader 0 SENDING AppendEntries to vehicle 7 (n_entries=0, leader_commit=2)
53266.7ms Vehicle 3 RECEIVED AppendEntries from vehicle 0 (n_entries=0, leader_commit=2)
53272.7ms Vehicle 7 RECEIVED AppendEntries from vehicle 0 (n_entries=0, leader_commit=2)
53406.4ms Leader 0 SENDING AppendEntries to vehicle 1 (n_entries=2, leader_commit=2)
53406.4ms Leader 0 SENDING AppendEntries to vehicle 3 (n_entries=0, leader_commit=2)
53406.4ms Leader 0 SENDING AppendEntries to vehicle 4 (n_entries=4, leader_commit=2)
53406.4ms Leader 0 SENDING AppendEntries to vehicle 5 (n_entries=4, leader_commit=2)
53406.4ms Leader 0 SENDING AppendEntries to vehicle 6 (n_entries=4, leader_commit=2)
53406.4ms Leader 0 SENDING AppendEntries to vehicle 7 (n_entries=0, leader_commit=2)
53406.5ms Vehicle 3 RECEIVED AppendEntries from vehicle 0 (n_entries=0, leader_commit=2)
53412.8ms Vehicle 7 RECEIVED AppendEntries from vehicle 0 (n_entries=0, leader_commit=2)
53546.4ms Leader 0 SENDING AppendEntries to vehicle 1 (n_entries=2, leader_commit=2)
53546.4ms Leader 0 SENDING AppendEntries to vehicle 3 (n_entries=0, leader_commit=2)
53546.4ms Leader 0 SENDING AppendEntries to vehicle 4 (n_entries=4, leader_commit=2)
53546.4ms Leader 0 SENDING AppendEntries to vehicle 5 (n_entries=4, leader_commit=2)
53546.4ms Leader 0 SENDING AppendEntries to vehicle 6 (n_entries=4, leader_commit=2)
53546.4ms Leader 0 SENDING AppendEntries to vehicle 7 (n_entries=0, leader_commit=2)
53546.6ms Vehicle 3 RECEIVED AppendEntries from vehicle 0 (n_entries=0, leader_commit=2)
53552.4ms Vehicle 7 RECEIVED AppendEntries from vehicle 0 (n_entries=0, leader_commit=2)
53686.4ms Leader 0 SENDING AppendEntries to vehicle 1 (n_entries=2, leader_commit=2)
53686.4ms Leader 0 SENDING AppendEntries to vehicle 3 (n_entries=0, leader_commit=2)
53686.4ms Leader 0 SENDING AppendEntries to vehicle 4 (n_entries=4, leader_commit=2)
53686.4ms Leader 0 SENDING AppendEntries to vehicle 5 (n_entries=4, leader_commit=2)
53686.4ms Leader 0 SENDING AppendEntries to vehicle 6 (n_entries=4, leader_commit=2)
53686.4ms Leader 0 SENDING AppendEntries to vehicle 7 (n_entries=0, leader_commit=2)
53686.5ms Vehicle 3 RECEIVED AppendEntries from vehicle 0 (n_entries=0, leader_commit=2)
53692.4ms Vehicle 7 RECEIVED AppendEntries from vehicle 0 (n_entries=0, leader_commit=2)
53826.4ms Leader 0 SENDING AppendEntries to vehicle 1 (n_entries=2, leader_commit=2)
53826.4ms Leader 0 SENDING AppendEntries to vehicle 3 (n_entries=0, leader_commit=2)
53826.4ms Leader 0 SENDING AppendEntries to vehicle 4 (n_entries=4, leader_commit=2)
53826.4ms Leader 0 SENDING AppendEntries to vehicle 5 (n_entries=4, leader_commit=2)
53826.4ms Leader 0 SENDING AppendEntries to vehicle 6 (n_entries=4, leader_commit=2)
53826.4ms Leader 0 SENDING AppendEntries to vehicle 7 (n_entries=0, leader_commit=2)
53826.7ms Vehicle 3 RECEIVED AppendEntries from vehicle 0 (n_entries=0, leader_commit=2)
53832.6ms Vehicle 7 RECEIVED AppendEntries from vehicle 0 (n_entries=0, leader_commit=2)
53966.4ms Leader 0 SENDING AppendEntries to vehicle 1 (n_entries=2, leader_commit=2)
53966.4ms Leader 0 SENDING AppendEntries to vehicle 3 (n_entries=0, leader_commit=2)
53966.4ms Leader 0 SENDING AppendEntries to vehicle 4 (n_entries=4, leader_commit=2)
53966.4ms Leader 0 SENDING AppendEntries to vehicle 5 (n_entries=4, leader_commit=2)
53966.4ms Leader 0 SENDING AppendEntries to vehicle 6 (n_entries=4, leader_commit=2)
53966.4ms Leader 0 SENDING AppendEntries to vehicle 7 (n_entries=0, leader_commit=2)
53966.6ms Vehicle 3 RECEIVED AppendEntries from vehicle 0 (n_entries=0, leader_commit=2)
53972.0ms Vehicle 7 RECEIVED AppendEntries from vehicle 0 (n_entries=0, leader_commit=2)
54106.4ms Leader 0 SENDING AppendEntries to vehicle 1 (n_entries=2, leader_commit=2)
54106.4ms Leader 0 SENDING AppendEntries to vehicle 3 (n_entries=0, leader_commit=2)
54106.4ms Leader 0 SENDING AppendEntries to vehicle 4 (n_entries=4, leader_commit=2)
54106.4ms Leader 0 SENDING AppendEntries to vehicle 5 (n_entries=4, leader_commit=2)
54106.4ms Leader 0 SENDING AppendEntries to vehicle 6 (n_entries=4, leader_commit=2)
54106.4ms Leader 0 SENDING AppendEntries to vehicle 7 (n_entries=0, leader_commit=2)
54106.6ms Vehicle 3 RECEIVED AppendEntries from vehicle 0 (n_entries=0, leader_commit=2)
54112.0ms Vehicle 7 RECEIVED AppendEntries from vehicle 0 (n_entries=0, leader_commit=2)
54246.4ms Leader 0 SENDING AppendEntries to vehicle 1 (n_entries=2, leader_commit=2)
54246.4ms Leader 0 SENDING AppendEntries to vehicle 3 (n_entries=0, leader_commit=2)
54246.4ms Leader 0 SENDING AppendEntries to vehicle 4 (n_entries=4, leader_commit=2)
54246.4ms Leader 0 SENDING AppendEntries to vehicle 5 (n_entries=4, leader_commit=2)
54246.4ms Leader 0 SENDING AppendEntries to vehicle 6 (n_entries=4, leader_commit=2)
54246.4ms Leader 0 SENDING AppendEntries to vehicle 7 (n_entries=0, leader_commit=2)
54246.7ms Vehicle 3 RECEIVED AppendEntries from vehicle 0 (n_entries=0, leader_commit=2)
54253.0ms Vehicle 7 RECEIVED AppendEntries from vehicle 0 (n_entries=0, leader_commit=2)
54386.4ms Leader 0 SENDING AppendEntries to vehicle 1 (n_entries=2, leader_commit=2)
54386.4ms Leader 0 SENDING AppendEntries to vehicle 3 (n_entries=0, leader_commit=2)
54386.4ms Leader 0 SENDING AppendEntries to vehicle 4 (n_entries=4, leader_commit=2)
54386.4ms Leader 0 SENDING AppendEntries to vehicle 5 (n_entries=4, leader_commit=2)
54386.4ms Leader 0 SENDING AppendEntries to vehicle 6 (n_entries=4, leader_commit=2)
54386.4ms Leader 0 SENDING AppendEntries to vehicle 7 (n_entries=0, leader_commit=2)
54386.7ms Vehicle 3 RECEIVED AppendEntries from vehicle 0 (n_entries=0, leader_commit=2)
54392.5ms Vehicle 7 RECEIVED AppendEntries from vehicle 0 (n_entries=0, leader_commit=2)
54526.4ms Leader 0 SENDING AppendEntries to vehicle 1 (n_entries=2, leader_commit=2)
54526.4ms Leader 0 SENDING AppendEntries to vehicle 3 (n_entries=0, leader_commit=2)
54526.4ms Leader 0 SENDING AppendEntries to vehicle 4 (n_entries=4, leader_commit=2)
54526.4ms Leader 0 SENDING AppendEntries to vehicle 5 (n_entries=4, leader_commit=2)
54526.4ms Leader 0 SENDING AppendEntries to vehicle 6 (n_entries=4, leader_commit=2)
54526.4ms Leader 0 SENDING AppendEntries to vehicle 7 (n_entries=0, leader_commit=2)
54526.8ms Vehicle 3 RECEIVED AppendEntries from vehicle 0 (n_entries=0, leader_commit=2)
54533.0ms Vehicle 7 RECEIVED AppendEntries from vehicle 0 (n_entries=0, leader_commit=2)
54666.4ms Leader 0 SENDING AppendEntries to vehicle 1 (n_entries=2, leader_commit=2)
54666.4ms Leader 0 SENDING AppendEntries to vehicle 3 (n_entries=0, leader_commit=2)
54666.4ms Leader 0 SENDING AppendEntries to vehicle 4 (n_entries=4, leader_commit=2)
54666.4ms Leader 0 SENDING AppendEntries to vehicle 5 (n_entries=4, leader_commit=2)
54666.4ms Leader 0 SENDING AppendEntries to vehicle 6 (n_entries=4, leader_commit=2)
54666.4ms Leader 0 SENDING AppendEntries to vehicle 7 (n_entries=0, leader_commit=2)
54666.7ms Vehicle 3 RECEIVED AppendEntries from vehicle 0 (n_entries=0, leader_commit=2)
54672.5ms Vehicle 7 RECEIVED AppendEntries from vehicle 0 (n_entries=0, leader_commit=2)
54806.4ms Leader 0 SENDING AppendEntries to vehicle 1 (n_entries=2, leader_commit=2)
54806.4ms Leader 0 SENDING AppendEntries to vehicle 3 (n_entries=0, leader_commit=2)
54806.4ms Leader 0 SENDING AppendEntries to vehicle 4 (n_entries=4, leader_commit=2)
54806.4ms Leader 0 SENDING AppendEntries to vehicle 5 (n_entries=4, leader_commit=2)
54806.4ms Leader 0 SENDING AppendEntries to vehicle 6 (n_entries=4, leader_commit=2)
54806.4ms Leader 0 SENDING AppendEntries to vehicle 7 (n_entries=0, leader_commit=2)
54806.8ms Vehicle 3 RECEIVED AppendEntries from vehicle 0 (n_entries=0, leader_commit=2)
54813.1ms Vehicle 7 RECEIVED AppendEntries from vehicle 0 (n_entries=0, leader_commit=2)
54946.4ms Leader 0 SENDING AppendEntries to vehicle 1 (n_entries=2, leader_commit=2)
54946.4ms Leader 0 SENDING AppendEntries to vehicle 3 (n_entries=0, leader_commit=2)
54946.4ms Leader 0 SENDING AppendEntries to vehicle 4 (n_entries=4, leader_commit=2)
54946.4ms Leader 0 SENDING AppendEntries to vehicle 5 (n_entries=4, leader_commit=2)
54946.4ms Leader 0 SENDING AppendEntries to vehicle 6 (n_entries=4, leader_commit=2)
54946.4ms Leader 0 SENDING AppendEntries to vehicle 7 (n_entries=0, leader_commit=2)
54946.8ms Vehicle 3 RECEIVED AppendEntries from vehicle 0 (n_entries=0, leader_commit=2)
54952.7ms Vehicle 7 RECEIVED AppendEntries from vehicle 0 (n_entries=0, leader_commit=2)
55086.4ms Leader 0 SENDING AppendEntries to vehicle 1 (n_entries=2, leader_commit=2)
55086.4ms Leader 0 SENDING AppendEntries to vehicle 3 (n_entries=0, leader_commit=2)
55086.4ms Leader 0 SENDING AppendEntries to vehicle 4 (n_entries=4, leader_commit=2)
55086.4ms Leader 0 SENDING AppendEntries to vehicle 5 (n_entries=4, leader_commit=2)
55086.4ms Leader 0 SENDING AppendEntries to vehicle 6 (n_entries=4, leader_commit=2)
55086.4ms Leader 0 SENDING AppendEntries to vehicle 7 (n_entries=0, leader_commit=2)
55086.6ms Vehicle 3 RECEIVED AppendEntries from vehicle 0 (n_entries=0, leader_commit=2)
55092.5ms Vehicle 7 RECEIVED AppendEntries from vehicle 0 (n_entries=0, leader_commit=2)
55226.4ms Leader 0 SENDING AppendEntries to vehicle 1 (n_entries=2, leader_commit=2)
55226.4ms Leader 0 SENDING AppendEntries to vehicle 3 (n_entries=0, leader_commit=2)
55226.4ms Leader 0 SENDING AppendEntries to vehicle 4 (n_entries=4, leader_commit=2)
55226.4ms Leader 0 SENDING AppendEntries to vehicle 5 (n_entries=4, leader_commit=2)
55226.4ms Leader 0 SENDING AppendEntries to vehicle 6 (n_entries=4, leader_commit=2)
55226.4ms Leader 0 SENDING AppendEntries to vehicle 7 (n_entries=0, leader_commit=2)
55226.7ms Vehicle 3 RECEIVED AppendEntries from vehicle 0 (n_entries=0, leader_commit=2)
55233.0ms Vehicle 7 RECEIVED AppendEntries from vehicle 0 (n_entries=0, leader_commit=2)
55366.4ms Leader 0 SENDING AppendEntries to vehicle 1 (n_entries=2, leader_commit=2)
55366.4ms Leader 0 SENDING AppendEntries to vehicle 3 (n_entries=0, leader_commit=2)
55366.4ms Leader 0 SENDING AppendEntries to vehicle 4 (n_entries=4, leader_commit=2)
55366.4ms Leader 0 SENDING AppendEntries to vehicle 5 (n_entries=4, leader_commit=2)
55366.4ms Leader 0 SENDING AppendEntries to vehicle 6 (n_entries=4, leader_commit=2)
55366.4ms Leader 0 SENDING AppendEntries to vehicle 7 (n_entries=0, leader_commit=2)
55366.7ms Vehicle 3 RECEIVED AppendEntries from vehicle 0 (n_entries=0, leader_commit=2)
55372.5ms Vehicle 7 RECEIVED AppendEntries from vehicle 0 (n_entries=0, leader_commit=2)
55506.4ms Leader 0 SENDING AppendEntries to vehicle 1 (n_entries=2, leader_commit=2)
55506.4ms Leader 0 SENDING AppendEntries to vehicle 3 (n_entries=0, leader_commit=2)
55506.4ms Leader 0 SENDING AppendEntries to vehicle 4 (n_entries=4, leader_commit=2)
55506.4ms Leader 0 SENDING AppendEntries to vehicle 5 (n_entries=4, leader_commit=2)
55506.4ms Leader 0 SENDING AppendEntries to vehicle 6 (n_entries=4, leader_commit=2)
55506.4ms Leader 0 SENDING AppendEntries to vehicle 7 (n_entries=0, leader_commit=2)
55506.7ms Vehicle 3 RECEIVED AppendEntries from vehicle 0 (n_entries=0, leader_commit=2)
55512.3ms Vehicle 7 RECEIVED AppendEntries from vehicle 0 (n_entries=0, leader_commit=2)
55646.4ms Leader 0 SENDING AppendEntries to vehicle 1 (n_entries=2, leader_commit=2)
55646.4ms Leader 0 SENDING AppendEntries to vehicle 3 (n_entries=0, leader_commit=2)
55646.4ms Leader 0 SENDING AppendEntries to vehicle 4 (n_entries=4, leader_commit=2)
55646.4ms Leader 0 SENDING AppendEntries to vehicle 5 (n_entries=4, leader_commit=2)
55646.4ms Leader 0 SENDING AppendEntries to vehicle 6 (n_entries=4, leader_commit=2)
55646.4ms Leader 0 SENDING AppendEntries to vehicle 7 (n_entries=0, leader_commit=2)
55646.6ms Vehicle 3 RECEIVED AppendEntries from vehicle 0 (n_entries=0, leader_commit=2)
55652.0ms Vehicle 7 RECEIVED AppendEntries from vehicle 0 (n_entries=0, leader_commit=2)
55786.4ms Leader 0 SENDING AppendEntries to vehicle 1 (n_entries=2, leader_commit=2)
55786.4ms Leader 0 SENDING AppendEntries to vehicle 3 (n_entries=0, leader_commit=2)
55786.4ms Leader 0 SENDING AppendEntries to vehicle 4 (n_entries=4, leader_commit=2)
55786.4ms Leader 0 SENDING AppendEntries to vehicle 5 (n_entries=4, leader_commit=2)
55786.4ms Leader 0 SENDING AppendEntries to vehicle 6 (n_entries=4, leader_commit=2)
55786.4ms Leader 0 SENDING AppendEntries to vehicle 7 (n_entries=0, leader_commit=2)
55786.7ms Vehicle 3 RECEIVED AppendEntries from vehicle 0 (n_entries=0, leader_commit=2)
55793.3ms Vehicle 7 RECEIVED AppendEntries from vehicle 0 (n_entries=0, leader_commit=2)
55926.4ms Leader 0 SENDING AppendEntries to vehicle 1 (n_entries=2, leader_commit=2)
55926.4ms Leader 0 SENDING AppendEntries to vehicle 3 (n_entries=0, leader_commit=2)
55926.4ms Leader 0 SENDING AppendEntries to vehicle 4 (n_entries=4, leader_commit=2)
55926.4ms Leader 0 SENDING AppendEntries to vehicle 5 (n_entries=4, leader_commit=2)
55926.4ms Leader 0 SENDING AppendEntries to vehicle 6 (n_entries=4, leader_commit=2)
55926.4ms Leader 0 SENDING AppendEntries to vehicle 7 (n_entries=0, leader_commit=2)
55926.7ms Vehicle 3 RECEIVED AppendEntries from vehicle 0 (n_entries=0, leader_commit=2)
55932.3ms Vehicle 7 RECEIVED AppendEntries from vehicle 0 (n_entries=0, leader_commit=2)
56066.4ms Leader 0 SENDING AppendEntries to vehicle 1 (n_entries=2, leader_commit=2)
56066.4ms Leader 0 SENDING AppendEntries to vehicle 3 (n_entries=0, leader_commit=2)
56066.4ms Leader 0 SENDING AppendEntries to vehicle 4 (n_entries=4, leader_commit=2)
56066.4ms Leader 0 SENDING AppendEntries to vehicle 5 (n_entries=4, leader_commit=2)
56066.4ms Leader 0 SENDING AppendEntries to vehicle 6 (n_entries=4, leader_commit=2)
56066.4ms Leader 0 SENDING AppendEntries to vehicle 7 (n_entries=0, leader_commit=2)
56066.6ms Vehicle 3 RECEIVED AppendEntries from vehicle 0 (n_entries=0, leader_commit=2)
56206.4ms Leader 0 SENDING AppendEntries to vehicle 1 (n_entries=2, leader_commit=2)
56206.4ms Leader 0 SENDING AppendEntries to vehicle 3 (n_entries=0, leader_commit=2)
56206.4ms Leader 0 SENDING AppendEntries to vehicle 4 (n_entries=4, leader_commit=2)
56206.4ms Leader 0 SENDING AppendEntries to vehicle 5 (n_entries=4, leader_commit=2)
56206.4ms Leader 0 SENDING AppendEntries to vehicle 6 (n_entries=4, leader_commit=2)
56206.4ms Leader 0 SENDING AppendEntries to vehicle 7 (n_entries=0, leader_commit=2)
56206.8ms Vehicle 3 RECEIVED AppendEntries from vehicle 0 (n_entries=0, leader_commit=2)
56212.2ms Vehicle 7 RECEIVED AppendEntries from vehicle 0 (n_entries=0, leader_commit=2)
56346.4ms Leader 0 SENDING AppendEntries to vehicle 1 (n_entries=2, leader_commit=2)
56346.4ms Leader 0 SENDING AppendEntries to vehicle 3 (n_entries=0, leader_commit=2)
56346.4ms Leader 0 SENDING AppendEntries to vehicle 4 (n_entries=4, leader_commit=2)
56346.4ms Leader 0 SENDING AppendEntries to vehicle 5 (n_entries=4, leader_commit=2)
56346.4ms Leader 0 SENDING AppendEntries to vehicle 6 (n_entries=4, leader_commit=2)
56346.4ms Leader 0 SENDING AppendEntries to vehicle 7 (n_entries=0, leader_commit=2)
56346.7ms Vehicle 3 RECEIVED AppendEntries from vehicle 0 (n_entries=0, leader_commit=2)
56352.4ms Vehicle 7 RECEIVED AppendEntries from vehicle 0 (n_entries=0, leader_commit=2)
56486.4ms Leader 0 SENDING AppendEntries to vehicle 1 (n_entries=2, leader_commit=2)
56486.4ms Leader 0 SENDING AppendEntries to vehicle 3 (n_entries=0, leader_commit=2)
56486.4ms Leader 0 SENDING AppendEntries to vehicle 4 (n_entries=4, leader_commit=2)
56486.4ms Leader 0 SENDING AppendEntries to vehicle 5 (n_entries=4, leader_commit=2)
56486.4ms Leader 0 SENDING AppendEntries to vehicle 6 (n_entries=4, leader_commit=2)
56486.4ms Leader 0 SENDING AppendEntries to vehicle 7 (n_entries=0, leader_commit=2)
56486.7ms Vehicle 3 RECEIVED AppendEntries from vehicle 0 (n_entries=0, leader_commit=2)
56492.7ms Vehicle 7 RECEIVED AppendEntries from vehicle 0 (n_entries=0, leader_commit=2)
56626.4ms Leader 0 SENDING AppendEntries to vehicle 1 (n_entries=2, leader_commit=2)
56626.4ms Leader 0 SENDING AppendEntries to vehicle 3 (n_entries=0, leader_commit=2)
56626.4ms Leader 0 SENDING AppendEntries to vehicle 4 (n_entries=4, leader_commit=2)
56626.4ms Leader 0 SENDING AppendEntries to vehicle 5 (n_entries=4, leader_commit=2)
56626.4ms Leader 0 SENDING AppendEntries to vehicle 6 (n_entries=4, leader_commit=2)
56626.4ms Leader 0 SENDING AppendEntries to vehicle 7 (n_entries=0, leader_commit=2)
56626.5ms Vehicle 3 RECEIVED AppendEntries from vehicle 0 (n_entries=0, leader_commit=2)
56631.8ms Vehicle 7 RECEIVED AppendEntries from vehicle 0 (n_entries=0, leader_commit=2)
56766.4ms Leader 0 SENDING AppendEntries to vehicle 1 (n_entries=2, leader_commit=2)
56766.4ms Leader 0 SENDING AppendEntries to vehicle 3 (n_entries=0, leader_commit=2)
56766.4ms Leader 0 SENDING AppendEntries to vehicle 4 (n_entries=4, leader_commit=2)
56766.4ms Leader 0 SENDING AppendEntries to vehicle 5 (n_entries=4, leader_commit=2)
56766.4ms Leader 0 SENDING AppendEntries to vehicle 6 (n_entries=4, leader_commit=2)
56766.4ms Leader 0 SENDING AppendEntries to vehicle 7 (n_entries=0, leader_commit=2)
56766.6ms Vehicle 3 RECEIVED AppendEntries from vehicle 0 (n_entries=0, leader_commit=2)
56772.3ms Vehicle 7 RECEIVED AppendEntries from vehicle 0 (n_entries=0, leader_commit=2)
56906.4ms Leader 0 SENDING AppendEntries to vehicle 1 (n_entries=2, leader_commit=2)
56906.4ms Leader 0 SENDING AppendEntries to vehicle 3 (n_entries=0, leader_commit=2)
56906.4ms Leader 0 SENDING AppendEntries to vehicle 4 (n_entries=4, leader_commit=2)
56906.4ms Leader 0 SENDING AppendEntries to vehicle 5 (n_entries=4, leader_commit=2)
56906.4ms Leader 0 SENDING AppendEntries to vehicle 6 (n_entries=4, leader_commit=2)
56906.4ms Leader 0 SENDING AppendEntries to vehicle 7 (n_entries=0, leader_commit=2)
56906.6ms Vehicle 3 RECEIVED AppendEntries from vehicle 0 (n_entries=0, leader_commit=2)
56912.6ms Vehicle 7 RECEIVED AppendEntries from vehicle 0 (n_entries=0, leader_commit=2)
57046.4ms Leader 0 SENDING AppendEntries to vehicle 1 (n_entries=2, leader_commit=2)
57046.4ms Leader 0 SENDING AppendEntries to vehicle 3 (n_entries=0, leader_commit=2)
57046.4ms Leader 0 SENDING AppendEntries to vehicle 4 (n_entries=4, leader_commit=2)
57046.4ms Leader 0 SENDING AppendEntries to vehicle 5 (n_entries=4, leader_commit=2)
57046.4ms Leader 0 SENDING AppendEntries to vehicle 6 (n_entries=4, leader_commit=2)
57046.4ms Leader 0 SENDING AppendEntries to vehicle 7 (n_entries=0, leader_commit=2)
57046.6ms Vehicle 3 RECEIVED AppendEntries from vehicle 0 (n_entries=0, leader_commit=2)
57053.0ms Vehicle 7 RECEIVED AppendEntries from vehicle 0 (n_entries=0, leader_commit=2)
57186.4ms Leader 0 SENDING AppendEntries to vehicle 1 (n_entries=2, leader_commit=2)
57186.4ms Leader 0 SENDING AppendEntries to vehicle 3 (n_entries=0, leader_commit=2)
57186.4ms Leader 0 SENDING AppendEntries to vehicle 4 (n_entries=4, leader_commit=2)
57186.4ms Leader 0 SENDING AppendEntries to vehicle 5 (n_entries=4, leader_commit=2)
57186.4ms Leader 0 SENDING AppendEntries to vehicle 6 (n_entries=4, leader_commit=2)
57186.4ms Leader 0 SENDING AppendEntries to vehicle 7 (n_entries=0, leader_commit=2)
57186.8ms Vehicle 3 RECEIVED AppendEntries from vehicle 0 (n_entries=0, leader_commit=2)
57193.0ms Vehicle 7 RECEIVED AppendEntries from vehicle 0 (n_entries=0, leader_commit=2)
57326.4ms Leader 0 SENDING AppendEntries to vehicle 1 (n_entries=2, leader_commit=2)
57326.4ms Leader 0 SENDING AppendEntries to vehicle 3 (n_entries=0, leader_commit=2)
57326.4ms Leader 0 SENDING AppendEntries to vehicle 4 (n_entries=4, leader_commit=2)
57326.4ms Leader 0 SENDING AppendEntries to vehicle 5 (n_entries=4, leader_commit=2)
57326.4ms Leader 0 SENDING AppendEntries to vehicle 6 (n_entries=4, leader_commit=2)
57326.4ms Leader 0 SENDING AppendEntries to vehicle 7 (n_entries=0, leader_commit=2)
57332.3ms Vehicle 7 RECEIVED AppendEntries from vehicle 0 (n_entries=0, leader_commit=2)
57466.4ms Leader 0 SENDING AppendEntries to vehicle 1 (n_entries=2, leader_commit=2)
57466.4ms Leader 0 SENDING AppendEntries to vehicle 3 (n_entries=0, leader_commit=2)
57466.4ms Leader 0 SENDING AppendEntries to vehicle 4 (n_entries=4, leader_commit=2)
57466.4ms Leader 0 SENDING AppendEntries to vehicle 5 (n_entries=4, leader_commit=2)
57466.4ms Leader 0 SENDING AppendEntries to vehicle 6 (n_entries=4, leader_commit=2)
57466.4ms Leader 0 SENDING AppendEntries to vehicle 7 (n_entries=0, leader_commit=2)
57466.6ms Vehicle 3 RECEIVED AppendEntries from vehicle 0 (n_entries=0, leader_commit=2)
57472.2ms Vehicle 7 RECEIVED AppendEntries from vehicle 0 (n_entries=0, leader_commit=2)
57606.4ms Leader 0 SENDING AppendEntries to vehicle 1 (n_entries=2, leader_commit=2)
57606.4ms Leader 0 SENDING AppendEntries to vehicle 3 (n_entries=0, leader_commit=2)
57606.4ms Leader 0 SENDING AppendEntries to vehicle 4 (n_entries=4, leader_commit=2)
57606.4ms Leader 0 SENDING AppendEntries to vehicle 5 (n_entries=4, leader_commit=2)
57606.4ms Leader 0 SENDING AppendEntries to vehicle 6 (n_entries=4, leader_commit=2)
57606.4ms Leader 0 SENDING AppendEntries to vehicle 7 (n_entries=0, leader_commit=2)
57606.7ms Vehicle 3 RECEIVED AppendEntries from vehicle 0 (n_entries=0, leader_commit=2)
57612.6ms Vehicle 7 RECEIVED AppendEntries from vehicle 0 (n_entries=0, leader_commit=2)
57746.4ms Leader 0 SENDING AppendEntries to vehicle 1 (n_entries=2, leader_commit=2)
57746.4ms Leader 0 SENDING AppendEntries to vehicle 3 (n_entries=0, leader_commit=2)
57746.4ms Leader 0 SENDING AppendEntries to vehicle 4 (n_entries=4, leader_commit=2)
57746.4ms Leader 0 SENDING AppendEntries to vehicle 5 (n_entries=4, leader_commit=2)
57746.4ms Leader 0 SENDING AppendEntries to vehicle 6 (n_entries=4, leader_commit=2)
57746.4ms Leader 0 SENDING AppendEntries to vehicle 7 (n_entries=0, leader_commit=2)
57746.8ms Vehicle 3 RECEIVED AppendEntries from vehicle 0 (n_entries=0, leader_commit=2)
57752.6ms Vehicle 7 RECEIVED AppendEntries from vehicle 0 (n_entries=0, leader_commit=2)
57886.4ms Leader 0 SENDING AppendEntries to vehicle 1 (n_entries=2, leader_commit=2)
57886.4ms Leader 0 SENDING AppendEntries to vehicle 3 (n_entries=0, leader_commit=2)
57886.4ms Leader 0 SENDING AppendEntries to vehicle 4 (n_entries=4, leader_commit=2)
57886.4ms Leader 0 SENDING AppendEntries to vehicle 5 (n_entries=4, leader_commit=2)
57886.4ms Leader 0 SENDING AppendEntries to vehicle 6 (n_entries=4, leader_commit=2)
57886.4ms Leader 0 SENDING AppendEntries to vehicle 7 (n_entries=0, leader_commit=2)
57886.7ms Vehicle 3 RECEIVED AppendEntries from vehicle 0 (n_entries=0, leader_commit=2)
57892.6ms Vehicle 7 RECEIVED AppendEntries from vehicle 0 (n_entries=0, leader_commit=2)
58026.4ms Leader 0 SENDING AppendEntries to vehicle 1 (n_entries=2, leader_commit=2)
58026.4ms Leader 0 SENDING AppendEntries to vehicle 3 (n_entries=0, leader_commit=2)
58026.4ms Leader 0 SENDING AppendEntries to vehicle 4 (n_entries=4, leader_commit=2)
58026.4ms Leader 0 SENDING AppendEntries to vehicle 5 (n_entries=4, leader_commit=2)
58026.4ms Leader 0 SENDING AppendEntries to vehicle 6 (n_entries=4, leader_commit=2)
58026.4ms Leader 0 SENDING AppendEntries to vehicle 7 (n_entries=0, leader_commit=2)
58026.6ms Vehicle 3 RECEIVED AppendEntries from vehicle 0 (n_entries=0, leader_commit=2)
58032.9ms Vehicle 7 RECEIVED AppendEntries from vehicle 0 (n_entries=0, leader_commit=2)
58166.4ms Leader 0 SENDING AppendEntries to vehicle 1 (n_entries=2, leader_commit=2)
58166.4ms Leader 0 SENDING AppendEntries to vehicle 3 (n_entries=0, leader_commit=2)
58166.4ms Leader 0 SENDING AppendEntries to vehicle 4 (n_entries=4, leader_commit=2)
58166.4ms Leader 0 SENDING AppendEntries to vehicle 5 (n_entries=4, leader_commit=2)
58166.4ms Leader 0 SENDING AppendEntries to vehicle 6 (n_entries=4, leader_commit=2)
58166.4ms Leader 0 SENDING AppendEntries to vehicle 7 (n_entries=0, leader_commit=2)
58166.7ms Vehicle 3 RECEIVED AppendEntries from vehicle 0 (n_entries=0, leader_commit=2)
58172.8ms Vehicle 7 RECEIVED AppendEntries from vehicle 0 (n_entries=0, leader_commit=2)
58306.4ms Leader 0 SENDING AppendEntries to vehicle 1 (n_entries=2, leader_commit=2)
58306.4ms Leader 0 SENDING AppendEntries to vehicle 3 (n_entries=0, leader_commit=2)
58306.4ms Leader 0 SENDING AppendEntries to vehicle 4 (n_entries=4, leader_commit=2)
58306.4ms Leader 0 SENDING AppendEntries to vehicle 5 (n_entries=4, leader_commit=2)
58306.4ms Leader 0 SENDING AppendEntries to vehicle 6 (n_entries=4, leader_commit=2)
58306.4ms Leader 0 SENDING AppendEntries to vehicle 7 (n_entries=0, leader_commit=2)
58306.8ms Vehicle 3 RECEIVED AppendEntries from vehicle 0 (n_entries=0, leader_commit=2)
58446.4ms Leader 0 SENDING AppendEntries to vehicle 1 (n_entries=2, leader_commit=2)
58446.4ms Leader 0 SENDING AppendEntries to vehicle 3 (n_entries=0, leader_commit=2)
58446.4ms Leader 0 SENDING AppendEntries to vehicle 4 (n_entries=4, leader_commit=2)
58446.4ms Leader 0 SENDING AppendEntries to vehicle 5 (n_entries=4, leader_commit=2)
58446.4ms Leader 0 SENDING AppendEntries to vehicle 6 (n_entries=4, leader_commit=2)
58446.4ms Leader 0 SENDING AppendEntries to vehicle 7 (n_entries=0, leader_commit=2)
58446.8ms Vehicle 3 RECEIVED AppendEntries from vehicle 0 (n_entries=0, leader_commit=2)
58453.1ms Vehicle 7 RECEIVED AppendEntries from vehicle 0 (n_entries=0, leader_commit=2)
58586.4ms Leader 0 SENDING AppendEntries to vehicle 1 (n_entries=2, leader_commit=2)
58586.4ms Leader 0 SENDING AppendEntries to vehicle 3 (n_entries=0, leader_commit=2)
58586.4ms Leader 0 SENDING AppendEntries to vehicle 4 (n_entries=4, leader_commit=2)
58586.4ms Leader 0 SENDING AppendEntries to vehicle 5 (n_entries=4, leader_commit=2)
58586.4ms Leader 0 SENDING AppendEntries to vehicle 6 (n_entries=4, leader_commit=2)
58586.4ms Leader 0 SENDING AppendEntries to vehicle 7 (n_entries=0, leader_commit=2)
58586.6ms Vehicle 3 RECEIVED AppendEntries from vehicle 0 (n_entries=0, leader_commit=2)
58593.3ms Vehicle 7 RECEIVED AppendEntries from vehicle 0 (n_entries=0, leader_commit=2)
58726.4ms Leader 0 SENDING AppendEntries to vehicle 1 (n_entries=2, leader_commit=2)
58726.4ms Leader 0 SENDING AppendEntries to vehicle 3 (n_entries=0, leader_commit=2)
58726.4ms Leader 0 SENDING AppendEntries to vehicle 4 (n_entries=4, leader_commit=2)
58726.4ms Leader 0 SENDING AppendEntries to vehicle 5 (n_entries=4, leader_commit=2)
58726.4ms Leader 0 SENDING AppendEntries to vehicle 6 (n_entries=4, leader_commit=2)
58726.4ms Leader 0 SENDING AppendEntries to vehicle 7 (n_entries=0, leader_commit=2)
58726.8ms Vehicle 3 RECEIVED AppendEntries from vehicle 0 (n_entries=0, leader_commit=2)
58866.4ms Leader 0 SENDING AppendEntries to vehicle 1 (n_entries=2, leader_commit=2)
58866.4ms Leader 0 SENDING AppendEntries to vehicle 3 (n_entries=0, leader_commit=2)
58866.4ms Leader 0 SENDING AppendEntries to vehicle 4 (n_entries=4, leader_commit=2)
58866.4ms Leader 0 SENDING AppendEntries to vehicle 5 (n_entries=4, leader_commit=2)
58866.4ms Leader 0 SENDING AppendEntries to vehicle 6 (n_entries=4, leader_commit=2)
58866.4ms Leader 0 SENDING AppendEntries to vehicle 7 (n_entries=0, leader_commit=2)
58866.6ms Vehicle 3 RECEIVED AppendEntries from vehicle 0 (n_entries=0, leader_commit=2)
58872.7ms Vehicle 7 RECEIVED AppendEntries from vehicle 0 (n_entries=0, leader_commit=2)
59006.4ms Leader 0 SENDING AppendEntries to vehicle 1 (n_entries=2, leader_commit=2)
59006.4ms Leader 0 SENDING AppendEntries to vehicle 3 (n_entries=0, leader_commit=2)
59006.4ms Leader 0 SENDING AppendEntries to vehicle 4 (n_entries=4, leader_commit=2)
59006.4ms Leader 0 SENDING AppendEntries to vehicle 5 (n_entries=4, leader_commit=2)
59006.4ms Leader 0 SENDING AppendEntries to vehicle 6 (n_entries=4, leader_commit=2)
59006.4ms Leader 0 SENDING AppendEntries to vehicle 7 (n_entries=0, leader_commit=2)
59006.8ms Vehicle 3 RECEIVED AppendEntries from vehicle 0 (n_entries=0, leader_commit=2)
59012.6ms Vehicle 7 RECEIVED AppendEntries from vehicle 0 (n_entries=0, leader_commit=2)
59146.4ms Leader 0 SENDING AppendEntries to vehicle 1 (n_entries=2, leader_commit=2)
59146.4ms Leader 0 SENDING AppendEntries to vehicle 3 (n_entries=0, leader_commit=2)
59146.4ms Leader 0 SENDING AppendEntries to vehicle 4 (n_entries=4, leader_commit=2)
59146.4ms Leader 0 SENDING AppendEntries to vehicle 5 (n_entries=4, leader_commit=2)
59146.4ms Leader 0 SENDING AppendEntries to vehicle 6 (n_entries=4, leader_commit=2)
59146.4ms Leader 0 SENDING AppendEntries to vehicle 7 (n_entries=0, leader_commit=2)
59146.8ms Vehicle 3 RECEIVED AppendEntries from vehicle 0 (n_entries=0, leader_commit=2)
59152.9ms Vehicle 7 RECEIVED AppendEntries from vehicle 0 (n_entries=0, leader_commit=2)
59286.4ms Leader 0 SENDING AppendEntries to vehicle 1 (n_entries=2, leader_commit=2)
59286.4ms Leader 0 SENDING AppendEntries to vehicle 3 (n_entries=0, leader_commit=2)
59286.4ms Leader 0 SENDING AppendEntries to vehicle 4 (n_entries=4, leader_commit=2)
59286.4ms Leader 0 SENDING AppendEntries to vehicle 5 (n_entries=4, leader_commit=2)
59286.4ms Leader 0 SENDING AppendEntries to vehicle 6 (n_entries=4, leader_commit=2)
59286.4ms Leader 0 SENDING AppendEntries to vehicle 7 (n_entries=0, leader_commit=2)
59286.6ms Vehicle 3 RECEIVED AppendEntries from vehicle 0 (n_entries=0, leader_commit=2)
59292.7ms Vehicle 7 RECEIVED AppendEntries from vehicle 0 (n_entries=0, leader_commit=2)
59426.4ms Leader 0 SENDING AppendEntries to vehicle 1 (n_entries=2, leader_commit=2)
59426.4ms Leader 0 SENDING AppendEntries to vehicle 3 (n_entries=0, leader_commit=2)
59426.4ms Leader 0 SENDING AppendEntries to vehicle 4 (n_entries=4, leader_commit=2)
59426.4ms Leader 0 SENDING AppendEntries to vehicle 5 (n_entries=4, leader_commit=2)
59426.4ms Leader 0 SENDING AppendEntries to vehicle 6 (n_entries=4, leader_commit=2)
59426.4ms Leader 0 SENDING AppendEntries to vehicle 7 (n_entries=0, leader_commit=2)
59426.6ms Vehicle 3 RECEIVED AppendEntries from vehicle 0 (n_entries=0, leader_commit=2)
59432.2ms Vehicle 7 RECEIVED AppendEntries from vehicle 0 (n_entries=0, leader_commit=2)
59566.4ms Leader 0 SENDING AppendEntries to vehicle 1 (n_entries=2, leader_commit=2)
59566.4ms Leader 0 SENDING AppendEntries to vehicle 3 (n_entries=0, leader_commit=2)
59566.4ms Leader 0 SENDING AppendEntries to vehicle 4 (n_entries=4, leader_commit=2)
59566.4ms Leader 0 SENDING AppendEntries to vehicle 5 (n_entries=4, leader_commit=2)
59566.4ms Leader 0 SENDING AppendEntries to vehicle 6 (n_entries=4, leader_commit=2)
59566.4ms Leader 0 SENDING AppendEntries to vehicle 7 (n_entries=0, leader_commit=2)
59566.6ms Vehicle 3 RECEIVED AppendEntries from vehicle 0 (n_entries=0, leader_commit=2)
59572.3ms Vehicle 7 RECEIVED AppendEntries from vehicle 0 (n_entries=0, leader_commit=2)
59706.4ms Leader 0 SENDING AppendEntries to vehicle 1 (n_entries=2, leader_commit=2)
59706.4ms Leader 0 SENDING AppendEntries to vehicle 3 (n_entries=0, leader_commit=2)
59706.4ms Leader 0 SENDING AppendEntries to vehicle 4 (n_entries=4, leader_commit=2)
59706.4ms Leader 0 SENDING AppendEntries to vehicle 5 (n_entries=4, leader_commit=2)
59706.4ms Leader 0 SENDING AppendEntries to vehicle 6 (n_entries=4, leader_commit=2)
59706.4ms Leader 0 SENDING AppendEntries to vehicle 7 (n_entries=0, leader_commit=2)
59706.6ms Vehicle 3 RECEIVED AppendEntries from vehicle 0 (n_entries=0, leader_commit=2)
59712.4ms Vehicle 7 RECEIVED AppendEntries from vehicle 0 (n_entries=0, leader_commit=2)
59846.4ms Leader 0 SENDING AppendEntries to vehicle 1 (n_entries=2, leader_commit=2)
59846.4ms Leader 0 SENDING AppendEntries to vehicle 3 (n_entries=0, leader_commit=2)
59846.4ms Leader 0 SENDING AppendEntries to vehicle 4 (n_entries=4, leader_commit=2)
59846.4ms Leader 0 SENDING AppendEntries to vehicle 5 (n_entries=4, leader_commit=2)
59846.4ms Leader 0 SENDING AppendEntries to vehicle 6 (n_entries=4, leader_commit=2)
59846.4ms Leader 0 SENDING AppendEntries to vehicle 7 (n_entries=0, leader_commit=2)
59846.5ms Vehicle 3 RECEIVED AppendEntries from vehicle 0 (n_entries=0, leader_commit=2)
59852.6ms Vehicle 7 RECEIVED AppendEntries from vehicle 0 (n_entries=0, leader_commit=2)
59986.4ms Leader 0 SENDING AppendEntries to vehicle 1 (n_entries=2, leader_commit=2)
59986.4ms Leader 0 SENDING AppendEntries to vehicle 3 (n_entries=0, leader_commit=2)
59986.4ms Leader 0 SENDING AppendEntries to vehicle 4 (n_entries=4, leader_commit=2)
59986.4ms Leader 0 SENDING AppendEntries to vehicle 5 (n_entries=4, leader_commit=2)
59986.4ms Leader 0 SENDING AppendEntries to vehicle 6 (n_entries=4, leader_commit=2)
59986.4ms Leader 0 SENDING AppendEntries to vehicle 7 (n_entries=0, leader_commit=2)
59986.8ms Vehicle 3 RECEIVED AppendEntries from vehicle 0 (n_entries=0, leader_commit=2)
59992.6ms Vehicle 7 RECEIVED AppendEntries from vehicle 0 (n_entries=0, leader_commit=2)
60126.4ms Leader 0 SENDING AppendEntries to vehicle 1 (n_entries=2, leader_commit=2)
60126.4ms Leader 0 SENDING AppendEntries to vehicle 3 (n_entries=0, leader_commit=2)
60126.4ms Leader 0 SENDING AppendEntries to vehicle 4 (n_entries=4, leader_commit=2)
60126.4ms Leader 0 SENDING AppendEntries to vehicle 5 (n_entries=4, leader_commit=2)
60126.4ms Leader 0 SENDING AppendEntries to vehicle 6 (n_entries=4, leader_commit=2)
60126.4ms Leader 0 SENDING AppendEntries to vehicle 7 (n_entries=0, leader_commit=2)
60126.6ms Vehicle 3 RECEIVED AppendEntries from vehicle 0 (n_entries=0, leader_commit=2)
60132.6ms Vehicle 7 RECEIVED AppendEntries from vehicle 0 (n_entries=0, leader_commit=2)
60266.4ms Leader 0 SENDING AppendEntries to vehicle 1 (n_entries=2, leader_commit=2)
60266.4ms Leader 0 SENDING AppendEntries to vehicle 3 (n_entries=0, leader_commit=2)
60266.4ms Leader 0 SENDING AppendEntries to vehicle 4 (n_entries=4, leader_commit=2)
60266.4ms Leader 0 SENDING AppendEntries to vehicle 5 (n_entries=4, leader_commit=2)
60266.4ms Leader 0 SENDING AppendEntries to vehicle 6 (n_entries=4, leader_commit=2)
60266.4ms Leader 0 SENDING AppendEntries to vehicle 7 (n_entries=0, leader_commit=2)
60266.7ms Vehicle 3 RECEIVED AppendEntries from vehicle 0 (n_entries=0, leader_commit=2)
60272.4ms Vehicle 7 RECEIVED AppendEntries from vehicle 0 (n_entries=0, leader_commit=2)
60406.4ms Leader 0 SENDING AppendEntries to vehicle 1 (n_entries=2, leader_commit=2)
60406.4ms Leader 0 SENDING AppendEntries to vehicle 3 (n_entries=0, leader_commit=2)
60406.4ms Leader 0 SENDING AppendEntries to vehicle 4 (n_entries=4, leader_commit=2)
60406.4ms Leader 0 SENDING AppendEntries to vehicle 5 (n_entries=4, leader_commit=2)
60406.4ms Leader 0 SENDING AppendEntries to vehicle 6 (n_entries=4, leader_commit=2)
60406.4ms Leader 0 SENDING AppendEntries to vehicle 7 (n_entries=0, leader_commit=2)
60406.7ms Vehicle 3 RECEIVED AppendEntries from vehicle 0 (n_entries=0, leader_commit=2)
60412.6ms Vehicle 7 RECEIVED AppendEntries from vehicle 0 (n_entries=0, leader_commit=2)
60546.4ms Leader 0 SENDING AppendEntries to vehicle 1 (n_entries=2, leader_commit=2)
60546.4ms Leader 0 SENDING AppendEntries to vehicle 3 (n_entries=0, leader_commit=2)
60546.4ms Leader 0 SENDING AppendEntries to vehicle 4 (n_entries=4, leader_commit=2)
60546.4ms Leader 0 SENDING AppendEntries to vehicle 5 (n_entries=4, leader_commit=2)
60546.4ms Leader 0 SENDING AppendEntries to vehicle 6 (n_entries=4, leader_commit=2)
60546.4ms Leader 0 SENDING AppendEntries to vehicle 7 (n_entries=0, leader_commit=2)
60546.6ms Vehicle 3 RECEIVED AppendEntries from vehicle 0 (n_entries=0, leader_commit=2)
60552.8ms Vehicle 7 RECEIVED AppendEntries from vehicle 0 (n_entries=0, leader_commit=2)
60686.4ms Leader 0 SENDING AppendEntries to vehicle 1 (n_entries=2, leader_commit=2)
60686.4ms Leader 0 SENDING AppendEntries to vehicle 3 (n_entries=0, leader_commit=2)
60686.4ms Leader 0 SENDING AppendEntries to vehicle 4 (n_entries=4, leader_commit=2)
60686.4ms Leader 0 SENDING AppendEntries to vehicle 5 (n_entries=4, leader_commit=2)
60686.4ms Leader 0 SENDING AppendEntries to vehicle 6 (n_entries=4, leader_commit=2)
60686.4ms Leader 0 SENDING AppendEntries to vehicle 7 (n_entries=0, leader_commit=2)
60686.8ms Vehicle 3 RECEIVED AppendEntries from vehicle 0 (n_entries=0, leader_commit=2)
60692.4ms Vehicle 7 RECEIVED AppendEntries from vehicle 0 (n_entries=0, leader_commit=2)
60826.4ms Leader 0 SENDING AppendEntries to vehicle 1 (n_entries=2, leader_commit=2)
60826.4ms Leader 0 SENDING AppendEntries to vehicle 3 (n_entries=0, leader_commit=2)
60826.4ms Leader 0 SENDING AppendEntries to vehicle 4 (n_entries=4, leader_commit=2)
60826.4ms Leader 0 SENDING AppendEntries to vehicle 5 (n_entries=4, leader_commit=2)
60826.4ms Leader 0 SENDING AppendEntries to vehicle 6 (n_entries=4, leader_commit=2)
60826.4ms Leader 0 SENDING AppendEntries to vehicle 7 (n_entries=0, leader_commit=2)
60826.7ms Vehicle 3 RECEIVED AppendEntries from vehicle 0 (n_entries=0, leader_commit=2)
60833.0ms Vehicle 7 RECEIVED AppendEntries from vehicle 0 (n_entries=0, leader_commit=2)
60966.4ms Leader 0 SENDING AppendEntries to vehicle 1 (n_entries=2, leader_commit=2)
60966.4ms Leader 0 SENDING AppendEntries to vehicle 3 (n_entries=0, leader_commit=2)
60966.4ms Leader 0 SENDING AppendEntries to vehicle 4 (n_entries=4, leader_commit=2)
60966.4ms Leader 0 SENDING AppendEntries to vehicle 5 (n_entries=4, leader_commit=2)
60966.4ms Leader 0 SENDING AppendEntries to vehicle 6 (n_entries=4, leader_commit=2)
60966.4ms Leader 0 SENDING AppendEntries to vehicle 7 (n_entries=0, leader_commit=2)
60966.6ms Vehicle 3 RECEIVED AppendEntries from vehicle 0 (n_entries=0, leader_commit=2)
60972.6ms Vehicle 7 RECEIVED AppendEntries from vehicle 0 (n_entries=0, leader_commit=2)
61106.4ms Leader 0 SENDING AppendEntries to vehicle 1 (n_entries=2, leader_commit=2)
61106.4ms Leader 0 SENDING AppendEntries to vehicle 3 (n_entries=0, leader_commit=2)
61106.4ms Leader 0 SENDING AppendEntries to vehicle 4 (n_entries=4, leader_commit=2)
61106.4ms Leader 0 SENDING AppendEntries to vehicle 5 (n_entries=4, leader_commit=2)
61106.4ms Leader 0 SENDING AppendEntries to vehicle 6 (n_entries=4, leader_commit=2)
61106.4ms Leader 0 SENDING AppendEntries to vehicle 7 (n_entries=0, leader_commit=2)
61106.6ms Vehicle 3 RECEIVED AppendEntries from vehicle 0 (n_entries=0, leader_commit=2)
61112.4ms Vehicle 7 RECEIVED AppendEntries from vehicle 0 (n_entries=0, leader_commit=2)
61246.4ms Leader 0 SENDING AppendEntries to vehicle 1 (n_entries=2, leader_commit=2)
61246.4ms Leader 0 SENDING AppendEntries to vehicle 3 (n_entries=0, leader_commit=2)
61246.4ms Leader 0 SENDING AppendEntries to vehicle 4 (n_entries=4, leader_commit=2)
61246.4ms Leader 0 SENDING AppendEntries to vehicle 5 (n_entries=4, leader_commit=2)
61246.4ms Leader 0 SENDING AppendEntries to vehicle 6 (n_entries=4, leader_commit=2)
61246.4ms Leader 0 SENDING AppendEntries to vehicle 7 (n_entries=0, leader_commit=2)
61246.7ms Vehicle 3 RECEIVED AppendEntries from vehicle 0 (n_entries=0, leader_commit=2)
61252.7ms Vehicle 7 RECEIVED AppendEntries from vehicle 0 (n_entries=0, leader_commit=2)
61386.4ms Leader 0 SENDING AppendEntries to vehicle 1 (n_entries=2, leader_commit=2)
61386.4ms Leader 0 SENDING AppendEntries to vehicle 3 (n_entries=0, leader_commit=2)
61386.4ms Leader 0 SENDING AppendEntries to vehicle 4 (n_entries=4, leader_commit=2)
61386.4ms Leader 0 SENDING AppendEntries to vehicle 5 (n_entries=4, leader_commit=2)
61386.4ms Leader 0 SENDING AppendEntries to vehicle 6 (n_entries=4, leader_commit=2)
61386.4ms Leader 0 SENDING AppendEntries to vehicle 7 (n_entries=0, leader_commit=2)
61386.8ms Vehicle 3 RECEIVED AppendEntries from vehicle 0 (n_entries=0, leader_commit=2)
61392.9ms Vehicle 7 RECEIVED AppendEntries from vehicle 0 (n_entries=0, leader_commit=2)
61526.4ms Leader 0 SENDING AppendEntries to vehicle 1 (n_entries=2, leader_commit=2)
61526.4ms Leader 0 SENDING AppendEntries to vehicle 3 (n_entries=0, leader_commit=2)
61526.4ms Leader 0 SENDING AppendEntries to vehicle 4 (n_entries=4, leader_commit=2)
61526.4ms Leader 0 SENDING AppendEntries to vehicle 5 (n_entries=4, leader_commit=2)
61526.4ms Leader 0 SENDING AppendEntries to vehicle 6 (n_entries=4, leader_commit=2)
61526.4ms Leader 0 SENDING AppendEntries to vehicle 7 (n_entries=0, leader_commit=2)
61526.7ms Vehicle 3 RECEIVED AppendEntries from vehicle 0 (n_entries=0, leader_commit=2)
61532.6ms Vehicle 7 RECEIVED AppendEntries from vehicle 0 (n_entries=0, leader_commit=2)
61666.4ms Leader 0 SENDING AppendEntries to vehicle 1 (n_entries=2, leader_commit=2)
61666.4ms Leader 0 SENDING AppendEntries to vehicle 3 (n_entries=0, leader_commit=2)
61666.4ms Leader 0 SENDING AppendEntries to vehicle 4 (n_entries=4, leader_commit=2)
61666.4ms Leader 0 SENDING AppendEntries to vehicle 5 (n_entries=4, leader_commit=2)
61666.4ms Leader 0 SENDING AppendEntries to vehicle 6 (n_entries=4, leader_commit=2)
61666.4ms Leader 0 SENDING AppendEntries to vehicle 7 (n_entries=0, leader_commit=2)
61666.8ms Vehicle 3 RECEIVED AppendEntries from vehicle 0 (n_entries=0, leader_commit=2)
61673.1ms Vehicle 7 RECEIVED AppendEntries from vehicle 0 (n_entries=0, leader_commit=2)
61806.4ms Leader 0 SENDING AppendEntries to vehicle 1 (n_entries=2, leader_commit=2)
61806.4ms Leader 0 SENDING AppendEntries to vehicle 3 (n_entries=0, leader_commit=2)
61806.4ms Leader 0 SENDING AppendEntries to vehicle 4 (n_entries=4, leader_commit=2)
61806.4ms Leader 0 SENDING AppendEntries to vehicle 5 (n_entries=4, leader_commit=2)
61806.4ms Leader 0 SENDING AppendEntries to vehicle 6 (n_entries=4, leader_commit=2)
61806.4ms Leader 0 SENDING AppendEntries to vehicle 7 (n_entries=0, leader_commit=2)
61806.7ms Vehicle 3 RECEIVED AppendEntries from vehicle 0 (n_entries=0, leader_commit=2)
61812.7ms Vehicle 7 RECEIVED AppendEntries from vehicle 0 (n_entries=0, leader_commit=2)
61946.4ms Leader 0 SENDING AppendEntries to vehicle 1 (n_entries=2, leader_commit=2)
61946.4ms Leader 0 SENDING AppendEntries to vehicle 3 (n_entries=0, leader_commit=2)
61946.4ms Leader 0 SENDING AppendEntries to vehicle 4 (n_entries=4, leader_commit=2)
61946.4ms Leader 0 SENDING AppendEntries to vehicle 5 (n_entries=4, leader_commit=2)
61946.4ms Leader 0 SENDING AppendEntries to vehicle 6 (n_entries=4, leader_commit=2)
61946.4ms Leader 0 SENDING AppendEntries to vehicle 7 (n_entries=0, leader_commit=2)
61946.6ms Vehicle 3 RECEIVED AppendEntries from vehicle 0 (n_entries=0, leader_commit=2)
61952.4ms Vehicle 7 RECEIVED AppendEntries from vehicle 0 (n_entries=0, leader_commit=2)
62086.4ms Leader 0 SENDING AppendEntries to vehicle 1 (n_entries=2, leader_commit=2)
62086.4ms Leader 0 SENDING AppendEntries to vehicle 3 (n_entries=0, leader_commit=2)
62086.4ms Leader 0 SENDING AppendEntries to vehicle 4 (n_entries=4, leader_commit=2)
62086.4ms Leader 0 SENDING AppendEntries to vehicle 5 (n_entries=4, leader_commit=2)
62086.4ms Leader 0 SENDING AppendEntries to vehicle 6 (n_entries=4, leader_commit=2)
62086.4ms Leader 0 SENDING AppendEntries to vehicle 7 (n_entries=0, leader_commit=2)
62086.7ms Vehicle 3 RECEIVED AppendEntries from vehicle 0 (n_entries=0, leader_commit=2)
62092.9ms Vehicle 7 RECEIVED AppendEntries from vehicle 0 (n_entries=0, leader_commit=2)
62226.4ms Leader 0 SENDING AppendEntries to vehicle 1 (n_entries=2, leader_commit=2)
62226.4ms Leader 0 SENDING AppendEntries to vehicle 3 (n_entries=0, leader_commit=2)
62226.4ms Leader 0 SENDING AppendEntries to vehicle 4 (n_entries=4, leader_commit=2)
62226.4ms Leader 0 SENDING AppendEntries to vehicle 5 (n_entries=4, leader_commit=2)
62226.4ms Leader 0 SENDING AppendEntries to vehicle 6 (n_entries=4, leader_commit=2)
62226.4ms Leader 0 SENDING AppendEntries to vehicle 7 (n_entries=0, leader_commit=2)
62226.8ms Vehicle 3 RECEIVED AppendEntries from vehicle 0 (n_entries=0, leader_commit=2)
62232.9ms Vehicle 7 RECEIVED AppendEntries from vehicle 0 (n_entries=0, leader_commit=2)
62366.4ms Leader 0 SENDING AppendEntries to vehicle 1 (n_entries=2, leader_commit=2)
62366.4ms Leader 0 SENDING AppendEntries to vehicle 3 (n_entries=0, leader_commit=2)
62366.4ms Leader 0 SENDING AppendEntries to vehicle 4 (n_entries=4, leader_commit=2)
62366.4ms Leader 0 SENDING AppendEntries to vehicle 5 (n_entries=4, leader_commit=2)
62366.4ms Leader 0 SENDING AppendEntries to vehicle 6 (n_entries=4, leader_commit=2)
62366.4ms Leader 0 SENDING AppendEntries to vehicle 7 (n_entries=0, leader_commit=2)
62366.6ms Vehicle 3 RECEIVED AppendEntries from vehicle 0 (n_entries=0, leader_commit=2)
62372.5ms Vehicle 7 RECEIVED AppendEntries from vehicle 0 (n_entries=0, leader_commit=2)
62506.4ms Leader 0 SENDING AppendEntries to vehicle 1 (n_entries=2, leader_commit=2)
62506.4ms Leader 0 SENDING AppendEntries to vehicle 3 (n_entries=0, leader_commit=2)
62506.4ms Leader 0 SENDING AppendEntries to vehicle 4 (n_entries=4, leader_commit=2)
62506.4ms Leader 0 SENDING AppendEntries to vehicle 5 (n_entries=4, leader_commit=2)
62506.4ms Leader 0 SENDING AppendEntries to vehicle 6 (n_entries=4, leader_commit=2)
62506.4ms Leader 0 SENDING AppendEntries to vehicle 7 (n_entries=0, leader_commit=2)
62506.8ms Vehicle 3 RECEIVED AppendEntries from vehicle 0 (n_entries=0, leader_commit=2)
62512.6ms Vehicle 7 RECEIVED AppendEntries from vehicle 0 (n_entries=0, leader_commit=2)
62646.4ms Leader 0 SENDING AppendEntries to vehicle 1 (n_entries=2, leader_commit=2)
62646.4ms Leader 0 SENDING AppendEntries to vehicle 3 (n_entries=0, leader_commit=2)
62646.4ms Leader 0 SENDING AppendEntries to vehicle 4 (n_entries=4, leader_commit=2)
62646.4ms Leader 0 SENDING AppendEntries to vehicle 5 (n_entries=4, leader_commit=2)
62646.4ms Leader 0 SENDING AppendEntries to vehicle 6 (n_entries=4, leader_commit=2)
62646.4ms Leader 0 SENDING AppendEntries to vehicle 7 (n_entries=0, leader_commit=2)
62646.7ms Vehicle 3 RECEIVED AppendEntries from vehicle 0 (n_entries=0, leader_commit=2)
62786.4ms Leader 0 SENDING AppendEntries to vehicle 1 (n_entries=2, leader_commit=2)
62786.4ms Leader 0 SENDING AppendEntries to vehicle 3 (n_entries=0, leader_commit=2)
62786.4ms Leader 0 SENDING AppendEntries to vehicle 4 (n_entries=4, leader_commit=2)
62786.4ms Leader 0 SENDING AppendEntries to vehicle 5 (n_entries=4, leader_commit=2)
62786.4ms Leader 0 SENDING AppendEntries to vehicle 6 (n_entries=4, leader_commit=2)
62786.4ms Leader 0 SENDING AppendEntries to vehicle 7 (n_entries=0, leader_commit=2)
62786.6ms Vehicle 3 RECEIVED AppendEntries from vehicle 0 (n_entries=0, leader_commit=2)
62792.4ms Vehicle 7 RECEIVED AppendEntries from vehicle 0 (n_entries=0, leader_commit=2)
62926.4ms Leader 0 SENDING AppendEntries to vehicle 1 (n_entries=2, leader_commit=2)
62926.4ms Leader 0 SENDING AppendEntries to vehicle 3 (n_entries=0, leader_commit=2)
62926.4ms Leader 0 SENDING AppendEntries to vehicle 4 (n_entries=4, leader_commit=2)
62926.4ms Leader 0 SENDING AppendEntries to vehicle 5 (n_entries=4, leader_commit=2)
62926.4ms Leader 0 SENDING AppendEntries to vehicle 6 (n_entries=4, leader_commit=2)
62926.4ms Leader 0 SENDING AppendEntries to vehicle 7 (n_entries=0, leader_commit=2)
62926.8ms Vehicle 3 RECEIVED AppendEntries from vehicle 0 (n_entries=0, leader_commit=2)
62932.6ms Vehicle 7 RECEIVED AppendEntries from vehicle 0 (n_entries=0, leader_commit=2)
63066.4ms Leader 0 SENDING AppendEntries to vehicle 1 (n_entries=2, leader_commit=2)
63066.4ms Leader 0 SENDING AppendEntries to vehicle 3 (n_entries=0, leader_commit=2)
63066.4ms Leader 0 SENDING AppendEntries to vehicle 4 (n_entries=4, leader_commit=2)
63066.4ms Leader 0 SENDING AppendEntries to vehicle 5 (n_entries=4, leader_commit=2)
63066.4ms Leader 0 SENDING AppendEntries to vehicle 6 (n_entries=4, leader_commit=2)
63066.4ms Leader 0 SENDING AppendEntries to vehicle 7 (n_entries=0, leader_commit=2)
63066.6ms Vehicle 3 RECEIVED AppendEntries from vehicle 0 (n_entries=0, leader_commit=2)
63072.3ms Vehicle 7 RECEIVED AppendEntries from vehicle 0 (n_entries=0, leader_commit=2)
63206.4ms Leader 0 SENDING AppendEntries to vehicle 1 (n_entries=2, leader_commit=2)
63206.4ms Leader 0 SENDING AppendEntries to vehicle 3 (n_entries=0, leader_commit=2)
63206.4ms Leader 0 SENDING AppendEntries to vehicle 4 (n_entries=4, leader_commit=2)
63206.4ms Leader 0 SENDING AppendEntries to vehicle 5 (n_entries=4, leader_commit=2)
63206.4ms Leader 0 SENDING AppendEntries to vehicle 6 (n_entries=4, leader_commit=2)
63206.4ms Leader 0 SENDING AppendEntries to vehicle 7 (n_entries=0, leader_commit=2)
63206.7ms Vehicle 3 RECEIVED AppendEntries from vehicle 0 (n_entries=0, leader_commit=2)
63212.6ms Vehicle 7 RECEIVED AppendEntries from vehicle 0 (n_entries=0, leader_commit=2)
63346.4ms Leader 0 SENDING AppendEntries to vehicle 1 (n_entries=2, leader_commit=2)
63346.4ms Leader 0 SENDING AppendEntries to vehicle 3 (n_entries=0, leader_commit=2)
63346.4ms Leader 0 SENDING AppendEntries to vehicle 4 (n_entries=4, leader_commit=2)
63346.4ms Leader 0 SENDING AppendEntries to vehicle 5 (n_entries=4, leader_commit=2)
63346.4ms Leader 0 SENDING AppendEntries to vehicle 6 (n_entries=4, leader_commit=2)
63346.4ms Leader 0 SENDING AppendEntries to vehicle 7 (n_entries=0, leader_commit=2)
63346.7ms Vehicle 3 RECEIVED AppendEntries from vehicle 0 (n_entries=0, leader_commit=2)
63352.5ms Vehicle 7 RECEIVED AppendEntries from vehicle 0 (n_entries=0, leader_commit=2)
63486.4ms Leader 0 SENDING AppendEntries to vehicle 1 (n_entries=2, leader_commit=2)
63486.4ms Leader 0 SENDING AppendEntries to vehicle 3 (n_entries=0, leader_commit=2)
63486.4ms Leader 0 SENDING AppendEntries to vehicle 4 (n_entries=4, leader_commit=2)
63486.4ms Leader 0 SENDING AppendEntries to vehicle 5 (n_entries=4, leader_commit=2)
63486.4ms Leader 0 SENDING AppendEntries to vehicle 6 (n_entries=4, leader_commit=2)
63486.4ms Leader 0 SENDING AppendEntries to vehicle 7 (n_entries=0, leader_commit=2)
63486.5ms Vehicle 3 RECEIVED AppendEntries from vehicle 0 (n_entries=0, leader_commit=2)
63492.6ms Vehicle 7 RECEIVED AppendEntries from vehicle 0 (n_entries=0, leader_commit=2)
63626.4ms Leader 0 SENDING AppendEntries to vehicle 1 (n_entries=2, leader_commit=2)
63626.4ms Leader 0 SENDING AppendEntries to vehicle 3 (n_entries=0, leader_commit=2)
63626.4ms Leader 0 SENDING AppendEntries to vehicle 4 (n_entries=4, leader_commit=2)
63626.4ms Leader 0 SENDING AppendEntries to vehicle 5 (n_entries=4, leader_commit=2)
63626.4ms Leader 0 SENDING AppendEntries to vehicle 6 (n_entries=4, leader_commit=2)
63626.4ms Leader 0 SENDING AppendEntries to vehicle 7 (n_entries=0, leader_commit=2)
63626.8ms Vehicle 3 RECEIVED AppendEntries from vehicle 0 (n_entries=0, leader_commit=2)
63766.4ms Leader 0 SENDING AppendEntries to vehicle 1 (n_entries=2, leader_commit=2)
63766.4ms Leader 0 SENDING AppendEntries to vehicle 3 (n_entries=0, leader_commit=2)
63766.4ms Leader 0 SENDING AppendEntries to vehicle 4 (n_entries=4, leader_commit=2)
63766.4ms Leader 0 SENDING AppendEntries to vehicle 5 (n_entries=4, leader_commit=2)
63766.4ms Leader 0 SENDING AppendEntries to vehicle 6 (n_entries=4, leader_commit=2)
63766.4ms Leader 0 SENDING AppendEntries to vehicle 7 (n_entries=0, leader_commit=2)
63766.7ms Vehicle 3 RECEIVED AppendEntries from vehicle 0 (n_entries=0, leader_commit=2)
63772.6ms Vehicle 7 RECEIVED AppendEntries from vehicle 0 (n_entries=0, leader_commit=2)
63906.4ms Leader 0 SENDING AppendEntries to vehicle 1 (n_entries=2, leader_commit=2)
63906.4ms Leader 0 SENDING AppendEntries to vehicle 3 (n_entries=0, leader_commit=2)
63906.4ms Leader 0 SENDING AppendEntries to vehicle 4 (n_entries=4, leader_commit=2)
63906.4ms Leader 0 SENDING AppendEntries to vehicle 5 (n_entries=4, leader_commit=2)
63906.4ms Leader 0 SENDING AppendEntries to vehicle 6 (n_entries=4, leader_commit=2)
63906.4ms Leader 0 SENDING AppendEntries to vehicle 7 (n_entries=0, leader_commit=2)
63906.8ms Vehicle 3 RECEIVED AppendEntries from vehicle 0 (n_entries=0, leader_commit=2)
63912.8ms Vehicle 7 RECEIVED AppendEntries from vehicle 0 (n_entries=0, leader_commit=2)
64046.4ms Leader 0 SENDING AppendEntries to vehicle 1 (n_entries=2, leader_commit=2)
64046.4ms Leader 0 SENDING AppendEntries to vehicle 3 (n_entries=0, leader_commit=2)
64046.4ms Leader 0 SENDING AppendEntries to vehicle 4 (n_entries=4, leader_commit=2)
64046.4ms Leader 0 SENDING AppendEntries to vehicle 5 (n_entries=4, leader_commit=2)
64046.4ms Leader 0 SENDING AppendEntries to vehicle 6 (n_entries=4, leader_commit=2)
64046.4ms Leader 0 SENDING AppendEntries to vehicle 7 (n_entries=0, leader_commit=2)
64046.6ms Vehicle 3 RECEIVED AppendEntries from vehicle 0 (n_entries=0, leader_commit=2)
64052.6ms Vehicle 7 RECEIVED AppendEntries from vehicle 0 (n_entries=0, leader_commit=2)
64186.4ms Leader 0 SENDING AppendEntries to vehicle 1 (n_entries=2, leader_commit=2)
64186.4ms Leader 0 SENDING AppendEntries to vehicle 3 (n_entries=0, leader_commit=2)
64186.4ms Leader 0 SENDING AppendEntries to vehicle 4 (n_entries=4, leader_commit=2)
64186.4ms Leader 0 SENDING AppendEntries to vehicle 5 (n_entries=4, leader_commit=2)
64186.4ms Leader 0 SENDING AppendEntries to vehicle 6 (n_entries=4, leader_commit=2)
64186.4ms Leader 0 SENDING AppendEntries to vehicle 7 (n_entries=0, leader_commit=2)
64186.6ms Vehicle 3 RECEIVED AppendEntries from vehicle 0 (n_entries=0, leader_commit=2)
64192.3ms Vehicle 7 RECEIVED AppendEntries from vehicle 0 (n_entries=0, leader_commit=2)
64326.4ms Leader 0 SENDING AppendEntries to vehicle 1 (n_entries=2, leader_commit=2)
64326.4ms Leader 0 SENDING AppendEntries to vehicle 3 (n_entries=0, leader_commit=2)
64326.4ms Leader 0 SENDING AppendEntries to vehicle 4 (n_entries=4, leader_commit=2)
64326.4ms Leader 0 SENDING AppendEntries to vehicle 5 (n_entries=4, leader_commit=2)
64326.4ms Leader 0 SENDING AppendEntries to vehicle 6 (n_entries=4, leader_commit=2)
64326.4ms Leader 0 SENDING AppendEntries to vehicle 7 (n_entries=0, leader_commit=2)
64326.6ms Vehicle 3 RECEIVED AppendEntries from vehicle 0 (n_entries=0, leader_commit=2)
64332.5ms Vehicle 7 RECEIVED AppendEntries from vehicle 0 (n_entries=0, leader_commit=2)
64466.4ms Leader 0 SENDING AppendEntries to vehicle 1 (n_entries=2, leader_commit=2)
64466.4ms Leader 0 SENDING AppendEntries to vehicle 3 (n_entries=0, leader_commit=2)
64466.4ms Leader 0 SENDING AppendEntries to vehicle 4 (n_entries=4, leader_commit=2)
64466.4ms Leader 0 SENDING AppendEntries to vehicle 5 (n_entries=4, leader_commit=2)
64466.4ms Leader 0 SENDING AppendEntries to vehicle 6 (n_entries=4, leader_commit=2)
64466.4ms Leader 0 SENDING AppendEntries to vehicle 7 (n_entries=0, leader_commit=2)
64466.8ms Vehicle 3 RECEIVED AppendEntries from vehicle 0 (n_entries=0, leader_commit=2)
64472.6ms Vehicle 7 RECEIVED AppendEntries from vehicle 0 (n_entries=0, leader_commit=2)
64606.4ms Leader 0 SENDING AppendEntries to vehicle 1 (n_entries=2, leader_commit=2)
64606.4ms Leader 0 SENDING AppendEntries to vehicle 3 (n_entries=0, leader_commit=2)
64606.4ms Leader 0 SENDING AppendEntries to vehicle 4 (n_entries=4, leader_commit=2)
64606.4ms Leader 0 SENDING AppendEntries to vehicle 5 (n_entries=4, leader_commit=2)
64606.4ms Leader 0 SENDING AppendEntries to vehicle 6 (n_entries=4, leader_commit=2)
64606.4ms Leader 0 SENDING AppendEntries to vehicle 7 (n_entries=0, leader_commit=2)
64606.8ms Vehicle 3 RECEIVED AppendEntries from vehicle 0 (n_entries=0, leader_commit=2)
64612.9ms Vehicle 7 RECEIVED AppendEntries from vehicle 0 (n_entries=0, leader_commit=2)
64746.4ms Leader 0 SENDING AppendEntries to vehicle 1 (n_entries=2, leader_commit=2)
64746.4ms Leader 0 SENDING AppendEntries to vehicle 3 (n_entries=0, leader_commit=2)
64746.4ms Leader 0 SENDING AppendEntries to vehicle 4 (n_entries=4, leader_commit=2)
64746.4ms Leader 0 SENDING AppendEntries to vehicle 5 (n_entries=4, leader_commit=2)
64746.4ms Leader 0 SENDING AppendEntries to vehicle 6 (n_entries=4, leader_commit=2)
64746.4ms Leader 0 SENDING AppendEntries to vehicle 7 (n_entries=0, leader_commit=2)
64746.8ms Vehicle 3 RECEIVED AppendEntries from vehicle 0 (n_entries=0, leader_commit=2)
64752.9ms Vehicle 7 RECEIVED AppendEntries from vehicle 0 (n_entries=0, leader_commit=2)
64886.4ms Leader 0 SENDING AppendEntries to vehicle 1 (n_entries=2, leader_commit=2)
64886.4ms Leader 0 SENDING AppendEntries to vehicle 3 (n_entries=0, leader_commit=2)
64886.4ms Leader 0 SENDING AppendEntries to vehicle 4 (n_entries=4, leader_commit=2)
64886.4ms Leader 0 SENDING AppendEntries to vehicle 5 (n_entries=4, leader_commit=2)
64886.4ms Leader 0 SENDING AppendEntries to vehicle 6 (n_entries=4, leader_commit=2)
64886.4ms Leader 0 SENDING AppendEntries to vehicle 7 (n_entries=0, leader_commit=2)
64886.8ms Vehicle 3 RECEIVED AppendEntries from vehicle 0 (n_entries=0, leader_commit=2)
64892.8ms Vehicle 7 RECEIVED AppendEntries from vehicle 0 (n_entries=0, leader_commit=2)
65026.4ms Leader 0 SENDING AppendEntries to vehicle 1 (n_entries=2, leader_commit=2)
65026.4ms Leader 0 SENDING AppendEntries to vehicle 3 (n_entries=0, leader_commit=2)
65026.4ms Leader 0 SENDING AppendEntries to vehicle 4 (n_entries=4, leader_commit=2)
65026.4ms Leader 0 SENDING AppendEntries to vehicle 5 (n_entries=4, leader_commit=2)
65026.4ms Leader 0 SENDING AppendEntries to vehicle 6 (n_entries=4, leader_commit=2)
65026.4ms Leader 0 SENDING AppendEntries to vehicle 7 (n_entries=0, leader_commit=2)
65026.6ms Vehicle 3 RECEIVED AppendEntries from vehicle 0 (n_entries=0, leader_commit=2)
65032.2ms Vehicle 7 RECEIVED AppendEntries from vehicle 0 (n_entries=0, leader_commit=2)
65166.4ms Leader 0 SENDING AppendEntries to vehicle 1 (n_entries=2, leader_commit=2)
65166.4ms Leader 0 SENDING AppendEntries to vehicle 3 (n_entries=0, leader_commit=2)
65166.4ms Leader 0 SENDING AppendEntries to vehicle 4 (n_entries=4, leader_commit=2)
65166.4ms Leader 0 SENDING AppendEntries to vehicle 5 (n_entries=4, leader_commit=2)
65166.4ms Leader 0 SENDING AppendEntries to vehicle 6 (n_entries=4, leader_commit=2)
65166.4ms Leader 0 SENDING AppendEntries to vehicle 7 (n_entries=0, leader_commit=2)
65306.4ms Leader 0 SENDING AppendEntries to vehicle 1 (n_entries=2, leader_commit=2)
65306.4ms Leader 0 SENDING AppendEntries to vehicle 3 (n_entries=0, leader_commit=2)
65306.4ms Leader 0 SENDING AppendEntries to vehicle 4 (n_entries=4, leader_commit=2)
65306.4ms Leader 0 SENDING AppendEntries to vehicle 5 (n_entries=4, leader_commit=2)
65306.4ms Leader 0 SENDING AppendEntries to vehicle 6 (n_entries=4, leader_commit=2)
65306.4ms Leader 0 SENDING AppendEntries to vehicle 7 (n_entries=0, leader_commit=2)
65306.6ms Vehicle 3 RECEIVED AppendEntries from vehicle 0 (n_entries=0, leader_commit=2)
65312.6ms Vehicle 7 RECEIVED AppendEntries from vehicle 0 (n_entries=0, leader_commit=2)
65446.4ms Leader 0 SENDING AppendEntries to vehicle 1 (n_entries=2, leader_commit=2)
65446.4ms Leader 0 SENDING AppendEntries to vehicle 3 (n_entries=0, leader_commit=2)
65446.4ms Leader 0 SENDING AppendEntries to vehicle 4 (n_entries=4, leader_commit=2)
65446.4ms Leader 0 SENDING AppendEntries to vehicle 5 (n_entries=4, leader_commit=2)
65446.4ms Leader 0 SENDING AppendEntries to vehicle 6 (n_entries=4, leader_commit=2)
65446.4ms Leader 0 SENDING AppendEntries to vehicle 7 (n_entries=0, leader_commit=2)
65452.2ms Vehicle 7 RECEIVED AppendEntries from vehicle 0 (n_entries=0, leader_commit=2)
65586.4ms Leader 0 SENDING AppendEntries to vehicle 1 (n_entries=2, leader_commit=2)
65586.4ms Leader 0 SENDING AppendEntries to vehicle 3 (n_entries=0, leader_commit=2)
65586.4ms Leader 0 SENDING AppendEntries to vehicle 4 (n_entries=4, leader_commit=2)
65586.4ms Leader 0 SENDING AppendEntries to vehicle 5 (n_entries=4, leader_commit=2)
65586.4ms Leader 0 SENDING AppendEntries to vehicle 6 (n_entries=4, leader_commit=2)
65586.4ms Leader 0 SENDING AppendEntries to vehicle 7 (n_entries=0, leader_commit=2)
65586.8ms Vehicle 3 RECEIVED AppendEntries from vehicle 0 (n_entries=0, leader_commit=2)
65593.2ms Vehicle 7 RECEIVED AppendEntries from vehicle 0 (n_entries=0, leader_commit=2)
65726.4ms Leader 0 SENDING AppendEntries to vehicle 1 (n_entries=2, leader_commit=2)
65726.4ms Leader 0 SENDING AppendEntries to vehicle 3 (n_entries=0, leader_commit=2)
65726.4ms Leader 0 SENDING AppendEntries to vehicle 4 (n_entries=4, leader_commit=2)
65726.4ms Leader 0 SENDING AppendEntries to vehicle 5 (n_entries=4, leader_commit=2)
65726.4ms Leader 0 SENDING AppendEntries to vehicle 6 (n_entries=4, leader_commit=2)
65726.4ms Leader 0 SENDING AppendEntries to vehicle 7 (n_entries=0, leader_commit=2)
65726.6ms Vehicle 3 RECEIVED AppendEntries from vehicle 0 (n_entries=0, leader_commit=2)
65732.3ms Vehicle 7 RECEIVED AppendEntries from vehicle 0 (n_entries=0, leader_commit=2)
65866.4ms Leader 0 SENDING AppendEntries to vehicle 1 (n_entries=2, leader_commit=2)
65866.4ms Leader 0 SENDING AppendEntries to vehicle 3 (n_entries=0, leader_commit=2)
65866.4ms Leader 0 SENDING AppendEntries to vehicle 4 (n_entries=4, leader_commit=2)
65866.4ms Leader 0 SENDING AppendEntries to vehicle 5 (n_entries=4, leader_commit=2)
65866.4ms Leader 0 SENDING AppendEntries to vehicle 6 (n_entries=4, leader_commit=2)
65866.4ms Leader 0 SENDING AppendEntries to vehicle 7 (n_entries=0, leader_commit=2)
65866.7ms Vehicle 3 RECEIVED AppendEntries from vehicle 0 (n_entries=0, leader_commit=2)
65873.1ms Vehicle 7 RECEIVED AppendEntries from vehicle 0 (n_entries=0, leader_commit=2)
66006.4ms Leader 0 SENDING AppendEntries to vehicle 1 (n_entries=2, leader_commit=2)
66006.4ms Leader 0 SENDING AppendEntries to vehicle 3 (n_entries=0, leader_commit=2)
66006.4ms Leader 0 SENDING AppendEntries to vehicle 4 (n_entries=4, leader_commit=2)
66006.4ms Leader 0 SENDING AppendEntries to vehicle 5 (n_entries=4, leader_commit=2)
66006.4ms Leader 0 SENDING AppendEntries to vehicle 6 (n_entries=4, leader_commit=2)
66006.4ms Leader 0 SENDING AppendEntries to vehicle 7 (n_entries=0, leader_commit=2)
66006.8ms Vehicle 3 RECEIVED AppendEntries from vehicle 0 (n_entries=0, leader_commit=2)
66012.7ms Vehicle 7 RECEIVED AppendEntries from vehicle 0 (n_entries=0, leader_commit=2)
66146.4ms Leader 0 SENDING AppendEntries to vehicle 1 (n_entries=2, leader_commit=2)
66146.4ms Leader 0 SENDING AppendEntries to vehicle 3 (n_entries=0, leader_commit=2)
66146.4ms Leader 0 SENDING AppendEntries to vehicle 4 (n_entries=4, leader_commit=2)
66146.4ms Leader 0 SENDING AppendEntries to vehicle 5 (n_entries=4, leader_commit=2)
66146.4ms Leader 0 SENDING AppendEntries to vehicle 6 (n_entries=4, leader_commit=2)
66146.4ms Leader 0 SENDING AppendEntries to vehicle 7 (n_entries=0, leader_commit=2)
66146.6ms Vehicle 3 RECEIVED AppendEntries from vehicle 0 (n_entries=0, leader_commit=2)
66152.7ms Vehicle 7 RECEIVED AppendEntries from vehicle 0 (n_entries=0, leader_commit=2)
66286.4ms Leader 0 SENDING AppendEntries to vehicle 1 (n_entries=2, leader_commit=2)
66286.4ms Leader 0 SENDING AppendEntries to vehicle 3 (n_entries=0, leader_commit=2)
66286.4ms Leader 0 SENDING AppendEntries to vehicle 4 (n_entries=4, leader_commit=2)
66286.4ms Leader 0 SENDING AppendEntries to vehicle 5 (n_entries=4, leader_commit=2)
66286.4ms Leader 0 SENDING AppendEntries to vehicle 6 (n_entries=4, leader_commit=2)
66286.4ms Leader 0 SENDING AppendEntries to vehicle 7 (n_entries=0, leader_commit=2)
66286.8ms Vehicle 3 RECEIVED AppendEntries from vehicle 0 (n_entries=0, leader_commit=2)
66292.3ms Vehicle 7 RECEIVED AppendEntries from vehicle 0 (n_entries=0, leader_commit=2)
66426.4ms Leader 0 SENDING AppendEntries to vehicle 1 (n_entries=2, leader_commit=2)
66426.4ms Leader 0 SENDING AppendEntries to vehicle 3 (n_entries=0, leader_commit=2)
66426.4ms Leader 0 SENDING AppendEntries to vehicle 4 (n_entries=4, leader_commit=2)
66426.4ms Leader 0 SENDING AppendEntries to vehicle 5 (n_entries=4, leader_commit=2)
66426.4ms Leader 0 SENDING AppendEntries to vehicle 6 (n_entries=4, leader_commit=2)
66426.4ms Leader 0 SENDING AppendEntries to vehicle 7 (n_entries=0, leader_commit=2)
66426.7ms Vehicle 3 RECEIVED AppendEntries from vehicle 0 (n_entries=0, leader_commit=2)
66432.7ms Vehicle 7 RECEIVED AppendEntries from vehicle 0 (n_entries=0, leader_commit=2)
66566.4ms Leader 0 SENDING AppendEntries to vehicle 1 (n_entries=2, leader_commit=2)
66566.4ms Leader 0 SENDING AppendEntries to vehicle 3 (n_entries=0, leader_commit=2)
66566.4ms Leader 0 SENDING AppendEntries to vehicle 4 (n_entries=4, leader_commit=2)
66566.4ms Leader 0 SENDING AppendEntries to vehicle 5 (n_entries=4, leader_commit=2)
66566.4ms Leader 0 SENDING AppendEntries to vehicle 6 (n_entries=4, leader_commit=2)
66566.4ms Leader 0 SENDING AppendEntries to vehicle 7 (n_entries=0, leader_commit=2)
66566.8ms Vehicle 3 RECEIVED AppendEntries from vehicle 0 (n_entries=0, leader_commit=2)
66573.0ms Vehicle 7 RECEIVED AppendEntries from vehicle 0 (n_entries=0, leader_commit=2)
66706.4ms Leader 0 SENDING AppendEntries to vehicle 1 (n_entries=2, leader_commit=2)
66706.4ms Leader 0 SENDING AppendEntries to vehicle 3 (n_entries=0, leader_commit=2)
66706.4ms Leader 0 SENDING AppendEntries to vehicle 4 (n_entries=4, leader_commit=2)
66706.4ms Leader 0 SENDING AppendEntries to vehicle 5 (n_entries=4, leader_commit=2)
66706.4ms Leader 0 SENDING AppendEntries to vehicle 6 (n_entries=4, leader_commit=2)
66706.4ms Leader 0 SENDING AppendEntries to vehicle 7 (n_entries=0, leader_commit=2)
66706.7ms Vehicle 3 RECEIVED AppendEntries from vehicle 0 (n_entries=0, leader_commit=2)
66713.0ms Vehicle 7 RECEIVED AppendEntries from vehicle 0 (n_entries=0, leader_commit=2)
66846.4ms Leader 0 SENDING AppendEntries to vehicle 1 (n_entries=2, leader_commit=2)
66846.4ms Leader 0 SENDING AppendEntries to vehicle 3 (n_entries=0, leader_commit=2)
66846.4ms Leader 0 SENDING AppendEntries to vehicle 4 (n_entries=4, leader_commit=2)
66846.4ms Leader 0 SENDING AppendEntries to vehicle 5 (n_entries=4, leader_commit=2)
66846.4ms Leader 0 SENDING AppendEntries to vehicle 6 (n_entries=4, leader_commit=2)
66846.4ms Leader 0 SENDING AppendEntries to vehicle 7 (n_entries=0, leader_commit=2)
66846.7ms Vehicle 3 RECEIVED AppendEntries from vehicle 0 (n_entries=0, leader_commit=2)
66852.6ms Vehicle 7 RECEIVED AppendEntries from vehicle 0 (n_entries=0, leader_commit=2)
66986.4ms Leader 0 SENDING AppendEntries to vehicle 1 (n_entries=2, leader_commit=2)
66986.4ms Leader 0 SENDING AppendEntries to vehicle 3 (n_entries=0, leader_commit=2)
66986.4ms Leader 0 SENDING AppendEntries to vehicle 4 (n_entries=4, leader_commit=2)
66986.4ms Leader 0 SENDING AppendEntries to vehicle 5 (n_entries=4, leader_commit=2)
66986.4ms Leader 0 SENDING AppendEntries to vehicle 6 (n_entries=4, leader_commit=2)
66986.4ms Leader 0 SENDING AppendEntries to vehicle 7 (n_entries=0, leader_commit=2)
66986.8ms Vehicle 3 RECEIVED AppendEntries from vehicle 0 (n_entries=0, leader_commit=2)
66992.4ms Vehicle 7 RECEIVED AppendEntries from vehicle 0 (n_entries=0, leader_commit=2)
67126.4ms Leader 0 SENDING AppendEntries to vehicle 1 (n_entries=2, leader_commit=2)
67126.4ms Leader 0 SENDING AppendEntries to vehicle 3 (n_entries=0, leader_commit=2)
67126.4ms Leader 0 SENDING AppendEntries to vehicle 4 (n_entries=4, leader_commit=2)
67126.4ms Leader 0 SENDING AppendEntries to vehicle 5 (n_entries=4, leader_commit=2)
67126.4ms Leader 0 SENDING AppendEntries to vehicle 6 (n_entries=4, leader_commit=2)
67126.4ms Leader 0 SENDING AppendEntries to vehicle 7 (n_entries=0, leader_commit=2)
67126.6ms Vehicle 3 RECEIVED AppendEntries from vehicle 0 (n_entries=0, leader_commit=2)
67132.7ms Vehicle 7 RECEIVED AppendEntries from vehicle 0 (n_entries=0, leader_commit=2)
67266.4ms Leader 0 SENDING AppendEntries to vehicle 1 (n_entries=2, leader_commit=2)
67266.4ms Leader 0 SENDING AppendEntries to vehicle 3 (n_entries=0, leader_commit=2)
67266.4ms Leader 0 SENDING AppendEntries to vehicle 4 (n_entries=4, leader_commit=2)
67266.4ms Leader 0 SENDING AppendEntries to vehicle 5 (n_entries=4, leader_commit=2)
67266.4ms Leader 0 SENDING AppendEntries to vehicle 6 (n_entries=4, leader_commit=2)
67266.4ms Leader 0 SENDING AppendEntries to vehicle 7 (n_entries=0, leader_commit=2)
67266.8ms Vehicle 3 RECEIVED AppendEntries from vehicle 0 (n_entries=0, leader_commit=2)
67272.9ms Vehicle 7 RECEIVED AppendEntries from vehicle 0 (n_entries=0, leader_commit=2)
67406.4ms Leader 0 SENDING AppendEntries to vehicle 1 (n_entries=2, leader_commit=2)
67406.4ms Leader 0 SENDING AppendEntries to vehicle 3 (n_entries=0, leader_commit=2)
67406.4ms Leader 0 SENDING AppendEntries to vehicle 4 (n_entries=4, leader_commit=2)
67406.4ms Leader 0 SENDING AppendEntries to vehicle 5 (n_entries=4, leader_commit=2)
67406.4ms Leader 0 SENDING AppendEntries to vehicle 6 (n_entries=4, leader_commit=2)
67406.4ms Leader 0 SENDING AppendEntries to vehicle 7 (n_entries=0, leader_commit=2)
67406.8ms Vehicle 3 RECEIVED AppendEntries from vehicle 0 (n_entries=0, leader_commit=2)
67412.3ms Vehicle 7 RECEIVED AppendEntries from vehicle 0 (n_entries=0, leader_commit=2)
67546.4ms Leader 0 SENDING AppendEntries to vehicle 1 (n_entries=2, leader_commit=2)
67546.4ms Leader 0 SENDING AppendEntries to vehicle 3 (n_entries=0, leader_commit=2)
67546.4ms Leader 0 SENDING AppendEntries to vehicle 4 (n_entries=4, leader_commit=2)
67546.4ms Leader 0 SENDING AppendEntries to vehicle 5 (n_entries=4, leader_commit=2)
67546.4ms Leader 0 SENDING AppendEntries to vehicle 6 (n_entries=4, leader_commit=2)
67546.4ms Leader 0 SENDING AppendEntries to vehicle 7 (n_entries=0, leader_commit=2)
67546.6ms Vehicle 3 RECEIVED AppendEntries from vehicle 0 (n_entries=0, leader_commit=2)
67552.2ms Vehicle 7 RECEIVED AppendEntries from vehicle 0 (n_entries=0, leader_commit=2)
67686.4ms Leader 0 SENDING AppendEntries to vehicle 1 (n_entries=2, leader_commit=2)
67686.4ms Leader 0 SENDING AppendEntries to vehicle 3 (n_entries=0, leader_commit=2)
67686.4ms Leader 0 SENDING AppendEntries to vehicle 4 (n_entries=4, leader_commit=2)
67686.4ms Leader 0 SENDING AppendEntries to vehicle 5 (n_entries=4, leader_commit=2)
67686.4ms Leader 0 SENDING AppendEntries to vehicle 6 (n_entries=4, leader_commit=2)
67686.4ms Leader 0 SENDING AppendEntries to vehicle 7 (n_entries=0, leader_commit=2)
67686.6ms Vehicle 3 RECEIVED AppendEntries from vehicle 0 (n_entries=0, leader_commit=2)
67692.5ms Vehicle 7 RECEIVED AppendEntries from vehicle 0 (n_entries=0, leader_commit=2)
67826.4ms Leader 0 SENDING AppendEntries to vehicle 1 (n_entries=2, leader_commit=2)
67826.4ms Leader 0 SENDING AppendEntries to vehicle 3 (n_entries=0, leader_commit=2)
67826.4ms Leader 0 SENDING AppendEntries to vehicle 4 (n_entries=4, leader_commit=2)
67826.4ms Leader 0 SENDING AppendEntries to vehicle 5 (n_entries=4, leader_commit=2)
67826.4ms Leader 0 SENDING AppendEntries to vehicle 6 (n_entries=4, leader_commit=2)
67826.4ms Leader 0 SENDING AppendEntries to vehicle 7 (n_entries=0, leader_commit=2)
67826.6ms Vehicle 3 RECEIVED AppendEntries from vehicle 0 (n_entries=0, leader_commit=2)
67832.3ms Vehicle 7 RECEIVED AppendEntries from vehicle 0 (n_entries=0, leader_commit=2)
67966.4ms Leader 0 SENDING AppendEntries to vehicle 1 (n_entries=2, leader_commit=2)
67966.4ms Leader 0 SENDING AppendEntries to vehicle 3 (n_entries=0, leader_commit=2)
67966.4ms Leader 0 SENDING AppendEntries to vehicle 4 (n_entries=4, leader_commit=2)
67966.4ms Leader 0 SENDING AppendEntries to vehicle 5 (n_entries=4, leader_commit=2)
67966.4ms Leader 0 SENDING AppendEntries to vehicle 6 (n_entries=4, leader_commit=2)
67966.4ms Leader 0 SENDING AppendEntries to vehicle 7 (n_entries=0, leader_commit=2)
67966.6ms Vehicle 3 RECEIVED AppendEntries from vehicle 0 (n_entries=0, leader_commit=2)
67973.0ms Vehicle 7 RECEIVED AppendEntries from vehicle 0 (n_entries=0, leader_commit=2)
68106.4ms Leader 0 SENDING AppendEntries to vehicle 1 (n_entries=2, leader_commit=2)
68106.4ms Leader 0 SENDING AppendEntries to vehicle 3 (n_entries=0, leader_commit=2)
68106.4ms Leader 0 SENDING AppendEntries to vehicle 4 (n_entries=4, leader_commit=2)
68106.4ms Leader 0 SENDING AppendEntries to vehicle 5 (n_entries=4, leader_commit=2)
68106.4ms Leader 0 SENDING AppendEntries to vehicle 6 (n_entries=4, leader_commit=2)
68106.4ms Leader 0 SENDING AppendEntries to vehicle 7 (n_entries=0, leader_commit=2)
68106.6ms Vehicle 3 RECEIVED AppendEntries from vehicle 0 (n_entries=0, leader_commit=2)
68112.7ms Vehicle 7 RECEIVED AppendEntries from vehicle 0 (n_entries=0, leader_commit=2)
68246.4ms Leader 0 SENDING AppendEntries to vehicle 1 (n_entries=2, leader_commit=2)
68246.4ms Leader 0 SENDING AppendEntries to vehicle 3 (n_entries=0, leader_commit=2)
68246.4ms Leader 0 SENDING AppendEntries to vehicle 4 (n_entries=4, leader_commit=2)
68246.4ms Leader 0 SENDING AppendEntries to vehicle 5 (n_entries=4, leader_commit=2)
68246.4ms Leader 0 SENDING AppendEntries to vehicle 6 (n_entries=4, leader_commit=2)
68246.4ms Leader 0 SENDING AppendEntries to vehicle 7 (n_entries=0, leader_commit=2)
68246.6ms Vehicle 3 RECEIVED AppendEntries from vehicle 0 (n_entries=0, leader_commit=2)
68252.5ms Vehicle 7 RECEIVED AppendEntries from vehicle 0 (n_entries=0, leader_commit=2)
68386.4ms Leader 0 SENDING AppendEntries to vehicle 1 (n_entries=2, leader_commit=2)
68386.4ms Leader 0 SENDING AppendEntries to vehicle 3 (n_entries=0, leader_commit=2)
68386.4ms Leader 0 SENDING AppendEntries to vehicle 4 (n_entries=4, leader_commit=2)
68386.4ms Leader 0 SENDING AppendEntries to vehicle 5 (n_entries=4, leader_commit=2)
68386.4ms Leader 0 SENDING AppendEntries to vehicle 6 (n_entries=4, leader_commit=2)
68386.4ms Leader 0 SENDING AppendEntries to vehicle 7 (n_entries=0, leader_commit=2)
68386.8ms Vehicle 3 RECEIVED AppendEntries from vehicle 0 (n_entries=0, leader_commit=2)
68526.4ms Leader 0 SENDING AppendEntries to vehicle 1 (n_entries=2, leader_commit=2)
68526.4ms Leader 0 SENDING AppendEntries to vehicle 3 (n_entries=0, leader_commit=2)
68526.4ms Leader 0 SENDING AppendEntries to vehicle 4 (n_entries=4, leader_commit=2)
68526.4ms Leader 0 SENDING AppendEntries to vehicle 5 (n_entries=4, leader_commit=2)
68526.4ms Leader 0 SENDING AppendEntries to vehicle 6 (n_entries=4, leader_commit=2)
68526.4ms Leader 0 SENDING AppendEntries to vehicle 7 (n_entries=0, leader_commit=2)
68526.8ms Vehicle 3 RECEIVED AppendEntries from vehicle 0 (n_entries=0, leader_commit=2)
68532.6ms Vehicle 7 RECEIVED AppendEntries from vehicle 0 (n_entries=0, leader_commit=2)
68666.4ms Leader 0 SENDING AppendEntries to vehicle 1 (n_entries=2, leader_commit=2)
68666.4ms Leader 0 SENDING AppendEntries to vehicle 3 (n_entries=0, leader_commit=2)
68666.4ms Leader 0 SENDING AppendEntries to vehicle 4 (n_entries=4, leader_commit=2)
68666.4ms Leader 0 SENDING AppendEntries to vehicle 5 (n_entries=4, leader_commit=2)
68666.4ms Leader 0 SENDING AppendEntries to vehicle 6 (n_entries=4, leader_commit=2)
68666.4ms Leader 0 SENDING AppendEntries to vehicle 7 (n_entries=0, leader_commit=2)
68666.5ms Vehicle 3 RECEIVED AppendEntries from vehicle 0 (n_entries=0, leader_commit=2)
68672.7ms Vehicle 7 RECEIVED AppendEntries from vehicle 0 (n_entries=0, leader_commit=2)
68806.4ms Leader 0 SENDING AppendEntries to vehicle 1 (n_entries=2, leader_commit=2)
68806.4ms Leader 0 SENDING AppendEntries to vehicle 3 (n_entries=0, leader_commit=2)
68806.4ms Leader 0 SENDING AppendEntries to vehicle 4 (n_entries=4, leader_commit=2)
68806.4ms Leader 0 SENDING AppendEntries to vehicle 5 (n_entries=4, leader_commit=2)
68806.4ms Leader 0 SENDING AppendEntries to vehicle 6 (n_entries=4, leader_commit=2)
68806.4ms Leader 0 SENDING AppendEntries to vehicle 7 (n_entries=0, leader_commit=2)
68806.8ms Vehicle 3 RECEIVED AppendEntries from vehicle 0 (n_entries=0, leader_commit=2)
68812.7ms Vehicle 7 RECEIVED AppendEntries from vehicle 0 (n_entries=0, leader_commit=2)
68946.4ms Leader 0 SENDING AppendEntries to vehicle 1 (n_entries=2, leader_commit=2)
68946.4ms Leader 0 SENDING AppendEntries to vehicle 3 (n_entries=0, leader_commit=2)
68946.4ms Leader 0 SENDING AppendEntries to vehicle 4 (n_entries=4, leader_commit=2)
68946.4ms Leader 0 SENDING AppendEntries to vehicle 5 (n_entries=4, leader_commit=2)
68946.4ms Leader 0 SENDING AppendEntries to vehicle 6 (n_entries=4, leader_commit=2)
68946.4ms Leader 0 SENDING AppendEntries to vehicle 7 (n_entries=0, leader_commit=2)
68946.7ms Vehicle 3 RECEIVED AppendEntries from vehicle 0 (n_entries=0, leader_commit=2)
68952.7ms Vehicle 7 RECEIVED AppendEntries from vehicle 0 (n_entries=0, leader_commit=2)
69086.4ms Leader 0 SENDING AppendEntries to vehicle 1 (n_entries=2, leader_commit=2)
69086.4ms Leader 0 SENDING AppendEntries to vehicle 3 (n_entries=0, leader_commit=2)
69086.4ms Leader 0 SENDING AppendEntries to vehicle 4 (n_entries=4, leader_commit=2)
69086.4ms Leader 0 SENDING AppendEntries to vehicle 5 (n_entries=4, leader_commit=2)
69086.4ms Leader 0 SENDING AppendEntries to vehicle 6 (n_entries=4, leader_commit=2)
69086.4ms Leader 0 SENDING AppendEntries to vehicle 7 (n_entries=0, leader_commit=2)
69086.6ms Vehicle 3 RECEIVED AppendEntries from vehicle 0 (n_entries=0, leader_commit=2)
69092.8ms Vehicle 7 RECEIVED AppendEntries from vehicle 0 (n_entries=0, leader_commit=2)
69226.4ms Leader 0 SENDING AppendEntries to vehicle 1 (n_entries=2, leader_commit=2)
69226.4ms Leader 0 SENDING AppendEntries to vehicle 3 (n_entries=0, leader_commit=2)
69226.4ms Leader 0 SENDING AppendEntries to vehicle 4 (n_entries=4, leader_commit=2)
69226.4ms Leader 0 SENDING AppendEntries to vehicle 5 (n_entries=4, leader_commit=2)
69226.4ms Leader 0 SENDING AppendEntries to vehicle 6 (n_entries=4, leader_commit=2)
69226.4ms Leader 0 SENDING AppendEntries to vehicle 7 (n_entries=0, leader_commit=2)
69226.7ms Vehicle 3 RECEIVED AppendEntries from vehicle 0 (n_entries=0, leader_commit=2)
69232.0ms Vehicle 7 RECEIVED AppendEntries from vehicle 0 (n_entries=0, leader_commit=2)
69366.4ms Leader 0 SENDING AppendEntries to vehicle 1 (n_entries=2, leader_commit=2)
69366.4ms Leader 0 SENDING AppendEntries to vehicle 3 (n_entries=0, leader_commit=2)
69366.4ms Leader 0 SENDING AppendEntries to vehicle 4 (n_entries=4, leader_commit=2)
69366.4ms Leader 0 SENDING AppendEntries to vehicle 5 (n_entries=4, leader_commit=2)
69366.4ms Leader 0 SENDING AppendEntries to vehicle 6 (n_entries=4, leader_commit=2)
69366.4ms Leader 0 SENDING AppendEntries to vehicle 7 (n_entries=0, leader_commit=2)
69366.8ms Vehicle 3 RECEIVED AppendEntries from vehicle 0 (n_entries=0, leader_commit=2)
69372.2ms Vehicle 7 RECEIVED AppendEntries from vehicle 0 (n_entries=0, leader_commit=2)
69506.4ms Leader 0 SENDING AppendEntries to vehicle 1 (n_entries=2, leader_commit=2)
69506.4ms Leader 0 SENDING AppendEntries to vehicle 3 (n_entries=0, leader_commit=2)
69506.4ms Leader 0 SENDING AppendEntries to vehicle 4 (n_entries=4, leader_commit=2)
69506.4ms Leader 0 SENDING AppendEntries to vehicle 5 (n_entries=4, leader_commit=2)
69506.4ms Leader 0 SENDING AppendEntries to vehicle 6 (n_entries=4, leader_commit=2)
69506.4ms Leader 0 SENDING AppendEntries to vehicle 7 (n_entries=0, leader_commit=2)
69506.8ms Vehicle 3 RECEIVED AppendEntries from vehicle 0 (n_entries=0, leader_commit=2)
69512.7ms Vehicle 7 RECEIVED AppendEntries from vehicle 0 (n_entries=0, leader_commit=2)
69646.4ms Leader 0 SENDING AppendEntries to vehicle 1 (n_entries=2, leader_commit=2)
69646.4ms Leader 0 SENDING AppendEntries to vehicle 3 (n_entries=0, leader_commit=2)
69646.4ms Leader 0 SENDING AppendEntries to vehicle 4 (n_entries=4, leader_commit=2)
69646.4ms Leader 0 SENDING AppendEntries to vehicle 5 (n_entries=4, leader_commit=2)
69646.4ms Leader 0 SENDING AppendEntries to vehicle 6 (n_entries=4, leader_commit=2)
69646.4ms Leader 0 SENDING AppendEntries to vehicle 7 (n_entries=0, leader_commit=2)
69646.7ms Vehicle 3 RECEIVED AppendEntries from vehicle 0 (n_entries=0, leader_commit=2)
69652.9ms Vehicle 7 RECEIVED AppendEntries from vehicle 0 (n_entries=0, leader_commit=2)
69786.4ms Leader 0 SENDING AppendEntries to vehicle 1 (n_entries=2, leader_commit=2)
69786.4ms Leader 0 SENDING AppendEntries to vehicle 3 (n_entries=0, leader_commit=2)
69786.4ms Leader 0 SENDING AppendEntries to vehicle 4 (n_entries=4, leader_commit=2)
69786.4ms Leader 0 SENDING AppendEntries to vehicle 5 (n_entries=4, leader_commit=2)
69786.4ms Leader 0 SENDING AppendEntries to vehicle 6 (n_entries=4, leader_commit=2)
69786.4ms Leader 0 SENDING AppendEntries to vehicle 7 (n_entries=0, leader_commit=2)
69786.7ms Vehicle 3 RECEIVED AppendEntries from vehicle 0 (n_entries=0, leader_commit=2)
69793.0ms Vehicle 7 RECEIVED AppendEntries from vehicle 0 (n_entries=0, leader_commit=2)
69926.4ms Leader 0 SENDING AppendEntries to vehicle 1 (n_entries=2, leader_commit=2)
69926.4ms Leader 0 SENDING AppendEntries to vehicle 3 (n_entries=0, leader_commit=2)
69926.4ms Leader 0 SENDING AppendEntries to vehicle 4 (n_entries=4, leader_commit=2)
69926.4ms Leader 0 SENDING AppendEntries to vehicle 5 (n_entries=4, leader_commit=2)
69926.4ms Leader 0 SENDING AppendEntries to vehicle 6 (n_entries=4, leader_commit=2)
69926.4ms Leader 0 SENDING AppendEntries to vehicle 7 (n_entries=0, leader_commit=2)
69926.8ms Vehicle 3 RECEIVED AppendEntries from vehicle 0 (n_entries=0, leader_commit=2)
69932.8ms Vehicle 7 RECEIVED AppendEntries from vehicle 0 (n_entries=0, leader_commit=2)
70066.4ms Leader 0 SENDING AppendEntries to vehicle 1 (n_entries=2, leader_commit=2)
70066.4ms Leader 0 SENDING AppendEntries to vehicle 3 (n_entries=0, leader_commit=2)
70066.4ms Leader 0 SENDING AppendEntries to vehicle 4 (n_entries=4, leader_commit=2)
70066.4ms Leader 0 SENDING AppendEntries to vehicle 5 (n_entries=4, leader_commit=2)
70066.4ms Leader 0 SENDING AppendEntries to vehicle 6 (n_entries=4, leader_commit=2)
70066.4ms Leader 0 SENDING AppendEntries to vehicle 7 (n_entries=0, leader_commit=2)
70066.6ms Vehicle 3 RECEIVED AppendEntries from vehicle 0 (n_entries=0, leader_commit=2)
70072.4ms Vehicle 7 RECEIVED AppendEntries from vehicle 0 (n_entries=0, leader_commit=2)
70206.4ms Leader 0 SENDING AppendEntries to vehicle 1 (n_entries=2, leader_commit=2)
70206.4ms Leader 0 SENDING AppendEntries to vehicle 3 (n_entries=0, leader_commit=2)
70206.4ms Leader 0 SENDING AppendEntries to vehicle 4 (n_entries=4, leader_commit=2)
70206.4ms Leader 0 SENDING AppendEntries to vehicle 5 (n_entries=4, leader_commit=2)
70206.4ms Leader 0 SENDING AppendEntries to vehicle 6 (n_entries=4, leader_commit=2)
70206.4ms Leader 0 SENDING AppendEntries to vehicle 7 (n_entries=0, leader_commit=2)
70206.5ms Vehicle 3 RECEIVED AppendEntries from vehicle 0 (n_entries=0, leader_commit=2)
70212.8ms Vehicle 7 RECEIVED AppendEntries from vehicle 0 (n_entries=0, leader_commit=2)
70346.4ms Leader 0 SENDING AppendEntries to vehicle 1 (n_entries=2, leader_commit=2)
70346.4ms Leader 0 SENDING AppendEntries to vehicle 3 (n_entries=0, leader_commit=2)
70346.4ms Leader 0 SENDING AppendEntries to vehicle 4 (n_entries=4, leader_commit=2)
70346.4ms Leader 0 SENDING AppendEntries to vehicle 5 (n_entries=4, leader_commit=2)
70346.4ms Leader 0 SENDING AppendEntries to vehicle 6 (n_entries=4, leader_commit=2)
70346.4ms Leader 0 SENDING AppendEntries to vehicle 7 (n_entries=0, leader_commit=2)
70346.8ms Vehicle 3 RECEIVED AppendEntries from vehicle 0 (n_entries=0, leader_commit=2)
70353.2ms Vehicle 7 RECEIVED AppendEntries from vehicle 0 (n_entries=0, leader_commit=2)
70486.4ms Leader 0 SENDING AppendEntries to vehicle 1 (n_entries=2, leader_commit=2)
70486.4ms Leader 0 SENDING AppendEntries to vehicle 3 (n_entries=0, leader_commit=2)
70486.4ms Leader 0 SENDING AppendEntries to vehicle 4 (n_entries=4, leader_commit=2)
70486.4ms Leader 0 SENDING AppendEntries to vehicle 5 (n_entries=4, leader_commit=2)
70486.4ms Leader 0 SENDING AppendEntries to vehicle 6 (n_entries=4, leader_commit=2)
70486.4ms Leader 0 SENDING AppendEntries to vehicle 7 (n_entries=0, leader_commit=2)
70486.8ms Vehicle 3 RECEIVED AppendEntries from vehicle 0 (n_entries=0, leader_commit=2)
70493.0ms Vehicle 7 RECEIVED AppendEntries from vehicle 0 (n_entries=0, leader_commit=2)
70626.4ms Leader 0 SENDING AppendEntries to vehicle 1 (n_entries=2, leader_commit=2)
70626.4ms Leader 0 SENDING AppendEntries to vehicle 3 (n_entries=0, leader_commit=2)
70626.4ms Leader 0 SENDING AppendEntries to vehicle 4 (n_entries=4, leader_commit=2)
70626.4ms Leader 0 SENDING AppendEntries to vehicle 5 (n_entries=4, leader_commit=2)
70626.4ms Leader 0 SENDING AppendEntries to vehicle 6 (n_entries=4, leader_commit=2)
70626.4ms Leader 0 SENDING AppendEntries to vehicle 7 (n_entries=0, leader_commit=2)
70626.8ms Vehicle 3 RECEIVED AppendEntries from vehicle 0 (n_entries=0, leader_commit=2)
70632.3ms Vehicle 7 RECEIVED AppendEntries from vehicle 0 (n_entries=0, leader_commit=2)
70766.4ms Leader 0 SENDING AppendEntries to vehicle 1 (n_entries=2, leader_commit=2)
70766.4ms Leader 0 SENDING AppendEntries to vehicle 3 (n_entries=0, leader_commit=2)
70766.4ms Leader 0 SENDING AppendEntries to vehicle 4 (n_entries=4, leader_commit=2)
70766.4ms Leader 0 SENDING AppendEntries to vehicle 5 (n_entries=4, leader_commit=2)
70766.4ms Leader 0 SENDING AppendEntries to vehicle 6 (n_entries=4, leader_commit=2)
70766.4ms Leader 0 SENDING AppendEntries to vehicle 7 (n_entries=0, leader_commit=2)
70766.8ms Vehicle 3 RECEIVED AppendEntries from vehicle 0 (n_entries=0, leader_commit=2)
70772.6ms Vehicle 7 RECEIVED AppendEntries from vehicle 0 (n_entries=0, leader_commit=2)
70906.4ms Leader 0 SENDING AppendEntries to vehicle 1 (n_entries=2, leader_commit=2)
70906.4ms Leader 0 SENDING AppendEntries to vehicle 3 (n_entries=0, leader_commit=2)
70906.4ms Leader 0 SENDING AppendEntries to vehicle 4 (n_entries=4, leader_commit=2)
70906.4ms Leader 0 SENDING AppendEntries to vehicle 5 (n_entries=4, leader_commit=2)
70906.4ms Leader 0 SENDING AppendEntries to vehicle 6 (n_entries=4, leader_commit=2)
70906.4ms Leader 0 SENDING AppendEntries to vehicle 7 (n_entries=0, leader_commit=2)
70906.8ms Vehicle 3 RECEIVED AppendEntries from vehicle 0 (n_entries=0, leader_commit=2)
70913.0ms Vehicle 7 RECEIVED AppendEntries from vehicle 0 (n_entries=0, leader_commit=2)
71046.4ms Leader 0 SENDING AppendEntries to vehicle 1 (n_entries=2, leader_commit=2)
71046.4ms Leader 0 SENDING AppendEntries to vehicle 3 (n_entries=0, leader_commit=2)
71046.4ms Leader 0 SENDING AppendEntries to vehicle 4 (n_entries=4, leader_commit=2)
71046.4ms Leader 0 SENDING AppendEntries to vehicle 5 (n_entries=4, leader_commit=2)
71046.4ms Leader 0 SENDING AppendEntries to vehicle 6 (n_entries=4, leader_commit=2)
71046.4ms Leader 0 SENDING AppendEntries to vehicle 7 (n_entries=0, leader_commit=2)
71046.7ms Vehicle 3 RECEIVED AppendEntries from vehicle 0 (n_entries=0, leader_commit=2)
71052.6ms Vehicle 7 RECEIVED AppendEntries from vehicle 0 (n_entries=0, leader_commit=2)
71186.4ms Leader 0 SENDING AppendEntries to vehicle 1 (n_entries=2, leader_commit=2)
71186.4ms Leader 0 SENDING AppendEntries to vehicle 3 (n_entries=0, leader_commit=2)
71186.4ms Leader 0 SENDING AppendEntries to vehicle 4 (n_entries=4, leader_commit=2)
71186.4ms Leader 0 SENDING AppendEntries to vehicle 5 (n_entries=4, leader_commit=2)
71186.4ms Leader 0 SENDING AppendEntries to vehicle 6 (n_entries=4, leader_commit=2)
71186.4ms Leader 0 SENDING AppendEntries to vehicle 7 (n_entries=0, leader_commit=2)
71186.6ms Vehicle 3 RECEIVED AppendEntries from vehicle 0 (n_entries=0, leader_commit=2)
71192.9ms Vehicle 7 RECEIVED AppendEntries from vehicle 0 (n_entries=0, leader_commit=2)
71326.4ms Leader 0 SENDING AppendEntries to vehicle 1 (n_entries=2, leader_commit=2)
71326.4ms Leader 0 SENDING AppendEntries to vehicle 3 (n_entries=0, leader_commit=2)
71326.4ms Leader 0 SENDING AppendEntries to vehicle 4 (n_entries=4, leader_commit=2)
71326.4ms Leader 0 SENDING AppendEntries to vehicle 5 (n_entries=4, leader_commit=2)
71326.4ms Leader 0 SENDING AppendEntries to vehicle 6 (n_entries=4, leader_commit=2)
71326.4ms Leader 0 SENDING AppendEntries to vehicle 7 (n_entries=0, leader_commit=2)
71326.6ms Vehicle 3 RECEIVED AppendEntries from vehicle 0 (n_entries=0, leader_commit=2)
71332.8ms Vehicle 7 RECEIVED AppendEntries from vehicle 0 (n_entries=0, leader_commit=2)
71466.4ms Leader 0 SENDING AppendEntries to vehicle 1 (n_entries=2, leader_commit=2)
71466.4ms Leader 0 SENDING AppendEntries to vehicle 3 (n_entries=0, leader_commit=2)
71466.4ms Leader 0 SENDING AppendEntries to vehicle 4 (n_entries=4, leader_commit=2)
71466.4ms Leader 0 SENDING AppendEntries to vehicle 5 (n_entries=4, leader_commit=2)
71466.4ms Leader 0 SENDING AppendEntries to vehicle 6 (n_entries=4, leader_commit=2)
71466.4ms Leader 0 SENDING AppendEntries to vehicle 7 (n_entries=0, leader_commit=2)
71466.8ms Vehicle 3 RECEIVED AppendEntries from vehicle 0 (n_entries=0, leader_commit=2)
71472.7ms Vehicle 7 RECEIVED AppendEntries from vehicle 0 (n_entries=0, leader_commit=2)
71606.4ms Leader 0 SENDING AppendEntries to vehicle 1 (n_entries=2, leader_commit=2)
71606.4ms Leader 0 SENDING AppendEntries to vehicle 3 (n_entries=0, leader_commit=2)
71606.4ms Leader 0 SENDING AppendEntries to vehicle 4 (n_entries=4, leader_commit=2)
71606.4ms Leader 0 SENDING AppendEntries to vehicle 5 (n_entries=4, leader_commit=2)
71606.4ms Leader 0 SENDING AppendEntries to vehicle 6 (n_entries=4, leader_commit=2)
71606.4ms Leader 0 SENDING AppendEntries to vehicle 7 (n_entries=0, leader_commit=2)
71606.6ms Vehicle 3 RECEIVED AppendEntries from vehicle 0 (n_entries=0, leader_commit=2)
71613.0ms Vehicle 7 RECEIVED AppendEntries from vehicle 0 (n_entries=0, leader_commit=2)
71746.4ms Leader 0 SENDING AppendEntries to vehicle 1 (n_entries=2, leader_commit=2)
71746.4ms Leader 0 SENDING AppendEntries to vehicle 3 (n_entries=0, leader_commit=2)
71746.4ms Leader 0 SENDING AppendEntries to vehicle 4 (n_entries=4, leader_commit=2)
71746.4ms Leader 0 SENDING AppendEntries to vehicle 5 (n_entries=4, leader_commit=2)
71746.4ms Leader 0 SENDING AppendEntries to vehicle 6 (n_entries=4, leader_commit=2)
71746.4ms Leader 0 SENDING AppendEntries to vehicle 7 (n_entries=0, leader_commit=2)
71746.7ms Vehicle 3 RECEIVED AppendEntries from vehicle 0 (n_entries=0, leader_commit=2)
71752.5ms Vehicle 7 RECEIVED AppendEntries from vehicle 0 (n_entries=0, leader_commit=2)
71886.4ms Leader 0 SENDING AppendEntries to vehicle 1 (n_entries=2, leader_commit=2)
71886.4ms Leader 0 SENDING AppendEntries to vehicle 3 (n_entries=0, leader_commit=2)
71886.4ms Leader 0 SENDING AppendEntries to vehicle 4 (n_entries=4, leader_commit=2)
71886.4ms Leader 0 SENDING AppendEntries to vehicle 5 (n_entries=4, leader_commit=2)
71886.4ms Leader 0 SENDING AppendEntries to vehicle 6 (n_entries=4, leader_commit=2)
71886.4ms Leader 0 SENDING AppendEntries to vehicle 7 (n_entries=0, leader_commit=2)
71892.3ms Vehicle 7 RECEIVED AppendEntries from vehicle 0 (n_entries=0, leader_commit=2)
72026.4ms Leader 0 SENDING AppendEntries to vehicle 1 (n_entries=2, leader_commit=2)
72026.4ms Leader 0 SENDING AppendEntries to vehicle 3 (n_entries=0, leader_commit=2)
72026.4ms Leader 0 SENDING AppendEntries to vehicle 4 (n_entries=4, leader_commit=2)
72026.4ms Leader 0 SENDING AppendEntries to vehicle 5 (n_entries=4, leader_commit=2)
72026.4ms Leader 0 SENDING AppendEntries to vehicle 6 (n_entries=4, leader_commit=2)
72026.4ms Leader 0 SENDING AppendEntries to vehicle 7 (n_entries=0, leader_commit=2)
72026.7ms Vehicle 3 RECEIVED AppendEntries from vehicle 0 (n_entries=0, leader_commit=2)
72032.3ms Vehicle 7 RECEIVED AppendEntries from vehicle 0 (n_entries=0, leader_commit=2)
72166.4ms Leader 0 SENDING AppendEntries to vehicle 1 (n_entries=2, leader_commit=2)
72166.4ms Leader 0 SENDING AppendEntries to vehicle 3 (n_entries=0, leader_commit=2)
72166.4ms Leader 0 SENDING AppendEntries to vehicle 4 (n_entries=4, leader_commit=2)
72166.4ms Leader 0 SENDING AppendEntries to vehicle 5 (n_entries=4, leader_commit=2)
72166.4ms Leader 0 SENDING AppendEntries to vehicle 6 (n_entries=4, leader_commit=2)
72166.4ms Leader 0 SENDING AppendEntries to vehicle 7 (n_entries=0, leader_commit=2)
72166.6ms Vehicle 3 RECEIVED AppendEntries from vehicle 0 (n_entries=0, leader_commit=2)
72172.2ms Vehicle 7 RECEIVED AppendEntries from vehicle 0 (n_entries=0, leader_commit=2)
72306.4ms Leader 0 SENDING AppendEntries to vehicle 1 (n_entries=2, leader_commit=2)
72306.4ms Leader 0 SENDING AppendEntries to vehicle 3 (n_entries=0, leader_commit=2)
72306.4ms Leader 0 SENDING AppendEntries to vehicle 4 (n_entries=4, leader_commit=2)
72306.4ms Leader 0 SENDING AppendEntries to vehicle 5 (n_entries=4, leader_commit=2)
72306.4ms Leader 0 SENDING AppendEntries to vehicle 6 (n_entries=4, leader_commit=2)
72306.4ms Leader 0 SENDING AppendEntries to vehicle 7 (n_entries=0, leader_commit=2)
72306.6ms Vehicle 3 RECEIVED AppendEntries from vehicle 0 (n_entries=0, leader_commit=2)
72312.5ms Vehicle 7 RECEIVED AppendEntries from vehicle 0 (n_entries=0, leader_commit=2)
72446.4ms Leader 0 SENDING AppendEntries to vehicle 1 (n_entries=2, leader_commit=2)
72446.4ms Leader 0 SENDING AppendEntries to vehicle 3 (n_entries=0, leader_commit=2)
72446.4ms Leader 0 SENDING AppendEntries to vehicle 4 (n_entries=4, leader_commit=2)
72446.4ms Leader 0 SENDING AppendEntries to vehicle 5 (n_entries=4, leader_commit=2)
72446.4ms Leader 0 SENDING AppendEntries to vehicle 6 (n_entries=4, leader_commit=2)
72446.4ms Leader 0 SENDING AppendEntries to vehicle 7 (n_entries=0, leader_commit=2)
72446.6ms Vehicle 3 RECEIVED AppendEntries from vehicle 0 (n_entries=0, leader_commit=2)
72452.1ms Vehicle 7 RECEIVED AppendEntries from vehicle 0 (n_entries=0, leader_commit=2)
72586.4ms Leader 0 SENDING AppendEntries to vehicle 1 (n_entries=2, leader_commit=2)
72586.4ms Leader 0 SENDING AppendEntries to vehicle 3 (n_entries=0, leader_commit=2)
72586.4ms Leader 0 SENDING AppendEntries to vehicle 4 (n_entries=4, leader_commit=2)
72586.4ms Leader 0 SENDING AppendEntries to vehicle 5 (n_entries=4, leader_commit=2)
72586.4ms Leader 0 SENDING AppendEntries to vehicle 6 (n_entries=4, leader_commit=2)
72586.4ms Leader 0 SENDING AppendEntries to vehicle 7 (n_entries=0, leader_commit=2)
72586.8ms Vehicle 3 RECEIVED AppendEntries from vehicle 0 (n_entries=0, leader_commit=2)
72592.3ms Vehicle 7 RECEIVED AppendEntries from vehicle 0 (n_entries=0, leader_commit=2)
72726.4ms Leader 0 SENDING AppendEntries to vehicle 1 (n_entries=2, leader_commit=2)
72726.4ms Leader 0 SENDING AppendEntries to vehicle 3 (n_entries=0, leader_commit=2)
72726.4ms Leader 0 SENDING AppendEntries to vehicle 4 (n_entries=4, leader_commit=2)
72726.4ms Leader 0 SENDING AppendEntries to vehicle 5 (n_entries=4, leader_commit=2)
72726.4ms Leader 0 SENDING AppendEntries to vehicle 6 (n_entries=4, leader_commit=2)
72726.4ms Leader 0 SENDING AppendEntries to vehicle 7 (n_entries=0, leader_commit=2)
72726.5ms Vehicle 3 RECEIVED AppendEntries from vehicle 0 (n_entries=0, leader_commit=2)
72732.3ms Vehicle 7 RECEIVED AppendEntries from vehicle 0 (n_entries=0, leader_commit=2)
72825.5ms Vehicle 3 BATCH SAFETY FALLBACK (lost VEHICLE_LEFT?) for batch 2
72825.5ms Vehicle 3 RESUMING movement
72825.8ms Vehicle 7 BATCH SAFETY FALLBACK (lost VEHICLE_LEFT?) for batch 2
72825.8ms Vehicle 7 RESUMING movement
72866.4ms Leader 0 SENDING AppendEntries to vehicle 1 (n_entries=2, leader_commit=2)
72866.4ms Leader 0 SENDING AppendEntries to vehicle 3 (n_entries=0, leader_commit=2)
72866.4ms Leader 0 SENDING AppendEntries to vehicle 4 (n_entries=4, leader_commit=2)
72866.4ms Leader 0 SENDING AppendEntries to vehicle 5 (n_entries=4, leader_commit=2)
72866.4ms Leader 0 SENDING AppendEntries to vehicle 6 (n_entries=4, leader_commit=2)
72866.4ms Leader 0 SENDING AppendEntries to vehicle 7 (n_entries=0, leader_commit=2)
72866.8ms Vehicle 3 RECEIVED AppendEntries from vehicle 0 (n_entries=0, leader_commit=2)
72872.4ms Vehicle 7 RECEIVED AppendEntries from vehicle 0 (n_entries=0, leader_commit=2)
73006.4ms Leader 0 SENDING AppendEntries to vehicle 1 (n_entries=2, leader_commit=2)
73006.4ms Leader 0 SENDING AppendEntries to vehicle 3 (n_entries=0, leader_commit=2)
73006.4ms Leader 0 SENDING AppendEntries to vehicle 4 (n_entries=4, leader_commit=2)
73006.4ms Leader 0 SENDING AppendEntries to vehicle 5 (n_entries=4, leader_commit=2)
73006.4ms Leader 0 SENDING AppendEntries to vehicle 6 (n_entries=4, leader_commit=2)
73006.4ms Leader 0 SENDING AppendEntries to vehicle 7 (n_entries=0, leader_commit=2)
73006.8ms Vehicle 3 RECEIVED AppendEntries from vehicle 0 (n_entries=0, leader_commit=2)
73012.4ms Vehicle 7 RECEIVED AppendEntries from vehicle 0 (n_entries=0, leader_commit=2)
73146.4ms Leader 0 SENDING AppendEntries to vehicle 1 (n_entries=2, leader_commit=2)
73146.4ms Leader 0 SENDING AppendEntries to vehicle 3 (n_entries=0, leader_commit=2)
73146.4ms Leader 0 SENDING AppendEntries to vehicle 4 (n_entries=4, leader_commit=2)
73146.4ms Leader 0 SENDING AppendEntries to vehicle 5 (n_entries=4, leader_commit=2)
73146.4ms Leader 0 SENDING AppendEntries to vehicle 6 (n_entries=4, leader_commit=2)
73146.4ms Leader 0 SENDING AppendEntries to vehicle 7 (n_entries=0, leader_commit=2)
73146.6ms Vehicle 3 RECEIVED AppendEntries from vehicle 0 (n_entries=0, leader_commit=2)
73152.2ms Vehicle 7 RECEIVED AppendEntries from vehicle 0 (n_entries=0, leader_commit=2)
73286.4ms Leader 0 SENDING AppendEntries to vehicle 1 (n_entries=2, leader_commit=2)
73286.4ms Leader 0 SENDING AppendEntries to vehicle 3 (n_entries=0, leader_commit=2)
73286.4ms Leader 0 SENDING AppendEntries to vehicle 4 (n_entries=4, leader_commit=2)
73286.4ms Leader 0 SENDING AppendEntries to vehicle 5 (n_entries=4, leader_commit=2)
73286.4ms Leader 0 SENDING AppendEntries to vehicle 6 (n_entries=4, leader_commit=2)
73286.4ms Leader 0 SENDING AppendEntries to vehicle 7 (n_entries=0, leader_commit=2)
73286.6ms Vehicle 3 RECEIVED AppendEntries from vehicle 0 (n_entries=0, leader_commit=2)
73292.8ms Vehicle 7 RECEIVED AppendEntries from vehicle 0 (n_entries=0, leader_commit=2)
73426.4ms Leader 0 SENDING AppendEntries to vehicle 1 (n_entries=2, leader_commit=2)
73426.4ms Leader 0 SENDING AppendEntries to vehicle 3 (n_entries=0, leader_commit=2)
73426.4ms Leader 0 SENDING AppendEntries to vehicle 4 (n_entries=4, leader_commit=2)
73426.4ms Leader 0 SENDING AppendEntries to vehicle 5 (n_entries=4, leader_commit=2)
73426.4ms Leader 0 SENDING AppendEntries to vehicle 6 (n_entries=4, leader_commit=2)
73426.4ms Leader 0 SENDING AppendEntries to vehicle 7 (n_entries=0, leader_commit=2)
73426.8ms Vehicle 3 RECEIVED AppendEntries from vehicle 0 (n_entries=0, leader_commit=2)
73432.4ms Vehicle 7 RECEIVED AppendEntries from vehicle 0 (n_entries=0, leader_commit=2)
73566.4ms Leader 0 SENDING AppendEntries to vehicle 1 (n_entries=2, leader_commit=2)
73566.4ms Leader 0 SENDING AppendEntries to vehicle 3 (n_entries=0, leader_commit=2)
73566.4ms Leader 0 SENDING AppendEntries to vehicle 4 (n_entries=4, leader_commit=2)
73566.4ms Leader 0 SENDING AppendEntries to vehicle 5 (n_entries=4, leader_commit=2)
73566.4ms Leader 0 SENDING AppendEntries to vehicle 6 (n_entries=4, leader_commit=2)
73566.4ms Leader 0 SENDING AppendEntries to vehicle 7 (n_entries=0, leader_commit=2)
73566.6ms Vehicle 3 RECEIVED AppendEntries from vehicle 0 (n_entries=0, leader_commit=2)
73572.7ms Vehicle 7 RECEIVED AppendEntries from vehicle 0 (n_entries=0, leader_commit=2)
73706.4ms Leader 0 SENDING AppendEntries to vehicle 1 (n_entries=2, leader_commit=2)
73706.4ms Leader 0 SENDING AppendEntries to vehicle 3 (n_entries=0, leader_commit=2)
73706.4ms Leader 0 SENDING AppendEntries to vehicle 4 (n_entries=4, leader_commit=2)
73706.4ms Leader 0 SENDING AppendEntries to vehicle 5 (n_entries=4, leader_commit=2)
73706.4ms Leader 0 SENDING AppendEntries to vehicle 6 (n_entries=4, leader_commit=2)
73706.4ms Leader 0 SENDING AppendEntries to vehicle 7 (n_entries=0, leader_commit=2)
73706.7ms Vehicle 3 RECEIVED AppendEntries from vehicle 0 (n_entries=0, leader_commit=2)
73712.8ms Vehicle 7 RECEIVED AppendEntries from vehicle 0 (n_entries=0, leader_commit=2)
73846.4ms Leader 0 SENDING AppendEntries to vehicle 1 (n_entries=2, leader_commit=2)
73846.4ms Leader 0 SENDING AppendEntries to vehicle 3 (n_entries=0, leader_commit=2)
73846.4ms Leader 0 SENDING AppendEntries to vehicle 4 (n_entries=4, leader_commit=2)
73846.4ms Leader 0 SENDING AppendEntries to vehicle 5 (n_entries=4, leader_commit=2)
73846.4ms Leader 0 SENDING AppendEntries to vehicle 6 (n_entries=4, leader_commit=2)
73846.4ms Leader 0 SENDING AppendEntries to vehicle 7 (n_entries=0, leader_commit=2)
73846.7ms Vehicle 3 RECEIVED AppendEntries from vehicle 0 (n_entries=0, leader_commit=2)
73852.4ms Vehicle 7 RECEIVED AppendEntries from vehicle 0 (n_entries=0, leader_commit=2)
73986.4ms Leader 0 SENDING AppendEntries to vehicle 1 (n_entries=2, leader_commit=2)
73986.4ms Leader 0 SENDING AppendEntries to vehicle 3 (n_entries=0, leader_commit=2)
73986.4ms Leader 0 SENDING AppendEntries to vehicle 4 (n_entries=4, leader_commit=2)
73986.4ms Leader 0 SENDING AppendEntries to vehicle 5 (n_entries=4, leader_commit=2)
73986.4ms Leader 0 SENDING AppendEntries to vehicle 6 (n_entries=4, leader_commit=2)
73986.4ms Leader 0 SENDING AppendEntries to vehicle 7 (n_entries=0, leader_commit=2)
73986.6ms Vehicle 3 RECEIVED AppendEntries from vehicle 0 (n_entries=0, leader_commit=2)
73992.5ms Vehicle 7 RECEIVED AppendEntries from vehicle 0 (n_entries=0, leader_commit=2)
74126.4ms Leader 0 SENDING AppendEntries to vehicle 1 (n_entries=2, leader_commit=2)
74126.4ms Leader 0 SENDING AppendEntries to vehicle 3 (n_entries=0, leader_commit=2)
74126.4ms Leader 0 SENDING AppendEntries to vehicle 4 (n_entries=4, leader_commit=2)
74126.4ms Leader 0 SENDING AppendEntries to vehicle 5 (n_entries=4, leader_commit=2)
74126.4ms Leader 0 SENDING AppendEntries to vehicle 6 (n_entries=4, leader_commit=2)
74126.4ms Leader 0 SENDING AppendEntries to vehicle 7 (n_entries=0, leader_commit=2)
74126.6ms Vehicle 3 RECEIVED AppendEntries from vehicle 0 (n_entries=0, leader_commit=2)
74132.0ms Vehicle 7 RECEIVED AppendEntries from vehicle 0 (n_entries=0, leader_commit=2)
74266.4ms Leader 0 SENDING AppendEntries to vehicle 1 (n_entries=2, leader_commit=2)
74266.4ms Leader 0 SENDING AppendEntries to vehicle 3 (n_entries=0, leader_commit=2)
74266.4ms Leader 0 SENDING AppendEntries to vehicle 4 (n_entries=4, leader_commit=2)
74266.4ms Leader 0 SENDING AppendEntries to vehicle 5 (n_entries=4, leader_commit=2)
74266.4ms Leader 0 SENDING AppendEntries to vehicle 6 (n_entries=4, leader_commit=2)
74266.4ms Leader 0 SENDING AppendEntries to vehicle 7 (n_entries=0, leader_commit=2)
74266.6ms Vehicle 3 RECEIVED AppendEntries from vehicle 0 (n_entries=0, leader_commit=2)
74272.3ms Vehicle 7 RECEIVED AppendEntries from vehicle 0 (n_entries=0, leader_commit=2)
74406.4ms Leader 0 SENDING AppendEntries to vehicle 1 (n_entries=2, leader_commit=2)
74406.4ms Leader 0 SENDING AppendEntries to vehicle 3 (n_entries=0, leader_commit=2)
74406.4ms Leader 0 SENDING AppendEntries to vehicle 4 (n_entries=4, leader_commit=2)
74406.4ms Leader 0 SENDING AppendEntries to vehicle 5 (n_entries=4, leader_commit=2)
74406.4ms Leader 0 SENDING AppendEntries to vehicle 6 (n_entries=4, leader_commit=2)
74406.4ms Leader 0 SENDING AppendEntries to vehicle 7 (n_entries=0, leader_commit=2)
74406.7ms Vehicle 3 RECEIVED AppendEntries from vehicle 0 (n_entries=0, leader_commit=2)
74413.0ms Vehicle 7 RECEIVED AppendEntries from vehicle 0 (n_entries=0, leader_commit=2)
74546.4ms Leader 0 SENDING AppendEntries to vehicle 1 (n_entries=2, leader_commit=2)
74546.4ms Leader 0 SENDING AppendEntries to vehicle 3 (n_entries=0, leader_commit=2)
74546.4ms Leader 0 SENDING AppendEntries to vehicle 4 (n_entries=4, leader_commit=2)
74546.4ms Leader 0 SENDING AppendEntries to vehicle 5 (n_entries=4, leader_commit=2)
74546.4ms Leader 0 SENDING AppendEntries to vehicle 6 (n_entries=4, leader_commit=2)
74546.4ms Leader 0 SENDING AppendEntries to vehicle 7 (n_entries=0, leader_commit=2)
74546.7ms Vehicle 3 RECEIVED AppendEntries from vehicle 0 (n_entries=0, leader_commit=2)
74553.0ms Vehicle 7 RECEIVED AppendEntries from vehicle 0 (n_entries=0, leader_commit=2)
74686.4ms Leader 0 SENDING AppendEntries to vehicle 1 (n_entries=2, leader_commit=2)
74686.4ms Leader 0 SENDING AppendEntries to vehicle 3 (n_entries=0, leader_commit=2)
74686.4ms Leader 0 SENDING AppendEntries to vehicle 4 (n_entries=4, leader_commit=2)
74686.4ms Leader 0 SENDING AppendEntries to vehicle 5 (n_entries=4, leader_commit=2)
74686.4ms Leader 0 SENDING AppendEntries to vehicle 6 (n_entries=4, leader_commit=2)
74686.4ms Leader 0 SENDING AppendEntries to vehicle 7 (n_entries=0, leader_commit=2)
74686.8ms Vehicle 3 RECEIVED AppendEntries from vehicle 0 (n_entries=0, leader_commit=2)
74692.9ms Vehicle 7 RECEIVED AppendEntries from vehicle 0 (n_entries=0, leader_commit=2)
74826.4ms Leader 0 SENDING AppendEntries to vehicle 1 (n_entries=2, leader_commit=2)
74826.4ms Leader 0 SENDING AppendEntries to vehicle 3 (n_entries=0, leader_commit=2)
74826.4ms Leader 0 SENDING AppendEntries to vehicle 4 (n_entries=4, leader_commit=2)
74826.4ms Leader 0 SENDING AppendEntries to vehicle 5 (n_entries=4, leader_commit=2)
74826.4ms Leader 0 SENDING AppendEntries to vehicle 6 (n_entries=4, leader_commit=2)
74826.4ms Leader 0 SENDING AppendEntries to vehicle 7 (n_entries=0, leader_commit=2)
74826.8ms Vehicle 3 RECEIVED AppendEntries from vehicle 0 (n_entries=0, leader_commit=2)
74832.2ms Vehicle 7 RECEIVED AppendEntries from vehicle 0 (n_entries=0, leader_commit=2)
74.9 Vehicle 3 hasPassed=true (on exit edge -36905242#11)
74900.0ms Vehicle 3 LEFT intersection
74900.0ms Vehicle 3 BROADCASTING vehicle-passed
74900.0ms Vehicle 3 sending vehicle-left (isLeader=0, myBatch=2)
74900.1ms Vehicle 7 RECEIVED vehicle-passed from vehicle 3
74900.1ms Vehicle 0 RECEIVED vehicle-passed from vehicle 3
74900.2ms Vehicle 7 RECEIVED vehicle-left from vehicle 3
74900.2ms Vehicle 0 RECEIVED vehicle-left from vehicle 3
74900.2ms Leader 0 proposing VEHICLE_LEFT for vehicle 3 (batch=2)
74900.2ms Vehicle 0 doLogOffer entry #5 (len=9)
74900.2ms Leader 0 SENDING AppendEntries to vehicle 7 (n_entries=1, leader_commit=2)
74900.3ms Vehicle 7 RECEIVED AppendEntries from vehicle 0 (n_entries=1, leader_commit=2)
74900.3ms Vehicle 7 doLogOffer entry #5 (len=9)
74966.4ms Leader 0 SENDING AppendEntries to vehicle 1 (n_entries=3, leader_commit=2)
74966.4ms Leader 0 SENDING AppendEntries to vehicle 4 (n_entries=5, leader_commit=2)
74966.4ms Leader 0 SENDING AppendEntries to vehicle 5 (n_entries=5, leader_commit=2)
74966.4ms Leader 0 SENDING AppendEntries to vehicle 6 (n_entries=5, leader_commit=2)
74966.4ms Leader 0 SENDING AppendEntries to vehicle 7 (n_entries=0, leader_commit=2)
74972.5ms Vehicle 7 RECEIVED AppendEntries from vehicle 0 (n_entries=0, leader_commit=2)
75106.4ms Leader 0 SENDING AppendEntries to vehicle 1 (n_entries=3, leader_commit=2)
75106.4ms Leader 0 SENDING AppendEntries to vehicle 4 (n_entries=5, leader_commit=2)
75106.4ms Leader 0 SENDING AppendEntries to vehicle 5 (n_entries=5, leader_commit=2)
75106.4ms Leader 0 SENDING AppendEntries to vehicle 6 (n_entries=5, leader_commit=2)
75106.4ms Leader 0 SENDING AppendEntries to vehicle 7 (n_entries=0, leader_commit=2)
75111.6ms Vehicle 7 RECEIVED AppendEntries from vehicle 0 (n_entries=0, leader_commit=2)
75.2 Vehicle 7 hasPassed=true (on exit edge -36905242#11)
75200.0ms Vehicle 7 LEFT intersection
75200.0ms Vehicle 7 BROADCASTING vehicle-passed
75200.0ms Vehicle 7 sending vehicle-left (isLeader=0, myBatch=2)
75200.1ms Vehicle 0 RECEIVED vehicle-passed from vehicle 7
75200.3ms Vehicle 0 RECEIVED vehicle-left from vehicle 7
75200.3ms Leader 0 proposing VEHICLE_LEFT for vehicle 7 (batch=2)
75200.3ms Vehicle 0 doLogOffer entry #6 (len=9)
75246.4ms Leader 0 SENDING AppendEntries to vehicle 1 (n_entries=4, leader_commit=2)
75246.4ms Leader 0 SENDING AppendEntries to vehicle 4 (n_entries=6, leader_commit=2)
75246.4ms Leader 0 SENDING AppendEntries to vehicle 5 (n_entries=6, leader_commit=2)
75246.4ms Leader 0 SENDING AppendEntries to vehicle 6 (n_entries=6, leader_commit=2)
75386.4ms Leader 0 SENDING AppendEntries to vehicle 1 (n_entries=4, leader_commit=2)
75386.4ms Leader 0 SENDING AppendEntries to vehicle 4 (n_entries=6, leader_commit=2)
75386.4ms Leader 0 SENDING AppendEntries to vehicle 5 (n_entries=6, leader_commit=2)
75386.4ms Leader 0 SENDING AppendEntries to vehicle 6 (n_entries=6, leader_commit=2)
75526.4ms Leader 0 SENDING AppendEntries to vehicle 1 (n_entries=4, leader_commit=2)
75526.4ms Leader 0 SENDING AppendEntries to vehicle 4 (n_entries=6, leader_commit=2)
75526.4ms Leader 0 SENDING AppendEntries to vehicle 5 (n_entries=6, leader_commit=2)
75526.4ms Leader 0 SENDING AppendEntries to vehicle 6 (n_entries=6, leader_commit=2)
75666.4ms Leader 0 SENDING AppendEntries to vehicle 1 (n_entries=4, leader_commit=2)
75666.4ms Leader 0 SENDING AppendEntries to vehicle 4 (n_entries=6, leader_commit=2)
75666.4ms Leader 0 SENDING AppendEntries to vehicle 5 (n_entries=6, leader_commit=2)
75666.4ms Leader 0 SENDING AppendEntries to vehicle 6 (n_entries=6, leader_commit=2)
75806.4ms Leader 0 SENDING AppendEntries to vehicle 1 (n_entries=4, leader_commit=2)
75806.4ms Leader 0 SENDING AppendEntries to vehicle 4 (n_entries=6, leader_commit=2)
75806.4ms Leader 0 SENDING AppendEntries to vehicle 5 (n_entries=6, leader_commit=2)
75806.4ms Leader 0 SENDING AppendEntries to vehicle 6 (n_entries=6, leader_commit=2)
75946.4ms Leader 0 SENDING AppendEntries to vehicle 1 (n_entries=4, leader_commit=2)
75946.4ms Leader 0 SENDING AppendEntries to vehicle 4 (n_entries=6, leader_commit=2)
75946.4ms Leader 0 SENDING AppendEntries to vehicle 5 (n_entries=6, leader_commit=2)
75946.4ms Leader 0 SENDING AppendEntries to vehicle 6 (n_entries=6, leader_commit=2)
76086.4ms Leader 0 SENDING AppendEntries to vehicle 1 (n_entries=4, leader_commit=2)
76086.4ms Leader 0 SENDING AppendEntries to vehicle 4 (n_entries=6, leader_commit=2)
76086.4ms Leader 0 SENDING AppendEntries to vehicle 5 (n_entries=6, leader_commit=2)
76086.4ms Leader 0 SENDING AppendEntries to vehicle 6 (n_entries=6, leader_commit=2)
76226.4ms Leader 0 SENDING AppendEntries to vehicle 1 (n_entries=4, leader_commit=2)
76226.4ms Leader 0 SENDING AppendEntries to vehicle 4 (n_entries=6, leader_commit=2)
76226.4ms Leader 0 SENDING AppendEntries to vehicle 5 (n_entries=6, leader_commit=2)
76226.4ms Leader 0 SENDING AppendEntries to vehicle 6 (n_entries=6, leader_commit=2)
76366.4ms Leader 0 SENDING AppendEntries to vehicle 1 (n_entries=4, leader_commit=2)
76366.4ms Leader 0 SENDING AppendEntries to vehicle 4 (n_entries=6, leader_commit=2)
76366.4ms Leader 0 SENDING AppendEntries to vehicle 5 (n_entries=6, leader_commit=2)
76366.4ms Leader 0 SENDING AppendEntries to vehicle 6 (n_entries=6, leader_commit=2)
76506.4ms Leader 0 SENDING AppendEntries to vehicle 1 (n_entries=4, leader_commit=2)
76506.4ms Leader 0 SENDING AppendEntries to vehicle 4 (n_entries=6, leader_commit=2)
76506.4ms Leader 0 SENDING AppendEntries to vehicle 5 (n_entries=6, leader_commit=2)
76506.4ms Leader 0 SENDING AppendEntries to vehicle 6 (n_entries=6, leader_commit=2)
76646.4ms Leader 0 SENDING AppendEntries to vehicle 1 (n_entries=4, leader_commit=2)
76646.4ms Leader 0 SENDING AppendEntries to vehicle 4 (n_entries=6, leader_commit=2)
76646.4ms Leader 0 SENDING AppendEntries to vehicle 5 (n_entries=6, leader_commit=2)
76646.4ms Leader 0 SENDING AppendEntries to vehicle 6 (n_entries=6, leader_commit=2)
76786.4ms Leader 0 SENDING AppendEntries to vehicle 1 (n_entries=4, leader_commit=2)
76786.4ms Leader 0 SENDING AppendEntries to vehicle 4 (n_entries=6, leader_commit=2)
76786.4ms Leader 0 SENDING AppendEntries to vehicle 5 (n_entries=6, leader_commit=2)
76786.4ms Leader 0 SENDING AppendEntries to vehicle 6 (n_entries=6, leader_commit=2)
76926.4ms Leader 0 SENDING AppendEntries to vehicle 1 (n_entries=4, leader_commit=2)
76926.4ms Leader 0 SENDING AppendEntries to vehicle 4 (n_entries=6, leader_commit=2)
76926.4ms Leader 0 SENDING AppendEntries to vehicle 5 (n_entries=6, leader_commit=2)
76926.4ms Leader 0 SENDING AppendEntries to vehicle 6 (n_entries=6, leader_commit=2)
77066.4ms Leader 0 SENDING AppendEntries to vehicle 1 (n_entries=4, leader_commit=2)
77066.4ms Leader 0 SENDING AppendEntries to vehicle 4 (n_entries=6, leader_commit=2)
77066.4ms Leader 0 SENDING AppendEntries to vehicle 5 (n_entries=6, leader_commit=2)
77066.4ms Leader 0 SENDING AppendEntries to vehicle 6 (n_entries=6, leader_commit=2)
77206.4ms Leader 0 SENDING AppendEntries to vehicle 1 (n_entries=4, leader_commit=2)
77206.4ms Leader 0 SENDING AppendEntries to vehicle 4 (n_entries=6, leader_commit=2)
77206.4ms Leader 0 SENDING AppendEntries to vehicle 5 (n_entries=6, leader_commit=2)
77206.4ms Leader 0 SENDING AppendEntries to vehicle 6 (n_entries=6, leader_commit=2)
77346.4ms Leader 0 SENDING AppendEntries to vehicle 1 (n_entries=4, leader_commit=2)
77346.4ms Leader 0 SENDING AppendEntries to vehicle 4 (n_entries=6, leader_commit=2)
77346.4ms Leader 0 SENDING AppendEntries to vehicle 5 (n_entries=6, leader_commit=2)
77346.4ms Leader 0 SENDING AppendEntries to vehicle 6 (n_entries=6, leader_commit=2)
77486.4ms Leader 0 SENDING AppendEntries to vehicle 1 (n_entries=4, leader_commit=2)
77486.4ms Leader 0 SENDING AppendEntries to vehicle 4 (n_entries=6, leader_commit=2)
77486.4ms Leader 0 SENDING AppendEntries to vehicle 5 (n_entries=6, leader_commit=2)
77486.4ms Leader 0 SENDING AppendEntries to vehicle 6 (n_entries=6, leader_commit=2)
77626.4ms Leader 0 SENDING AppendEntries to vehicle 1 (n_entries=4, leader_commit=2)
77626.4ms Leader 0 SENDING AppendEntries to vehicle 4 (n_entries=6, leader_commit=2)
77626.4ms Leader 0 SENDING AppendEntries to vehicle 5 (n_entries=6, leader_commit=2)
77626.4ms Leader 0 SENDING AppendEntries to vehicle 6 (n_entries=6, leader_commit=2)
77766.4ms Leader 0 SENDING AppendEntries to vehicle 1 (n_entries=4, leader_commit=2)
77766.4ms Leader 0 SENDING AppendEntries to vehicle 4 (n_entries=6, leader_commit=2)
77766.4ms Leader 0 SENDING AppendEntries to vehicle 5 (n_entries=6, leader_commit=2)
77766.4ms Leader 0 SENDING AppendEntries to vehicle 6 (n_entries=6, leader_commit=2)
77906.4ms Leader 0 SENDING AppendEntries to vehicle 1 (n_entries=4, leader_commit=2)
77906.4ms Leader 0 SENDING AppendEntries to vehicle 4 (n_entries=6, leader_commit=2)
77906.4ms Leader 0 SENDING AppendEntries to vehicle 5 (n_entries=6, leader_commit=2)
77906.4ms Leader 0 SENDING AppendEntries to vehicle 6 (n_entries=6, leader_commit=2)
** Event #395008   t=77.906353504228   Elapsed: 4.0266s (0m 04s)  25% completed  (25% total)
     Speed:     ev/sec=107822   simsec/sec=24.9546   ev/simsec=4320.75
     Messages:  created: 294353   present: 331   in FES: 10
78046.4ms Leader 0 SENDING AppendEntries to vehicle 1 (n_entries=4, leader_commit=2)
78046.4ms Leader 0 SENDING AppendEntries to vehicle 4 (n_entries=6, leader_commit=2)
78046.4ms Leader 0 SENDING AppendEntries to vehicle 5 (n_entries=6, leader_commit=2)
78046.4ms Leader 0 SENDING AppendEntries to vehicle 6 (n_entries=6, leader_commit=2)
78186.4ms Leader 0 SENDING AppendEntries to vehicle 1 (n_entries=4, leader_commit=2)
78186.4ms Leader 0 SENDING AppendEntries to vehicle 4 (n_entries=6, leader_commit=2)
78186.4ms Leader 0 SENDING AppendEntries to vehicle 5 (n_entries=6, leader_commit=2)
78186.4ms Leader 0 SENDING AppendEntries to vehicle 6 (n_entries=6, leader_commit=2)
78326.4ms Leader 0 SENDING AppendEntries to vehicle 1 (n_entries=4, leader_commit=2)
78326.4ms Leader 0 SENDING AppendEntries to vehicle 4 (n_entries=6, leader_commit=2)
78326.4ms Leader 0 SENDING AppendEntries to vehicle 5 (n_entries=6, leader_commit=2)
78326.4ms Leader 0 SENDING AppendEntries to vehicle 6 (n_entries=6, leader_commit=2)
78466.4ms Leader 0 SENDING AppendEntries to vehicle 1 (n_entries=4, leader_commit=2)
78466.4ms Leader 0 SENDING AppendEntries to vehicle 4 (n_entries=6, leader_commit=2)
78466.4ms Leader 0 SENDING AppendEntries to vehicle 5 (n_entries=6, leader_commit=2)
78466.4ms Leader 0 SENDING AppendEntries to vehicle 6 (n_entries=6, leader_commit=2)
78606.4ms Leader 0 SENDING AppendEntries to vehicle 1 (n_entries=4, leader_commit=2)
78606.4ms Leader 0 SENDING AppendEntries to vehicle 4 (n_entries=6, leader_commit=2)
78606.4ms Leader 0 SENDING AppendEntries to vehicle 5 (n_entries=6, leader_commit=2)
78606.4ms Leader 0 SENDING AppendEntries to vehicle 6 (n_entries=6, leader_commit=2)
78746.4ms Leader 0 SENDING AppendEntries to vehicle 1 (n_entries=4, leader_commit=2)
78746.4ms Leader 0 SENDING AppendEntries to vehicle 4 (n_entries=6, leader_commit=2)
78746.4ms Leader 0 SENDING AppendEntries to vehicle 5 (n_entries=6, leader_commit=2)
78746.4ms Leader 0 SENDING AppendEntries to vehicle 6 (n_entries=6, leader_commit=2)
78886.4ms Leader 0 SENDING AppendEntries to vehicle 1 (n_entries=4, leader_commit=2)
78886.4ms Leader 0 SENDING AppendEntries to vehicle 4 (n_entries=6, leader_commit=2)
78886.4ms Leader 0 SENDING AppendEntries to vehicle 5 (n_entries=6, leader_commit=2)
78886.4ms Leader 0 SENDING AppendEntries to vehicle 6 (n_entries=6, leader_commit=2)
79026.4ms Leader 0 SENDING AppendEntries to vehicle 1 (n_entries=4, leader_commit=2)
79026.4ms Leader 0 SENDING AppendEntries to vehicle 4 (n_entries=6, leader_commit=2)
79026.4ms Leader 0 SENDING AppendEntries to vehicle 5 (n_entries=6, leader_commit=2)
79026.4ms Leader 0 SENDING AppendEntries to vehicle 6 (n_entries=6, leader_commit=2)
79166.4ms Leader 0 SENDING AppendEntries to vehicle 1 (n_entries=4, leader_commit=2)
79166.4ms Leader 0 SENDING AppendEntries to vehicle 4 (n_entries=6, leader_commit=2)
79166.4ms Leader 0 SENDING AppendEntries to vehicle 5 (n_entries=6, leader_commit=2)
79166.4ms Leader 0 SENDING AppendEntries to vehicle 6 (n_entries=6, leader_commit=2)
79306.4ms Leader 0 SENDING AppendEntries to vehicle 1 (n_entries=4, leader_commit=2)
79306.4ms Leader 0 SENDING AppendEntries to vehicle 4 (n_entries=6, leader_commit=2)
79306.4ms Leader 0 SENDING AppendEntries to vehicle 5 (n_entries=6, leader_commit=2)
79306.4ms Leader 0 SENDING AppendEntries to vehicle 6 (n_entries=6, leader_commit=2)
79446.4ms Leader 0 SENDING AppendEntries to vehicle 1 (n_entries=4, leader_commit=2)
79446.4ms Leader 0 SENDING AppendEntries to vehicle 4 (n_entries=6, leader_commit=2)
79446.4ms Leader 0 SENDING AppendEntries to vehicle 5 (n_entries=6, leader_commit=2)
79446.4ms Leader 0 SENDING AppendEntries to vehicle 6 (n_entries=6, leader_commit=2)
79586.4ms Leader 0 SENDING AppendEntries to vehicle 1 (n_entries=4, leader_commit=2)
79586.4ms Leader 0 SENDING AppendEntries to vehicle 4 (n_entries=6, leader_commit=2)
79586.4ms Leader 0 SENDING AppendEntries to vehicle 5 (n_entries=6, leader_commit=2)
79586.4ms Leader 0 SENDING AppendEntries to vehicle 6 (n_entries=6, leader_commit=2)
79726.4ms Leader 0 SENDING AppendEntries to vehicle 1 (n_entries=4, leader_commit=2)
79726.4ms Leader 0 SENDING AppendEntries to vehicle 4 (n_entries=6, leader_commit=2)
79726.4ms Leader 0 SENDING AppendEntries to vehicle 5 (n_entries=6, leader_commit=2)
79726.4ms Leader 0 SENDING AppendEntries to vehicle 6 (n_entries=6, leader_commit=2)
79866.4ms Leader 0 SENDING AppendEntries to vehicle 1 (n_entries=4, leader_commit=2)
79866.4ms Leader 0 SENDING AppendEntries to vehicle 4 (n_entries=6, leader_commit=2)
79866.4ms Leader 0 SENDING AppendEntries to vehicle 5 (n_entries=6, leader_commit=2)
79866.4ms Leader 0 SENDING AppendEntries to vehicle 6 (n_entries=6, leader_commit=2)
80006.4ms Leader 0 SENDING AppendEntries to vehicle 1 (n_entries=4, leader_commit=2)
80006.4ms Leader 0 SENDING AppendEntries to vehicle 4 (n_entries=6, leader_commit=2)
80006.4ms Leader 0 SENDING AppendEntries to vehicle 5 (n_entries=6, leader_commit=2)
80006.4ms Leader 0 SENDING AppendEntries to vehicle 6 (n_entries=6, leader_commit=2)
80146.4ms Leader 0 SENDING AppendEntries to vehicle 1 (n_entries=4, leader_commit=2)
80146.4ms Leader 0 SENDING AppendEntries to vehicle 4 (n_entries=6, leader_commit=2)
80146.4ms Leader 0 SENDING AppendEntries to vehicle 5 (n_entries=6, leader_commit=2)
80146.4ms Leader 0 SENDING AppendEntries to vehicle 6 (n_entries=6, leader_commit=2)
80286.4ms Leader 0 SENDING AppendEntries to vehicle 1 (n_entries=4, leader_commit=2)
80286.4ms Leader 0 SENDING AppendEntries to vehicle 4 (n_entries=6, leader_commit=2)
80286.4ms Leader 0 SENDING AppendEntries to vehicle 5 (n_entries=6, leader_commit=2)
80286.4ms Leader 0 SENDING AppendEntries to vehicle 6 (n_entries=6, leader_commit=2)
80426.4ms Leader 0 SENDING AppendEntries to vehicle 1 (n_entries=4, leader_commit=2)
80426.4ms Leader 0 SENDING AppendEntries to vehicle 4 (n_entries=6, leader_commit=2)
80426.4ms Leader 0 SENDING AppendEntries to vehicle 5 (n_entries=6, leader_commit=2)
80426.4ms Leader 0 SENDING AppendEntries to vehicle 6 (n_entries=6, leader_commit=2)
80566.4ms Leader 0 SENDING AppendEntries to vehicle 1 (n_entries=4, leader_commit=2)
80566.4ms Leader 0 SENDING AppendEntries to vehicle 4 (n_entries=6, leader_commit=2)
80566.4ms Leader 0 SENDING AppendEntries to vehicle 5 (n_entries=6, leader_commit=2)
80566.4ms Leader 0 SENDING AppendEntries to vehicle 6 (n_entries=6, leader_commit=2)
80706.4ms Leader 0 SENDING AppendEntries to vehicle 1 (n_entries=4, leader_commit=2)
80706.4ms Leader 0 SENDING AppendEntries to vehicle 4 (n_entries=6, leader_commit=2)
80706.4ms Leader 0 SENDING AppendEntries to vehicle 5 (n_entries=6, leader_commit=2)
80706.4ms Leader 0 SENDING AppendEntries to vehicle 6 (n_entries=6, leader_commit=2)
80846.4ms Leader 0 SENDING AppendEntries to vehicle 1 (n_entries=4, leader_commit=2)
80846.4ms Leader 0 SENDING AppendEntries to vehicle 4 (n_entries=6, leader_commit=2)
80846.4ms Leader 0 SENDING AppendEntries to vehicle 5 (n_entries=6, leader_commit=2)
80846.4ms Leader 0 SENDING AppendEntries to vehicle 6 (n_entries=6, leader_commit=2)
80986.4ms Leader 0 SENDING AppendEntries to vehicle 1 (n_entries=4, leader_commit=2)
80986.4ms Leader 0 SENDING AppendEntries to vehicle 4 (n_entries=6, leader_commit=2)
80986.4ms Leader 0 SENDING AppendEntries to vehicle 5 (n_entries=6, leader_commit=2)
80986.4ms Leader 0 SENDING AppendEntries to vehicle 6 (n_entries=6, leader_commit=2)
81126.4ms Leader 0 SENDING AppendEntries to vehicle 1 (n_entries=4, leader_commit=2)
81126.4ms Leader 0 SENDING AppendEntries to vehicle 4 (n_entries=6, leader_commit=2)
81126.4ms Leader 0 SENDING AppendEntries to vehicle 5 (n_entries=6, leader_commit=2)
81126.4ms Leader 0 SENDING AppendEntries to vehicle 6 (n_entries=6, leader_commit=2)
81266.4ms Leader 0 SENDING AppendEntries to vehicle 1 (n_entries=4, leader_commit=2)
81266.4ms Leader 0 SENDING AppendEntries to vehicle 4 (n_entries=6, leader_commit=2)
81266.4ms Leader 0 SENDING AppendEntries to vehicle 5 (n_entries=6, leader_commit=2)
81266.4ms Leader 0 SENDING AppendEntries to vehicle 6 (n_entries=6, leader_commit=2)
81406.4ms Leader 0 SENDING AppendEntries to vehicle 1 (n_entries=4, leader_commit=2)
81406.4ms Leader 0 SENDING AppendEntries to vehicle 4 (n_entries=6, leader_commit=2)
81406.4ms Leader 0 SENDING AppendEntries to vehicle 5 (n_entries=6, leader_commit=2)
81406.4ms Leader 0 SENDING AppendEntries to vehicle 6 (n_entries=6, leader_commit=2)
81546.4ms Leader 0 SENDING AppendEntries to vehicle 1 (n_entries=4, leader_commit=2)
81546.4ms Leader 0 SENDING AppendEntries to vehicle 4 (n_entries=6, leader_commit=2)
81546.4ms Leader 0 SENDING AppendEntries to vehicle 5 (n_entries=6, leader_commit=2)
81546.4ms Leader 0 SENDING AppendEntries to vehicle 6 (n_entries=6, leader_commit=2)
81686.4ms Leader 0 SENDING AppendEntries to vehicle 1 (n_entries=4, leader_commit=2)
81686.4ms Leader 0 SENDING AppendEntries to vehicle 4 (n_entries=6, leader_commit=2)
81686.4ms Leader 0 SENDING AppendEntries to vehicle 5 (n_entries=6, leader_commit=2)
81686.4ms Leader 0 SENDING AppendEntries to vehicle 6 (n_entries=6, leader_commit=2)
81826.4ms Leader 0 SENDING AppendEntries to vehicle 1 (n_entries=4, leader_commit=2)
81826.4ms Leader 0 SENDING AppendEntries to vehicle 4 (n_entries=6, leader_commit=2)
81826.4ms Leader 0 SENDING AppendEntries to vehicle 5 (n_entries=6, leader_commit=2)
81826.4ms Leader 0 SENDING AppendEntries to vehicle 6 (n_entries=6, leader_commit=2)
81966.4ms Leader 0 SENDING AppendEntries to vehicle 1 (n_entries=4, leader_commit=2)
81966.4ms Leader 0 SENDING AppendEntries to vehicle 4 (n_entries=6, leader_commit=2)
81966.4ms Leader 0 SENDING AppendEntries to vehicle 5 (n_entries=6, leader_commit=2)
81966.4ms Leader 0 SENDING AppendEntries to vehicle 6 (n_entries=6, leader_commit=2)
82106.4ms Leader 0 SENDING AppendEntries to vehicle 1 (n_entries=4, leader_commit=2)
82106.4ms Leader 0 SENDING AppendEntries to vehicle 4 (n_entries=6, leader_commit=2)
82106.4ms Leader 0 SENDING AppendEntries to vehicle 5 (n_entries=6, leader_commit=2)
82106.4ms Leader 0 SENDING AppendEntries to vehicle 6 (n_entries=6, leader_commit=2)
82246.4ms Leader 0 SENDING AppendEntries to vehicle 1 (n_entries=4, leader_commit=2)
82246.4ms Leader 0 SENDING AppendEntries to vehicle 4 (n_entries=6, leader_commit=2)
82246.4ms Leader 0 SENDING AppendEntries to vehicle 5 (n_entries=6, leader_commit=2)
82246.4ms Leader 0 SENDING AppendEntries to vehicle 6 (n_entries=6, leader_commit=2)
82386.4ms Leader 0 SENDING AppendEntries to vehicle 1 (n_entries=4, leader_commit=2)
82386.4ms Leader 0 SENDING AppendEntries to vehicle 4 (n_entries=6, leader_commit=2)
82386.4ms Leader 0 SENDING AppendEntries to vehicle 5 (n_entries=6, leader_commit=2)
82386.4ms Leader 0 SENDING AppendEntries to vehicle 6 (n_entries=6, leader_commit=2)
82526.4ms Leader 0 SENDING AppendEntries to vehicle 1 (n_entries=4, leader_commit=2)
82526.4ms Leader 0 SENDING AppendEntries to vehicle 4 (n_entries=6, leader_commit=2)
82526.4ms Leader 0 SENDING AppendEntries to vehicle 5 (n_entries=6, leader_commit=2)
82526.4ms Leader 0 SENDING AppendEntries to vehicle 6 (n_entries=6, leader_commit=2)
82666.4ms Leader 0 SENDING AppendEntries to vehicle 1 (n_entries=4, leader_commit=2)
82666.4ms Leader 0 SENDING AppendEntries to vehicle 4 (n_entries=6, leader_commit=2)
82666.4ms Leader 0 SENDING AppendEntries to vehicle 5 (n_entries=6, leader_commit=2)
82666.4ms Leader 0 SENDING AppendEntries to vehicle 6 (n_entries=6, leader_commit=2)
82806.4ms Leader 0 SENDING AppendEntries to vehicle 1 (n_entries=4, leader_commit=2)
82806.4ms Leader 0 SENDING AppendEntries to vehicle 4 (n_entries=6, leader_commit=2)
82806.4ms Leader 0 SENDING AppendEntries to vehicle 5 (n_entries=6, leader_commit=2)
82806.4ms Leader 0 SENDING AppendEntries to vehicle 6 (n_entries=6, leader_commit=2)
82946.4ms Leader 0 SENDING AppendEntries to vehicle 1 (n_entries=4, leader_commit=2)
82946.4ms Leader 0 SENDING AppendEntries to vehicle 4 (n_entries=6, leader_commit=2)
82946.4ms Leader 0 SENDING AppendEntries to vehicle 5 (n_entries=6, leader_commit=2)
82946.4ms Leader 0 SENDING AppendEntries to vehicle 6 (n_entries=6, leader_commit=2)
83086.4ms Leader 0 SENDING AppendEntries to vehicle 1 (n_entries=4, leader_commit=2)
83086.4ms Leader 0 SENDING AppendEntries to vehicle 4 (n_entries=6, leader_commit=2)
83086.4ms Leader 0 SENDING AppendEntries to vehicle 5 (n_entries=6, leader_commit=2)
83086.4ms Leader 0 SENDING AppendEntries to vehicle 6 (n_entries=6, leader_commit=2)
83226.4ms Leader 0 SENDING AppendEntries to vehicle 1 (n_entries=4, leader_commit=2)
83226.4ms Leader 0 SENDING AppendEntries to vehicle 4 (n_entries=6, leader_commit=2)
83226.4ms Leader 0 SENDING AppendEntries to vehicle 5 (n_entries=6, leader_commit=2)
83226.4ms Leader 0 SENDING AppendEntries to vehicle 6 (n_entries=6, leader_commit=2)
83366.4ms Leader 0 SENDING AppendEntries to vehicle 1 (n_entries=4, leader_commit=2)
83366.4ms Leader 0 SENDING AppendEntries to vehicle 4 (n_entries=6, leader_commit=2)
83366.4ms Leader 0 SENDING AppendEntries to vehicle 5 (n_entries=6, leader_commit=2)
83366.4ms Leader 0 SENDING AppendEntries to vehicle 6 (n_entries=6, leader_commit=2)
83506.4ms Leader 0 SENDING AppendEntries to vehicle 1 (n_entries=4, leader_commit=2)
83506.4ms Leader 0 SENDING AppendEntries to vehicle 4 (n_entries=6, leader_commit=2)
83506.4ms Leader 0 SENDING AppendEntries to vehicle 5 (n_entries=6, leader_commit=2)
83506.4ms Leader 0 SENDING AppendEntries to vehicle 6 (n_entries=6, leader_commit=2)
83646.4ms Leader 0 SENDING AppendEntries to vehicle 1 (n_entries=4, leader_commit=2)
83646.4ms Leader 0 SENDING AppendEntries to vehicle 4 (n_entries=6, leader_commit=2)
83646.4ms Leader 0 SENDING AppendEntries to vehicle 5 (n_entries=6, leader_commit=2)
83646.4ms Leader 0 SENDING AppendEntries to vehicle 6 (n_entries=6, leader_commit=2)
83786.4ms Leader 0 SENDING AppendEntries to vehicle 1 (n_entries=4, leader_commit=2)
83786.4ms Leader 0 SENDING AppendEntries to vehicle 4 (n_entries=6, leader_commit=2)
83786.4ms Leader 0 SENDING AppendEntries to vehicle 5 (n_entries=6, leader_commit=2)
83786.4ms Leader 0 SENDING AppendEntries to vehicle 6 (n_entries=6, leader_commit=2)
83926.4ms Leader 0 SENDING AppendEntries to vehicle 1 (n_entries=4, leader_commit=2)
83926.4ms Leader 0 SENDING AppendEntries to vehicle 4 (n_entries=6, leader_commit=2)
83926.4ms Leader 0 SENDING AppendEntries to vehicle 5 (n_entries=6, leader_commit=2)
83926.4ms Leader 0 SENDING AppendEntries to vehicle 6 (n_entries=6, leader_commit=2)
84066.4ms Leader 0 SENDING AppendEntries to vehicle 1 (n_entries=4, leader_commit=2)
84066.4ms Leader 0 SENDING AppendEntries to vehicle 4 (n_entries=6, leader_commit=2)
84066.4ms Leader 0 SENDING AppendEntries to vehicle 5 (n_entries=6, leader_commit=2)
84066.4ms Leader 0 SENDING AppendEntries to vehicle 6 (n_entries=6, leader_commit=2)
84206.4ms Leader 0 SENDING AppendEntries to vehicle 1 (n_entries=4, leader_commit=2)
84206.4ms Leader 0 SENDING AppendEntries to vehicle 4 (n_entries=6, leader_commit=2)
84206.4ms Leader 0 SENDING AppendEntries to vehicle 5 (n_entries=6, leader_commit=2)
84206.4ms Leader 0 SENDING AppendEntries to vehicle 6 (n_entries=6, leader_commit=2)
84346.4ms Leader 0 SENDING AppendEntries to vehicle 1 (n_entries=4, leader_commit=2)
84346.4ms Leader 0 SENDING AppendEntries to vehicle 4 (n_entries=6, leader_commit=2)
84346.4ms Leader 0 SENDING AppendEntries to vehicle 5 (n_entries=6, leader_commit=2)
84346.4ms Leader 0 SENDING AppendEntries to vehicle 6 (n_entries=6, leader_commit=2)
84486.4ms Leader 0 SENDING AppendEntries to vehicle 1 (n_entries=4, leader_commit=2)
84486.4ms Leader 0 SENDING AppendEntries to vehicle 4 (n_entries=6, leader_commit=2)
84486.4ms Leader 0 SENDING AppendEntries to vehicle 5 (n_entries=6, leader_commit=2)
84486.4ms Leader 0 SENDING AppendEntries to vehicle 6 (n_entries=6, leader_commit=2)
84626.4ms Leader 0 SENDING AppendEntries to vehicle 1 (n_entries=4, leader_commit=2)
84626.4ms Leader 0 SENDING AppendEntries to vehicle 4 (n_entries=6, leader_commit=2)
84626.4ms Leader 0 SENDING AppendEntries to vehicle 5 (n_entries=6, leader_commit=2)
84626.4ms Leader 0 SENDING AppendEntries to vehicle 6 (n_entries=6, leader_commit=2)
84766.4ms Leader 0 SENDING AppendEntries to vehicle 1 (n_entries=4, leader_commit=2)
84766.4ms Leader 0 SENDING AppendEntries to vehicle 4 (n_entries=6, leader_commit=2)
84766.4ms Leader 0 SENDING AppendEntries to vehicle 5 (n_entries=6, leader_commit=2)
84766.4ms Leader 0 SENDING AppendEntries to vehicle 6 (n_entries=6, leader_commit=2)
84906.4ms Leader 0 SENDING AppendEntries to vehicle 1 (n_entries=4, leader_commit=2)
84906.4ms Leader 0 SENDING AppendEntries to vehicle 4 (n_entries=6, leader_commit=2)
84906.4ms Leader 0 SENDING AppendEntries to vehicle 5 (n_entries=6, leader_commit=2)
84906.4ms Leader 0 SENDING AppendEntries to vehicle 6 (n_entries=6, leader_commit=2)
85046.4ms Leader 0 SENDING AppendEntries to vehicle 1 (n_entries=4, leader_commit=2)
85046.4ms Leader 0 SENDING AppendEntries to vehicle 4 (n_entries=6, leader_commit=2)
85046.4ms Leader 0 SENDING AppendEntries to vehicle 5 (n_entries=6, leader_commit=2)
85046.4ms Leader 0 SENDING AppendEntries to vehicle 6 (n_entries=6, leader_commit=2)
85186.4ms Leader 0 SENDING AppendEntries to vehicle 1 (n_entries=4, leader_commit=2)
85186.4ms Leader 0 SENDING AppendEntries to vehicle 4 (n_entries=6, leader_commit=2)
85186.4ms Leader 0 SENDING AppendEntries to vehicle 5 (n_entries=6, leader_commit=2)
85186.4ms Leader 0 SENDING AppendEntries to vehicle 6 (n_entries=6, leader_commit=2)
85326.4ms Leader 0 SENDING AppendEntries to vehicle 1 (n_entries=4, leader_commit=2)
85326.4ms Leader 0 SENDING AppendEntries to vehicle 4 (n_entries=6, leader_commit=2)
85326.4ms Leader 0 SENDING AppendEntries to vehicle 5 (n_entries=6, leader_commit=2)
85326.4ms Leader 0 SENDING AppendEntries to vehicle 6 (n_entries=6, leader_commit=2)
85466.4ms Leader 0 SENDING AppendEntries to vehicle 1 (n_entries=4, leader_commit=2)
85466.4ms Leader 0 SENDING AppendEntries to vehicle 4 (n_entries=6, leader_commit=2)
85466.4ms Leader 0 SENDING AppendEntries to vehicle 5 (n_entries=6, leader_commit=2)
85466.4ms Leader 0 SENDING AppendEntries to vehicle 6 (n_entries=6, leader_commit=2)
85606.4ms Leader 0 SENDING AppendEntries to vehicle 1 (n_entries=4, leader_commit=2)
85606.4ms Leader 0 SENDING AppendEntries to vehicle 4 (n_entries=6, leader_commit=2)
85606.4ms Leader 0 SENDING AppendEntries to vehicle 5 (n_entries=6, leader_commit=2)
85606.4ms Leader 0 SENDING AppendEntries to vehicle 6 (n_entries=6, leader_commit=2)
85746.4ms Leader 0 SENDING AppendEntries to vehicle 1 (n_entries=4, leader_commit=2)
85746.4ms Leader 0 SENDING AppendEntries to vehicle 4 (n_entries=6, leader_commit=2)
85746.4ms Leader 0 SENDING AppendEntries to vehicle 5 (n_entries=6, leader_commit=2)
85746.4ms Leader 0 SENDING AppendEntries to vehicle 6 (n_entries=6, leader_commit=2)
85886.4ms Leader 0 SENDING AppendEntries to vehicle 1 (n_entries=4, leader_commit=2)
85886.4ms Leader 0 SENDING AppendEntries to vehicle 4 (n_entries=6, leader_commit=2)
85886.4ms Leader 0 SENDING AppendEntries to vehicle 5 (n_entries=6, leader_commit=2)
85886.4ms Leader 0 SENDING AppendEntries to vehicle 6 (n_entries=6, leader_commit=2)
86026.4ms Leader 0 SENDING AppendEntries to vehicle 1 (n_entries=4, leader_commit=2)
86026.4ms Leader 0 SENDING AppendEntries to vehicle 4 (n_entries=6, leader_commit=2)
86026.4ms Leader 0 SENDING AppendEntries to vehicle 5 (n_entries=6, leader_commit=2)
86026.4ms Leader 0 SENDING AppendEntries to vehicle 6 (n_entries=6, leader_commit=2)
86166.4ms Leader 0 SENDING AppendEntries to vehicle 1 (n_entries=4, leader_commit=2)
86166.4ms Leader 0 SENDING AppendEntries to vehicle 4 (n_entries=6, leader_commit=2)
86166.4ms Leader 0 SENDING AppendEntries to vehicle 5 (n_entries=6, leader_commit=2)
86166.4ms Leader 0 SENDING AppendEntries to vehicle 6 (n_entries=6, leader_commit=2)
86306.4ms Leader 0 SENDING AppendEntries to vehicle 1 (n_entries=4, leader_commit=2)
86306.4ms Leader 0 SENDING AppendEntries to vehicle 4 (n_entries=6, leader_commit=2)
86306.4ms Leader 0 SENDING AppendEntries to vehicle 5 (n_entries=6, leader_commit=2)
86306.4ms Leader 0 SENDING AppendEntries to vehicle 6 (n_entries=6, leader_commit=2)
86446.4ms Leader 0 SENDING AppendEntries to vehicle 1 (n_entries=4, leader_commit=2)
86446.4ms Leader 0 SENDING AppendEntries to vehicle 4 (n_entries=6, leader_commit=2)
86446.4ms Leader 0 SENDING AppendEntries to vehicle 5 (n_entries=6, leader_commit=2)
86446.4ms Leader 0 SENDING AppendEntries to vehicle 6 (n_entries=6, leader_commit=2)
86586.4ms Leader 0 SENDING AppendEntries to vehicle 1 (n_entries=4, leader_commit=2)
86586.4ms Leader 0 SENDING AppendEntries to vehicle 4 (n_entries=6, leader_commit=2)
86586.4ms Leader 0 SENDING AppendEntries to vehicle 5 (n_entries=6, leader_commit=2)
86586.4ms Leader 0 SENDING AppendEntries to vehicle 6 (n_entries=6, leader_commit=2)
86726.4ms Leader 0 SENDING AppendEntries to vehicle 1 (n_entries=4, leader_commit=2)
86726.4ms Leader 0 SENDING AppendEntries to vehicle 4 (n_entries=6, leader_commit=2)
86726.4ms Leader 0 SENDING AppendEntries to vehicle 5 (n_entries=6, leader_commit=2)
86726.4ms Leader 0 SENDING AppendEntries to vehicle 6 (n_entries=6, leader_commit=2)
86866.4ms Leader 0 SENDING AppendEntries to vehicle 1 (n_entries=4, leader_commit=2)
86866.4ms Leader 0 SENDING AppendEntries to vehicle 4 (n_entries=6, leader_commit=2)
86866.4ms Leader 0 SENDING AppendEntries to vehicle 5 (n_entries=6, leader_commit=2)
86866.4ms Leader 0 SENDING AppendEntries to vehicle 6 (n_entries=6, leader_commit=2)
87006.4ms Leader 0 SENDING AppendEntries to vehicle 1 (n_entries=4, leader_commit=2)
87006.4ms Leader 0 SENDING AppendEntries to vehicle 4 (n_entries=6, leader_commit=2)
87006.4ms Leader 0 SENDING AppendEntries to vehicle 5 (n_entries=6, leader_commit=2)
87006.4ms Leader 0 SENDING AppendEntries to vehicle 6 (n_entries=6, leader_commit=2)
87146.4ms Leader 0 SENDING AppendEntries to vehicle 1 (n_entries=4, leader_commit=2)
87146.4ms Leader 0 SENDING AppendEntries to vehicle 4 (n_entries=6, leader_commit=2)
87146.4ms Leader 0 SENDING AppendEntries to vehicle 5 (n_entries=6, leader_commit=2)
87146.4ms Leader 0 SENDING AppendEntries to vehicle 6 (n_entries=6, leader_commit=2)
87286.4ms Leader 0 SENDING AppendEntries to vehicle 1 (n_entries=4, leader_commit=2)
87286.4ms Leader 0 SENDING AppendEntries to vehicle 4 (n_entries=6, leader_commit=2)
87286.4ms Leader 0 SENDING AppendEntries to vehicle 5 (n_entries=6, leader_commit=2)
87286.4ms Leader 0 SENDING AppendEntries to vehicle 6 (n_entries=6, leader_commit=2)
87426.4ms Leader 0 SENDING AppendEntries to vehicle 1 (n_entries=4, leader_commit=2)
87426.4ms Leader 0 SENDING AppendEntries to vehicle 4 (n_entries=6, leader_commit=2)
87426.4ms Leader 0 SENDING AppendEntries to vehicle 5 (n_entries=6, leader_commit=2)
87426.4ms Leader 0 SENDING AppendEntries to vehicle 6 (n_entries=6, leader_commit=2)
87566.4ms Leader 0 SENDING AppendEntries to vehicle 1 (n_entries=4, leader_commit=2)
87566.4ms Leader 0 SENDING AppendEntries to vehicle 4 (n_entries=6, leader_commit=2)
87566.4ms Leader 0 SENDING AppendEntries to vehicle 5 (n_entries=6, leader_commit=2)
87566.4ms Leader 0 SENDING AppendEntries to vehicle 6 (n_entries=6, leader_commit=2)
87706.4ms Leader 0 SENDING AppendEntries to vehicle 1 (n_entries=4, leader_commit=2)
87706.4ms Leader 0 SENDING AppendEntries to vehicle 4 (n_entries=6, leader_commit=2)
87706.4ms Leader 0 SENDING AppendEntries to vehicle 5 (n_entries=6, leader_commit=2)
87706.4ms Leader 0 SENDING AppendEntries to vehicle 6 (n_entries=6, leader_commit=2)
87846.4ms Leader 0 SENDING AppendEntries to vehicle 1 (n_entries=4, leader_commit=2)
87846.4ms Leader 0 SENDING AppendEntries to vehicle 4 (n_entries=6, leader_commit=2)
87846.4ms Leader 0 SENDING AppendEntries to vehicle 5 (n_entries=6, leader_commit=2)
87846.4ms Leader 0 SENDING AppendEntries to vehicle 6 (n_entries=6, leader_commit=2)
87986.4ms Leader 0 SENDING AppendEntries to vehicle 1 (n_entries=4, leader_commit=2)
87986.4ms Leader 0 SENDING AppendEntries to vehicle 4 (n_entries=6, leader_commit=2)
87986.4ms Leader 0 SENDING AppendEntries to vehicle 5 (n_entries=6, leader_commit=2)
87986.4ms Leader 0 SENDING AppendEntries to vehicle 6 (n_entries=6, leader_commit=2)
88126.4ms Leader 0 SENDING AppendEntries to vehicle 1 (n_entries=4, leader_commit=2)
88126.4ms Leader 0 SENDING AppendEntries to vehicle 4 (n_entries=6, leader_commit=2)
88126.4ms Leader 0 SENDING AppendEntries to vehicle 5 (n_entries=6, leader_commit=2)
88126.4ms Leader 0 SENDING AppendEntries to vehicle 6 (n_entries=6, leader_commit=2)
88266.4ms Leader 0 SENDING AppendEntries to vehicle 1 (n_entries=4, leader_commit=2)
88266.4ms Leader 0 SENDING AppendEntries to vehicle 4 (n_entries=6, leader_commit=2)
88266.4ms Leader 0 SENDING AppendEntries to vehicle 5 (n_entries=6, leader_commit=2)
88266.4ms Leader 0 SENDING AppendEntries to vehicle 6 (n_entries=6, leader_commit=2)
88406.4ms Leader 0 SENDING AppendEntries to vehicle 1 (n_entries=4, leader_commit=2)
88406.4ms Leader 0 SENDING AppendEntries to vehicle 4 (n_entries=6, leader_commit=2)
88406.4ms Leader 0 SENDING AppendEntries to vehicle 5 (n_entries=6, leader_commit=2)
88406.4ms Leader 0 SENDING AppendEntries to vehicle 6 (n_entries=6, leader_commit=2)
88546.4ms Leader 0 SENDING AppendEntries to vehicle 1 (n_entries=4, leader_commit=2)
88546.4ms Leader 0 SENDING AppendEntries to vehicle 4 (n_entries=6, leader_commit=2)
88546.4ms Leader 0 SENDING AppendEntries to vehicle 5 (n_entries=6, leader_commit=2)
88546.4ms Leader 0 SENDING AppendEntries to vehicle 6 (n_entries=6, leader_commit=2)
88686.4ms Leader 0 SENDING AppendEntries to vehicle 1 (n_entries=4, leader_commit=2)
88686.4ms Leader 0 SENDING AppendEntries to vehicle 4 (n_entries=6, leader_commit=2)
88686.4ms Leader 0 SENDING AppendEntries to vehicle 5 (n_entries=6, leader_commit=2)
88686.4ms Leader 0 SENDING AppendEntries to vehicle 6 (n_entries=6, leader_commit=2)
88826.4ms Leader 0 SENDING AppendEntries to vehicle 1 (n_entries=4, leader_commit=2)
88826.4ms Leader 0 SENDING AppendEntries to vehicle 4 (n_entries=6, leader_commit=2)
88826.4ms Leader 0 SENDING AppendEntries to vehicle 5 (n_entries=6, leader_commit=2)
88826.4ms Leader 0 SENDING AppendEntries to vehicle 6 (n_entries=6, leader_commit=2)
88966.4ms Leader 0 SENDING AppendEntries to vehicle 1 (n_entries=4, leader_commit=2)
88966.4ms Leader 0 SENDING AppendEntries to vehicle 4 (n_entries=6, leader_commit=2)
88966.4ms Leader 0 SENDING AppendEntries to vehicle 5 (n_entries=6, leader_commit=2)
88966.4ms Leader 0 SENDING AppendEntries to vehicle 6 (n_entries=6, leader_commit=2)
89106.4ms Leader 0 SENDING AppendEntries to vehicle 1 (n_entries=4, leader_commit=2)
89106.4ms Leader 0 SENDING AppendEntries to vehicle 4 (n_entries=6, leader_commit=2)
89106.4ms Leader 0 SENDING AppendEntries to vehicle 5 (n_entries=6, leader_commit=2)
89106.4ms Leader 0 SENDING AppendEntries to vehicle 6 (n_entries=6, leader_commit=2)
89246.4ms Leader 0 SENDING AppendEntries to vehicle 1 (n_entries=4, leader_commit=2)
89246.4ms Leader 0 SENDING AppendEntries to vehicle 4 (n_entries=6, leader_commit=2)
89246.4ms Leader 0 SENDING AppendEntries to vehicle 5 (n_entries=6, leader_commit=2)
89246.4ms Leader 0 SENDING AppendEntries to vehicle 6 (n_entries=6, leader_commit=2)
89386.4ms Leader 0 SENDING AppendEntries to vehicle 1 (n_entries=4, leader_commit=2)
89386.4ms Leader 0 SENDING AppendEntries to vehicle 4 (n_entries=6, leader_commit=2)
89386.4ms Leader 0 SENDING AppendEntries to vehicle 5 (n_entries=6, leader_commit=2)
89386.4ms Leader 0 SENDING AppendEntries to vehicle 6 (n_entries=6, leader_commit=2)
89526.4ms Leader 0 SENDING AppendEntries to vehicle 1 (n_entries=4, leader_commit=2)
89526.4ms Leader 0 SENDING AppendEntries to vehicle 4 (n_entries=6, leader_commit=2)
89526.4ms Leader 0 SENDING AppendEntries to vehicle 5 (n_entries=6, leader_commit=2)
89526.4ms Leader 0 SENDING AppendEntries to vehicle 6 (n_entries=6, leader_commit=2)
89666.4ms Leader 0 SENDING AppendEntries to vehicle 1 (n_entries=4, leader_commit=2)
89666.4ms Leader 0 SENDING AppendEntries to vehicle 4 (n_entries=6, leader_commit=2)
89666.4ms Leader 0 SENDING AppendEntries to vehicle 5 (n_entries=6, leader_commit=2)
89666.4ms Leader 0 SENDING AppendEntries to vehicle 6 (n_entries=6, leader_commit=2)
89806.4ms Leader 0 SENDING AppendEntries to vehicle 1 (n_entries=4, leader_commit=2)
89806.4ms Leader 0 SENDING AppendEntries to vehicle 4 (n_entries=6, leader_commit=2)
89806.4ms Leader 0 SENDING AppendEntries to vehicle 5 (n_entries=6, leader_commit=2)
89806.4ms Leader 0 SENDING AppendEntries to vehicle 6 (n_entries=6, leader_commit=2)
89946.4ms Leader 0 SENDING AppendEntries to vehicle 1 (n_entries=4, leader_commit=2)
89946.4ms Leader 0 SENDING AppendEntries to vehicle 4 (n_entries=6, leader_commit=2)
89946.4ms Leader 0 SENDING AppendEntries to vehicle 5 (n_entries=6, leader_commit=2)
89946.4ms Leader 0 SENDING AppendEntries to vehicle 6 (n_entries=6, leader_commit=2)
90086.4ms Leader 0 SENDING AppendEntries to vehicle 1 (n_entries=4, leader_commit=2)
90086.4ms Leader 0 SENDING AppendEntries to vehicle 4 (n_entries=6, leader_commit=2)
90086.4ms Leader 0 SENDING AppendEntries to vehicle 5 (n_entries=6, leader_commit=2)
90086.4ms Leader 0 SENDING AppendEntries to vehicle 6 (n_entries=6, leader_commit=2)
90226.4ms Leader 0 SENDING AppendEntries to vehicle 1 (n_entries=4, leader_commit=2)
90226.4ms Leader 0 SENDING AppendEntries to vehicle 4 (n_entries=6, leader_commit=2)
90226.4ms Leader 0 SENDING AppendEntries to vehicle 5 (n_entries=6, leader_commit=2)
90226.4ms Leader 0 SENDING AppendEntries to vehicle 6 (n_entries=6, leader_commit=2)
90366.4ms Leader 0 SENDING AppendEntries to vehicle 1 (n_entries=4, leader_commit=2)
90366.4ms Leader 0 SENDING AppendEntries to vehicle 4 (n_entries=6, leader_commit=2)
90366.4ms Leader 0 SENDING AppendEntries to vehicle 5 (n_entries=6, leader_commit=2)
90366.4ms Leader 0 SENDING AppendEntries to vehicle 6 (n_entries=6, leader_commit=2)
90506.4ms Leader 0 SENDING AppendEntries to vehicle 1 (n_entries=4, leader_commit=2)
90506.4ms Leader 0 SENDING AppendEntries to vehicle 4 (n_entries=6, leader_commit=2)
90506.4ms Leader 0 SENDING AppendEntries to vehicle 5 (n_entries=6, leader_commit=2)
90506.4ms Leader 0 SENDING AppendEntries to vehicle 6 (n_entries=6, leader_commit=2)
90646.4ms Leader 0 SENDING AppendEntries to vehicle 1 (n_entries=4, leader_commit=2)
90646.4ms Leader 0 SENDING AppendEntries to vehicle 4 (n_entries=6, leader_commit=2)
90646.4ms Leader 0 SENDING AppendEntries to vehicle 5 (n_entries=6, leader_commit=2)
90646.4ms Leader 0 SENDING AppendEntries to vehicle 6 (n_entries=6, leader_commit=2)
90786.4ms Leader 0 SENDING AppendEntries to vehicle 1 (n_entries=4, leader_commit=2)
90786.4ms Leader 0 SENDING AppendEntries to vehicle 4 (n_entries=6, leader_commit=2)
90786.4ms Leader 0 SENDING AppendEntries to vehicle 5 (n_entries=6, leader_commit=2)
90786.4ms Leader 0 SENDING AppendEntries to vehicle 6 (n_entries=6, leader_commit=2)
90926.4ms Leader 0 SENDING AppendEntries to vehicle 1 (n_entries=4, leader_commit=2)
90926.4ms Leader 0 SENDING AppendEntries to vehicle 4 (n_entries=6, leader_commit=2)
90926.4ms Leader 0 SENDING AppendEntries to vehicle 5 (n_entries=6, leader_commit=2)
90926.4ms Leader 0 SENDING AppendEntries to vehicle 6 (n_entries=6, leader_commit=2)
91066.4ms Leader 0 SENDING AppendEntries to vehicle 1 (n_entries=4, leader_commit=2)
91066.4ms Leader 0 SENDING AppendEntries to vehicle 4 (n_entries=6, leader_commit=2)
91066.4ms Leader 0 SENDING AppendEntries to vehicle 5 (n_entries=6, leader_commit=2)
91066.4ms Leader 0 SENDING AppendEntries to vehicle 6 (n_entries=6, leader_commit=2)
91206.4ms Leader 0 SENDING AppendEntries to vehicle 1 (n_entries=4, leader_commit=2)
91206.4ms Leader 0 SENDING AppendEntries to vehicle 4 (n_entries=6, leader_commit=2)
91206.4ms Leader 0 SENDING AppendEntries to vehicle 5 (n_entries=6, leader_commit=2)
91206.4ms Leader 0 SENDING AppendEntries to vehicle 6 (n_entries=6, leader_commit=2)
91346.4ms Leader 0 SENDING AppendEntries to vehicle 1 (n_entries=4, leader_commit=2)
91346.4ms Leader 0 SENDING AppendEntries to vehicle 4 (n_entries=6, leader_commit=2)
91346.4ms Leader 0 SENDING AppendEntries to vehicle 5 (n_entries=6, leader_commit=2)
91346.4ms Leader 0 SENDING AppendEntries to vehicle 6 (n_entries=6, leader_commit=2)
91486.4ms Leader 0 SENDING AppendEntries to vehicle 1 (n_entries=4, leader_commit=2)
91486.4ms Leader 0 SENDING AppendEntries to vehicle 4 (n_entries=6, leader_commit=2)
91486.4ms Leader 0 SENDING AppendEntries to vehicle 5 (n_entries=6, leader_commit=2)
91486.4ms Leader 0 SENDING AppendEntries to vehicle 6 (n_entries=6, leader_commit=2)
91626.4ms Leader 0 SENDING AppendEntries to vehicle 1 (n_entries=4, leader_commit=2)
91626.4ms Leader 0 SENDING AppendEntries to vehicle 4 (n_entries=6, leader_commit=2)
91626.4ms Leader 0 SENDING AppendEntries to vehicle 5 (n_entries=6, leader_commit=2)
91626.4ms Leader 0 SENDING AppendEntries to vehicle 6 (n_entries=6, leader_commit=2)
91766.4ms Leader 0 SENDING AppendEntries to vehicle 1 (n_entries=4, leader_commit=2)
91766.4ms Leader 0 SENDING AppendEntries to vehicle 4 (n_entries=6, leader_commit=2)
91766.4ms Leader 0 SENDING AppendEntries to vehicle 5 (n_entries=6, leader_commit=2)
91766.4ms Leader 0 SENDING AppendEntries to vehicle 6 (n_entries=6, leader_commit=2)
91906.4ms Leader 0 SENDING AppendEntries to vehicle 1 (n_entries=4, leader_commit=2)
91906.4ms Leader 0 SENDING AppendEntries to vehicle 4 (n_entries=6, leader_commit=2)
91906.4ms Leader 0 SENDING AppendEntries to vehicle 5 (n_entries=6, leader_commit=2)
91906.4ms Leader 0 SENDING AppendEntries to vehicle 6 (n_entries=6, leader_commit=2)
92046.4ms Leader 0 SENDING AppendEntries to vehicle 1 (n_entries=4, leader_commit=2)
92046.4ms Leader 0 SENDING AppendEntries to vehicle 4 (n_entries=6, leader_commit=2)
92046.4ms Leader 0 SENDING AppendEntries to vehicle 5 (n_entries=6, leader_commit=2)
92046.4ms Leader 0 SENDING AppendEntries to vehicle 6 (n_entries=6, leader_commit=2)
92186.4ms Leader 0 SENDING AppendEntries to vehicle 1 (n_entries=4, leader_commit=2)
92186.4ms Leader 0 SENDING AppendEntries to vehicle 4 (n_entries=6, leader_commit=2)
92186.4ms Leader 0 SENDING AppendEntries to vehicle 5 (n_entries=6, leader_commit=2)
92186.4ms Leader 0 SENDING AppendEntries to vehicle 6 (n_entries=6, leader_commit=2)
92326.4ms Leader 0 SENDING AppendEntries to vehicle 1 (n_entries=4, leader_commit=2)
92326.4ms Leader 0 SENDING AppendEntries to vehicle 4 (n_entries=6, leader_commit=2)
92326.4ms Leader 0 SENDING AppendEntries to vehicle 5 (n_entries=6, leader_commit=2)
92326.4ms Leader 0 SENDING AppendEntries to vehicle 6 (n_entries=6, leader_commit=2)
92466.4ms Leader 0 SENDING AppendEntries to vehicle 1 (n_entries=4, leader_commit=2)
92466.4ms Leader 0 SENDING AppendEntries to vehicle 4 (n_entries=6, leader_commit=2)
92466.4ms Leader 0 SENDING AppendEntries to vehicle 5 (n_entries=6, leader_commit=2)
92466.4ms Leader 0 SENDING AppendEntries to vehicle 6 (n_entries=6, leader_commit=2)
92606.4ms Leader 0 SENDING AppendEntries to vehicle 1 (n_entries=4, leader_commit=2)
92606.4ms Leader 0 SENDING AppendEntries to vehicle 4 (n_entries=6, leader_commit=2)
92606.4ms Leader 0 SENDING AppendEntries to vehicle 5 (n_entries=6, leader_commit=2)
92606.4ms Leader 0 SENDING AppendEntries to vehicle 6 (n_entries=6, leader_commit=2)
92746.4ms Leader 0 SENDING AppendEntries to vehicle 1 (n_entries=4, leader_commit=2)
92746.4ms Leader 0 SENDING AppendEntries to vehicle 4 (n_entries=6, leader_commit=2)
92746.4ms Leader 0 SENDING AppendEntries to vehicle 5 (n_entries=6, leader_commit=2)
92746.4ms Leader 0 SENDING AppendEntries to vehicle 6 (n_entries=6, leader_commit=2)
92886.4ms Leader 0 SENDING AppendEntries to vehicle 1 (n_entries=4, leader_commit=2)
92886.4ms Leader 0 SENDING AppendEntries to vehicle 4 (n_entries=6, leader_commit=2)
92886.4ms Leader 0 SENDING AppendEntries to vehicle 5 (n_entries=6, leader_commit=2)
92886.4ms Leader 0 SENDING AppendEntries to vehicle 6 (n_entries=6, leader_commit=2)
93026.4ms Leader 0 SENDING AppendEntries to vehicle 1 (n_entries=4, leader_commit=2)
93026.4ms Leader 0 SENDING AppendEntries to vehicle 4 (n_entries=6, leader_commit=2)
93026.4ms Leader 0 SENDING AppendEntries to vehicle 5 (n_entries=6, leader_commit=2)
93026.4ms Leader 0 SENDING AppendEntries to vehicle 6 (n_entries=6, leader_commit=2)
93166.4ms Leader 0 SENDING AppendEntries to vehicle 1 (n_entries=4, leader_commit=2)
93166.4ms Leader 0 SENDING AppendEntries to vehicle 4 (n_entries=6, leader_commit=2)
93166.4ms Leader 0 SENDING AppendEntries to vehicle 5 (n_entries=6, leader_commit=2)
93166.4ms Leader 0 SENDING AppendEntries to vehicle 6 (n_entries=6, leader_commit=2)
93306.4ms Leader 0 SENDING AppendEntries to vehicle 1 (n_entries=4, leader_commit=2)
93306.4ms Leader 0 SENDING AppendEntries to vehicle 4 (n_entries=6, leader_commit=2)
93306.4ms Leader 0 SENDING AppendEntries to vehicle 5 (n_entries=6, leader_commit=2)
93306.4ms Leader 0 SENDING AppendEntries to vehicle 6 (n_entries=6, leader_commit=2)
93446.4ms Leader 0 SENDING AppendEntries to vehicle 1 (n_entries=4, leader_commit=2)
93446.4ms Leader 0 SENDING AppendEntries to vehicle 4 (n_entries=6, leader_commit=2)
93446.4ms Leader 0 SENDING AppendEntries to vehicle 5 (n_entries=6, leader_commit=2)
93446.4ms Leader 0 SENDING AppendEntries to vehicle 6 (n_entries=6, leader_commit=2)
93586.4ms Leader 0 SENDING AppendEntries to vehicle 1 (n_entries=4, leader_commit=2)
93586.4ms Leader 0 SENDING AppendEntries to vehicle 4 (n_entries=6, leader_commit=2)
93586.4ms Leader 0 SENDING AppendEntries to vehicle 5 (n_entries=6, leader_commit=2)
93586.4ms Leader 0 SENDING AppendEntries to vehicle 6 (n_entries=6, leader_commit=2)
93726.4ms Leader 0 SENDING AppendEntries to vehicle 1 (n_entries=4, leader_commit=2)
93726.4ms Leader 0 SENDING AppendEntries to vehicle 4 (n_entries=6, leader_commit=2)
93726.4ms Leader 0 SENDING AppendEntries to vehicle 5 (n_entries=6, leader_commit=2)
93726.4ms Leader 0 SENDING AppendEntries to vehicle 6 (n_entries=6, leader_commit=2)
93866.4ms Leader 0 SENDING AppendEntries to vehicle 1 (n_entries=4, leader_commit=2)
93866.4ms Leader 0 SENDING AppendEntries to vehicle 4 (n_entries=6, leader_commit=2)
93866.4ms Leader 0 SENDING AppendEntries to vehicle 5 (n_entries=6, leader_commit=2)
93866.4ms Leader 0 SENDING AppendEntries to vehicle 6 (n_entries=6, leader_commit=2)
94006.4ms Leader 0 SENDING AppendEntries to vehicle 1 (n_entries=4, leader_commit=2)
94006.4ms Leader 0 SENDING AppendEntries to vehicle 4 (n_entries=6, leader_commit=2)
94006.4ms Leader 0 SENDING AppendEntries to vehicle 5 (n_entries=6, leader_commit=2)
94006.4ms Leader 0 SENDING AppendEntries to vehicle 6 (n_entries=6, leader_commit=2)
94146.4ms Leader 0 SENDING AppendEntries to vehicle 1 (n_entries=4, leader_commit=2)
94146.4ms Leader 0 SENDING AppendEntries to vehicle 4 (n_entries=6, leader_commit=2)
94146.4ms Leader 0 SENDING AppendEntries to vehicle 5 (n_entries=6, leader_commit=2)
94146.4ms Leader 0 SENDING AppendEntries to vehicle 6 (n_entries=6, leader_commit=2)
94286.4ms Leader 0 SENDING AppendEntries to vehicle 1 (n_entries=4, leader_commit=2)
94286.4ms Leader 0 SENDING AppendEntries to vehicle 4 (n_entries=6, leader_commit=2)
94286.4ms Leader 0 SENDING AppendEntries to vehicle 5 (n_entries=6, leader_commit=2)
94286.4ms Leader 0 SENDING AppendEntries to vehicle 6 (n_entries=6, leader_commit=2)
94426.4ms Leader 0 SENDING AppendEntries to vehicle 1 (n_entries=4, leader_commit=2)
94426.4ms Leader 0 SENDING AppendEntries to vehicle 4 (n_entries=6, leader_commit=2)
94426.4ms Leader 0 SENDING AppendEntries to vehicle 5 (n_entries=6, leader_commit=2)
94426.4ms Leader 0 SENDING AppendEntries to vehicle 6 (n_entries=6, leader_commit=2)
94566.4ms Leader 0 SENDING AppendEntries to vehicle 1 (n_entries=4, leader_commit=2)
94566.4ms Leader 0 SENDING AppendEntries to vehicle 4 (n_entries=6, leader_commit=2)
94566.4ms Leader 0 SENDING AppendEntries to vehicle 5 (n_entries=6, leader_commit=2)
94566.4ms Leader 0 SENDING AppendEntries to vehicle 6 (n_entries=6, leader_commit=2)
94706.4ms Leader 0 SENDING AppendEntries to vehicle 1 (n_entries=4, leader_commit=2)
94706.4ms Leader 0 SENDING AppendEntries to vehicle 4 (n_entries=6, leader_commit=2)
94706.4ms Leader 0 SENDING AppendEntries to vehicle 5 (n_entries=6, leader_commit=2)
94706.4ms Leader 0 SENDING AppendEntries to vehicle 6 (n_entries=6, leader_commit=2)
94846.4ms Leader 0 SENDING AppendEntries to vehicle 1 (n_entries=4, leader_commit=2)
94846.4ms Leader 0 SENDING AppendEntries to vehicle 4 (n_entries=6, leader_commit=2)
94846.4ms Leader 0 SENDING AppendEntries to vehicle 5 (n_entries=6, leader_commit=2)
94846.4ms Leader 0 SENDING AppendEntries to vehicle 6 (n_entries=6, leader_commit=2)
94986.4ms Leader 0 SENDING AppendEntries to vehicle 1 (n_entries=4, leader_commit=2)
94986.4ms Leader 0 SENDING AppendEntries to vehicle 4 (n_entries=6, leader_commit=2)
94986.4ms Leader 0 SENDING AppendEntries to vehicle 5 (n_entries=6, leader_commit=2)
94986.4ms Leader 0 SENDING AppendEntries to vehicle 6 (n_entries=6, leader_commit=2)
95126.4ms Leader 0 SENDING AppendEntries to vehicle 1 (n_entries=4, leader_commit=2)
95126.4ms Leader 0 SENDING AppendEntries to vehicle 4 (n_entries=6, leader_commit=2)
95126.4ms Leader 0 SENDING AppendEntries to vehicle 5 (n_entries=6, leader_commit=2)
95126.4ms Leader 0 SENDING AppendEntries to vehicle 6 (n_entries=6, leader_commit=2)
95266.4ms Leader 0 SENDING AppendEntries to vehicle 1 (n_entries=4, leader_commit=2)
95266.4ms Leader 0 SENDING AppendEntries to vehicle 4 (n_entries=6, leader_commit=2)
95266.4ms Leader 0 SENDING AppendEntries to vehicle 5 (n_entries=6, leader_commit=2)
95266.4ms Leader 0 SENDING AppendEntries to vehicle 6 (n_entries=6, leader_commit=2)
95406.4ms Leader 0 SENDING AppendEntries to vehicle 1 (n_entries=4, leader_commit=2)
95406.4ms Leader 0 SENDING AppendEntries to vehicle 4 (n_entries=6, leader_commit=2)
95406.4ms Leader 0 SENDING AppendEntries to vehicle 5 (n_entries=6, leader_commit=2)
95406.4ms Leader 0 SENDING AppendEntries to vehicle 6 (n_entries=6, leader_commit=2)
95546.4ms Leader 0 SENDING AppendEntries to vehicle 1 (n_entries=4, leader_commit=2)
95546.4ms Leader 0 SENDING AppendEntries to vehicle 4 (n_entries=6, leader_commit=2)
95546.4ms Leader 0 SENDING AppendEntries to vehicle 5 (n_entries=6, leader_commit=2)
95546.4ms Leader 0 SENDING AppendEntries to vehicle 6 (n_entries=6, leader_commit=2)
95686.4ms Leader 0 SENDING AppendEntries to vehicle 1 (n_entries=4, leader_commit=2)
95686.4ms Leader 0 SENDING AppendEntries to vehicle 4 (n_entries=6, leader_commit=2)
95686.4ms Leader 0 SENDING AppendEntries to vehicle 5 (n_entries=6, leader_commit=2)
95686.4ms Leader 0 SENDING AppendEntries to vehicle 6 (n_entries=6, leader_commit=2)
95826.4ms Leader 0 SENDING AppendEntries to vehicle 1 (n_entries=4, leader_commit=2)
95826.4ms Leader 0 SENDING AppendEntries to vehicle 4 (n_entries=6, leader_commit=2)
95826.4ms Leader 0 SENDING AppendEntries to vehicle 5 (n_entries=6, leader_commit=2)
95826.4ms Leader 0 SENDING AppendEntries to vehicle 6 (n_entries=6, leader_commit=2)
95966.4ms Leader 0 SENDING AppendEntries to vehicle 1 (n_entries=4, leader_commit=2)
95966.4ms Leader 0 SENDING AppendEntries to vehicle 4 (n_entries=6, leader_commit=2)
95966.4ms Leader 0 SENDING AppendEntries to vehicle 5 (n_entries=6, leader_commit=2)
95966.4ms Leader 0 SENDING AppendEntries to vehicle 6 (n_entries=6, leader_commit=2)
96106.4ms Leader 0 SENDING AppendEntries to vehicle 1 (n_entries=4, leader_commit=2)
96106.4ms Leader 0 SENDING AppendEntries to vehicle 4 (n_entries=6, leader_commit=2)
96106.4ms Leader 0 SENDING AppendEntries to vehicle 5 (n_entries=6, leader_commit=2)
96106.4ms Leader 0 SENDING AppendEntries to vehicle 6 (n_entries=6, leader_commit=2)
96246.4ms Leader 0 SENDING AppendEntries to vehicle 1 (n_entries=4, leader_commit=2)
96246.4ms Leader 0 SENDING AppendEntries to vehicle 4 (n_entries=6, leader_commit=2)
96246.4ms Leader 0 SENDING AppendEntries to vehicle 5 (n_entries=6, leader_commit=2)
96246.4ms Leader 0 SENDING AppendEntries to vehicle 6 (n_entries=6, leader_commit=2)
96386.4ms Leader 0 SENDING AppendEntries to vehicle 1 (n_entries=4, leader_commit=2)
96386.4ms Leader 0 SENDING AppendEntries to vehicle 4 (n_entries=6, leader_commit=2)
96386.4ms Leader 0 SENDING AppendEntries to vehicle 5 (n_entries=6, leader_commit=2)
96386.4ms Leader 0 SENDING AppendEntries to vehicle 6 (n_entries=6, leader_commit=2)
96526.4ms Leader 0 SENDING AppendEntries to vehicle 1 (n_entries=4, leader_commit=2)
96526.4ms Leader 0 SENDING AppendEntries to vehicle 4 (n_entries=6, leader_commit=2)
96526.4ms Leader 0 SENDING AppendEntries to vehicle 5 (n_entries=6, leader_commit=2)
96526.4ms Leader 0 SENDING AppendEntries to vehicle 6 (n_entries=6, leader_commit=2)
96666.4ms Leader 0 SENDING AppendEntries to vehicle 1 (n_entries=4, leader_commit=2)
96666.4ms Leader 0 SENDING AppendEntries to vehicle 4 (n_entries=6, leader_commit=2)
96666.4ms Leader 0 SENDING AppendEntries to vehicle 5 (n_entries=6, leader_commit=2)
96666.4ms Leader 0 SENDING AppendEntries to vehicle 6 (n_entries=6, leader_commit=2)
96806.4ms Leader 0 SENDING AppendEntries to vehicle 1 (n_entries=4, leader_commit=2)
96806.4ms Leader 0 SENDING AppendEntries to vehicle 4 (n_entries=6, leader_commit=2)
96806.4ms Leader 0 SENDING AppendEntries to vehicle 5 (n_entries=6, leader_commit=2)
96806.4ms Leader 0 SENDING AppendEntries to vehicle 6 (n_entries=6, leader_commit=2)
96946.4ms Leader 0 SENDING AppendEntries to vehicle 1 (n_entries=4, leader_commit=2)
96946.4ms Leader 0 SENDING AppendEntries to vehicle 4 (n_entries=6, leader_commit=2)
96946.4ms Leader 0 SENDING AppendEntries to vehicle 5 (n_entries=6, leader_commit=2)
96946.4ms Leader 0 SENDING AppendEntries to vehicle 6 (n_entries=6, leader_commit=2)
97086.4ms Leader 0 SENDING AppendEntries to vehicle 1 (n_entries=4, leader_commit=2)
97086.4ms Leader 0 SENDING AppendEntries to vehicle 4 (n_entries=6, leader_commit=2)
97086.4ms Leader 0 SENDING AppendEntries to vehicle 5 (n_entries=6, leader_commit=2)
97086.4ms Leader 0 SENDING AppendEntries to vehicle 6 (n_entries=6, leader_commit=2)
97226.4ms Leader 0 SENDING AppendEntries to vehicle 1 (n_entries=4, leader_commit=2)
97226.4ms Leader 0 SENDING AppendEntries to vehicle 4 (n_entries=6, leader_commit=2)
97226.4ms Leader 0 SENDING AppendEntries to vehicle 5 (n_entries=6, leader_commit=2)
97226.4ms Leader 0 SENDING AppendEntries to vehicle 6 (n_entries=6, leader_commit=2)
97366.4ms Leader 0 SENDING AppendEntries to vehicle 1 (n_entries=4, leader_commit=2)
97366.4ms Leader 0 SENDING AppendEntries to vehicle 4 (n_entries=6, leader_commit=2)
97366.4ms Leader 0 SENDING AppendEntries to vehicle 5 (n_entries=6, leader_commit=2)
97366.4ms Leader 0 SENDING AppendEntries to vehicle 6 (n_entries=6, leader_commit=2)
97506.4ms Leader 0 SENDING AppendEntries to vehicle 1 (n_entries=4, leader_commit=2)
97506.4ms Leader 0 SENDING AppendEntries to vehicle 4 (n_entries=6, leader_commit=2)
97506.4ms Leader 0 SENDING AppendEntries to vehicle 5 (n_entries=6, leader_commit=2)
97506.4ms Leader 0 SENDING AppendEntries to vehicle 6 (n_entries=6, leader_commit=2)
97646.4ms Leader 0 SENDING AppendEntries to vehicle 1 (n_entries=4, leader_commit=2)
97646.4ms Leader 0 SENDING AppendEntries to vehicle 4 (n_entries=6, leader_commit=2)
97646.4ms Leader 0 SENDING AppendEntries to vehicle 5 (n_entries=6, leader_commit=2)
97646.4ms Leader 0 SENDING AppendEntries to vehicle 6 (n_entries=6, leader_commit=2)
97786.4ms Leader 0 SENDING AppendEntries to vehicle 1 (n_entries=4, leader_commit=2)
97786.4ms Leader 0 SENDING AppendEntries to vehicle 4 (n_entries=6, leader_commit=2)
97786.4ms Leader 0 SENDING AppendEntries to vehicle 5 (n_entries=6, leader_commit=2)
97786.4ms Leader 0 SENDING AppendEntries to vehicle 6 (n_entries=6, leader_commit=2)
97926.4ms Leader 0 SENDING AppendEntries to vehicle 1 (n_entries=4, leader_commit=2)
97926.4ms Leader 0 SENDING AppendEntries to vehicle 4 (n_entries=6, leader_commit=2)
97926.4ms Leader 0 SENDING AppendEntries to vehicle 5 (n_entries=6, leader_commit=2)
97926.4ms Leader 0 SENDING AppendEntries to vehicle 6 (n_entries=6, leader_commit=2)
98066.4ms Leader 0 SENDING AppendEntries to vehicle 1 (n_entries=4, leader_commit=2)
98066.4ms Leader 0 SENDING AppendEntries to vehicle 4 (n_entries=6, leader_commit=2)
98066.4ms Leader 0 SENDING AppendEntries to vehicle 5 (n_entries=6, leader_commit=2)
98066.4ms Leader 0 SENDING AppendEntries to vehicle 6 (n_entries=6, leader_commit=2)
98206.4ms Leader 0 SENDING AppendEntries to vehicle 1 (n_entries=4, leader_commit=2)
98206.4ms Leader 0 SENDING AppendEntries to vehicle 4 (n_entries=6, leader_commit=2)
98206.4ms Leader 0 SENDING AppendEntries to vehicle 5 (n_entries=6, leader_commit=2)
98206.4ms Leader 0 SENDING AppendEntries to vehicle 6 (n_entries=6, leader_commit=2)
98346.4ms Leader 0 SENDING AppendEntries to vehicle 1 (n_entries=4, leader_commit=2)
98346.4ms Leader 0 SENDING AppendEntries to vehicle 4 (n_entries=6, leader_commit=2)
98346.4ms Leader 0 SENDING AppendEntries to vehicle 5 (n_entries=6, leader_commit=2)
98346.4ms Leader 0 SENDING AppendEntries to vehicle 6 (n_entries=6, leader_commit=2)
98486.4ms Leader 0 SENDING AppendEntries to vehicle 1 (n_entries=4, leader_commit=2)
98486.4ms Leader 0 SENDING AppendEntries to vehicle 4 (n_entries=6, leader_commit=2)
98486.4ms Leader 0 SENDING AppendEntries to vehicle 5 (n_entries=6, leader_commit=2)
98486.4ms Leader 0 SENDING AppendEntries to vehicle 6 (n_entries=6, leader_commit=2)
98626.4ms Leader 0 SENDING AppendEntries to vehicle 1 (n_entries=4, leader_commit=2)
98626.4ms Leader 0 SENDING AppendEntries to vehicle 4 (n_entries=6, leader_commit=2)
98626.4ms Leader 0 SENDING AppendEntries to vehicle 5 (n_entries=6, leader_commit=2)
98626.4ms Leader 0 SENDING AppendEntries to vehicle 6 (n_entries=6, leader_commit=2)
98766.4ms Leader 0 SENDING AppendEntries to vehicle 1 (n_entries=4, leader_commit=2)
98766.4ms Leader 0 SENDING AppendEntries to vehicle 4 (n_entries=6, leader_commit=2)
98766.4ms Leader 0 SENDING AppendEntries to vehicle 5 (n_entries=6, leader_commit=2)
98766.4ms Leader 0 SENDING AppendEntries to vehicle 6 (n_entries=6, leader_commit=2)
98906.4ms Leader 0 SENDING AppendEntries to vehicle 1 (n_entries=4, leader_commit=2)
98906.4ms Leader 0 SENDING AppendEntries to vehicle 4 (n_entries=6, leader_commit=2)
98906.4ms Leader 0 SENDING AppendEntries to vehicle 5 (n_entries=6, leader_commit=2)
98906.4ms Leader 0 SENDING AppendEntries to vehicle 6 (n_entries=6, leader_commit=2)
99046.4ms Leader 0 SENDING AppendEntries to vehicle 1 (n_entries=4, leader_commit=2)
99046.4ms Leader 0 SENDING AppendEntries to vehicle 4 (n_entries=6, leader_commit=2)
99046.4ms Leader 0 SENDING AppendEntries to vehicle 5 (n_entries=6, leader_commit=2)
99046.4ms Leader 0 SENDING AppendEntries to vehicle 6 (n_entries=6, leader_commit=2)
99186.4ms Leader 0 SENDING AppendEntries to vehicle 1 (n_entries=4, leader_commit=2)
99186.4ms Leader 0 SENDING AppendEntries to vehicle 4 (n_entries=6, leader_commit=2)
99186.4ms Leader 0 SENDING AppendEntries to vehicle 5 (n_entries=6, leader_commit=2)
99186.4ms Leader 0 SENDING AppendEntries to vehicle 6 (n_entries=6, leader_commit=2)
99326.4ms Leader 0 SENDING AppendEntries to vehicle 1 (n_entries=4, leader_commit=2)
99326.4ms Leader 0 SENDING AppendEntries to vehicle 4 (n_entries=6, leader_commit=2)
99326.4ms Leader 0 SENDING AppendEntries to vehicle 5 (n_entries=6, leader_commit=2)
99326.4ms Leader 0 SENDING AppendEntries to vehicle 6 (n_entries=6, leader_commit=2)
99466.4ms Leader 0 SENDING AppendEntries to vehicle 1 (n_entries=4, leader_commit=2)
99466.4ms Leader 0 SENDING AppendEntries to vehicle 4 (n_entries=6, leader_commit=2)
99466.4ms Leader 0 SENDING AppendEntries to vehicle 5 (n_entries=6, leader_commit=2)
99466.4ms Leader 0 SENDING AppendEntries to vehicle 6 (n_entries=6, leader_commit=2)
99606.4ms Leader 0 SENDING AppendEntries to vehicle 1 (n_entries=4, leader_commit=2)
99606.4ms Leader 0 SENDING AppendEntries to vehicle 4 (n_entries=6, leader_commit=2)
99606.4ms Leader 0 SENDING AppendEntries to vehicle 5 (n_entries=6, leader_commit=2)
99606.4ms Leader 0 SENDING AppendEntries to vehicle 6 (n_entries=6, leader_commit=2)
99746.4ms Leader 0 SENDING AppendEntries to vehicle 1 (n_entries=4, leader_commit=2)
99746.4ms Leader 0 SENDING AppendEntries to vehicle 4 (n_entries=6, leader_commit=2)
99746.4ms Leader 0 SENDING AppendEntries to vehicle 5 (n_entries=6, leader_commit=2)
99746.4ms Leader 0 SENDING AppendEntries to vehicle 6 (n_entries=6, leader_commit=2)
99886.4ms Leader 0 SENDING AppendEntries to vehicle 1 (n_entries=4, leader_commit=2)
99886.4ms Leader 0 SENDING AppendEntries to vehicle 4 (n_entries=6, leader_commit=2)
99886.4ms Leader 0 SENDING AppendEntries to vehicle 5 (n_entries=6, leader_commit=2)
99886.4ms Leader 0 SENDING AppendEntries to vehicle 6 (n_entries=6, leader_commit=2)
100026.4ms Leader 0 SENDING AppendEntries to vehicle 1 (n_entries=4, leader_commit=2)
100026.4ms Leader 0 SENDING AppendEntries to vehicle 4 (n_entries=6, leader_commit=2)
100026.4ms Leader 0 SENDING AppendEntries to vehicle 5 (n_entries=6, leader_commit=2)
100026.4ms Leader 0 SENDING AppendEntries to vehicle 6 (n_entries=6, leader_commit=2)
100166.4ms Leader 0 SENDING AppendEntries to vehicle 1 (n_entries=4, leader_commit=2)
100166.4ms Leader 0 SENDING AppendEntries to vehicle 4 (n_entries=6, leader_commit=2)
100166.4ms Leader 0 SENDING AppendEntries to vehicle 5 (n_entries=6, leader_commit=2)
100166.4ms Leader 0 SENDING AppendEntries to vehicle 6 (n_entries=6, leader_commit=2)
100306.4ms Leader 0 SENDING AppendEntries to vehicle 1 (n_entries=4, leader_commit=2)
100306.4ms Leader 0 SENDING AppendEntries to vehicle 4 (n_entries=6, leader_commit=2)
100306.4ms Leader 0 SENDING AppendEntries to vehicle 5 (n_entries=6, leader_commit=2)
100306.4ms Leader 0 SENDING AppendEntries to vehicle 6 (n_entries=6, leader_commit=2)
100446.4ms Leader 0 SENDING AppendEntries to vehicle 1 (n_entries=4, leader_commit=2)
100446.4ms Leader 0 SENDING AppendEntries to vehicle 4 (n_entries=6, leader_commit=2)
100446.4ms Leader 0 SENDING AppendEntries to vehicle 5 (n_entries=6, leader_commit=2)
100446.4ms Leader 0 SENDING AppendEntries to vehicle 6 (n_entries=6, leader_commit=2)
100586.4ms Leader 0 SENDING AppendEntries to vehicle 1 (n_entries=4, leader_commit=2)
100586.4ms Leader 0 SENDING AppendEntries to vehicle 4 (n_entries=6, leader_commit=2)
100586.4ms Leader 0 SENDING AppendEntries to vehicle 5 (n_entries=6, leader_commit=2)
100586.4ms Leader 0 SENDING AppendEntries to vehicle 6 (n_entries=6, leader_commit=2)
100726.4ms Leader 0 SENDING AppendEntries to vehicle 1 (n_entries=4, leader_commit=2)
100726.4ms Leader 0 SENDING AppendEntries to vehicle 4 (n_entries=6, leader_commit=2)
100726.4ms Leader 0 SENDING AppendEntries to vehicle 5 (n_entries=6, leader_commit=2)
100726.4ms Leader 0 SENDING AppendEntries to vehicle 6 (n_entries=6, leader_commit=2)
100866.4ms Leader 0 SENDING AppendEntries to vehicle 1 (n_entries=4, leader_commit=2)
100866.4ms Leader 0 SENDING AppendEntries to vehicle 4 (n_entries=6, leader_commit=2)
100866.4ms Leader 0 SENDING AppendEntries to vehicle 5 (n_entries=6, leader_commit=2)
100866.4ms Leader 0 SENDING AppendEntries to vehicle 6 (n_entries=6, leader_commit=2)
101006.4ms Leader 0 SENDING AppendEntries to vehicle 1 (n_entries=4, leader_commit=2)
101006.4ms Leader 0 SENDING AppendEntries to vehicle 4 (n_entries=6, leader_commit=2)
101006.4ms Leader 0 SENDING AppendEntries to vehicle 5 (n_entries=6, leader_commit=2)
101006.4ms Leader 0 SENDING AppendEntries to vehicle 6 (n_entries=6, leader_commit=2)
101146.4ms Leader 0 SENDING AppendEntries to vehicle 1 (n_entries=4, leader_commit=2)
101146.4ms Leader 0 SENDING AppendEntries to vehicle 4 (n_entries=6, leader_commit=2)
101146.4ms Leader 0 SENDING AppendEntries to vehicle 5 (n_entries=6, leader_commit=2)
101146.4ms Leader 0 SENDING AppendEntries to vehicle 6 (n_entries=6, leader_commit=2)
101286.4ms Leader 0 SENDING AppendEntries to vehicle 1 (n_entries=4, leader_commit=2)
101286.4ms Leader 0 SENDING AppendEntries to vehicle 4 (n_entries=6, leader_commit=2)
101286.4ms Leader 0 SENDING AppendEntries to vehicle 5 (n_entries=6, leader_commit=2)
101286.4ms Leader 0 SENDING AppendEntries to vehicle 6 (n_entries=6, leader_commit=2)
101426.4ms Leader 0 SENDING AppendEntries to vehicle 1 (n_entries=4, leader_commit=2)
101426.4ms Leader 0 SENDING AppendEntries to vehicle 4 (n_entries=6, leader_commit=2)
101426.4ms Leader 0 SENDING AppendEntries to vehicle 5 (n_entries=6, leader_commit=2)
101426.4ms Leader 0 SENDING AppendEntries to vehicle 6 (n_entries=6, leader_commit=2)
101566.4ms Leader 0 SENDING AppendEntries to vehicle 1 (n_entries=4, leader_commit=2)
101566.4ms Leader 0 SENDING AppendEntries to vehicle 4 (n_entries=6, leader_commit=2)
101566.4ms Leader 0 SENDING AppendEntries to vehicle 5 (n_entries=6, leader_commit=2)
101566.4ms Leader 0 SENDING AppendEntries to vehicle 6 (n_entries=6, leader_commit=2)
101706.4ms Leader 0 SENDING AppendEntries to vehicle 1 (n_entries=4, leader_commit=2)
101706.4ms Leader 0 SENDING AppendEntries to vehicle 4 (n_entries=6, leader_commit=2)
101706.4ms Leader 0 SENDING AppendEntries to vehicle 5 (n_entries=6, leader_commit=2)
101706.4ms Leader 0 SENDING AppendEntries to vehicle 6 (n_entries=6, leader_commit=2)
101846.4ms Leader 0 SENDING AppendEntries to vehicle 1 (n_entries=4, leader_commit=2)
101846.4ms Leader 0 SENDING AppendEntries to vehicle 4 (n_entries=6, leader_commit=2)
101846.4ms Leader 0 SENDING AppendEntries to vehicle 5 (n_entries=6, leader_commit=2)
101846.4ms Leader 0 SENDING AppendEntries to vehicle 6 (n_entries=6, leader_commit=2)
101986.4ms Leader 0 SENDING AppendEntries to vehicle 1 (n_entries=4, leader_commit=2)
101986.4ms Leader 0 SENDING AppendEntries to vehicle 4 (n_entries=6, leader_commit=2)
101986.4ms Leader 0 SENDING AppendEntries to vehicle 5 (n_entries=6, leader_commit=2)
101986.4ms Leader 0 SENDING AppendEntries to vehicle 6 (n_entries=6, leader_commit=2)
102126.4ms Leader 0 SENDING AppendEntries to vehicle 1 (n_entries=4, leader_commit=2)
102126.4ms Leader 0 SENDING AppendEntries to vehicle 4 (n_entries=6, leader_commit=2)
102126.4ms Leader 0 SENDING AppendEntries to vehicle 5 (n_entries=6, leader_commit=2)
102126.4ms Leader 0 SENDING AppendEntries to vehicle 6 (n_entries=6, leader_commit=2)
102266.4ms Leader 0 SENDING AppendEntries to vehicle 1 (n_entries=4, leader_commit=2)
102266.4ms Leader 0 SENDING AppendEntries to vehicle 4 (n_entries=6, leader_commit=2)
102266.4ms Leader 0 SENDING AppendEntries to vehicle 5 (n_entries=6, leader_commit=2)
102266.4ms Leader 0 SENDING AppendEntries to vehicle 6 (n_entries=6, leader_commit=2)
102406.4ms Leader 0 SENDING AppendEntries to vehicle 1 (n_entries=4, leader_commit=2)
102406.4ms Leader 0 SENDING AppendEntries to vehicle 4 (n_entries=6, leader_commit=2)
102406.4ms Leader 0 SENDING AppendEntries to vehicle 5 (n_entries=6, leader_commit=2)
102406.4ms Leader 0 SENDING AppendEntries to vehicle 6 (n_entries=6, leader_commit=2)
102546.4ms Leader 0 SENDING AppendEntries to vehicle 1 (n_entries=4, leader_commit=2)
102546.4ms Leader 0 SENDING AppendEntries to vehicle 4 (n_entries=6, leader_commit=2)
102546.4ms Leader 0 SENDING AppendEntries to vehicle 5 (n_entries=6, leader_commit=2)
102546.4ms Leader 0 SENDING AppendEntries to vehicle 6 (n_entries=6, leader_commit=2)
102686.4ms Vehicle 0 BATCH SAFETY FALLBACK (lost VEHICLE_LEFT?) for batch 3
102686.4ms Vehicle 0 RESUMING movement
102686.4ms Leader 0 SENDING AppendEntries to vehicle 1 (n_entries=4, leader_commit=2)
102686.4ms Leader 0 SENDING AppendEntries to vehicle 4 (n_entries=6, leader_commit=2)
102686.4ms Leader 0 SENDING AppendEntries to vehicle 5 (n_entries=6, leader_commit=2)
102686.4ms Leader 0 SENDING AppendEntries to vehicle 6 (n_entries=6, leader_commit=2)
102826.4ms Leader 0 SENDING AppendEntries to vehicle 1 (n_entries=4, leader_commit=2)
102826.4ms Leader 0 SENDING AppendEntries to vehicle 4 (n_entries=6, leader_commit=2)
102826.4ms Leader 0 SENDING AppendEntries to vehicle 5 (n_entries=6, leader_commit=2)
102826.4ms Leader 0 SENDING AppendEntries to vehicle 6 (n_entries=6, leader_commit=2)
102966.4ms Leader 0 SENDING AppendEntries to vehicle 1 (n_entries=4, leader_commit=2)
102966.4ms Leader 0 SENDING AppendEntries to vehicle 4 (n_entries=6, leader_commit=2)
102966.4ms Leader 0 SENDING AppendEntries to vehicle 5 (n_entries=6, leader_commit=2)
102966.4ms Leader 0 SENDING AppendEntries to vehicle 6 (n_entries=6, leader_commit=2)
103106.4ms Leader 0 SENDING AppendEntries to vehicle 1 (n_entries=4, leader_commit=2)
103106.4ms Leader 0 SENDING AppendEntries to vehicle 4 (n_entries=6, leader_commit=2)
103106.4ms Leader 0 SENDING AppendEntries to vehicle 5 (n_entries=6, leader_commit=2)
103106.4ms Leader 0 SENDING AppendEntries to vehicle 6 (n_entries=6, leader_commit=2)
103246.4ms Leader 0 SENDING AppendEntries to vehicle 1 (n_entries=4, leader_commit=2)
103246.4ms Leader 0 SENDING AppendEntries to vehicle 4 (n_entries=6, leader_commit=2)
103246.4ms Leader 0 SENDING AppendEntries to vehicle 5 (n_entries=6, leader_commit=2)
103246.4ms Leader 0 SENDING AppendEntries to vehicle 6 (n_entries=6, leader_commit=2)
103386.4ms Leader 0 SENDING AppendEntries to vehicle 1 (n_entries=4, leader_commit=2)
103386.4ms Leader 0 SENDING AppendEntries to vehicle 4 (n_entries=6, leader_commit=2)
103386.4ms Leader 0 SENDING AppendEntries to vehicle 5 (n_entries=6, leader_commit=2)
103386.4ms Leader 0 SENDING AppendEntries to vehicle 6 (n_entries=6, leader_commit=2)
103526.4ms Leader 0 SENDING AppendEntries to vehicle 1 (n_entries=4, leader_commit=2)
103526.4ms Leader 0 SENDING AppendEntries to vehicle 4 (n_entries=6, leader_commit=2)
103526.4ms Leader 0 SENDING AppendEntries to vehicle 5 (n_entries=6, leader_commit=2)
103526.4ms Leader 0 SENDING AppendEntries to vehicle 6 (n_entries=6, leader_commit=2)
103666.4ms Leader 0 SENDING AppendEntries to vehicle 1 (n_entries=4, leader_commit=2)
103666.4ms Leader 0 SENDING AppendEntries to vehicle 4 (n_entries=6, leader_commit=2)
103666.4ms Leader 0 SENDING AppendEntries to vehicle 5 (n_entries=6, leader_commit=2)
103666.4ms Leader 0 SENDING AppendEntries to vehicle 6 (n_entries=6, leader_commit=2)
103806.4ms Leader 0 SENDING AppendEntries to vehicle 1 (n_entries=4, leader_commit=2)
103806.4ms Leader 0 SENDING AppendEntries to vehicle 4 (n_entries=6, leader_commit=2)
103806.4ms Leader 0 SENDING AppendEntries to vehicle 5 (n_entries=6, leader_commit=2)
103806.4ms Leader 0 SENDING AppendEntries to vehicle 6 (n_entries=6, leader_commit=2)
103946.4ms Leader 0 SENDING AppendEntries to vehicle 1 (n_entries=4, leader_commit=2)
103946.4ms Leader 0 SENDING AppendEntries to vehicle 4 (n_entries=6, leader_commit=2)
103946.4ms Leader 0 SENDING AppendEntries to vehicle 5 (n_entries=6, leader_commit=2)
103946.4ms Leader 0 SENDING AppendEntries to vehicle 6 (n_entries=6, leader_commit=2)
104086.4ms Leader 0 SENDING AppendEntries to vehicle 1 (n_entries=4, leader_commit=2)
104086.4ms Leader 0 SENDING AppendEntries to vehicle 4 (n_entries=6, leader_commit=2)
104086.4ms Leader 0 SENDING AppendEntries to vehicle 5 (n_entries=6, leader_commit=2)
104086.4ms Leader 0 SENDING AppendEntries to vehicle 6 (n_entries=6, leader_commit=2)
104226.4ms Leader 0 SENDING AppendEntries to vehicle 1 (n_entries=4, leader_commit=2)
104226.4ms Leader 0 SENDING AppendEntries to vehicle 4 (n_entries=6, leader_commit=2)
104226.4ms Leader 0 SENDING AppendEntries to vehicle 5 (n_entries=6, leader_commit=2)
104226.4ms Leader 0 SENDING AppendEntries to vehicle 6 (n_entries=6, leader_commit=2)
104366.4ms Leader 0 SENDING AppendEntries to vehicle 1 (n_entries=4, leader_commit=2)
104366.4ms Leader 0 SENDING AppendEntries to vehicle 4 (n_entries=6, leader_commit=2)
104366.4ms Leader 0 SENDING AppendEntries to vehicle 5 (n_entries=6, leader_commit=2)
104366.4ms Leader 0 SENDING AppendEntries to vehicle 6 (n_entries=6, leader_commit=2)
104506.4ms Leader 0 SENDING AppendEntries to vehicle 1 (n_entries=4, leader_commit=2)
104506.4ms Leader 0 SENDING AppendEntries to vehicle 4 (n_entries=6, leader_commit=2)
104506.4ms Leader 0 SENDING AppendEntries to vehicle 5 (n_entries=6, leader_commit=2)
104506.4ms Leader 0 SENDING AppendEntries to vehicle 6 (n_entries=6, leader_commit=2)
104646.4ms Leader 0 SENDING AppendEntries to vehicle 1 (n_entries=4, leader_commit=2)
104646.4ms Leader 0 SENDING AppendEntries to vehicle 4 (n_entries=6, leader_commit=2)
104646.4ms Leader 0 SENDING AppendEntries to vehicle 5 (n_entries=6, leader_commit=2)
104646.4ms Leader 0 SENDING AppendEntries to vehicle 6 (n_entries=6, leader_commit=2)
104786.4ms Leader 0 SENDING AppendEntries to vehicle 1 (n_entries=4, leader_commit=2)
104786.4ms Leader 0 SENDING AppendEntries to vehicle 4 (n_entries=6, leader_commit=2)
104786.4ms Leader 0 SENDING AppendEntries to vehicle 5 (n_entries=6, leader_commit=2)
104786.4ms Leader 0 SENDING AppendEntries to vehicle 6 (n_entries=6, leader_commit=2)
104926.4ms Leader 0 SENDING AppendEntries to vehicle 1 (n_entries=4, leader_commit=2)
104926.4ms Leader 0 SENDING AppendEntries to vehicle 4 (n_entries=6, leader_commit=2)
104926.4ms Leader 0 SENDING AppendEntries to vehicle 5 (n_entries=6, leader_commit=2)
104926.4ms Leader 0 SENDING AppendEntries to vehicle 6 (n_entries=6, leader_commit=2)
105066.4ms Leader 0 SENDING AppendEntries to vehicle 1 (n_entries=4, leader_commit=2)
105066.4ms Leader 0 SENDING AppendEntries to vehicle 4 (n_entries=6, leader_commit=2)
105066.4ms Leader 0 SENDING AppendEntries to vehicle 5 (n_entries=6, leader_commit=2)
105066.4ms Leader 0 SENDING AppendEntries to vehicle 6 (n_entries=6, leader_commit=2)
105206.4ms Leader 0 SENDING AppendEntries to vehicle 1 (n_entries=4, leader_commit=2)
105206.4ms Leader 0 SENDING AppendEntries to vehicle 4 (n_entries=6, leader_commit=2)
105206.4ms Leader 0 SENDING AppendEntries to vehicle 5 (n_entries=6, leader_commit=2)
105206.4ms Leader 0 SENDING AppendEntries to vehicle 6 (n_entries=6, leader_commit=2)
105346.4ms Leader 0 SENDING AppendEntries to vehicle 1 (n_entries=4, leader_commit=2)
105346.4ms Leader 0 SENDING AppendEntries to vehicle 4 (n_entries=6, leader_commit=2)
105346.4ms Leader 0 SENDING AppendEntries to vehicle 5 (n_entries=6, leader_commit=2)
105346.4ms Leader 0 SENDING AppendEntries to vehicle 6 (n_entries=6, leader_commit=2)
105486.4ms Leader 0 SENDING AppendEntries to vehicle 1 (n_entries=4, leader_commit=2)
105486.4ms Leader 0 SENDING AppendEntries to vehicle 4 (n_entries=6, leader_commit=2)
105486.4ms Leader 0 SENDING AppendEntries to vehicle 5 (n_entries=6, leader_commit=2)
105486.4ms Leader 0 SENDING AppendEntries to vehicle 6 (n_entries=6, leader_commit=2)
105626.4ms Leader 0 SENDING AppendEntries to vehicle 1 (n_entries=4, leader_commit=2)
105626.4ms Leader 0 SENDING AppendEntries to vehicle 4 (n_entries=6, leader_commit=2)
105626.4ms Leader 0 SENDING AppendEntries to vehicle 5 (n_entries=6, leader_commit=2)
105626.4ms Leader 0 SENDING AppendEntries to vehicle 6 (n_entries=6, leader_commit=2)
105766.4ms Leader 0 SENDING AppendEntries to vehicle 1 (n_entries=4, leader_commit=2)
105766.4ms Leader 0 SENDING AppendEntries to vehicle 4 (n_entries=6, leader_commit=2)
105766.4ms Leader 0 SENDING AppendEntries to vehicle 5 (n_entries=6, leader_commit=2)
105766.4ms Leader 0 SENDING AppendEntries to vehicle 6 (n_entries=6, leader_commit=2)
105906.4ms Leader 0 SENDING AppendEntries to vehicle 1 (n_entries=4, leader_commit=2)
105906.4ms Leader 0 SENDING AppendEntries to vehicle 4 (n_entries=6, leader_commit=2)
105906.4ms Leader 0 SENDING AppendEntries to vehicle 5 (n_entries=6, leader_commit=2)
105906.4ms Leader 0 SENDING AppendEntries to vehicle 6 (n_entries=6, leader_commit=2)
106046.4ms Leader 0 SENDING AppendEntries to vehicle 1 (n_entries=4, leader_commit=2)
106046.4ms Leader 0 SENDING AppendEntries to vehicle 4 (n_entries=6, leader_commit=2)
106046.4ms Leader 0 SENDING AppendEntries to vehicle 5 (n_entries=6, leader_commit=2)
106046.4ms Leader 0 SENDING AppendEntries to vehicle 6 (n_entries=6, leader_commit=2)
106186.4ms Leader 0 SENDING AppendEntries to vehicle 1 (n_entries=4, leader_commit=2)
106186.4ms Leader 0 SENDING AppendEntries to vehicle 4 (n_entries=6, leader_commit=2)
106186.4ms Leader 0 SENDING AppendEntries to vehicle 5 (n_entries=6, leader_commit=2)
106186.4ms Leader 0 SENDING AppendEntries to vehicle 6 (n_entries=6, leader_commit=2)
106326.4ms Leader 0 SENDING AppendEntries to vehicle 1 (n_entries=4, leader_commit=2)
106326.4ms Leader 0 SENDING AppendEntries to vehicle 4 (n_entries=6, leader_commit=2)
106326.4ms Leader 0 SENDING AppendEntries to vehicle 5 (n_entries=6, leader_commit=2)
106326.4ms Leader 0 SENDING AppendEntries to vehicle 6 (n_entries=6, leader_commit=2)
106466.4ms Leader 0 SENDING AppendEntries to vehicle 1 (n_entries=4, leader_commit=2)
106466.4ms Leader 0 SENDING AppendEntries to vehicle 4 (n_entries=6, leader_commit=2)
106466.4ms Leader 0 SENDING AppendEntries to vehicle 5 (n_entries=6, leader_commit=2)
106466.4ms Leader 0 SENDING AppendEntries to vehicle 6 (n_entries=6, leader_commit=2)
106606.4ms Leader 0 SENDING AppendEntries to vehicle 1 (n_entries=4, leader_commit=2)
106606.4ms Leader 0 SENDING AppendEntries to vehicle 4 (n_entries=6, leader_commit=2)
106606.4ms Leader 0 SENDING AppendEntries to vehicle 5 (n_entries=6, leader_commit=2)
106606.4ms Leader 0 SENDING AppendEntries to vehicle 6 (n_entries=6, leader_commit=2)
106746.4ms Leader 0 SENDING AppendEntries to vehicle 1 (n_entries=4, leader_commit=2)
106746.4ms Leader 0 SENDING AppendEntries to vehicle 4 (n_entries=6, leader_commit=2)
106746.4ms Leader 0 SENDING AppendEntries to vehicle 5 (n_entries=6, leader_commit=2)
106746.4ms Leader 0 SENDING AppendEntries to vehicle 6 (n_entries=6, leader_commit=2)
106886.4ms Leader 0 SENDING AppendEntries to vehicle 1 (n_entries=4, leader_commit=2)
106886.4ms Leader 0 SENDING AppendEntries to vehicle 4 (n_entries=6, leader_commit=2)
106886.4ms Leader 0 SENDING AppendEntries to vehicle 5 (n_entries=6, leader_commit=2)
106886.4ms Leader 0 SENDING AppendEntries to vehicle 6 (n_entries=6, leader_commit=2)
107026.4ms Leader 0 SENDING AppendEntries to vehicle 1 (n_entries=4, leader_commit=2)
107026.4ms Leader 0 SENDING AppendEntries to vehicle 4 (n_entries=6, leader_commit=2)
107026.4ms Leader 0 SENDING AppendEntries to vehicle 5 (n_entries=6, leader_commit=2)
107026.4ms Leader 0 SENDING AppendEntries to vehicle 6 (n_entries=6, leader_commit=2)
107166.4ms Leader 0 SENDING AppendEntries to vehicle 1 (n_entries=4, leader_commit=2)
107166.4ms Leader 0 SENDING AppendEntries to vehicle 4 (n_entries=6, leader_commit=2)
107166.4ms Leader 0 SENDING AppendEntries to vehicle 5 (n_entries=6, leader_commit=2)
107166.4ms Leader 0 SENDING AppendEntries to vehicle 6 (n_entries=6, leader_commit=2)
107306.4ms Leader 0 SENDING AppendEntries to vehicle 1 (n_entries=4, leader_commit=2)
107306.4ms Leader 0 SENDING AppendEntries to vehicle 4 (n_entries=6, leader_commit=2)
107306.4ms Leader 0 SENDING AppendEntries to vehicle 5 (n_entries=6, leader_commit=2)
107306.4ms Leader 0 SENDING AppendEntries to vehicle 6 (n_entries=6, leader_commit=2)
107446.4ms Leader 0 SENDING AppendEntries to vehicle 1 (n_entries=4, leader_commit=2)
107446.4ms Leader 0 SENDING AppendEntries to vehicle 4 (n_entries=6, leader_commit=2)
107446.4ms Leader 0 SENDING AppendEntries to vehicle 5 (n_entries=6, leader_commit=2)
107446.4ms Leader 0 SENDING AppendEntries to vehicle 6 (n_entries=6, leader_commit=2)
107586.4ms Leader 0 SENDING AppendEntries to vehicle 1 (n_entries=4, leader_commit=2)
107586.4ms Leader 0 SENDING AppendEntries to vehicle 4 (n_entries=6, leader_commit=2)
107586.4ms Leader 0 SENDING AppendEntries to vehicle 5 (n_entries=6, leader_commit=2)
107586.4ms Leader 0 SENDING AppendEntries to vehicle 6 (n_entries=6, leader_commit=2)
107726.4ms Leader 0 SENDING AppendEntries to vehicle 1 (n_entries=4, leader_commit=2)
107726.4ms Leader 0 SENDING AppendEntries to vehicle 4 (n_entries=6, leader_commit=2)
107726.4ms Leader 0 SENDING AppendEntries to vehicle 5 (n_entries=6, leader_commit=2)
107726.4ms Leader 0 SENDING AppendEntries to vehicle 6 (n_entries=6, leader_commit=2)
107866.4ms Leader 0 SENDING AppendEntries to vehicle 1 (n_entries=4, leader_commit=2)
107866.4ms Leader 0 SENDING AppendEntries to vehicle 4 (n_entries=6, leader_commit=2)
107866.4ms Leader 0 SENDING AppendEntries to vehicle 5 (n_entries=6, leader_commit=2)
107866.4ms Leader 0 SENDING AppendEntries to vehicle 6 (n_entries=6, leader_commit=2)
108006.4ms Leader 0 SENDING AppendEntries to vehicle 1 (n_entries=4, leader_commit=2)
108006.4ms Leader 0 SENDING AppendEntries to vehicle 4 (n_entries=6, leader_commit=2)
108006.4ms Leader 0 SENDING AppendEntries to vehicle 5 (n_entries=6, leader_commit=2)
108006.4ms Leader 0 SENDING AppendEntries to vehicle 6 (n_entries=6, leader_commit=2)
108146.4ms Leader 0 SENDING AppendEntries to vehicle 1 (n_entries=4, leader_commit=2)
108146.4ms Leader 0 SENDING AppendEntries to vehicle 4 (n_entries=6, leader_commit=2)
108146.4ms Leader 0 SENDING AppendEntries to vehicle 5 (n_entries=6, leader_commit=2)
108146.4ms Leader 0 SENDING AppendEntries to vehicle 6 (n_entries=6, leader_commit=2)
108286.4ms Leader 0 SENDING AppendEntries to vehicle 1 (n_entries=4, leader_commit=2)
108286.4ms Leader 0 SENDING AppendEntries to vehicle 4 (n_entries=6, leader_commit=2)
108286.4ms Leader 0 SENDING AppendEntries to vehicle 5 (n_entries=6, leader_commit=2)
108286.4ms Leader 0 SENDING AppendEntries to vehicle 6 (n_entries=6, leader_commit=2)
108426.4ms Leader 0 SENDING AppendEntries to vehicle 1 (n_entries=4, leader_commit=2)
108426.4ms Leader 0 SENDING AppendEntries to vehicle 4 (n_entries=6, leader_commit=2)
108426.4ms Leader 0 SENDING AppendEntries to vehicle 5 (n_entries=6, leader_commit=2)
108426.4ms Leader 0 SENDING AppendEntries to vehicle 6 (n_entries=6, leader_commit=2)
108566.4ms Leader 0 SENDING AppendEntries to vehicle 1 (n_entries=4, leader_commit=2)
108566.4ms Leader 0 SENDING AppendEntries to vehicle 4 (n_entries=6, leader_commit=2)
108566.4ms Leader 0 SENDING AppendEntries to vehicle 5 (n_entries=6, leader_commit=2)
108566.4ms Leader 0 SENDING AppendEntries to vehicle 6 (n_entries=6, leader_commit=2)
108706.4ms Leader 0 SENDING AppendEntries to vehicle 1 (n_entries=4, leader_commit=2)
108706.4ms Leader 0 SENDING AppendEntries to vehicle 4 (n_entries=6, leader_commit=2)
108706.4ms Leader 0 SENDING AppendEntries to vehicle 5 (n_entries=6, leader_commit=2)
108706.4ms Leader 0 SENDING AppendEntries to vehicle 6 (n_entries=6, leader_commit=2)
108846.4ms Leader 0 SENDING AppendEntries to vehicle 1 (n_entries=4, leader_commit=2)
108846.4ms Leader 0 SENDING AppendEntries to vehicle 4 (n_entries=6, leader_commit=2)
108846.4ms Leader 0 SENDING AppendEntries to vehicle 5 (n_entries=6, leader_commit=2)
108846.4ms Leader 0 SENDING AppendEntries to vehicle 6 (n_entries=6, leader_commit=2)
108986.4ms Leader 0 SENDING AppendEntries to vehicle 1 (n_entries=4, leader_commit=2)
108986.4ms Leader 0 SENDING AppendEntries to vehicle 4 (n_entries=6, leader_commit=2)
108986.4ms Leader 0 SENDING AppendEntries to vehicle 5 (n_entries=6, leader_commit=2)
108986.4ms Leader 0 SENDING AppendEntries to vehicle 6 (n_entries=6, leader_commit=2)
109126.4ms Leader 0 SENDING AppendEntries to vehicle 1 (n_entries=4, leader_commit=2)
109126.4ms Leader 0 SENDING AppendEntries to vehicle 4 (n_entries=6, leader_commit=2)
109126.4ms Leader 0 SENDING AppendEntries to vehicle 5 (n_entries=6, leader_commit=2)
109126.4ms Leader 0 SENDING AppendEntries to vehicle 6 (n_entries=6, leader_commit=2)
109266.4ms Leader 0 SENDING AppendEntries to vehicle 1 (n_entries=4, leader_commit=2)
109266.4ms Leader 0 SENDING AppendEntries to vehicle 4 (n_entries=6, leader_commit=2)
109266.4ms Leader 0 SENDING AppendEntries to vehicle 5 (n_entries=6, leader_commit=2)
109266.4ms Leader 0 SENDING AppendEntries to vehicle 6 (n_entries=6, leader_commit=2)
109406.4ms Leader 0 SENDING AppendEntries to vehicle 1 (n_entries=4, leader_commit=2)
109406.4ms Leader 0 SENDING AppendEntries to vehicle 4 (n_entries=6, leader_commit=2)
109406.4ms Leader 0 SENDING AppendEntries to vehicle 5 (n_entries=6, leader_commit=2)
109406.4ms Leader 0 SENDING AppendEntries to vehicle 6 (n_entries=6, leader_commit=2)
109546.4ms Leader 0 SENDING AppendEntries to vehicle 1 (n_entries=4, leader_commit=2)
109546.4ms Leader 0 SENDING AppendEntries to vehicle 4 (n_entries=6, leader_commit=2)
109546.4ms Leader 0 SENDING AppendEntries to vehicle 5 (n_entries=6, leader_commit=2)
109546.4ms Leader 0 SENDING AppendEntries to vehicle 6 (n_entries=6, leader_commit=2)
109686.4ms Leader 0 SENDING AppendEntries to vehicle 1 (n_entries=4, leader_commit=2)
109686.4ms Leader 0 SENDING AppendEntries to vehicle 4 (n_entries=6, leader_commit=2)
109686.4ms Leader 0 SENDING AppendEntries to vehicle 5 (n_entries=6, leader_commit=2)
109686.4ms Leader 0 SENDING AppendEntries to vehicle 6 (n_entries=6, leader_commit=2)
109826.4ms Leader 0 SENDING AppendEntries to vehicle 1 (n_entries=4, leader_commit=2)
109826.4ms Leader 0 SENDING AppendEntries to vehicle 4 (n_entries=6, leader_commit=2)
109826.4ms Leader 0 SENDING AppendEntries to vehicle 5 (n_entries=6, leader_commit=2)
109826.4ms Leader 0 SENDING AppendEntries to vehicle 6 (n_entries=6, leader_commit=2)
109966.4ms Leader 0 SENDING AppendEntries to vehicle 1 (n_entries=4, leader_commit=2)
109966.4ms Leader 0 SENDING AppendEntries to vehicle 4 (n_entries=6, leader_commit=2)
109966.4ms Leader 0 SENDING AppendEntries to vehicle 5 (n_entries=6, leader_commit=2)
109966.4ms Leader 0 SENDING AppendEntries to vehicle 6 (n_entries=6, leader_commit=2)
110106.4ms Leader 0 SENDING AppendEntries to vehicle 1 (n_entries=4, leader_commit=2)
110106.4ms Leader 0 SENDING AppendEntries to vehicle 4 (n_entries=6, leader_commit=2)
110106.4ms Leader 0 SENDING AppendEntries to vehicle 5 (n_entries=6, leader_commit=2)
110106.4ms Leader 0 SENDING AppendEntries to vehicle 6 (n_entries=6, leader_commit=2)
110246.4ms Leader 0 SENDING AppendEntries to vehicle 1 (n_entries=4, leader_commit=2)
110246.4ms Leader 0 SENDING AppendEntries to vehicle 4 (n_entries=6, leader_commit=2)
110246.4ms Leader 0 SENDING AppendEntries to vehicle 5 (n_entries=6, leader_commit=2)
110246.4ms Leader 0 SENDING AppendEntries to vehicle 6 (n_entries=6, leader_commit=2)
110386.4ms Leader 0 SENDING AppendEntries to vehicle 1 (n_entries=4, leader_commit=2)
110386.4ms Leader 0 SENDING AppendEntries to vehicle 4 (n_entries=6, leader_commit=2)
110386.4ms Leader 0 SENDING AppendEntries to vehicle 5 (n_entries=6, leader_commit=2)
110386.4ms Leader 0 SENDING AppendEntries to vehicle 6 (n_entries=6, leader_commit=2)
110526.4ms Leader 0 SENDING AppendEntries to vehicle 1 (n_entries=4, leader_commit=2)
110526.4ms Leader 0 SENDING AppendEntries to vehicle 4 (n_entries=6, leader_commit=2)
110526.4ms Leader 0 SENDING AppendEntries to vehicle 5 (n_entries=6, leader_commit=2)
110526.4ms Leader 0 SENDING AppendEntries to vehicle 6 (n_entries=6, leader_commit=2)
110666.4ms Leader 0 SENDING AppendEntries to vehicle 1 (n_entries=4, leader_commit=2)
110666.4ms Leader 0 SENDING AppendEntries to vehicle 4 (n_entries=6, leader_commit=2)
110666.4ms Leader 0 SENDING AppendEntries to vehicle 5 (n_entries=6, leader_commit=2)
110666.4ms Leader 0 SENDING AppendEntries to vehicle 6 (n_entries=6, leader_commit=2)
110806.4ms Leader 0 SENDING AppendEntries to vehicle 1 (n_entries=4, leader_commit=2)
110806.4ms Leader 0 SENDING AppendEntries to vehicle 4 (n_entries=6, leader_commit=2)
110806.4ms Leader 0 SENDING AppendEntries to vehicle 5 (n_entries=6, leader_commit=2)
110806.4ms Leader 0 SENDING AppendEntries to vehicle 6 (n_entries=6, leader_commit=2)
110946.4ms Leader 0 SENDING AppendEntries to vehicle 1 (n_entries=4, leader_commit=2)
110946.4ms Leader 0 SENDING AppendEntries to vehicle 4 (n_entries=6, leader_commit=2)
110946.4ms Leader 0 SENDING AppendEntries to vehicle 5 (n_entries=6, leader_commit=2)
110946.4ms Leader 0 SENDING AppendEntries to vehicle 6 (n_entries=6, leader_commit=2)
111086.4ms Leader 0 SENDING AppendEntries to vehicle 1 (n_entries=4, leader_commit=2)
111086.4ms Leader 0 SENDING AppendEntries to vehicle 4 (n_entries=6, leader_commit=2)
111086.4ms Leader 0 SENDING AppendEntries to vehicle 5 (n_entries=6, leader_commit=2)
111086.4ms Leader 0 SENDING AppendEntries to vehicle 6 (n_entries=6, leader_commit=2)
111226.4ms Leader 0 SENDING AppendEntries to vehicle 1 (n_entries=4, leader_commit=2)
111226.4ms Leader 0 SENDING AppendEntries to vehicle 4 (n_entries=6, leader_commit=2)
111226.4ms Leader 0 SENDING AppendEntries to vehicle 5 (n_entries=6, leader_commit=2)
111226.4ms Leader 0 SENDING AppendEntries to vehicle 6 (n_entries=6, leader_commit=2)
111366.4ms Leader 0 SENDING AppendEntries to vehicle 1 (n_entries=4, leader_commit=2)
111366.4ms Leader 0 SENDING AppendEntries to vehicle 4 (n_entries=6, leader_commit=2)
111366.4ms Leader 0 SENDING AppendEntries to vehicle 5 (n_entries=6, leader_commit=2)
111366.4ms Leader 0 SENDING AppendEntries to vehicle 6 (n_entries=6, leader_commit=2)
111506.4ms Leader 0 SENDING AppendEntries to vehicle 1 (n_entries=4, leader_commit=2)
111506.4ms Leader 0 SENDING AppendEntries to vehicle 4 (n_entries=6, leader_commit=2)
111506.4ms Leader 0 SENDING AppendEntries to vehicle 5 (n_entries=6, leader_commit=2)
111506.4ms Leader 0 SENDING AppendEntries to vehicle 6 (n_entries=6, leader_commit=2)
111646.4ms Leader 0 SENDING AppendEntries to vehicle 1 (n_entries=4, leader_commit=2)
111646.4ms Leader 0 SENDING AppendEntries to vehicle 4 (n_entries=6, leader_commit=2)
111646.4ms Leader 0 SENDING AppendEntries to vehicle 5 (n_entries=6, leader_commit=2)
111646.4ms Leader 0 SENDING AppendEntries to vehicle 6 (n_entries=6, leader_commit=2)
111786.4ms Leader 0 SENDING AppendEntries to vehicle 1 (n_entries=4, leader_commit=2)
111786.4ms Leader 0 SENDING AppendEntries to vehicle 4 (n_entries=6, leader_commit=2)
111786.4ms Leader 0 SENDING AppendEntries to vehicle 5 (n_entries=6, leader_commit=2)
111786.4ms Leader 0 SENDING AppendEntries to vehicle 6 (n_entries=6, leader_commit=2)
111926.4ms Leader 0 SENDING AppendEntries to vehicle 1 (n_entries=4, leader_commit=2)
111926.4ms Leader 0 SENDING AppendEntries to vehicle 4 (n_entries=6, leader_commit=2)
111926.4ms Leader 0 SENDING AppendEntries to vehicle 5 (n_entries=6, leader_commit=2)
111926.4ms Leader 0 SENDING AppendEntries to vehicle 6 (n_entries=6, leader_commit=2)
112066.4ms Leader 0 SENDING AppendEntries to vehicle 1 (n_entries=4, leader_commit=2)
112066.4ms Leader 0 SENDING AppendEntries to vehicle 4 (n_entries=6, leader_commit=2)
112066.4ms Leader 0 SENDING AppendEntries to vehicle 5 (n_entries=6, leader_commit=2)
112066.4ms Leader 0 SENDING AppendEntries to vehicle 6 (n_entries=6, leader_commit=2)
112206.4ms Leader 0 SENDING AppendEntries to vehicle 1 (n_entries=4, leader_commit=2)
112206.4ms Leader 0 SENDING AppendEntries to vehicle 4 (n_entries=6, leader_commit=2)
112206.4ms Leader 0 SENDING AppendEntries to vehicle 5 (n_entries=6, leader_commit=2)
112206.4ms Leader 0 SENDING AppendEntries to vehicle 6 (n_entries=6, leader_commit=2)
112346.4ms Leader 0 SENDING AppendEntries to vehicle 1 (n_entries=4, leader_commit=2)
112346.4ms Leader 0 SENDING AppendEntries to vehicle 4 (n_entries=6, leader_commit=2)
112346.4ms Leader 0 SENDING AppendEntries to vehicle 5 (n_entries=6, leader_commit=2)
112346.4ms Leader 0 SENDING AppendEntries to vehicle 6 (n_entries=6, leader_commit=2)
112486.4ms Leader 0 SENDING AppendEntries to vehicle 1 (n_entries=4, leader_commit=2)
112486.4ms Leader 0 SENDING AppendEntries to vehicle 4 (n_entries=6, leader_commit=2)
112486.4ms Leader 0 SENDING AppendEntries to vehicle 5 (n_entries=6, leader_commit=2)
112486.4ms Leader 0 SENDING AppendEntries to vehicle 6 (n_entries=6, leader_commit=2)
112626.4ms Leader 0 SENDING AppendEntries to vehicle 1 (n_entries=4, leader_commit=2)
112626.4ms Leader 0 SENDING AppendEntries to vehicle 4 (n_entries=6, leader_commit=2)
112626.4ms Leader 0 SENDING AppendEntries to vehicle 5 (n_entries=6, leader_commit=2)
112626.4ms Leader 0 SENDING AppendEntries to vehicle 6 (n_entries=6, leader_commit=2)
112766.4ms Leader 0 SENDING AppendEntries to vehicle 1 (n_entries=4, leader_commit=2)
112766.4ms Leader 0 SENDING AppendEntries to vehicle 4 (n_entries=6, leader_commit=2)
112766.4ms Leader 0 SENDING AppendEntries to vehicle 5 (n_entries=6, leader_commit=2)
112766.4ms Leader 0 SENDING AppendEntries to vehicle 6 (n_entries=6, leader_commit=2)
112906.4ms Leader 0 SENDING AppendEntries to vehicle 1 (n_entries=4, leader_commit=2)
112906.4ms Leader 0 SENDING AppendEntries to vehicle 4 (n_entries=6, leader_commit=2)
112906.4ms Leader 0 SENDING AppendEntries to vehicle 5 (n_entries=6, leader_commit=2)
112906.4ms Leader 0 SENDING AppendEntries to vehicle 6 (n_entries=6, leader_commit=2)
113046.4ms Leader 0 SENDING AppendEntries to vehicle 1 (n_entries=4, leader_commit=2)
113046.4ms Leader 0 SENDING AppendEntries to vehicle 4 (n_entries=6, leader_commit=2)
113046.4ms Leader 0 SENDING AppendEntries to vehicle 5 (n_entries=6, leader_commit=2)
113046.4ms Leader 0 SENDING AppendEntries to vehicle 6 (n_entries=6, leader_commit=2)
113186.4ms Leader 0 SENDING AppendEntries to vehicle 1 (n_entries=4, leader_commit=2)
113186.4ms Leader 0 SENDING AppendEntries to vehicle 4 (n_entries=6, leader_commit=2)
113186.4ms Leader 0 SENDING AppendEntries to vehicle 5 (n_entries=6, leader_commit=2)
113186.4ms Leader 0 SENDING AppendEntries to vehicle 6 (n_entries=6, leader_commit=2)
113326.4ms Leader 0 SENDING AppendEntries to vehicle 1 (n_entries=4, leader_commit=2)
113326.4ms Leader 0 SENDING AppendEntries to vehicle 4 (n_entries=6, leader_commit=2)
113326.4ms Leader 0 SENDING AppendEntries to vehicle 5 (n_entries=6, leader_commit=2)
113326.4ms Leader 0 SENDING AppendEntries to vehicle 6 (n_entries=6, leader_commit=2)
113466.4ms Leader 0 SENDING AppendEntries to vehicle 1 (n_entries=4, leader_commit=2)
113466.4ms Leader 0 SENDING AppendEntries to vehicle 4 (n_entries=6, leader_commit=2)
113466.4ms Leader 0 SENDING AppendEntries to vehicle 5 (n_entries=6, leader_commit=2)
113466.4ms Leader 0 SENDING AppendEntries to vehicle 6 (n_entries=6, leader_commit=2)
113606.4ms Leader 0 SENDING AppendEntries to vehicle 1 (n_entries=4, leader_commit=2)
113606.4ms Leader 0 SENDING AppendEntries to vehicle 4 (n_entries=6, leader_commit=2)
113606.4ms Leader 0 SENDING AppendEntries to vehicle 5 (n_entries=6, leader_commit=2)
113606.4ms Leader 0 SENDING AppendEntries to vehicle 6 (n_entries=6, leader_commit=2)
113746.4ms Leader 0 SENDING AppendEntries to vehicle 1 (n_entries=4, leader_commit=2)
113746.4ms Leader 0 SENDING AppendEntries to vehicle 4 (n_entries=6, leader_commit=2)
113746.4ms Leader 0 SENDING AppendEntries to vehicle 5 (n_entries=6, leader_commit=2)
113746.4ms Leader 0 SENDING AppendEntries to vehicle 6 (n_entries=6, leader_commit=2)
113886.4ms Leader 0 SENDING AppendEntries to vehicle 1 (n_entries=4, leader_commit=2)
113886.4ms Leader 0 SENDING AppendEntries to vehicle 4 (n_entries=6, leader_commit=2)
113886.4ms Leader 0 SENDING AppendEntries to vehicle 5 (n_entries=6, leader_commit=2)
113886.4ms Leader 0 SENDING AppendEntries to vehicle 6 (n_entries=6, leader_commit=2)
114026.4ms Leader 0 SENDING AppendEntries to vehicle 1 (n_entries=4, leader_commit=2)
114026.4ms Leader 0 SENDING AppendEntries to vehicle 4 (n_entries=6, leader_commit=2)
114026.4ms Leader 0 SENDING AppendEntries to vehicle 5 (n_entries=6, leader_commit=2)
114026.4ms Leader 0 SENDING AppendEntries to vehicle 6 (n_entries=6, leader_commit=2)
114166.4ms Leader 0 SENDING AppendEntries to vehicle 1 (n_entries=4, leader_commit=2)
114166.4ms Leader 0 SENDING AppendEntries to vehicle 4 (n_entries=6, leader_commit=2)
114166.4ms Leader 0 SENDING AppendEntries to vehicle 5 (n_entries=6, leader_commit=2)
114166.4ms Leader 0 SENDING AppendEntries to vehicle 6 (n_entries=6, leader_commit=2)
114306.4ms Leader 0 SENDING AppendEntries to vehicle 1 (n_entries=4, leader_commit=2)
114306.4ms Leader 0 SENDING AppendEntries to vehicle 4 (n_entries=6, leader_commit=2)
114306.4ms Leader 0 SENDING AppendEntries to vehicle 5 (n_entries=6, leader_commit=2)
114306.4ms Leader 0 SENDING AppendEntries to vehicle 6 (n_entries=6, leader_commit=2)
114446.4ms Leader 0 SENDING AppendEntries to vehicle 1 (n_entries=4, leader_commit=2)
114446.4ms Leader 0 SENDING AppendEntries to vehicle 4 (n_entries=6, leader_commit=2)
114446.4ms Leader 0 SENDING AppendEntries to vehicle 5 (n_entries=6, leader_commit=2)
114446.4ms Leader 0 SENDING AppendEntries to vehicle 6 (n_entries=6, leader_commit=2)
114586.4ms Leader 0 SENDING AppendEntries to vehicle 1 (n_entries=4, leader_commit=2)
114586.4ms Leader 0 SENDING AppendEntries to vehicle 4 (n_entries=6, leader_commit=2)
114586.4ms Leader 0 SENDING AppendEntries to vehicle 5 (n_entries=6, leader_commit=2)
114586.4ms Leader 0 SENDING AppendEntries to vehicle 6 (n_entries=6, leader_commit=2)
114726.4ms Leader 0 SENDING AppendEntries to vehicle 1 (n_entries=4, leader_commit=2)
114726.4ms Leader 0 SENDING AppendEntries to vehicle 4 (n_entries=6, leader_commit=2)
114726.4ms Leader 0 SENDING AppendEntries to vehicle 5 (n_entries=6, leader_commit=2)
114726.4ms Leader 0 SENDING AppendEntries to vehicle 6 (n_entries=6, leader_commit=2)
114866.4ms Leader 0 SENDING AppendEntries to vehicle 1 (n_entries=4, leader_commit=2)
114866.4ms Leader 0 SENDING AppendEntries to vehicle 4 (n_entries=6, leader_commit=2)
114866.4ms Leader 0 SENDING AppendEntries to vehicle 5 (n_entries=6, leader_commit=2)
114866.4ms Leader 0 SENDING AppendEntries to vehicle 6 (n_entries=6, leader_commit=2)
115006.4ms Leader 0 SENDING AppendEntries to vehicle 1 (n_entries=4, leader_commit=2)
115006.4ms Leader 0 SENDING AppendEntries to vehicle 4 (n_entries=6, leader_commit=2)
115006.4ms Leader 0 SENDING AppendEntries to vehicle 5 (n_entries=6, leader_commit=2)
115006.4ms Leader 0 SENDING AppendEntries to vehicle 6 (n_entries=6, leader_commit=2)
115146.4ms Leader 0 SENDING AppendEntries to vehicle 1 (n_entries=4, leader_commit=2)
115146.4ms Leader 0 SENDING AppendEntries to vehicle 4 (n_entries=6, leader_commit=2)
115146.4ms Leader 0 SENDING AppendEntries to vehicle 5 (n_entries=6, leader_commit=2)
115146.4ms Leader 0 SENDING AppendEntries to vehicle 6 (n_entries=6, leader_commit=2)
115286.4ms Leader 0 SENDING AppendEntries to vehicle 1 (n_entries=4, leader_commit=2)
115286.4ms Leader 0 SENDING AppendEntries to vehicle 4 (n_entries=6, leader_commit=2)
115286.4ms Leader 0 SENDING AppendEntries to vehicle 5 (n_entries=6, leader_commit=2)
115286.4ms Leader 0 SENDING AppendEntries to vehicle 6 (n_entries=6, leader_commit=2)
115426.4ms Leader 0 SENDING AppendEntries to vehicle 1 (n_entries=4, leader_commit=2)
115426.4ms Leader 0 SENDING AppendEntries to vehicle 4 (n_entries=6, leader_commit=2)
115426.4ms Leader 0 SENDING AppendEntries to vehicle 5 (n_entries=6, leader_commit=2)
115426.4ms Leader 0 SENDING AppendEntries to vehicle 6 (n_entries=6, leader_commit=2)
115566.4ms Leader 0 SENDING AppendEntries to vehicle 1 (n_entries=4, leader_commit=2)
115566.4ms Leader 0 SENDING AppendEntries to vehicle 4 (n_entries=6, leader_commit=2)
115566.4ms Leader 0 SENDING AppendEntries to vehicle 5 (n_entries=6, leader_commit=2)
115566.4ms Leader 0 SENDING AppendEntries to vehicle 6 (n_entries=6, leader_commit=2)
115706.4ms Leader 0 SENDING AppendEntries to vehicle 1 (n_entries=4, leader_commit=2)
115706.4ms Leader 0 SENDING AppendEntries to vehicle 4 (n_entries=6, leader_commit=2)
115706.4ms Leader 0 SENDING AppendEntries to vehicle 5 (n_entries=6, leader_commit=2)
115706.4ms Leader 0 SENDING AppendEntries to vehicle 6 (n_entries=6, leader_commit=2)
115846.4ms Leader 0 SENDING AppendEntries to vehicle 1 (n_entries=4, leader_commit=2)
115846.4ms Leader 0 SENDING AppendEntries to vehicle 4 (n_entries=6, leader_commit=2)
115846.4ms Leader 0 SENDING AppendEntries to vehicle 5 (n_entries=6, leader_commit=2)
115846.4ms Leader 0 SENDING AppendEntries to vehicle 6 (n_entries=6, leader_commit=2)
115986.4ms Leader 0 SENDING AppendEntries to vehicle 1 (n_entries=4, leader_commit=2)
115986.4ms Leader 0 SENDING AppendEntries to vehicle 4 (n_entries=6, leader_commit=2)
115986.4ms Leader 0 SENDING AppendEntries to vehicle 5 (n_entries=6, leader_commit=2)
115986.4ms Leader 0 SENDING AppendEntries to vehicle 6 (n_entries=6, leader_commit=2)
116126.4ms Leader 0 SENDING AppendEntries to vehicle 1 (n_entries=4, leader_commit=2)
116126.4ms Leader 0 SENDING AppendEntries to vehicle 4 (n_entries=6, leader_commit=2)
116126.4ms Leader 0 SENDING AppendEntries to vehicle 5 (n_entries=6, leader_commit=2)
116126.4ms Leader 0 SENDING AppendEntries to vehicle 6 (n_entries=6, leader_commit=2)
116266.4ms Leader 0 SENDING AppendEntries to vehicle 1 (n_entries=4, leader_commit=2)
116266.4ms Leader 0 SENDING AppendEntries to vehicle 4 (n_entries=6, leader_commit=2)
116266.4ms Leader 0 SENDING AppendEntries to vehicle 5 (n_entries=6, leader_commit=2)
116266.4ms Leader 0 SENDING AppendEntries to vehicle 6 (n_entries=6, leader_commit=2)
116406.4ms Leader 0 SENDING AppendEntries to vehicle 1 (n_entries=4, leader_commit=2)
116406.4ms Leader 0 SENDING AppendEntries to vehicle 4 (n_entries=6, leader_commit=2)
116406.4ms Leader 0 SENDING AppendEntries to vehicle 5 (n_entries=6, leader_commit=2)
116406.4ms Leader 0 SENDING AppendEntries to vehicle 6 (n_entries=6, leader_commit=2)
116546.4ms Leader 0 SENDING AppendEntries to vehicle 1 (n_entries=4, leader_commit=2)
116546.4ms Leader 0 SENDING AppendEntries to vehicle 4 (n_entries=6, leader_commit=2)
116546.4ms Leader 0 SENDING AppendEntries to vehicle 5 (n_entries=6, leader_commit=2)
116546.4ms Leader 0 SENDING AppendEntries to vehicle 6 (n_entries=6, leader_commit=2)
116686.4ms Leader 0 SENDING AppendEntries to vehicle 1 (n_entries=4, leader_commit=2)
116686.4ms Leader 0 SENDING AppendEntries to vehicle 4 (n_entries=6, leader_commit=2)
116686.4ms Leader 0 SENDING AppendEntries to vehicle 5 (n_entries=6, leader_commit=2)
116686.4ms Leader 0 SENDING AppendEntries to vehicle 6 (n_entries=6, leader_commit=2)
116826.4ms Leader 0 SENDING AppendEntries to vehicle 1 (n_entries=4, leader_commit=2)
116826.4ms Leader 0 SENDING AppendEntries to vehicle 4 (n_entries=6, leader_commit=2)
116826.4ms Leader 0 SENDING AppendEntries to vehicle 5 (n_entries=6, leader_commit=2)
116826.4ms Leader 0 SENDING AppendEntries to vehicle 6 (n_entries=6, leader_commit=2)
116966.4ms Leader 0 SENDING AppendEntries to vehicle 1 (n_entries=4, leader_commit=2)
116966.4ms Leader 0 SENDING AppendEntries to vehicle 4 (n_entries=6, leader_commit=2)
116966.4ms Leader 0 SENDING AppendEntries to vehicle 5 (n_entries=6, leader_commit=2)
116966.4ms Leader 0 SENDING AppendEntries to vehicle 6 (n_entries=6, leader_commit=2)
117106.4ms Leader 0 SENDING AppendEntries to vehicle 1 (n_entries=4, leader_commit=2)
117106.4ms Leader 0 SENDING AppendEntries to vehicle 4 (n_entries=6, leader_commit=2)
117106.4ms Leader 0 SENDING AppendEntries to vehicle 5 (n_entries=6, leader_commit=2)
117106.4ms Leader 0 SENDING AppendEntries to vehicle 6 (n_entries=6, leader_commit=2)
117246.4ms Leader 0 SENDING AppendEntries to vehicle 1 (n_entries=4, leader_commit=2)
117246.4ms Leader 0 SENDING AppendEntries to vehicle 4 (n_entries=6, leader_commit=2)
117246.4ms Leader 0 SENDING AppendEntries to vehicle 5 (n_entries=6, leader_commit=2)
117246.4ms Leader 0 SENDING AppendEntries to vehicle 6 (n_entries=6, leader_commit=2)
117386.4ms Leader 0 SENDING AppendEntries to vehicle 1 (n_entries=4, leader_commit=2)
117386.4ms Leader 0 SENDING AppendEntries to vehicle 4 (n_entries=6, leader_commit=2)
117386.4ms Leader 0 SENDING AppendEntries to vehicle 5 (n_entries=6, leader_commit=2)
117386.4ms Leader 0 SENDING AppendEntries to vehicle 6 (n_entries=6, leader_commit=2)
117526.4ms Leader 0 SENDING AppendEntries to vehicle 1 (n_entries=4, leader_commit=2)
117526.4ms Leader 0 SENDING AppendEntries to vehicle 4 (n_entries=6, leader_commit=2)
117526.4ms Leader 0 SENDING AppendEntries to vehicle 5 (n_entries=6, leader_commit=2)
117526.4ms Leader 0 SENDING AppendEntries to vehicle 6 (n_entries=6, leader_commit=2)
117666.4ms Leader 0 SENDING AppendEntries to vehicle 1 (n_entries=4, leader_commit=2)
117666.4ms Leader 0 SENDING AppendEntries to vehicle 4 (n_entries=6, leader_commit=2)
117666.4ms Leader 0 SENDING AppendEntries to vehicle 5 (n_entries=6, leader_commit=2)
117666.4ms Leader 0 SENDING AppendEntries to vehicle 6 (n_entries=6, leader_commit=2)
117806.4ms Leader 0 SENDING AppendEntries to vehicle 1 (n_entries=4, leader_commit=2)
117806.4ms Leader 0 SENDING AppendEntries to vehicle 4 (n_entries=6, leader_commit=2)
117806.4ms Leader 0 SENDING AppendEntries to vehicle 5 (n_entries=6, leader_commit=2)
117806.4ms Leader 0 SENDING AppendEntries to vehicle 6 (n_entries=6, leader_commit=2)
117946.4ms Leader 0 SENDING AppendEntries to vehicle 1 (n_entries=4, leader_commit=2)
117946.4ms Leader 0 SENDING AppendEntries to vehicle 4 (n_entries=6, leader_commit=2)
117946.4ms Leader 0 SENDING AppendEntries to vehicle 5 (n_entries=6, leader_commit=2)
117946.4ms Leader 0 SENDING AppendEntries to vehicle 6 (n_entries=6, leader_commit=2)
118086.4ms Leader 0 SENDING AppendEntries to vehicle 1 (n_entries=4, leader_commit=2)
118086.4ms Leader 0 SENDING AppendEntries to vehicle 4 (n_entries=6, leader_commit=2)
118086.4ms Leader 0 SENDING AppendEntries to vehicle 5 (n_entries=6, leader_commit=2)
118086.4ms Leader 0 SENDING AppendEntries to vehicle 6 (n_entries=6, leader_commit=2)
118226.4ms Leader 0 SENDING AppendEntries to vehicle 1 (n_entries=4, leader_commit=2)
118226.4ms Leader 0 SENDING AppendEntries to vehicle 4 (n_entries=6, leader_commit=2)
118226.4ms Leader 0 SENDING AppendEntries to vehicle 5 (n_entries=6, leader_commit=2)
118226.4ms Leader 0 SENDING AppendEntries to vehicle 6 (n_entries=6, leader_commit=2)
118366.4ms Leader 0 SENDING AppendEntries to vehicle 1 (n_entries=4, leader_commit=2)
118366.4ms Leader 0 SENDING AppendEntries to vehicle 4 (n_entries=6, leader_commit=2)
118366.4ms Leader 0 SENDING AppendEntries to vehicle 5 (n_entries=6, leader_commit=2)
118366.4ms Leader 0 SENDING AppendEntries to vehicle 6 (n_entries=6, leader_commit=2)
118506.4ms Leader 0 SENDING AppendEntries to vehicle 1 (n_entries=4, leader_commit=2)
118506.4ms Leader 0 SENDING AppendEntries to vehicle 4 (n_entries=6, leader_commit=2)
118506.4ms Leader 0 SENDING AppendEntries to vehicle 5 (n_entries=6, leader_commit=2)
118506.4ms Leader 0 SENDING AppendEntries to vehicle 6 (n_entries=6, leader_commit=2)
118646.4ms Leader 0 SENDING AppendEntries to vehicle 1 (n_entries=4, leader_commit=2)
118646.4ms Leader 0 SENDING AppendEntries to vehicle 4 (n_entries=6, leader_commit=2)
118646.4ms Leader 0 SENDING AppendEntries to vehicle 5 (n_entries=6, leader_commit=2)
118646.4ms Leader 0 SENDING AppendEntries to vehicle 6 (n_entries=6, leader_commit=2)
118786.4ms Leader 0 SENDING AppendEntries to vehicle 1 (n_entries=4, leader_commit=2)
118786.4ms Leader 0 SENDING AppendEntries to vehicle 4 (n_entries=6, leader_commit=2)
118786.4ms Leader 0 SENDING AppendEntries to vehicle 5 (n_entries=6, leader_commit=2)
118786.4ms Leader 0 SENDING AppendEntries to vehicle 6 (n_entries=6, leader_commit=2)
118926.4ms Leader 0 SENDING AppendEntries to vehicle 1 (n_entries=4, leader_commit=2)
118926.4ms Leader 0 SENDING AppendEntries to vehicle 4 (n_entries=6, leader_commit=2)
118926.4ms Leader 0 SENDING AppendEntries to vehicle 5 (n_entries=6, leader_commit=2)
118926.4ms Leader 0 SENDING AppendEntries to vehicle 6 (n_entries=6, leader_commit=2)
119066.4ms Leader 0 SENDING AppendEntries to vehicle 1 (n_entries=4, leader_commit=2)
119066.4ms Leader 0 SENDING AppendEntries to vehicle 4 (n_entries=6, leader_commit=2)
119066.4ms Leader 0 SENDING AppendEntries to vehicle 5 (n_entries=6, leader_commit=2)
119066.4ms Leader 0 SENDING AppendEntries to vehicle 6 (n_entries=6, leader_commit=2)
119206.4ms Leader 0 SENDING AppendEntries to vehicle 1 (n_entries=4, leader_commit=2)
119206.4ms Leader 0 SENDING AppendEntries to vehicle 4 (n_entries=6, leader_commit=2)
119206.4ms Leader 0 SENDING AppendEntries to vehicle 5 (n_entries=6, leader_commit=2)
119206.4ms Leader 0 SENDING AppendEntries to vehicle 6 (n_entries=6, leader_commit=2)
119346.4ms Leader 0 SENDING AppendEntries to vehicle 1 (n_entries=4, leader_commit=2)
119346.4ms Leader 0 SENDING AppendEntries to vehicle 4 (n_entries=6, leader_commit=2)
119346.4ms Leader 0 SENDING AppendEntries to vehicle 5 (n_entries=6, leader_commit=2)
119346.4ms Leader 0 SENDING AppendEntries to vehicle 6 (n_entries=6, leader_commit=2)
119486.4ms Leader 0 SENDING AppendEntries to vehicle 1 (n_entries=4, leader_commit=2)
119486.4ms Leader 0 SENDING AppendEntries to vehicle 4 (n_entries=6, leader_commit=2)
119486.4ms Leader 0 SENDING AppendEntries to vehicle 5 (n_entries=6, leader_commit=2)
119486.4ms Leader 0 SENDING AppendEntries to vehicle 6 (n_entries=6, leader_commit=2)
119626.4ms Leader 0 SENDING AppendEntries to vehicle 1 (n_entries=4, leader_commit=2)
119626.4ms Leader 0 SENDING AppendEntries to vehicle 4 (n_entries=6, leader_commit=2)
119626.4ms Leader 0 SENDING AppendEntries to vehicle 5 (n_entries=6, leader_commit=2)
119626.4ms Leader 0 SENDING AppendEntries to vehicle 6 (n_entries=6, leader_commit=2)
119766.4ms Leader 0 SENDING AppendEntries to vehicle 1 (n_entries=4, leader_commit=2)
119766.4ms Leader 0 SENDING AppendEntries to vehicle 4 (n_entries=6, leader_commit=2)
119766.4ms Leader 0 SENDING AppendEntries to vehicle 5 (n_entries=6, leader_commit=2)
119766.4ms Leader 0 SENDING AppendEntries to vehicle 6 (n_entries=6, leader_commit=2)
119906.4ms Leader 0 SENDING AppendEntries to vehicle 1 (n_entries=4, leader_commit=2)
119906.4ms Leader 0 SENDING AppendEntries to vehicle 4 (n_entries=6, leader_commit=2)
119906.4ms Leader 0 SENDING AppendEntries to vehicle 5 (n_entries=6, leader_commit=2)
119906.4ms Leader 0 SENDING AppendEntries to vehicle 6 (n_entries=6, leader_commit=2)
120046.4ms Leader 0 SENDING AppendEntries to vehicle 1 (n_entries=4, leader_commit=2)
120046.4ms Leader 0 SENDING AppendEntries to vehicle 4 (n_entries=6, leader_commit=2)
120046.4ms Leader 0 SENDING AppendEntries to vehicle 5 (n_entries=6, leader_commit=2)
120046.4ms Leader 0 SENDING AppendEntries to vehicle 6 (n_entries=6, leader_commit=2)
120186.4ms Leader 0 SENDING AppendEntries to vehicle 1 (n_entries=4, leader_commit=2)
120186.4ms Leader 0 SENDING AppendEntries to vehicle 4 (n_entries=6, leader_commit=2)
120186.4ms Leader 0 SENDING AppendEntries to vehicle 5 (n_entries=6, leader_commit=2)
120186.4ms Leader 0 SENDING AppendEntries to vehicle 6 (n_entries=6, leader_commit=2)
120326.4ms Leader 0 SENDING AppendEntries to vehicle 1 (n_entries=4, leader_commit=2)
120326.4ms Leader 0 SENDING AppendEntries to vehicle 4 (n_entries=6, leader_commit=2)
120326.4ms Leader 0 SENDING AppendEntries to vehicle 5 (n_entries=6, leader_commit=2)
120326.4ms Leader 0 SENDING AppendEntries to vehicle 6 (n_entries=6, leader_commit=2)
120466.4ms Leader 0 SENDING AppendEntries to vehicle 1 (n_entries=4, leader_commit=2)
120466.4ms Leader 0 SENDING AppendEntries to vehicle 4 (n_entries=6, leader_commit=2)
120466.4ms Leader 0 SENDING AppendEntries to vehicle 5 (n_entries=6, leader_commit=2)
120466.4ms Leader 0 SENDING AppendEntries to vehicle 6 (n_entries=6, leader_commit=2)
120606.4ms Leader 0 SENDING AppendEntries to vehicle 1 (n_entries=4, leader_commit=2)
120606.4ms Leader 0 SENDING AppendEntries to vehicle 4 (n_entries=6, leader_commit=2)
120606.4ms Leader 0 SENDING AppendEntries to vehicle 5 (n_entries=6, leader_commit=2)
120606.4ms Leader 0 SENDING AppendEntries to vehicle 6 (n_entries=6, leader_commit=2)
120746.4ms Leader 0 SENDING AppendEntries to vehicle 1 (n_entries=4, leader_commit=2)
120746.4ms Leader 0 SENDING AppendEntries to vehicle 4 (n_entries=6, leader_commit=2)
120746.4ms Leader 0 SENDING AppendEntries to vehicle 5 (n_entries=6, leader_commit=2)
120746.4ms Leader 0 SENDING AppendEntries to vehicle 6 (n_entries=6, leader_commit=2)
120886.4ms Leader 0 SENDING AppendEntries to vehicle 1 (n_entries=4, leader_commit=2)
120886.4ms Leader 0 SENDING AppendEntries to vehicle 4 (n_entries=6, leader_commit=2)
120886.4ms Leader 0 SENDING AppendEntries to vehicle 5 (n_entries=6, leader_commit=2)
120886.4ms Leader 0 SENDING AppendEntries to vehicle 6 (n_entries=6, leader_commit=2)
121026.4ms Leader 0 SENDING AppendEntries to vehicle 1 (n_entries=4, leader_commit=2)
121026.4ms Leader 0 SENDING AppendEntries to vehicle 4 (n_entries=6, leader_commit=2)
121026.4ms Leader 0 SENDING AppendEntries to vehicle 5 (n_entries=6, leader_commit=2)
121026.4ms Leader 0 SENDING AppendEntries to vehicle 6 (n_entries=6, leader_commit=2)
121166.4ms Leader 0 SENDING AppendEntries to vehicle 1 (n_entries=4, leader_commit=2)
121166.4ms Leader 0 SENDING AppendEntries to vehicle 4 (n_entries=6, leader_commit=2)
121166.4ms Leader 0 SENDING AppendEntries to vehicle 5 (n_entries=6, leader_commit=2)
121166.4ms Leader 0 SENDING AppendEntries to vehicle 6 (n_entries=6, leader_commit=2)
121306.4ms Leader 0 SENDING AppendEntries to vehicle 1 (n_entries=4, leader_commit=2)
121306.4ms Leader 0 SENDING AppendEntries to vehicle 4 (n_entries=6, leader_commit=2)
121306.4ms Leader 0 SENDING AppendEntries to vehicle 5 (n_entries=6, leader_commit=2)
121306.4ms Leader 0 SENDING AppendEntries to vehicle 6 (n_entries=6, leader_commit=2)
121446.4ms Leader 0 SENDING AppendEntries to vehicle 1 (n_entries=4, leader_commit=2)
121446.4ms Leader 0 SENDING AppendEntries to vehicle 4 (n_entries=6, leader_commit=2)
121446.4ms Leader 0 SENDING AppendEntries to vehicle 5 (n_entries=6, leader_commit=2)
121446.4ms Leader 0 SENDING AppendEntries to vehicle 6 (n_entries=6, leader_commit=2)
121586.4ms Leader 0 SENDING AppendEntries to vehicle 1 (n_entries=4, leader_commit=2)
121586.4ms Leader 0 SENDING AppendEntries to vehicle 4 (n_entries=6, leader_commit=2)
121586.4ms Leader 0 SENDING AppendEntries to vehicle 5 (n_entries=6, leader_commit=2)
121586.4ms Leader 0 SENDING AppendEntries to vehicle 6 (n_entries=6, leader_commit=2)
121726.4ms Leader 0 SENDING AppendEntries to vehicle 1 (n_entries=4, leader_commit=2)
121726.4ms Leader 0 SENDING AppendEntries to vehicle 4 (n_entries=6, leader_commit=2)
121726.4ms Leader 0 SENDING AppendEntries to vehicle 5 (n_entries=6, leader_commit=2)
121726.4ms Leader 0 SENDING AppendEntries to vehicle 6 (n_entries=6, leader_commit=2)
121866.4ms Leader 0 SENDING AppendEntries to vehicle 1 (n_entries=4, leader_commit=2)
121866.4ms Leader 0 SENDING AppendEntries to vehicle 4 (n_entries=6, leader_commit=2)
121866.4ms Leader 0 SENDING AppendEntries to vehicle 5 (n_entries=6, leader_commit=2)
121866.4ms Leader 0 SENDING AppendEntries to vehicle 6 (n_entries=6, leader_commit=2)
122006.4ms Leader 0 SENDING AppendEntries to vehicle 1 (n_entries=4, leader_commit=2)
122006.4ms Leader 0 SENDING AppendEntries to vehicle 4 (n_entries=6, leader_commit=2)
122006.4ms Leader 0 SENDING AppendEntries to vehicle 5 (n_entries=6, leader_commit=2)
122006.4ms Leader 0 SENDING AppendEntries to vehicle 6 (n_entries=6, leader_commit=2)
122146.4ms Leader 0 SENDING AppendEntries to vehicle 1 (n_entries=4, leader_commit=2)
122146.4ms Leader 0 SENDING AppendEntries to vehicle 4 (n_entries=6, leader_commit=2)
122146.4ms Leader 0 SENDING AppendEntries to vehicle 5 (n_entries=6, leader_commit=2)
122146.4ms Leader 0 SENDING AppendEntries to vehicle 6 (n_entries=6, leader_commit=2)
122286.4ms Leader 0 SENDING AppendEntries to vehicle 1 (n_entries=4, leader_commit=2)
122286.4ms Leader 0 SENDING AppendEntries to vehicle 4 (n_entries=6, leader_commit=2)
122286.4ms Leader 0 SENDING AppendEntries to vehicle 5 (n_entries=6, leader_commit=2)
122286.4ms Leader 0 SENDING AppendEntries to vehicle 6 (n_entries=6, leader_commit=2)
122426.4ms Leader 0 SENDING AppendEntries to vehicle 1 (n_entries=4, leader_commit=2)
122426.4ms Leader 0 SENDING AppendEntries to vehicle 4 (n_entries=6, leader_commit=2)
122426.4ms Leader 0 SENDING AppendEntries to vehicle 5 (n_entries=6, leader_commit=2)
122426.4ms Leader 0 SENDING AppendEntries to vehicle 6 (n_entries=6, leader_commit=2)
122566.4ms Leader 0 SENDING AppendEntries to vehicle 1 (n_entries=4, leader_commit=2)
122566.4ms Leader 0 SENDING AppendEntries to vehicle 4 (n_entries=6, leader_commit=2)
122566.4ms Leader 0 SENDING AppendEntries to vehicle 5 (n_entries=6, leader_commit=2)
122566.4ms Leader 0 SENDING AppendEntries to vehicle 6 (n_entries=6, leader_commit=2)
122706.4ms Leader 0 SENDING AppendEntries to vehicle 1 (n_entries=4, leader_commit=2)
122706.4ms Leader 0 SENDING AppendEntries to vehicle 4 (n_entries=6, leader_commit=2)
122706.4ms Leader 0 SENDING AppendEntries to vehicle 5 (n_entries=6, leader_commit=2)
122706.4ms Leader 0 SENDING AppendEntries to vehicle 6 (n_entries=6, leader_commit=2)
122846.4ms Leader 0 SENDING AppendEntries to vehicle 1 (n_entries=4, leader_commit=2)
122846.4ms Leader 0 SENDING AppendEntries to vehicle 4 (n_entries=6, leader_commit=2)
122846.4ms Leader 0 SENDING AppendEntries to vehicle 5 (n_entries=6, leader_commit=2)
122846.4ms Leader 0 SENDING AppendEntries to vehicle 6 (n_entries=6, leader_commit=2)
122986.4ms Leader 0 SENDING AppendEntries to vehicle 1 (n_entries=4, leader_commit=2)
122986.4ms Leader 0 SENDING AppendEntries to vehicle 4 (n_entries=6, leader_commit=2)
122986.4ms Leader 0 SENDING AppendEntries to vehicle 5 (n_entries=6, leader_commit=2)
122986.4ms Leader 0 SENDING AppendEntries to vehicle 6 (n_entries=6, leader_commit=2)
123126.4ms Leader 0 SENDING AppendEntries to vehicle 1 (n_entries=4, leader_commit=2)
123126.4ms Leader 0 SENDING AppendEntries to vehicle 4 (n_entries=6, leader_commit=2)
123126.4ms Leader 0 SENDING AppendEntries to vehicle 5 (n_entries=6, leader_commit=2)
123126.4ms Leader 0 SENDING AppendEntries to vehicle 6 (n_entries=6, leader_commit=2)
123266.4ms Leader 0 SENDING AppendEntries to vehicle 1 (n_entries=4, leader_commit=2)
123266.4ms Leader 0 SENDING AppendEntries to vehicle 4 (n_entries=6, leader_commit=2)
123266.4ms Leader 0 SENDING AppendEntries to vehicle 5 (n_entries=6, leader_commit=2)
123266.4ms Leader 0 SENDING AppendEntries to vehicle 6 (n_entries=6, leader_commit=2)
123406.4ms Leader 0 SENDING AppendEntries to vehicle 1 (n_entries=4, leader_commit=2)
123406.4ms Leader 0 SENDING AppendEntries to vehicle 4 (n_entries=6, leader_commit=2)
123406.4ms Leader 0 SENDING AppendEntries to vehicle 5 (n_entries=6, leader_commit=2)
123406.4ms Leader 0 SENDING AppendEntries to vehicle 6 (n_entries=6, leader_commit=2)
123546.4ms Leader 0 SENDING AppendEntries to vehicle 1 (n_entries=4, leader_commit=2)
123546.4ms Leader 0 SENDING AppendEntries to vehicle 4 (n_entries=6, leader_commit=2)
123546.4ms Leader 0 SENDING AppendEntries to vehicle 5 (n_entries=6, leader_commit=2)
123546.4ms Leader 0 SENDING AppendEntries to vehicle 6 (n_entries=6, leader_commit=2)
123686.4ms Leader 0 SENDING AppendEntries to vehicle 1 (n_entries=4, leader_commit=2)
123686.4ms Leader 0 SENDING AppendEntries to vehicle 4 (n_entries=6, leader_commit=2)
123686.4ms Leader 0 SENDING AppendEntries to vehicle 5 (n_entries=6, leader_commit=2)
123686.4ms Leader 0 SENDING AppendEntries to vehicle 6 (n_entries=6, leader_commit=2)
123826.4ms Leader 0 SENDING AppendEntries to vehicle 1 (n_entries=4, leader_commit=2)
123826.4ms Leader 0 SENDING AppendEntries to vehicle 4 (n_entries=6, leader_commit=2)
123826.4ms Leader 0 SENDING AppendEntries to vehicle 5 (n_entries=6, leader_commit=2)
123826.4ms Leader 0 SENDING AppendEntries to vehicle 6 (n_entries=6, leader_commit=2)
123966.4ms Leader 0 SENDING AppendEntries to vehicle 1 (n_entries=4, leader_commit=2)
123966.4ms Leader 0 SENDING AppendEntries to vehicle 4 (n_entries=6, leader_commit=2)
123966.4ms Leader 0 SENDING AppendEntries to vehicle 5 (n_entries=6, leader_commit=2)
123966.4ms Leader 0 SENDING AppendEntries to vehicle 6 (n_entries=6, leader_commit=2)
124106.4ms Leader 0 SENDING AppendEntries to vehicle 1 (n_entries=4, leader_commit=2)
124106.4ms Leader 0 SENDING AppendEntries to vehicle 4 (n_entries=6, leader_commit=2)
124106.4ms Leader 0 SENDING AppendEntries to vehicle 5 (n_entries=6, leader_commit=2)
124106.4ms Leader 0 SENDING AppendEntries to vehicle 6 (n_entries=6, leader_commit=2)
124246.4ms Leader 0 SENDING AppendEntries to vehicle 1 (n_entries=4, leader_commit=2)
124246.4ms Leader 0 SENDING AppendEntries to vehicle 4 (n_entries=6, leader_commit=2)
124246.4ms Leader 0 SENDING AppendEntries to vehicle 5 (n_entries=6, leader_commit=2)
124246.4ms Leader 0 SENDING AppendEntries to vehicle 6 (n_entries=6, leader_commit=2)
124386.4ms Leader 0 SENDING AppendEntries to vehicle 1 (n_entries=4, leader_commit=2)
124386.4ms Leader 0 SENDING AppendEntries to vehicle 4 (n_entries=6, leader_commit=2)
124386.4ms Leader 0 SENDING AppendEntries to vehicle 5 (n_entries=6, leader_commit=2)
124386.4ms Leader 0 SENDING AppendEntries to vehicle 6 (n_entries=6, leader_commit=2)
124526.4ms Leader 0 SENDING AppendEntries to vehicle 1 (n_entries=4, leader_commit=2)
124526.4ms Leader 0 SENDING AppendEntries to vehicle 4 (n_entries=6, leader_commit=2)
124526.4ms Leader 0 SENDING AppendEntries to vehicle 5 (n_entries=6, leader_commit=2)
124526.4ms Leader 0 SENDING AppendEntries to vehicle 6 (n_entries=6, leader_commit=2)
124666.4ms Leader 0 SENDING AppendEntries to vehicle 1 (n_entries=4, leader_commit=2)
124666.4ms Leader 0 SENDING AppendEntries to vehicle 4 (n_entries=6, leader_commit=2)
124666.4ms Leader 0 SENDING AppendEntries to vehicle 5 (n_entries=6, leader_commit=2)
124666.4ms Leader 0 SENDING AppendEntries to vehicle 6 (n_entries=6, leader_commit=2)
124806.4ms Leader 0 SENDING AppendEntries to vehicle 1 (n_entries=4, leader_commit=2)
124806.4ms Leader 0 SENDING AppendEntries to vehicle 4 (n_entries=6, leader_commit=2)
124806.4ms Leader 0 SENDING AppendEntries to vehicle 5 (n_entries=6, leader_commit=2)
124806.4ms Leader 0 SENDING AppendEntries to vehicle 6 (n_entries=6, leader_commit=2)
124946.4ms Leader 0 SENDING AppendEntries to vehicle 1 (n_entries=4, leader_commit=2)
124946.4ms Leader 0 SENDING AppendEntries to vehicle 4 (n_entries=6, leader_commit=2)
124946.4ms Leader 0 SENDING AppendEntries to vehicle 5 (n_entries=6, leader_commit=2)
124946.4ms Leader 0 SENDING AppendEntries to vehicle 6 (n_entries=6, leader_commit=2)
125086.4ms Leader 0 SENDING AppendEntries to vehicle 1 (n_entries=4, leader_commit=2)
125086.4ms Leader 0 SENDING AppendEntries to vehicle 4 (n_entries=6, leader_commit=2)
125086.4ms Leader 0 SENDING AppendEntries to vehicle 5 (n_entries=6, leader_commit=2)
125086.4ms Leader 0 SENDING AppendEntries to vehicle 6 (n_entries=6, leader_commit=2)
125226.4ms Leader 0 SENDING AppendEntries to vehicle 1 (n_entries=4, leader_commit=2)
125226.4ms Leader 0 SENDING AppendEntries to vehicle 4 (n_entries=6, leader_commit=2)
125226.4ms Leader 0 SENDING AppendEntries to vehicle 5 (n_entries=6, leader_commit=2)
125226.4ms Leader 0 SENDING AppendEntries to vehicle 6 (n_entries=6, leader_commit=2)
125366.4ms Leader 0 SENDING AppendEntries to vehicle 1 (n_entries=4, leader_commit=2)
125366.4ms Leader 0 SENDING AppendEntries to vehicle 4 (n_entries=6, leader_commit=2)
125366.4ms Leader 0 SENDING AppendEntries to vehicle 5 (n_entries=6, leader_commit=2)
125366.4ms Leader 0 SENDING AppendEntries to vehicle 6 (n_entries=6, leader_commit=2)
125506.4ms Leader 0 SENDING AppendEntries to vehicle 1 (n_entries=4, leader_commit=2)
125506.4ms Leader 0 SENDING AppendEntries to vehicle 4 (n_entries=6, leader_commit=2)
125506.4ms Leader 0 SENDING AppendEntries to vehicle 5 (n_entries=6, leader_commit=2)
125506.4ms Leader 0 SENDING AppendEntries to vehicle 6 (n_entries=6, leader_commit=2)
125646.4ms Leader 0 SENDING AppendEntries to vehicle 1 (n_entries=4, leader_commit=2)
125646.4ms Leader 0 SENDING AppendEntries to vehicle 4 (n_entries=6, leader_commit=2)
125646.4ms Leader 0 SENDING AppendEntries to vehicle 5 (n_entries=6, leader_commit=2)
125646.4ms Leader 0 SENDING AppendEntries to vehicle 6 (n_entries=6, leader_commit=2)
125786.4ms Leader 0 SENDING AppendEntries to vehicle 1 (n_entries=4, leader_commit=2)
125786.4ms Leader 0 SENDING AppendEntries to vehicle 4 (n_entries=6, leader_commit=2)
125786.4ms Leader 0 SENDING AppendEntries to vehicle 5 (n_entries=6, leader_commit=2)
125786.4ms Leader 0 SENDING AppendEntries to vehicle 6 (n_entries=6, leader_commit=2)
125926.4ms Leader 0 SENDING AppendEntries to vehicle 1 (n_entries=4, leader_commit=2)
125926.4ms Leader 0 SENDING AppendEntries to vehicle 4 (n_entries=6, leader_commit=2)
125926.4ms Leader 0 SENDING AppendEntries to vehicle 5 (n_entries=6, leader_commit=2)
125926.4ms Leader 0 SENDING AppendEntries to vehicle 6 (n_entries=6, leader_commit=2)
126066.4ms Leader 0 SENDING AppendEntries to vehicle 1 (n_entries=4, leader_commit=2)
126066.4ms Leader 0 SENDING AppendEntries to vehicle 4 (n_entries=6, leader_commit=2)
126066.4ms Leader 0 SENDING AppendEntries to vehicle 5 (n_entries=6, leader_commit=2)
126066.4ms Leader 0 SENDING AppendEntries to vehicle 6 (n_entries=6, leader_commit=2)
126206.4ms Leader 0 SENDING AppendEntries to vehicle 1 (n_entries=4, leader_commit=2)
126206.4ms Leader 0 SENDING AppendEntries to vehicle 4 (n_entries=6, leader_commit=2)
126206.4ms Leader 0 SENDING AppendEntries to vehicle 5 (n_entries=6, leader_commit=2)
126206.4ms Leader 0 SENDING AppendEntries to vehicle 6 (n_entries=6, leader_commit=2)
126346.4ms Leader 0 SENDING AppendEntries to vehicle 1 (n_entries=4, leader_commit=2)
126346.4ms Leader 0 SENDING AppendEntries to vehicle 4 (n_entries=6, leader_commit=2)
126346.4ms Leader 0 SENDING AppendEntries to vehicle 5 (n_entries=6, leader_commit=2)
126346.4ms Leader 0 SENDING AppendEntries to vehicle 6 (n_entries=6, leader_commit=2)
126486.4ms Leader 0 SENDING AppendEntries to vehicle 1 (n_entries=4, leader_commit=2)
126486.4ms Leader 0 SENDING AppendEntries to vehicle 4 (n_entries=6, leader_commit=2)
126486.4ms Leader 0 SENDING AppendEntries to vehicle 5 (n_entries=6, leader_commit=2)
126486.4ms Leader 0 SENDING AppendEntries to vehicle 6 (n_entries=6, leader_commit=2)
126626.4ms Leader 0 SENDING AppendEntries to vehicle 1 (n_entries=4, leader_commit=2)
126626.4ms Leader 0 SENDING AppendEntries to vehicle 4 (n_entries=6, leader_commit=2)
126626.4ms Leader 0 SENDING AppendEntries to vehicle 5 (n_entries=6, leader_commit=2)
126626.4ms Leader 0 SENDING AppendEntries to vehicle 6 (n_entries=6, leader_commit=2)
126766.4ms Leader 0 SENDING AppendEntries to vehicle 1 (n_entries=4, leader_commit=2)
126766.4ms Leader 0 SENDING AppendEntries to vehicle 4 (n_entries=6, leader_commit=2)
126766.4ms Leader 0 SENDING AppendEntries to vehicle 5 (n_entries=6, leader_commit=2)
126766.4ms Leader 0 SENDING AppendEntries to vehicle 6 (n_entries=6, leader_commit=2)
126906.4ms Leader 0 SENDING AppendEntries to vehicle 1 (n_entries=4, leader_commit=2)
126906.4ms Leader 0 SENDING AppendEntries to vehicle 4 (n_entries=6, leader_commit=2)
126906.4ms Leader 0 SENDING AppendEntries to vehicle 5 (n_entries=6, leader_commit=2)
126906.4ms Leader 0 SENDING AppendEntries to vehicle 6 (n_entries=6, leader_commit=2)
127046.4ms Leader 0 SENDING AppendEntries to vehicle 1 (n_entries=4, leader_commit=2)
127046.4ms Leader 0 SENDING AppendEntries to vehicle 4 (n_entries=6, leader_commit=2)
127046.4ms Leader 0 SENDING AppendEntries to vehicle 5 (n_entries=6, leader_commit=2)
127046.4ms Leader 0 SENDING AppendEntries to vehicle 6 (n_entries=6, leader_commit=2)
127186.4ms Leader 0 SENDING AppendEntries to vehicle 1 (n_entries=4, leader_commit=2)
127186.4ms Leader 0 SENDING AppendEntries to vehicle 4 (n_entries=6, leader_commit=2)
127186.4ms Leader 0 SENDING AppendEntries to vehicle 5 (n_entries=6, leader_commit=2)
127186.4ms Leader 0 SENDING AppendEntries to vehicle 6 (n_entries=6, leader_commit=2)
127326.4ms Leader 0 SENDING AppendEntries to vehicle 1 (n_entries=4, leader_commit=2)
127326.4ms Leader 0 SENDING AppendEntries to vehicle 4 (n_entries=6, leader_commit=2)
127326.4ms Leader 0 SENDING AppendEntries to vehicle 5 (n_entries=6, leader_commit=2)
127326.4ms Leader 0 SENDING AppendEntries to vehicle 6 (n_entries=6, leader_commit=2)
127466.4ms Leader 0 SENDING AppendEntries to vehicle 1 (n_entries=4, leader_commit=2)
127466.4ms Leader 0 SENDING AppendEntries to vehicle 4 (n_entries=6, leader_commit=2)
127466.4ms Leader 0 SENDING AppendEntries to vehicle 5 (n_entries=6, leader_commit=2)
127466.4ms Leader 0 SENDING AppendEntries to vehicle 6 (n_entries=6, leader_commit=2)
127606.4ms Leader 0 SENDING AppendEntries to vehicle 1 (n_entries=4, leader_commit=2)
127606.4ms Leader 0 SENDING AppendEntries to vehicle 4 (n_entries=6, leader_commit=2)
127606.4ms Leader 0 SENDING AppendEntries to vehicle 5 (n_entries=6, leader_commit=2)
127606.4ms Leader 0 SENDING AppendEntries to vehicle 6 (n_entries=6, leader_commit=2)
127746.4ms Leader 0 SENDING AppendEntries to vehicle 1 (n_entries=4, leader_commit=2)
127746.4ms Leader 0 SENDING AppendEntries to vehicle 4 (n_entries=6, leader_commit=2)
127746.4ms Leader 0 SENDING AppendEntries to vehicle 5 (n_entries=6, leader_commit=2)
127746.4ms Leader 0 SENDING AppendEntries to vehicle 6 (n_entries=6, leader_commit=2)
127886.4ms Leader 0 SENDING AppendEntries to vehicle 1 (n_entries=4, leader_commit=2)
127886.4ms Leader 0 SENDING AppendEntries to vehicle 4 (n_entries=6, leader_commit=2)
127886.4ms Leader 0 SENDING AppendEntries to vehicle 5 (n_entries=6, leader_commit=2)
127886.4ms Leader 0 SENDING AppendEntries to vehicle 6 (n_entries=6, leader_commit=2)
128026.4ms Leader 0 SENDING AppendEntries to vehicle 1 (n_entries=4, leader_commit=2)
128026.4ms Leader 0 SENDING AppendEntries to vehicle 4 (n_entries=6, leader_commit=2)
128026.4ms Leader 0 SENDING AppendEntries to vehicle 5 (n_entries=6, leader_commit=2)
128026.4ms Leader 0 SENDING AppendEntries to vehicle 6 (n_entries=6, leader_commit=2)
128166.4ms Leader 0 SENDING AppendEntries to vehicle 1 (n_entries=4, leader_commit=2)
128166.4ms Leader 0 SENDING AppendEntries to vehicle 4 (n_entries=6, leader_commit=2)
128166.4ms Leader 0 SENDING AppendEntries to vehicle 5 (n_entries=6, leader_commit=2)
128166.4ms Leader 0 SENDING AppendEntries to vehicle 6 (n_entries=6, leader_commit=2)
128306.4ms Leader 0 SENDING AppendEntries to vehicle 1 (n_entries=4, leader_commit=2)
128306.4ms Leader 0 SENDING AppendEntries to vehicle 4 (n_entries=6, leader_commit=2)
128306.4ms Leader 0 SENDING AppendEntries to vehicle 5 (n_entries=6, leader_commit=2)
128306.4ms Leader 0 SENDING AppendEntries to vehicle 6 (n_entries=6, leader_commit=2)
128446.4ms Leader 0 SENDING AppendEntries to vehicle 1 (n_entries=4, leader_commit=2)
128446.4ms Leader 0 SENDING AppendEntries to vehicle 4 (n_entries=6, leader_commit=2)
128446.4ms Leader 0 SENDING AppendEntries to vehicle 5 (n_entries=6, leader_commit=2)
128446.4ms Leader 0 SENDING AppendEntries to vehicle 6 (n_entries=6, leader_commit=2)
128586.4ms Leader 0 SENDING AppendEntries to vehicle 1 (n_entries=4, leader_commit=2)
128586.4ms Leader 0 SENDING AppendEntries to vehicle 4 (n_entries=6, leader_commit=2)
128586.4ms Leader 0 SENDING AppendEntries to vehicle 5 (n_entries=6, leader_commit=2)
128586.4ms Leader 0 SENDING AppendEntries to vehicle 6 (n_entries=6, leader_commit=2)
128726.4ms Leader 0 SENDING AppendEntries to vehicle 1 (n_entries=4, leader_commit=2)
128726.4ms Leader 0 SENDING AppendEntries to vehicle 4 (n_entries=6, leader_commit=2)
128726.4ms Leader 0 SENDING AppendEntries to vehicle 5 (n_entries=6, leader_commit=2)
128726.4ms Leader 0 SENDING AppendEntries to vehicle 6 (n_entries=6, leader_commit=2)
128866.4ms Leader 0 SENDING AppendEntries to vehicle 1 (n_entries=4, leader_commit=2)
128866.4ms Leader 0 SENDING AppendEntries to vehicle 4 (n_entries=6, leader_commit=2)
128866.4ms Leader 0 SENDING AppendEntries to vehicle 5 (n_entries=6, leader_commit=2)
128866.4ms Leader 0 SENDING AppendEntries to vehicle 6 (n_entries=6, leader_commit=2)
129006.4ms Leader 0 SENDING AppendEntries to vehicle 1 (n_entries=4, leader_commit=2)
129006.4ms Leader 0 SENDING AppendEntries to vehicle 4 (n_entries=6, leader_commit=2)
129006.4ms Leader 0 SENDING AppendEntries to vehicle 5 (n_entries=6, leader_commit=2)
129006.4ms Leader 0 SENDING AppendEntries to vehicle 6 (n_entries=6, leader_commit=2)
129146.4ms Leader 0 SENDING AppendEntries to vehicle 1 (n_entries=4, leader_commit=2)
129146.4ms Leader 0 SENDING AppendEntries to vehicle 4 (n_entries=6, leader_commit=2)
129146.4ms Leader 0 SENDING AppendEntries to vehicle 5 (n_entries=6, leader_commit=2)
129146.4ms Leader 0 SENDING AppendEntries to vehicle 6 (n_entries=6, leader_commit=2)
129286.4ms Leader 0 SENDING AppendEntries to vehicle 1 (n_entries=4, leader_commit=2)
129286.4ms Leader 0 SENDING AppendEntries to vehicle 4 (n_entries=6, leader_commit=2)
129286.4ms Leader 0 SENDING AppendEntries to vehicle 5 (n_entries=6, leader_commit=2)
129286.4ms Leader 0 SENDING AppendEntries to vehicle 6 (n_entries=6, leader_commit=2)
129426.4ms Leader 0 SENDING AppendEntries to vehicle 1 (n_entries=4, leader_commit=2)
129426.4ms Leader 0 SENDING AppendEntries to vehicle 4 (n_entries=6, leader_commit=2)
129426.4ms Leader 0 SENDING AppendEntries to vehicle 5 (n_entries=6, leader_commit=2)
129426.4ms Leader 0 SENDING AppendEntries to vehicle 6 (n_entries=6, leader_commit=2)
129566.4ms Leader 0 SENDING AppendEntries to vehicle 1 (n_entries=4, leader_commit=2)
129566.4ms Leader 0 SENDING AppendEntries to vehicle 4 (n_entries=6, leader_commit=2)
129566.4ms Leader 0 SENDING AppendEntries to vehicle 5 (n_entries=6, leader_commit=2)
129566.4ms Leader 0 SENDING AppendEntries to vehicle 6 (n_entries=6, leader_commit=2)
129706.4ms Leader 0 SENDING AppendEntries to vehicle 1 (n_entries=4, leader_commit=2)
129706.4ms Leader 0 SENDING AppendEntries to vehicle 4 (n_entries=6, leader_commit=2)
129706.4ms Leader 0 SENDING AppendEntries to vehicle 5 (n_entries=6, leader_commit=2)
129706.4ms Leader 0 SENDING AppendEntries to vehicle 6 (n_entries=6, leader_commit=2)
129846.4ms Leader 0 SENDING AppendEntries to vehicle 1 (n_entries=4, leader_commit=2)
129846.4ms Leader 0 SENDING AppendEntries to vehicle 4 (n_entries=6, leader_commit=2)
129846.4ms Leader 0 SENDING AppendEntries to vehicle 5 (n_entries=6, leader_commit=2)
129846.4ms Leader 0 SENDING AppendEntries to vehicle 6 (n_entries=6, leader_commit=2)
129986.4ms Leader 0 SENDING AppendEntries to vehicle 1 (n_entries=4, leader_commit=2)
129986.4ms Leader 0 SENDING AppendEntries to vehicle 4 (n_entries=6, leader_commit=2)
129986.4ms Leader 0 SENDING AppendEntries to vehicle 5 (n_entries=6, leader_commit=2)
129986.4ms Leader 0 SENDING AppendEntries to vehicle 6 (n_entries=6, leader_commit=2)
130126.4ms Leader 0 SENDING AppendEntries to vehicle 1 (n_entries=4, leader_commit=2)
130126.4ms Leader 0 SENDING AppendEntries to vehicle 4 (n_entries=6, leader_commit=2)
130126.4ms Leader 0 SENDING AppendEntries to vehicle 5 (n_entries=6, leader_commit=2)
130126.4ms Leader 0 SENDING AppendEntries to vehicle 6 (n_entries=6, leader_commit=2)
130266.4ms Leader 0 SENDING AppendEntries to vehicle 1 (n_entries=4, leader_commit=2)
130266.4ms Leader 0 SENDING AppendEntries to vehicle 4 (n_entries=6, leader_commit=2)
130266.4ms Leader 0 SENDING AppendEntries to vehicle 5 (n_entries=6, leader_commit=2)
130266.4ms Leader 0 SENDING AppendEntries to vehicle 6 (n_entries=6, leader_commit=2)
130406.4ms Leader 0 SENDING AppendEntries to vehicle 1 (n_entries=4, leader_commit=2)
130406.4ms Leader 0 SENDING AppendEntries to vehicle 4 (n_entries=6, leader_commit=2)
130406.4ms Leader 0 SENDING AppendEntries to vehicle 5 (n_entries=6, leader_commit=2)
130406.4ms Leader 0 SENDING AppendEntries to vehicle 6 (n_entries=6, leader_commit=2)
130546.4ms Leader 0 SENDING AppendEntries to vehicle 1 (n_entries=4, leader_commit=2)
130546.4ms Leader 0 SENDING AppendEntries to vehicle 4 (n_entries=6, leader_commit=2)
130546.4ms Leader 0 SENDING AppendEntries to vehicle 5 (n_entries=6, leader_commit=2)
130546.4ms Leader 0 SENDING AppendEntries to vehicle 6 (n_entries=6, leader_commit=2)
130686.4ms Leader 0 SENDING AppendEntries to vehicle 1 (n_entries=4, leader_commit=2)
130686.4ms Leader 0 SENDING AppendEntries to vehicle 4 (n_entries=6, leader_commit=2)
130686.4ms Leader 0 SENDING AppendEntries to vehicle 5 (n_entries=6, leader_commit=2)
130686.4ms Leader 0 SENDING AppendEntries to vehicle 6 (n_entries=6, leader_commit=2)
130826.4ms Leader 0 SENDING AppendEntries to vehicle 1 (n_entries=4, leader_commit=2)
130826.4ms Leader 0 SENDING AppendEntries to vehicle 4 (n_entries=6, leader_commit=2)
130826.4ms Leader 0 SENDING AppendEntries to vehicle 5 (n_entries=6, leader_commit=2)
130826.4ms Leader 0 SENDING AppendEntries to vehicle 6 (n_entries=6, leader_commit=2)
130966.4ms Leader 0 SENDING AppendEntries to vehicle 1 (n_entries=4, leader_commit=2)
130966.4ms Leader 0 SENDING AppendEntries to vehicle 4 (n_entries=6, leader_commit=2)
130966.4ms Leader 0 SENDING AppendEntries to vehicle 5 (n_entries=6, leader_commit=2)
130966.4ms Leader 0 SENDING AppendEntries to vehicle 6 (n_entries=6, leader_commit=2)
131106.4ms Leader 0 SENDING AppendEntries to vehicle 1 (n_entries=4, leader_commit=2)
131106.4ms Leader 0 SENDING AppendEntries to vehicle 4 (n_entries=6, leader_commit=2)
131106.4ms Leader 0 SENDING AppendEntries to vehicle 5 (n_entries=6, leader_commit=2)
131106.4ms Leader 0 SENDING AppendEntries to vehicle 6 (n_entries=6, leader_commit=2)
131246.4ms Leader 0 SENDING AppendEntries to vehicle 1 (n_entries=4, leader_commit=2)
131246.4ms Leader 0 SENDING AppendEntries to vehicle 4 (n_entries=6, leader_commit=2)
131246.4ms Leader 0 SENDING AppendEntries to vehicle 5 (n_entries=6, leader_commit=2)
131246.4ms Leader 0 SENDING AppendEntries to vehicle 6 (n_entries=6, leader_commit=2)
131386.4ms Leader 0 SENDING AppendEntries to vehicle 1 (n_entries=4, leader_commit=2)
131386.4ms Leader 0 SENDING AppendEntries to vehicle 4 (n_entries=6, leader_commit=2)
131386.4ms Leader 0 SENDING AppendEntries to vehicle 5 (n_entries=6, leader_commit=2)
131386.4ms Leader 0 SENDING AppendEntries to vehicle 6 (n_entries=6, leader_commit=2)
131526.4ms Leader 0 SENDING AppendEntries to vehicle 1 (n_entries=4, leader_commit=2)
131526.4ms Leader 0 SENDING AppendEntries to vehicle 4 (n_entries=6, leader_commit=2)
131526.4ms Leader 0 SENDING AppendEntries to vehicle 5 (n_entries=6, leader_commit=2)
131526.4ms Leader 0 SENDING AppendEntries to vehicle 6 (n_entries=6, leader_commit=2)
131666.4ms Leader 0 SENDING AppendEntries to vehicle 1 (n_entries=4, leader_commit=2)
131666.4ms Leader 0 SENDING AppendEntries to vehicle 4 (n_entries=6, leader_commit=2)
131666.4ms Leader 0 SENDING AppendEntries to vehicle 5 (n_entries=6, leader_commit=2)
131666.4ms Leader 0 SENDING AppendEntries to vehicle 6 (n_entries=6, leader_commit=2)
131806.4ms Leader 0 SENDING AppendEntries to vehicle 1 (n_entries=4, leader_commit=2)
131806.4ms Leader 0 SENDING AppendEntries to vehicle 4 (n_entries=6, leader_commit=2)
131806.4ms Leader 0 SENDING AppendEntries to vehicle 5 (n_entries=6, leader_commit=2)
131806.4ms Leader 0 SENDING AppendEntries to vehicle 6 (n_entries=6, leader_commit=2)
131946.4ms Leader 0 SENDING AppendEntries to vehicle 1 (n_entries=4, leader_commit=2)
131946.4ms Leader 0 SENDING AppendEntries to vehicle 4 (n_entries=6, leader_commit=2)
131946.4ms Leader 0 SENDING AppendEntries to vehicle 5 (n_entries=6, leader_commit=2)
131946.4ms Leader 0 SENDING AppendEntries to vehicle 6 (n_entries=6, leader_commit=2)
132086.4ms Leader 0 SENDING AppendEntries to vehicle 1 (n_entries=4, leader_commit=2)
132086.4ms Leader 0 SENDING AppendEntries to vehicle 4 (n_entries=6, leader_commit=2)
132086.4ms Leader 0 SENDING AppendEntries to vehicle 5 (n_entries=6, leader_commit=2)
132086.4ms Leader 0 SENDING AppendEntries to vehicle 6 (n_entries=6, leader_commit=2)
132226.4ms Leader 0 SENDING AppendEntries to vehicle 1 (n_entries=4, leader_commit=2)
132226.4ms Leader 0 SENDING AppendEntries to vehicle 4 (n_entries=6, leader_commit=2)
132226.4ms Leader 0 SENDING AppendEntries to vehicle 5 (n_entries=6, leader_commit=2)
132226.4ms Leader 0 SENDING AppendEntries to vehicle 6 (n_entries=6, leader_commit=2)
132366.4ms Leader 0 SENDING AppendEntries to vehicle 1 (n_entries=4, leader_commit=2)
132366.4ms Leader 0 SENDING AppendEntries to vehicle 4 (n_entries=6, leader_commit=2)
132366.4ms Leader 0 SENDING AppendEntries to vehicle 5 (n_entries=6, leader_commit=2)
132366.4ms Leader 0 SENDING AppendEntries to vehicle 6 (n_entries=6, leader_commit=2)
132506.4ms Leader 0 SENDING AppendEntries to vehicle 1 (n_entries=4, leader_commit=2)
132506.4ms Leader 0 SENDING AppendEntries to vehicle 4 (n_entries=6, leader_commit=2)
132506.4ms Leader 0 SENDING AppendEntries to vehicle 5 (n_entries=6, leader_commit=2)
132506.4ms Leader 0 SENDING AppendEntries to vehicle 6 (n_entries=6, leader_commit=2)
132646.4ms Leader 0 SENDING AppendEntries to vehicle 1 (n_entries=4, leader_commit=2)
132646.4ms Leader 0 SENDING AppendEntries to vehicle 4 (n_entries=6, leader_commit=2)
132646.4ms Leader 0 SENDING AppendEntries to vehicle 5 (n_entries=6, leader_commit=2)
132646.4ms Leader 0 SENDING AppendEntries to vehicle 6 (n_entries=6, leader_commit=2)
132786.4ms Leader 0 SENDING AppendEntries to vehicle 1 (n_entries=4, leader_commit=2)
132786.4ms Leader 0 SENDING AppendEntries to vehicle 4 (n_entries=6, leader_commit=2)
132786.4ms Leader 0 SENDING AppendEntries to vehicle 5 (n_entries=6, leader_commit=2)
132786.4ms Leader 0 SENDING AppendEntries to vehicle 6 (n_entries=6, leader_commit=2)
132926.4ms Leader 0 SENDING AppendEntries to vehicle 1 (n_entries=4, leader_commit=2)
132926.4ms Leader 0 SENDING AppendEntries to vehicle 4 (n_entries=6, leader_commit=2)
132926.4ms Leader 0 SENDING AppendEntries to vehicle 5 (n_entries=6, leader_commit=2)
132926.4ms Leader 0 SENDING AppendEntries to vehicle 6 (n_entries=6, leader_commit=2)
133066.4ms Leader 0 SENDING AppendEntries to vehicle 1 (n_entries=4, leader_commit=2)
133066.4ms Leader 0 SENDING AppendEntries to vehicle 4 (n_entries=6, leader_commit=2)
133066.4ms Leader 0 SENDING AppendEntries to vehicle 5 (n_entries=6, leader_commit=2)
133066.4ms Leader 0 SENDING AppendEntries to vehicle 6 (n_entries=6, leader_commit=2)
133206.4ms Leader 0 SENDING AppendEntries to vehicle 1 (n_entries=4, leader_commit=2)
133206.4ms Leader 0 SENDING AppendEntries to vehicle 4 (n_entries=6, leader_commit=2)
133206.4ms Leader 0 SENDING AppendEntries to vehicle 5 (n_entries=6, leader_commit=2)
133206.4ms Leader 0 SENDING AppendEntries to vehicle 6 (n_entries=6, leader_commit=2)
133346.4ms Leader 0 SENDING AppendEntries to vehicle 1 (n_entries=4, leader_commit=2)
133346.4ms Leader 0 SENDING AppendEntries to vehicle 4 (n_entries=6, leader_commit=2)
133346.4ms Leader 0 SENDING AppendEntries to vehicle 5 (n_entries=6, leader_commit=2)
133346.4ms Leader 0 SENDING AppendEntries to vehicle 6 (n_entries=6, leader_commit=2)
133486.4ms Leader 0 SENDING AppendEntries to vehicle 1 (n_entries=4, leader_commit=2)
133486.4ms Leader 0 SENDING AppendEntries to vehicle 4 (n_entries=6, leader_commit=2)
133486.4ms Leader 0 SENDING AppendEntries to vehicle 5 (n_entries=6, leader_commit=2)
133486.4ms Leader 0 SENDING AppendEntries to vehicle 6 (n_entries=6, leader_commit=2)
133626.4ms Leader 0 SENDING AppendEntries to vehicle 1 (n_entries=4, leader_commit=2)
133626.4ms Leader 0 SENDING AppendEntries to vehicle 4 (n_entries=6, leader_commit=2)
133626.4ms Leader 0 SENDING AppendEntries to vehicle 5 (n_entries=6, leader_commit=2)
133626.4ms Leader 0 SENDING AppendEntries to vehicle 6 (n_entries=6, leader_commit=2)
133766.4ms Leader 0 SENDING AppendEntries to vehicle 1 (n_entries=4, leader_commit=2)
133766.4ms Leader 0 SENDING AppendEntries to vehicle 4 (n_entries=6, leader_commit=2)
133766.4ms Leader 0 SENDING AppendEntries to vehicle 5 (n_entries=6, leader_commit=2)
133766.4ms Leader 0 SENDING AppendEntries to vehicle 6 (n_entries=6, leader_commit=2)
133906.4ms Leader 0 SENDING AppendEntries to vehicle 1 (n_entries=4, leader_commit=2)
133906.4ms Leader 0 SENDING AppendEntries to vehicle 4 (n_entries=6, leader_commit=2)
133906.4ms Leader 0 SENDING AppendEntries to vehicle 5 (n_entries=6, leader_commit=2)
133906.4ms Leader 0 SENDING AppendEntries to vehicle 6 (n_entries=6, leader_commit=2)
134046.4ms Leader 0 SENDING AppendEntries to vehicle 1 (n_entries=4, leader_commit=2)
134046.4ms Leader 0 SENDING AppendEntries to vehicle 4 (n_entries=6, leader_commit=2)
134046.4ms Leader 0 SENDING AppendEntries to vehicle 5 (n_entries=6, leader_commit=2)
134046.4ms Leader 0 SENDING AppendEntries to vehicle 6 (n_entries=6, leader_commit=2)
134186.4ms Leader 0 SENDING AppendEntries to vehicle 1 (n_entries=4, leader_commit=2)
134186.4ms Leader 0 SENDING AppendEntries to vehicle 4 (n_entries=6, leader_commit=2)
134186.4ms Leader 0 SENDING AppendEntries to vehicle 5 (n_entries=6, leader_commit=2)
134186.4ms Leader 0 SENDING AppendEntries to vehicle 6 (n_entries=6, leader_commit=2)
134326.4ms Leader 0 SENDING AppendEntries to vehicle 1 (n_entries=4, leader_commit=2)
134326.4ms Leader 0 SENDING AppendEntries to vehicle 4 (n_entries=6, leader_commit=2)
134326.4ms Leader 0 SENDING AppendEntries to vehicle 5 (n_entries=6, leader_commit=2)
134326.4ms Leader 0 SENDING AppendEntries to vehicle 6 (n_entries=6, leader_commit=2)
134466.4ms Leader 0 SENDING AppendEntries to vehicle 1 (n_entries=4, leader_commit=2)
134466.4ms Leader 0 SENDING AppendEntries to vehicle 4 (n_entries=6, leader_commit=2)
134466.4ms Leader 0 SENDING AppendEntries to vehicle 5 (n_entries=6, leader_commit=2)
134466.4ms Leader 0 SENDING AppendEntries to vehicle 6 (n_entries=6, leader_commit=2)
134606.4ms Leader 0 SENDING AppendEntries to vehicle 1 (n_entries=4, leader_commit=2)
134606.4ms Leader 0 SENDING AppendEntries to vehicle 4 (n_entries=6, leader_commit=2)
134606.4ms Leader 0 SENDING AppendEntries to vehicle 5 (n_entries=6, leader_commit=2)
134606.4ms Leader 0 SENDING AppendEntries to vehicle 6 (n_entries=6, leader_commit=2)
134746.4ms Leader 0 SENDING AppendEntries to vehicle 1 (n_entries=4, leader_commit=2)
134746.4ms Leader 0 SENDING AppendEntries to vehicle 4 (n_entries=6, leader_commit=2)
134746.4ms Leader 0 SENDING AppendEntries to vehicle 5 (n_entries=6, leader_commit=2)
134746.4ms Leader 0 SENDING AppendEntries to vehicle 6 (n_entries=6, leader_commit=2)
134886.4ms Leader 0 SENDING AppendEntries to vehicle 1 (n_entries=4, leader_commit=2)
134886.4ms Leader 0 SENDING AppendEntries to vehicle 4 (n_entries=6, leader_commit=2)
134886.4ms Leader 0 SENDING AppendEntries to vehicle 5 (n_entries=6, leader_commit=2)
134886.4ms Leader 0 SENDING AppendEntries to vehicle 6 (n_entries=6, leader_commit=2)
135026.4ms Leader 0 SENDING AppendEntries to vehicle 1 (n_entries=4, leader_commit=2)
135026.4ms Leader 0 SENDING AppendEntries to vehicle 4 (n_entries=6, leader_commit=2)
135026.4ms Leader 0 SENDING AppendEntries to vehicle 5 (n_entries=6, leader_commit=2)
135026.4ms Leader 0 SENDING AppendEntries to vehicle 6 (n_entries=6, leader_commit=2)
135166.4ms Leader 0 SENDING AppendEntries to vehicle 1 (n_entries=4, leader_commit=2)
135166.4ms Leader 0 SENDING AppendEntries to vehicle 4 (n_entries=6, leader_commit=2)
135166.4ms Leader 0 SENDING AppendEntries to vehicle 5 (n_entries=6, leader_commit=2)
135166.4ms Leader 0 SENDING AppendEntries to vehicle 6 (n_entries=6, leader_commit=2)
135306.4ms Leader 0 SENDING AppendEntries to vehicle 1 (n_entries=4, leader_commit=2)
135306.4ms Leader 0 SENDING AppendEntries to vehicle 4 (n_entries=6, leader_commit=2)
135306.4ms Leader 0 SENDING AppendEntries to vehicle 5 (n_entries=6, leader_commit=2)
135306.4ms Leader 0 SENDING AppendEntries to vehicle 6 (n_entries=6, leader_commit=2)
135446.4ms Leader 0 SENDING AppendEntries to vehicle 1 (n_entries=4, leader_commit=2)
135446.4ms Leader 0 SENDING AppendEntries to vehicle 4 (n_entries=6, leader_commit=2)
135446.4ms Leader 0 SENDING AppendEntries to vehicle 5 (n_entries=6, leader_commit=2)
135446.4ms Leader 0 SENDING AppendEntries to vehicle 6 (n_entries=6, leader_commit=2)
135586.4ms Leader 0 SENDING AppendEntries to vehicle 1 (n_entries=4, leader_commit=2)
135586.4ms Leader 0 SENDING AppendEntries to vehicle 4 (n_entries=6, leader_commit=2)
135586.4ms Leader 0 SENDING AppendEntries to vehicle 5 (n_entries=6, leader_commit=2)
135586.4ms Leader 0 SENDING AppendEntries to vehicle 6 (n_entries=6, leader_commit=2)
135726.4ms Leader 0 SENDING AppendEntries to vehicle 1 (n_entries=4, leader_commit=2)
135726.4ms Leader 0 SENDING AppendEntries to vehicle 4 (n_entries=6, leader_commit=2)
135726.4ms Leader 0 SENDING AppendEntries to vehicle 5 (n_entries=6, leader_commit=2)
135726.4ms Leader 0 SENDING AppendEntries to vehicle 6 (n_entries=6, leader_commit=2)
135866.4ms Leader 0 SENDING AppendEntries to vehicle 1 (n_entries=4, leader_commit=2)
135866.4ms Leader 0 SENDING AppendEntries to vehicle 4 (n_entries=6, leader_commit=2)
135866.4ms Leader 0 SENDING AppendEntries to vehicle 5 (n_entries=6, leader_commit=2)
135866.4ms Leader 0 SENDING AppendEntries to vehicle 6 (n_entries=6, leader_commit=2)
136006.4ms Leader 0 SENDING AppendEntries to vehicle 1 (n_entries=4, leader_commit=2)
136006.4ms Leader 0 SENDING AppendEntries to vehicle 4 (n_entries=6, leader_commit=2)
136006.4ms Leader 0 SENDING AppendEntries to vehicle 5 (n_entries=6, leader_commit=2)
136006.4ms Leader 0 SENDING AppendEntries to vehicle 6 (n_entries=6, leader_commit=2)
136146.4ms Leader 0 SENDING AppendEntries to vehicle 1 (n_entries=4, leader_commit=2)
136146.4ms Leader 0 SENDING AppendEntries to vehicle 4 (n_entries=6, leader_commit=2)
136146.4ms Leader 0 SENDING AppendEntries to vehicle 5 (n_entries=6, leader_commit=2)
136146.4ms Leader 0 SENDING AppendEntries to vehicle 6 (n_entries=6, leader_commit=2)
136286.4ms Leader 0 SENDING AppendEntries to vehicle 1 (n_entries=4, leader_commit=2)
136286.4ms Leader 0 SENDING AppendEntries to vehicle 4 (n_entries=6, leader_commit=2)
136286.4ms Leader 0 SENDING AppendEntries to vehicle 5 (n_entries=6, leader_commit=2)
136286.4ms Leader 0 SENDING AppendEntries to vehicle 6 (n_entries=6, leader_commit=2)
136426.4ms Leader 0 SENDING AppendEntries to vehicle 1 (n_entries=4, leader_commit=2)
136426.4ms Leader 0 SENDING AppendEntries to vehicle 4 (n_entries=6, leader_commit=2)
136426.4ms Leader 0 SENDING AppendEntries to vehicle 5 (n_entries=6, leader_commit=2)
136426.4ms Leader 0 SENDING AppendEntries to vehicle 6 (n_entries=6, leader_commit=2)
136566.4ms Leader 0 SENDING AppendEntries to vehicle 1 (n_entries=4, leader_commit=2)
136566.4ms Leader 0 SENDING AppendEntries to vehicle 4 (n_entries=6, leader_commit=2)
136566.4ms Leader 0 SENDING AppendEntries to vehicle 5 (n_entries=6, leader_commit=2)
136566.4ms Leader 0 SENDING AppendEntries to vehicle 6 (n_entries=6, leader_commit=2)
136706.4ms Leader 0 SENDING AppendEntries to vehicle 1 (n_entries=4, leader_commit=2)
136706.4ms Leader 0 SENDING AppendEntries to vehicle 4 (n_entries=6, leader_commit=2)
136706.4ms Leader 0 SENDING AppendEntries to vehicle 5 (n_entries=6, leader_commit=2)
136706.4ms Leader 0 SENDING AppendEntries to vehicle 6 (n_entries=6, leader_commit=2)
136846.4ms Leader 0 SENDING AppendEntries to vehicle 1 (n_entries=4, leader_commit=2)
136846.4ms Leader 0 SENDING AppendEntries to vehicle 4 (n_entries=6, leader_commit=2)
136846.4ms Leader 0 SENDING AppendEntries to vehicle 5 (n_entries=6, leader_commit=2)
136846.4ms Leader 0 SENDING AppendEntries to vehicle 6 (n_entries=6, leader_commit=2)
136986.4ms Leader 0 SENDING AppendEntries to vehicle 1 (n_entries=4, leader_commit=2)
136986.4ms Leader 0 SENDING AppendEntries to vehicle 4 (n_entries=6, leader_commit=2)
136986.4ms Leader 0 SENDING AppendEntries to vehicle 5 (n_entries=6, leader_commit=2)
136986.4ms Leader 0 SENDING AppendEntries to vehicle 6 (n_entries=6, leader_commit=2)
137126.4ms Leader 0 SENDING AppendEntries to vehicle 1 (n_entries=4, leader_commit=2)
137126.4ms Leader 0 SENDING AppendEntries to vehicle 4 (n_entries=6, leader_commit=2)
137126.4ms Leader 0 SENDING AppendEntries to vehicle 5 (n_entries=6, leader_commit=2)
137126.4ms Leader 0 SENDING AppendEntries to vehicle 6 (n_entries=6, leader_commit=2)
137266.4ms Leader 0 SENDING AppendEntries to vehicle 1 (n_entries=4, leader_commit=2)
137266.4ms Leader 0 SENDING AppendEntries to vehicle 4 (n_entries=6, leader_commit=2)
137266.4ms Leader 0 SENDING AppendEntries to vehicle 5 (n_entries=6, leader_commit=2)
137266.4ms Leader 0 SENDING AppendEntries to vehicle 6 (n_entries=6, leader_commit=2)
137406.4ms Leader 0 SENDING AppendEntries to vehicle 1 (n_entries=4, leader_commit=2)
137406.4ms Leader 0 SENDING AppendEntries to vehicle 4 (n_entries=6, leader_commit=2)
137406.4ms Leader 0 SENDING AppendEntries to vehicle 5 (n_entries=6, leader_commit=2)
137406.4ms Leader 0 SENDING AppendEntries to vehicle 6 (n_entries=6, leader_commit=2)
137546.4ms Leader 0 SENDING AppendEntries to vehicle 1 (n_entries=4, leader_commit=2)
137546.4ms Leader 0 SENDING AppendEntries to vehicle 4 (n_entries=6, leader_commit=2)
137546.4ms Leader 0 SENDING AppendEntries to vehicle 5 (n_entries=6, leader_commit=2)
137546.4ms Leader 0 SENDING AppendEntries to vehicle 6 (n_entries=6, leader_commit=2)
137686.4ms Leader 0 SENDING AppendEntries to vehicle 1 (n_entries=4, leader_commit=2)
137686.4ms Leader 0 SENDING AppendEntries to vehicle 4 (n_entries=6, leader_commit=2)
137686.4ms Leader 0 SENDING AppendEntries to vehicle 5 (n_entries=6, leader_commit=2)
137686.4ms Leader 0 SENDING AppendEntries to vehicle 6 (n_entries=6, leader_commit=2)
137826.4ms Leader 0 SENDING AppendEntries to vehicle 1 (n_entries=4, leader_commit=2)
137826.4ms Leader 0 SENDING AppendEntries to vehicle 4 (n_entries=6, leader_commit=2)
137826.4ms Leader 0 SENDING AppendEntries to vehicle 5 (n_entries=6, leader_commit=2)
137826.4ms Leader 0 SENDING AppendEntries to vehicle 6 (n_entries=6, leader_commit=2)
137966.4ms Leader 0 SENDING AppendEntries to vehicle 1 (n_entries=4, leader_commit=2)
137966.4ms Leader 0 SENDING AppendEntries to vehicle 4 (n_entries=6, leader_commit=2)
137966.4ms Leader 0 SENDING AppendEntries to vehicle 5 (n_entries=6, leader_commit=2)
137966.4ms Leader 0 SENDING AppendEntries to vehicle 6 (n_entries=6, leader_commit=2)
138106.4ms Leader 0 SENDING AppendEntries to vehicle 1 (n_entries=4, leader_commit=2)
138106.4ms Leader 0 SENDING AppendEntries to vehicle 4 (n_entries=6, leader_commit=2)
138106.4ms Leader 0 SENDING AppendEntries to vehicle 5 (n_entries=6, leader_commit=2)
138106.4ms Leader 0 SENDING AppendEntries to vehicle 6 (n_entries=6, leader_commit=2)
138246.4ms Leader 0 SENDING AppendEntries to vehicle 1 (n_entries=4, leader_commit=2)
138246.4ms Leader 0 SENDING AppendEntries to vehicle 4 (n_entries=6, leader_commit=2)
138246.4ms Leader 0 SENDING AppendEntries to vehicle 5 (n_entries=6, leader_commit=2)
138246.4ms Leader 0 SENDING AppendEntries to vehicle 6 (n_entries=6, leader_commit=2)
138386.4ms Leader 0 SENDING AppendEntries to vehicle 1 (n_entries=4, leader_commit=2)
138386.4ms Leader 0 SENDING AppendEntries to vehicle 4 (n_entries=6, leader_commit=2)
138386.4ms Leader 0 SENDING AppendEntries to vehicle 5 (n_entries=6, leader_commit=2)
138386.4ms Leader 0 SENDING AppendEntries to vehicle 6 (n_entries=6, leader_commit=2)
138526.4ms Leader 0 SENDING AppendEntries to vehicle 1 (n_entries=4, leader_commit=2)
138526.4ms Leader 0 SENDING AppendEntries to vehicle 4 (n_entries=6, leader_commit=2)
138526.4ms Leader 0 SENDING AppendEntries to vehicle 5 (n_entries=6, leader_commit=2)
138526.4ms Leader 0 SENDING AppendEntries to vehicle 6 (n_entries=6, leader_commit=2)
138666.4ms Leader 0 SENDING AppendEntries to vehicle 1 (n_entries=4, leader_commit=2)
138666.4ms Leader 0 SENDING AppendEntries to vehicle 4 (n_entries=6, leader_commit=2)
138666.4ms Leader 0 SENDING AppendEntries to vehicle 5 (n_entries=6, leader_commit=2)
138666.4ms Leader 0 SENDING AppendEntries to vehicle 6 (n_entries=6, leader_commit=2)
138806.4ms Leader 0 SENDING AppendEntries to vehicle 1 (n_entries=4, leader_commit=2)
138806.4ms Leader 0 SENDING AppendEntries to vehicle 4 (n_entries=6, leader_commit=2)
138806.4ms Leader 0 SENDING AppendEntries to vehicle 5 (n_entries=6, leader_commit=2)
138806.4ms Leader 0 SENDING AppendEntries to vehicle 6 (n_entries=6, leader_commit=2)
138946.4ms Leader 0 SENDING AppendEntries to vehicle 1 (n_entries=4, leader_commit=2)
138946.4ms Leader 0 SENDING AppendEntries to vehicle 4 (n_entries=6, leader_commit=2)
138946.4ms Leader 0 SENDING AppendEntries to vehicle 5 (n_entries=6, leader_commit=2)
138946.4ms Leader 0 SENDING AppendEntries to vehicle 6 (n_entries=6, leader_commit=2)
139086.4ms Leader 0 SENDING AppendEntries to vehicle 1 (n_entries=4, leader_commit=2)
139086.4ms Leader 0 SENDING AppendEntries to vehicle 4 (n_entries=6, leader_commit=2)
139086.4ms Leader 0 SENDING AppendEntries to vehicle 5 (n_entries=6, leader_commit=2)
139086.4ms Leader 0 SENDING AppendEntries to vehicle 6 (n_entries=6, leader_commit=2)
139226.4ms Leader 0 SENDING AppendEntries to vehicle 1 (n_entries=4, leader_commit=2)
139226.4ms Leader 0 SENDING AppendEntries to vehicle 4 (n_entries=6, leader_commit=2)
139226.4ms Leader 0 SENDING AppendEntries to vehicle 5 (n_entries=6, leader_commit=2)
139226.4ms Leader 0 SENDING AppendEntries to vehicle 6 (n_entries=6, leader_commit=2)
139366.4ms Leader 0 SENDING AppendEntries to vehicle 1 (n_entries=4, leader_commit=2)
139366.4ms Leader 0 SENDING AppendEntries to vehicle 4 (n_entries=6, leader_commit=2)
139366.4ms Leader 0 SENDING AppendEntries to vehicle 5 (n_entries=6, leader_commit=2)
139366.4ms Leader 0 SENDING AppendEntries to vehicle 6 (n_entries=6, leader_commit=2)
139506.4ms Leader 0 SENDING AppendEntries to vehicle 1 (n_entries=4, leader_commit=2)
139506.4ms Leader 0 SENDING AppendEntries to vehicle 4 (n_entries=6, leader_commit=2)
139506.4ms Leader 0 SENDING AppendEntries to vehicle 5 (n_entries=6, leader_commit=2)
139506.4ms Leader 0 SENDING AppendEntries to vehicle 6 (n_entries=6, leader_commit=2)
139646.4ms Leader 0 SENDING AppendEntries to vehicle 1 (n_entries=4, leader_commit=2)
139646.4ms Leader 0 SENDING AppendEntries to vehicle 4 (n_entries=6, leader_commit=2)
139646.4ms Leader 0 SENDING AppendEntries to vehicle 5 (n_entries=6, leader_commit=2)
139646.4ms Leader 0 SENDING AppendEntries to vehicle 6 (n_entries=6, leader_commit=2)
139786.4ms Leader 0 SENDING AppendEntries to vehicle 1 (n_entries=4, leader_commit=2)
139786.4ms Leader 0 SENDING AppendEntries to vehicle 4 (n_entries=6, leader_commit=2)
139786.4ms Leader 0 SENDING AppendEntries to vehicle 5 (n_entries=6, leader_commit=2)
139786.4ms Leader 0 SENDING AppendEntries to vehicle 6 (n_entries=6, leader_commit=2)
139926.4ms Leader 0 SENDING AppendEntries to vehicle 1 (n_entries=4, leader_commit=2)
139926.4ms Leader 0 SENDING AppendEntries to vehicle 4 (n_entries=6, leader_commit=2)
139926.4ms Leader 0 SENDING AppendEntries to vehicle 5 (n_entries=6, leader_commit=2)
139926.4ms Leader 0 SENDING AppendEntries to vehicle 6 (n_entries=6, leader_commit=2)
140066.4ms Leader 0 SENDING AppendEntries to vehicle 1 (n_entries=4, leader_commit=2)
140066.4ms Leader 0 SENDING AppendEntries to vehicle 4 (n_entries=6, leader_commit=2)
140066.4ms Leader 0 SENDING AppendEntries to vehicle 5 (n_entries=6, leader_commit=2)
140066.4ms Leader 0 SENDING AppendEntries to vehicle 6 (n_entries=6, leader_commit=2)
140206.4ms Leader 0 SENDING AppendEntries to vehicle 1 (n_entries=4, leader_commit=2)
140206.4ms Leader 0 SENDING AppendEntries to vehicle 4 (n_entries=6, leader_commit=2)
140206.4ms Leader 0 SENDING AppendEntries to vehicle 5 (n_entries=6, leader_commit=2)
140206.4ms Leader 0 SENDING AppendEntries to vehicle 6 (n_entries=6, leader_commit=2)
140346.4ms Leader 0 SENDING AppendEntries to vehicle 1 (n_entries=4, leader_commit=2)
140346.4ms Leader 0 SENDING AppendEntries to vehicle 4 (n_entries=6, leader_commit=2)
140346.4ms Leader 0 SENDING AppendEntries to vehicle 5 (n_entries=6, leader_commit=2)
140346.4ms Leader 0 SENDING AppendEntries to vehicle 6 (n_entries=6, leader_commit=2)
140486.4ms Leader 0 SENDING AppendEntries to vehicle 1 (n_entries=4, leader_commit=2)
140486.4ms Leader 0 SENDING AppendEntries to vehicle 4 (n_entries=6, leader_commit=2)
140486.4ms Leader 0 SENDING AppendEntries to vehicle 5 (n_entries=6, leader_commit=2)
140486.4ms Leader 0 SENDING AppendEntries to vehicle 6 (n_entries=6, leader_commit=2)
140626.4ms Leader 0 SENDING AppendEntries to vehicle 1 (n_entries=4, leader_commit=2)
140626.4ms Leader 0 SENDING AppendEntries to vehicle 4 (n_entries=6, leader_commit=2)
140626.4ms Leader 0 SENDING AppendEntries to vehicle 5 (n_entries=6, leader_commit=2)
140626.4ms Leader 0 SENDING AppendEntries to vehicle 6 (n_entries=6, leader_commit=2)
140766.4ms Leader 0 SENDING AppendEntries to vehicle 1 (n_entries=4, leader_commit=2)
140766.4ms Leader 0 SENDING AppendEntries to vehicle 4 (n_entries=6, leader_commit=2)
140766.4ms Leader 0 SENDING AppendEntries to vehicle 5 (n_entries=6, leader_commit=2)
140766.4ms Leader 0 SENDING AppendEntries to vehicle 6 (n_entries=6, leader_commit=2)
140906.4ms Leader 0 SENDING AppendEntries to vehicle 1 (n_entries=4, leader_commit=2)
140906.4ms Leader 0 SENDING AppendEntries to vehicle 4 (n_entries=6, leader_commit=2)
140906.4ms Leader 0 SENDING AppendEntries to vehicle 5 (n_entries=6, leader_commit=2)
140906.4ms Leader 0 SENDING AppendEntries to vehicle 6 (n_entries=6, leader_commit=2)
141046.4ms Leader 0 SENDING AppendEntries to vehicle 1 (n_entries=4, leader_commit=2)
141046.4ms Leader 0 SENDING AppendEntries to vehicle 4 (n_entries=6, leader_commit=2)
141046.4ms Leader 0 SENDING AppendEntries to vehicle 5 (n_entries=6, leader_commit=2)
141046.4ms Leader 0 SENDING AppendEntries to vehicle 6 (n_entries=6, leader_commit=2)
141186.4ms Leader 0 SENDING AppendEntries to vehicle 1 (n_entries=4, leader_commit=2)
141186.4ms Leader 0 SENDING AppendEntries to vehicle 4 (n_entries=6, leader_commit=2)
141186.4ms Leader 0 SENDING AppendEntries to vehicle 5 (n_entries=6, leader_commit=2)
141186.4ms Leader 0 SENDING AppendEntries to vehicle 6 (n_entries=6, leader_commit=2)
141326.4ms Leader 0 SENDING AppendEntries to vehicle 1 (n_entries=4, leader_commit=2)
141326.4ms Leader 0 SENDING AppendEntries to vehicle 4 (n_entries=6, leader_commit=2)
141326.4ms Leader 0 SENDING AppendEntries to vehicle 5 (n_entries=6, leader_commit=2)
141326.4ms Leader 0 SENDING AppendEntries to vehicle 6 (n_entries=6, leader_commit=2)
141466.4ms Leader 0 SENDING AppendEntries to vehicle 1 (n_entries=4, leader_commit=2)
141466.4ms Leader 0 SENDING AppendEntries to vehicle 4 (n_entries=6, leader_commit=2)
141466.4ms Leader 0 SENDING AppendEntries to vehicle 5 (n_entries=6, leader_commit=2)
141466.4ms Leader 0 SENDING AppendEntries to vehicle 6 (n_entries=6, leader_commit=2)
141606.4ms Leader 0 SENDING AppendEntries to vehicle 1 (n_entries=4, leader_commit=2)
141606.4ms Leader 0 SENDING AppendEntries to vehicle 4 (n_entries=6, leader_commit=2)
141606.4ms Leader 0 SENDING AppendEntries to vehicle 5 (n_entries=6, leader_commit=2)
141606.4ms Leader 0 SENDING AppendEntries to vehicle 6 (n_entries=6, leader_commit=2)
141746.4ms Leader 0 SENDING AppendEntries to vehicle 1 (n_entries=4, leader_commit=2)
141746.4ms Leader 0 SENDING AppendEntries to vehicle 4 (n_entries=6, leader_commit=2)
141746.4ms Leader 0 SENDING AppendEntries to vehicle 5 (n_entries=6, leader_commit=2)
141746.4ms Leader 0 SENDING AppendEntries to vehicle 6 (n_entries=6, leader_commit=2)
141886.4ms Leader 0 SENDING AppendEntries to vehicle 1 (n_entries=4, leader_commit=2)
141886.4ms Leader 0 SENDING AppendEntries to vehicle 4 (n_entries=6, leader_commit=2)
141886.4ms Leader 0 SENDING AppendEntries to vehicle 5 (n_entries=6, leader_commit=2)
141886.4ms Leader 0 SENDING AppendEntries to vehicle 6 (n_entries=6, leader_commit=2)
142026.4ms Leader 0 SENDING AppendEntries to vehicle 1 (n_entries=4, leader_commit=2)
142026.4ms Leader 0 SENDING AppendEntries to vehicle 4 (n_entries=6, leader_commit=2)
142026.4ms Leader 0 SENDING AppendEntries to vehicle 5 (n_entries=6, leader_commit=2)
142026.4ms Leader 0 SENDING AppendEntries to vehicle 6 (n_entries=6, leader_commit=2)
142166.4ms Leader 0 SENDING AppendEntries to vehicle 1 (n_entries=4, leader_commit=2)
142166.4ms Leader 0 SENDING AppendEntries to vehicle 4 (n_entries=6, leader_commit=2)
142166.4ms Leader 0 SENDING AppendEntries to vehicle 5 (n_entries=6, leader_commit=2)
142166.4ms Leader 0 SENDING AppendEntries to vehicle 6 (n_entries=6, leader_commit=2)
142306.4ms Leader 0 SENDING AppendEntries to vehicle 1 (n_entries=4, leader_commit=2)
142306.4ms Leader 0 SENDING AppendEntries to vehicle 4 (n_entries=6, leader_commit=2)
142306.4ms Leader 0 SENDING AppendEntries to vehicle 5 (n_entries=6, leader_commit=2)
142306.4ms Leader 0 SENDING AppendEntries to vehicle 6 (n_entries=6, leader_commit=2)
142446.4ms Leader 0 SENDING AppendEntries to vehicle 1 (n_entries=4, leader_commit=2)
142446.4ms Leader 0 SENDING AppendEntries to vehicle 4 (n_entries=6, leader_commit=2)
142446.4ms Leader 0 SENDING AppendEntries to vehicle 5 (n_entries=6, leader_commit=2)
142446.4ms Leader 0 SENDING AppendEntries to vehicle 6 (n_entries=6, leader_commit=2)
142586.4ms Leader 0 SENDING AppendEntries to vehicle 1 (n_entries=4, leader_commit=2)
142586.4ms Leader 0 SENDING AppendEntries to vehicle 4 (n_entries=6, leader_commit=2)
142586.4ms Leader 0 SENDING AppendEntries to vehicle 5 (n_entries=6, leader_commit=2)
142586.4ms Leader 0 SENDING AppendEntries to vehicle 6 (n_entries=6, leader_commit=2)
142726.4ms Leader 0 SENDING AppendEntries to vehicle 1 (n_entries=4, leader_commit=2)
142726.4ms Leader 0 SENDING AppendEntries to vehicle 4 (n_entries=6, leader_commit=2)
142726.4ms Leader 0 SENDING AppendEntries to vehicle 5 (n_entries=6, leader_commit=2)
142726.4ms Leader 0 SENDING AppendEntries to vehicle 6 (n_entries=6, leader_commit=2)
142866.4ms Leader 0 SENDING AppendEntries to vehicle 1 (n_entries=4, leader_commit=2)
142866.4ms Leader 0 SENDING AppendEntries to vehicle 4 (n_entries=6, leader_commit=2)
142866.4ms Leader 0 SENDING AppendEntries to vehicle 5 (n_entries=6, leader_commit=2)
142866.4ms Leader 0 SENDING AppendEntries to vehicle 6 (n_entries=6, leader_commit=2)
143006.4ms Leader 0 SENDING AppendEntries to vehicle 1 (n_entries=4, leader_commit=2)
143006.4ms Leader 0 SENDING AppendEntries to vehicle 4 (n_entries=6, leader_commit=2)
143006.4ms Leader 0 SENDING AppendEntries to vehicle 5 (n_entries=6, leader_commit=2)
143006.4ms Leader 0 SENDING AppendEntries to vehicle 6 (n_entries=6, leader_commit=2)
143146.4ms Leader 0 SENDING AppendEntries to vehicle 1 (n_entries=4, leader_commit=2)
143146.4ms Leader 0 SENDING AppendEntries to vehicle 4 (n_entries=6, leader_commit=2)
143146.4ms Leader 0 SENDING AppendEntries to vehicle 5 (n_entries=6, leader_commit=2)
143146.4ms Leader 0 SENDING AppendEntries to vehicle 6 (n_entries=6, leader_commit=2)
143286.4ms Leader 0 SENDING AppendEntries to vehicle 1 (n_entries=4, leader_commit=2)
143286.4ms Leader 0 SENDING AppendEntries to vehicle 4 (n_entries=6, leader_commit=2)
143286.4ms Leader 0 SENDING AppendEntries to vehicle 5 (n_entries=6, leader_commit=2)
143286.4ms Leader 0 SENDING AppendEntries to vehicle 6 (n_entries=6, leader_commit=2)
143426.4ms Leader 0 SENDING AppendEntries to vehicle 1 (n_entries=4, leader_commit=2)
143426.4ms Leader 0 SENDING AppendEntries to vehicle 4 (n_entries=6, leader_commit=2)
143426.4ms Leader 0 SENDING AppendEntries to vehicle 5 (n_entries=6, leader_commit=2)
143426.4ms Leader 0 SENDING AppendEntries to vehicle 6 (n_entries=6, leader_commit=2)
143566.4ms Leader 0 SENDING AppendEntries to vehicle 1 (n_entries=4, leader_commit=2)
143566.4ms Leader 0 SENDING AppendEntries to vehicle 4 (n_entries=6, leader_commit=2)
143566.4ms Leader 0 SENDING AppendEntries to vehicle 5 (n_entries=6, leader_commit=2)
143566.4ms Leader 0 SENDING AppendEntries to vehicle 6 (n_entries=6, leader_commit=2)
143706.4ms Leader 0 SENDING AppendEntries to vehicle 1 (n_entries=4, leader_commit=2)
143706.4ms Leader 0 SENDING AppendEntries to vehicle 4 (n_entries=6, leader_commit=2)
143706.4ms Leader 0 SENDING AppendEntries to vehicle 5 (n_entries=6, leader_commit=2)
143706.4ms Leader 0 SENDING AppendEntries to vehicle 6 (n_entries=6, leader_commit=2)
143846.4ms Leader 0 SENDING AppendEntries to vehicle 1 (n_entries=4, leader_commit=2)
143846.4ms Leader 0 SENDING AppendEntries to vehicle 4 (n_entries=6, leader_commit=2)
143846.4ms Leader 0 SENDING AppendEntries to vehicle 5 (n_entries=6, leader_commit=2)
143846.4ms Leader 0 SENDING AppendEntries to vehicle 6 (n_entries=6, leader_commit=2)
143986.4ms Leader 0 SENDING AppendEntries to vehicle 1 (n_entries=4, leader_commit=2)
143986.4ms Leader 0 SENDING AppendEntries to vehicle 4 (n_entries=6, leader_commit=2)
143986.4ms Leader 0 SENDING AppendEntries to vehicle 5 (n_entries=6, leader_commit=2)
143986.4ms Leader 0 SENDING AppendEntries to vehicle 6 (n_entries=6, leader_commit=2)
144126.4ms Leader 0 SENDING AppendEntries to vehicle 1 (n_entries=4, leader_commit=2)
144126.4ms Leader 0 SENDING AppendEntries to vehicle 4 (n_entries=6, leader_commit=2)
144126.4ms Leader 0 SENDING AppendEntries to vehicle 5 (n_entries=6, leader_commit=2)
144126.4ms Leader 0 SENDING AppendEntries to vehicle 6 (n_entries=6, leader_commit=2)
144266.4ms Leader 0 SENDING AppendEntries to vehicle 1 (n_entries=4, leader_commit=2)
144266.4ms Leader 0 SENDING AppendEntries to vehicle 4 (n_entries=6, leader_commit=2)
144266.4ms Leader 0 SENDING AppendEntries to vehicle 5 (n_entries=6, leader_commit=2)
144266.4ms Leader 0 SENDING AppendEntries to vehicle 6 (n_entries=6, leader_commit=2)
144406.4ms Leader 0 SENDING AppendEntries to vehicle 1 (n_entries=4, leader_commit=2)
144406.4ms Leader 0 SENDING AppendEntries to vehicle 4 (n_entries=6, leader_commit=2)
144406.4ms Leader 0 SENDING AppendEntries to vehicle 5 (n_entries=6, leader_commit=2)
144406.4ms Leader 0 SENDING AppendEntries to vehicle 6 (n_entries=6, leader_commit=2)
144546.4ms Leader 0 SENDING AppendEntries to vehicle 1 (n_entries=4, leader_commit=2)
144546.4ms Leader 0 SENDING AppendEntries to vehicle 4 (n_entries=6, leader_commit=2)
144546.4ms Leader 0 SENDING AppendEntries to vehicle 5 (n_entries=6, leader_commit=2)
144546.4ms Leader 0 SENDING AppendEntries to vehicle 6 (n_entries=6, leader_commit=2)
144686.4ms Leader 0 SENDING AppendEntries to vehicle 1 (n_entries=4, leader_commit=2)
144686.4ms Leader 0 SENDING AppendEntries to vehicle 4 (n_entries=6, leader_commit=2)
144686.4ms Leader 0 SENDING AppendEntries to vehicle 5 (n_entries=6, leader_commit=2)
144686.4ms Leader 0 SENDING AppendEntries to vehicle 6 (n_entries=6, leader_commit=2)
144826.4ms Leader 0 SENDING AppendEntries to vehicle 1 (n_entries=4, leader_commit=2)
144826.4ms Leader 0 SENDING AppendEntries to vehicle 4 (n_entries=6, leader_commit=2)
144826.4ms Leader 0 SENDING AppendEntries to vehicle 5 (n_entries=6, leader_commit=2)
144826.4ms Leader 0 SENDING AppendEntries to vehicle 6 (n_entries=6, leader_commit=2)
144966.4ms Leader 0 SENDING AppendEntries to vehicle 1 (n_entries=4, leader_commit=2)
144966.4ms Leader 0 SENDING AppendEntries to vehicle 4 (n_entries=6, leader_commit=2)
144966.4ms Leader 0 SENDING AppendEntries to vehicle 5 (n_entries=6, leader_commit=2)
144966.4ms Leader 0 SENDING AppendEntries to vehicle 6 (n_entries=6, leader_commit=2)
145106.4ms Leader 0 SENDING AppendEntries to vehicle 1 (n_entries=4, leader_commit=2)
145106.4ms Leader 0 SENDING AppendEntries to vehicle 4 (n_entries=6, leader_commit=2)
145106.4ms Leader 0 SENDING AppendEntries to vehicle 5 (n_entries=6, leader_commit=2)
145106.4ms Leader 0 SENDING AppendEntries to vehicle 6 (n_entries=6, leader_commit=2)
145246.4ms Leader 0 SENDING AppendEntries to vehicle 1 (n_entries=4, leader_commit=2)
145246.4ms Leader 0 SENDING AppendEntries to vehicle 4 (n_entries=6, leader_commit=2)
145246.4ms Leader 0 SENDING AppendEntries to vehicle 5 (n_entries=6, leader_commit=2)
145246.4ms Leader 0 SENDING AppendEntries to vehicle 6 (n_entries=6, leader_commit=2)
145386.4ms Leader 0 SENDING AppendEntries to vehicle 1 (n_entries=4, leader_commit=2)
145386.4ms Leader 0 SENDING AppendEntries to vehicle 4 (n_entries=6, leader_commit=2)
145386.4ms Leader 0 SENDING AppendEntries to vehicle 5 (n_entries=6, leader_commit=2)
145386.4ms Leader 0 SENDING AppendEntries to vehicle 6 (n_entries=6, leader_commit=2)
145526.4ms Leader 0 SENDING AppendEntries to vehicle 1 (n_entries=4, leader_commit=2)
145526.4ms Leader 0 SENDING AppendEntries to vehicle 4 (n_entries=6, leader_commit=2)
145526.4ms Leader 0 SENDING AppendEntries to vehicle 5 (n_entries=6, leader_commit=2)
145526.4ms Leader 0 SENDING AppendEntries to vehicle 6 (n_entries=6, leader_commit=2)
145666.4ms Leader 0 SENDING AppendEntries to vehicle 1 (n_entries=4, leader_commit=2)
145666.4ms Leader 0 SENDING AppendEntries to vehicle 4 (n_entries=6, leader_commit=2)
145666.4ms Leader 0 SENDING AppendEntries to vehicle 5 (n_entries=6, leader_commit=2)
145666.4ms Leader 0 SENDING AppendEntries to vehicle 6 (n_entries=6, leader_commit=2)
145806.4ms Leader 0 SENDING AppendEntries to vehicle 1 (n_entries=4, leader_commit=2)
145806.4ms Leader 0 SENDING AppendEntries to vehicle 4 (n_entries=6, leader_commit=2)
145806.4ms Leader 0 SENDING AppendEntries to vehicle 5 (n_entries=6, leader_commit=2)
145806.4ms Leader 0 SENDING AppendEntries to vehicle 6 (n_entries=6, leader_commit=2)
145946.4ms Leader 0 SENDING AppendEntries to vehicle 1 (n_entries=4, leader_commit=2)
145946.4ms Leader 0 SENDING AppendEntries to vehicle 4 (n_entries=6, leader_commit=2)
145946.4ms Leader 0 SENDING AppendEntries to vehicle 5 (n_entries=6, leader_commit=2)
145946.4ms Leader 0 SENDING AppendEntries to vehicle 6 (n_entries=6, leader_commit=2)
146086.4ms Leader 0 SENDING AppendEntries to vehicle 1 (n_entries=4, leader_commit=2)
146086.4ms Leader 0 SENDING AppendEntries to vehicle 4 (n_entries=6, leader_commit=2)
146086.4ms Leader 0 SENDING AppendEntries to vehicle 5 (n_entries=6, leader_commit=2)
146086.4ms Leader 0 SENDING AppendEntries to vehicle 6 (n_entries=6, leader_commit=2)
146226.4ms Leader 0 SENDING AppendEntries to vehicle 1 (n_entries=4, leader_commit=2)
146226.4ms Leader 0 SENDING AppendEntries to vehicle 4 (n_entries=6, leader_commit=2)
146226.4ms Leader 0 SENDING AppendEntries to vehicle 5 (n_entries=6, leader_commit=2)
146226.4ms Leader 0 SENDING AppendEntries to vehicle 6 (n_entries=6, leader_commit=2)
146366.4ms Leader 0 SENDING AppendEntries to vehicle 1 (n_entries=4, leader_commit=2)
146366.4ms Leader 0 SENDING AppendEntries to vehicle 4 (n_entries=6, leader_commit=2)
146366.4ms Leader 0 SENDING AppendEntries to vehicle 5 (n_entries=6, leader_commit=2)
146366.4ms Leader 0 SENDING AppendEntries to vehicle 6 (n_entries=6, leader_commit=2)
146506.4ms Leader 0 SENDING AppendEntries to vehicle 1 (n_entries=4, leader_commit=2)
146506.4ms Leader 0 SENDING AppendEntries to vehicle 4 (n_entries=6, leader_commit=2)
146506.4ms Leader 0 SENDING AppendEntries to vehicle 5 (n_entries=6, leader_commit=2)
146506.4ms Leader 0 SENDING AppendEntries to vehicle 6 (n_entries=6, leader_commit=2)
146646.4ms Leader 0 SENDING AppendEntries to vehicle 1 (n_entries=4, leader_commit=2)
146646.4ms Leader 0 SENDING AppendEntries to vehicle 4 (n_entries=6, leader_commit=2)
146646.4ms Leader 0 SENDING AppendEntries to vehicle 5 (n_entries=6, leader_commit=2)
146646.4ms Leader 0 SENDING AppendEntries to vehicle 6 (n_entries=6, leader_commit=2)
146786.4ms Leader 0 SENDING AppendEntries to vehicle 1 (n_entries=4, leader_commit=2)
146786.4ms Leader 0 SENDING AppendEntries to vehicle 4 (n_entries=6, leader_commit=2)
146786.4ms Leader 0 SENDING AppendEntries to vehicle 5 (n_entries=6, leader_commit=2)
146786.4ms Leader 0 SENDING AppendEntries to vehicle 6 (n_entries=6, leader_commit=2)
146926.4ms Leader 0 SENDING AppendEntries to vehicle 1 (n_entries=4, leader_commit=2)
146926.4ms Leader 0 SENDING AppendEntries to vehicle 4 (n_entries=6, leader_commit=2)
146926.4ms Leader 0 SENDING AppendEntries to vehicle 5 (n_entries=6, leader_commit=2)
146926.4ms Leader 0 SENDING AppendEntries to vehicle 6 (n_entries=6, leader_commit=2)
147066.4ms Leader 0 SENDING AppendEntries to vehicle 1 (n_entries=4, leader_commit=2)
147066.4ms Leader 0 SENDING AppendEntries to vehicle 4 (n_entries=6, leader_commit=2)
147066.4ms Leader 0 SENDING AppendEntries to vehicle 5 (n_entries=6, leader_commit=2)
147066.4ms Leader 0 SENDING AppendEntries to vehicle 6 (n_entries=6, leader_commit=2)
147206.4ms Leader 0 SENDING AppendEntries to vehicle 1 (n_entries=4, leader_commit=2)
147206.4ms Leader 0 SENDING AppendEntries to vehicle 4 (n_entries=6, leader_commit=2)
147206.4ms Leader 0 SENDING AppendEntries to vehicle 5 (n_entries=6, leader_commit=2)
147206.4ms Leader 0 SENDING AppendEntries to vehicle 6 (n_entries=6, leader_commit=2)
147346.4ms Leader 0 SENDING AppendEntries to vehicle 1 (n_entries=4, leader_commit=2)
147346.4ms Leader 0 SENDING AppendEntries to vehicle 4 (n_entries=6, leader_commit=2)
147346.4ms Leader 0 SENDING AppendEntries to vehicle 5 (n_entries=6, leader_commit=2)
147346.4ms Leader 0 SENDING AppendEntries to vehicle 6 (n_entries=6, leader_commit=2)
147486.4ms Leader 0 SENDING AppendEntries to vehicle 1 (n_entries=4, leader_commit=2)
147486.4ms Leader 0 SENDING AppendEntries to vehicle 4 (n_entries=6, leader_commit=2)
147486.4ms Leader 0 SENDING AppendEntries to vehicle 5 (n_entries=6, leader_commit=2)
147486.4ms Leader 0 SENDING AppendEntries to vehicle 6 (n_entries=6, leader_commit=2)
147626.4ms Leader 0 SENDING AppendEntries to vehicle 1 (n_entries=4, leader_commit=2)
147626.4ms Leader 0 SENDING AppendEntries to vehicle 4 (n_entries=6, leader_commit=2)
147626.4ms Leader 0 SENDING AppendEntries to vehicle 5 (n_entries=6, leader_commit=2)
147626.4ms Leader 0 SENDING AppendEntries to vehicle 6 (n_entries=6, leader_commit=2)
147766.4ms Leader 0 SENDING AppendEntries to vehicle 1 (n_entries=4, leader_commit=2)
147766.4ms Leader 0 SENDING AppendEntries to vehicle 4 (n_entries=6, leader_commit=2)
147766.4ms Leader 0 SENDING AppendEntries to vehicle 5 (n_entries=6, leader_commit=2)
147766.4ms Leader 0 SENDING AppendEntries to vehicle 6 (n_entries=6, leader_commit=2)
147906.4ms Leader 0 SENDING AppendEntries to vehicle 1 (n_entries=4, leader_commit=2)
147906.4ms Leader 0 SENDING AppendEntries to vehicle 4 (n_entries=6, leader_commit=2)
147906.4ms Leader 0 SENDING AppendEntries to vehicle 5 (n_entries=6, leader_commit=2)
147906.4ms Leader 0 SENDING AppendEntries to vehicle 6 (n_entries=6, leader_commit=2)
148046.4ms Leader 0 SENDING AppendEntries to vehicle 1 (n_entries=4, leader_commit=2)
148046.4ms Leader 0 SENDING AppendEntries to vehicle 4 (n_entries=6, leader_commit=2)
148046.4ms Leader 0 SENDING AppendEntries to vehicle 5 (n_entries=6, leader_commit=2)
148046.4ms Leader 0 SENDING AppendEntries to vehicle 6 (n_entries=6, leader_commit=2)
148186.4ms Leader 0 SENDING AppendEntries to vehicle 1 (n_entries=4, leader_commit=2)
148186.4ms Leader 0 SENDING AppendEntries to vehicle 4 (n_entries=6, leader_commit=2)
148186.4ms Leader 0 SENDING AppendEntries to vehicle 5 (n_entries=6, leader_commit=2)
148186.4ms Leader 0 SENDING AppendEntries to vehicle 6 (n_entries=6, leader_commit=2)
148326.4ms Leader 0 SENDING AppendEntries to vehicle 1 (n_entries=4, leader_commit=2)
148326.4ms Leader 0 SENDING AppendEntries to vehicle 4 (n_entries=6, leader_commit=2)
148326.4ms Leader 0 SENDING AppendEntries to vehicle 5 (n_entries=6, leader_commit=2)
148326.4ms Leader 0 SENDING AppendEntries to vehicle 6 (n_entries=6, leader_commit=2)
148466.4ms Leader 0 SENDING AppendEntries to vehicle 1 (n_entries=4, leader_commit=2)
148466.4ms Leader 0 SENDING AppendEntries to vehicle 4 (n_entries=6, leader_commit=2)
148466.4ms Leader 0 SENDING AppendEntries to vehicle 5 (n_entries=6, leader_commit=2)
148466.4ms Leader 0 SENDING AppendEntries to vehicle 6 (n_entries=6, leader_commit=2)
148606.4ms Leader 0 SENDING AppendEntries to vehicle 1 (n_entries=4, leader_commit=2)
148606.4ms Leader 0 SENDING AppendEntries to vehicle 4 (n_entries=6, leader_commit=2)
148606.4ms Leader 0 SENDING AppendEntries to vehicle 5 (n_entries=6, leader_commit=2)
148606.4ms Leader 0 SENDING AppendEntries to vehicle 6 (n_entries=6, leader_commit=2)
148746.4ms Leader 0 SENDING AppendEntries to vehicle 1 (n_entries=4, leader_commit=2)
148746.4ms Leader 0 SENDING AppendEntries to vehicle 4 (n_entries=6, leader_commit=2)
148746.4ms Leader 0 SENDING AppendEntries to vehicle 5 (n_entries=6, leader_commit=2)
148746.4ms Leader 0 SENDING AppendEntries to vehicle 6 (n_entries=6, leader_commit=2)
148886.4ms Leader 0 SENDING AppendEntries to vehicle 1 (n_entries=4, leader_commit=2)
148886.4ms Leader 0 SENDING AppendEntries to vehicle 4 (n_entries=6, leader_commit=2)
148886.4ms Leader 0 SENDING AppendEntries to vehicle 5 (n_entries=6, leader_commit=2)
148886.4ms Leader 0 SENDING AppendEntries to vehicle 6 (n_entries=6, leader_commit=2)
149026.4ms Leader 0 SENDING AppendEntries to vehicle 1 (n_entries=4, leader_commit=2)
149026.4ms Leader 0 SENDING AppendEntries to vehicle 4 (n_entries=6, leader_commit=2)
149026.4ms Leader 0 SENDING AppendEntries to vehicle 5 (n_entries=6, leader_commit=2)
149026.4ms Leader 0 SENDING AppendEntries to vehicle 6 (n_entries=6, leader_commit=2)
149166.4ms Leader 0 SENDING AppendEntries to vehicle 1 (n_entries=4, leader_commit=2)
149166.4ms Leader 0 SENDING AppendEntries to vehicle 4 (n_entries=6, leader_commit=2)
149166.4ms Leader 0 SENDING AppendEntries to vehicle 5 (n_entries=6, leader_commit=2)
149166.4ms Leader 0 SENDING AppendEntries to vehicle 6 (n_entries=6, leader_commit=2)
149306.4ms Leader 0 SENDING AppendEntries to vehicle 1 (n_entries=4, leader_commit=2)
149306.4ms Leader 0 SENDING AppendEntries to vehicle 4 (n_entries=6, leader_commit=2)
149306.4ms Leader 0 SENDING AppendEntries to vehicle 5 (n_entries=6, leader_commit=2)
149306.4ms Leader 0 SENDING AppendEntries to vehicle 6 (n_entries=6, leader_commit=2)
149446.4ms Leader 0 SENDING AppendEntries to vehicle 1 (n_entries=4, leader_commit=2)
149446.4ms Leader 0 SENDING AppendEntries to vehicle 4 (n_entries=6, leader_commit=2)
149446.4ms Leader 0 SENDING AppendEntries to vehicle 5 (n_entries=6, leader_commit=2)
149446.4ms Leader 0 SENDING AppendEntries to vehicle 6 (n_entries=6, leader_commit=2)
149586.4ms Leader 0 SENDING AppendEntries to vehicle 1 (n_entries=4, leader_commit=2)
149586.4ms Leader 0 SENDING AppendEntries to vehicle 4 (n_entries=6, leader_commit=2)
149586.4ms Leader 0 SENDING AppendEntries to vehicle 5 (n_entries=6, leader_commit=2)
149586.4ms Leader 0 SENDING AppendEntries to vehicle 6 (n_entries=6, leader_commit=2)
149726.4ms Leader 0 SENDING AppendEntries to vehicle 1 (n_entries=4, leader_commit=2)
149726.4ms Leader 0 SENDING AppendEntries to vehicle 4 (n_entries=6, leader_commit=2)
149726.4ms Leader 0 SENDING AppendEntries to vehicle 5 (n_entries=6, leader_commit=2)
149726.4ms Leader 0 SENDING AppendEntries to vehicle 6 (n_entries=6, leader_commit=2)
149866.4ms Leader 0 SENDING AppendEntries to vehicle 1 (n_entries=4, leader_commit=2)
149866.4ms Leader 0 SENDING AppendEntries to vehicle 4 (n_entries=6, leader_commit=2)
149866.4ms Leader 0 SENDING AppendEntries to vehicle 5 (n_entries=6, leader_commit=2)
149866.4ms Leader 0 SENDING AppendEntries to vehicle 6 (n_entries=6, leader_commit=2)
150006.4ms Leader 0 SENDING AppendEntries to vehicle 1 (n_entries=4, leader_commit=2)
150006.4ms Leader 0 SENDING AppendEntries to vehicle 4 (n_entries=6, leader_commit=2)
150006.4ms Leader 0 SENDING AppendEntries to vehicle 5 (n_entries=6, leader_commit=2)
150006.4ms Leader 0 SENDING AppendEntries to vehicle 6 (n_entries=6, leader_commit=2)
150146.4ms Leader 0 SENDING AppendEntries to vehicle 1 (n_entries=4, leader_commit=2)
150146.4ms Leader 0 SENDING AppendEntries to vehicle 4 (n_entries=6, leader_commit=2)
150146.4ms Leader 0 SENDING AppendEntries to vehicle 5 (n_entries=6, leader_commit=2)
150146.4ms Leader 0 SENDING AppendEntries to vehicle 6 (n_entries=6, leader_commit=2)
150286.4ms Leader 0 SENDING AppendEntries to vehicle 1 (n_entries=4, leader_commit=2)
150286.4ms Leader 0 SENDING AppendEntries to vehicle 4 (n_entries=6, leader_commit=2)
150286.4ms Leader 0 SENDING AppendEntries to vehicle 5 (n_entries=6, leader_commit=2)
150286.4ms Leader 0 SENDING AppendEntries to vehicle 6 (n_entries=6, leader_commit=2)
150426.4ms Leader 0 SENDING AppendEntries to vehicle 1 (n_entries=4, leader_commit=2)
150426.4ms Leader 0 SENDING AppendEntries to vehicle 4 (n_entries=6, leader_commit=2)
150426.4ms Leader 0 SENDING AppendEntries to vehicle 5 (n_entries=6, leader_commit=2)
150426.4ms Leader 0 SENDING AppendEntries to vehicle 6 (n_entries=6, leader_commit=2)
150566.4ms Leader 0 SENDING AppendEntries to vehicle 1 (n_entries=4, leader_commit=2)
150566.4ms Leader 0 SENDING AppendEntries to vehicle 4 (n_entries=6, leader_commit=2)
150566.4ms Leader 0 SENDING AppendEntries to vehicle 5 (n_entries=6, leader_commit=2)
150566.4ms Leader 0 SENDING AppendEntries to vehicle 6 (n_entries=6, leader_commit=2)
150706.4ms Leader 0 SENDING AppendEntries to vehicle 1 (n_entries=4, leader_commit=2)
150706.4ms Leader 0 SENDING AppendEntries to vehicle 4 (n_entries=6, leader_commit=2)
150706.4ms Leader 0 SENDING AppendEntries to vehicle 5 (n_entries=6, leader_commit=2)
150706.4ms Leader 0 SENDING AppendEntries to vehicle 6 (n_entries=6, leader_commit=2)
150846.4ms Leader 0 SENDING AppendEntries to vehicle 1 (n_entries=4, leader_commit=2)
150846.4ms Leader 0 SENDING AppendEntries to vehicle 4 (n_entries=6, leader_commit=2)
150846.4ms Leader 0 SENDING AppendEntries to vehicle 5 (n_entries=6, leader_commit=2)
150846.4ms Leader 0 SENDING AppendEntries to vehicle 6 (n_entries=6, leader_commit=2)
150986.4ms Leader 0 SENDING AppendEntries to vehicle 1 (n_entries=4, leader_commit=2)
150986.4ms Leader 0 SENDING AppendEntries to vehicle 4 (n_entries=6, leader_commit=2)
150986.4ms Leader 0 SENDING AppendEntries to vehicle 5 (n_entries=6, leader_commit=2)
150986.4ms Leader 0 SENDING AppendEntries to vehicle 6 (n_entries=6, leader_commit=2)
151126.4ms Leader 0 SENDING AppendEntries to vehicle 1 (n_entries=4, leader_commit=2)
151126.4ms Leader 0 SENDING AppendEntries to vehicle 4 (n_entries=6, leader_commit=2)
151126.4ms Leader 0 SENDING AppendEntries to vehicle 5 (n_entries=6, leader_commit=2)
151126.4ms Leader 0 SENDING AppendEntries to vehicle 6 (n_entries=6, leader_commit=2)
151266.4ms Leader 0 SENDING AppendEntries to vehicle 1 (n_entries=4, leader_commit=2)
151266.4ms Leader 0 SENDING AppendEntries to vehicle 4 (n_entries=6, leader_commit=2)
151266.4ms Leader 0 SENDING AppendEntries to vehicle 5 (n_entries=6, leader_commit=2)
151266.4ms Leader 0 SENDING AppendEntries to vehicle 6 (n_entries=6, leader_commit=2)
151406.4ms Leader 0 SENDING AppendEntries to vehicle 1 (n_entries=4, leader_commit=2)
151406.4ms Leader 0 SENDING AppendEntries to vehicle 4 (n_entries=6, leader_commit=2)
151406.4ms Leader 0 SENDING AppendEntries to vehicle 5 (n_entries=6, leader_commit=2)
151406.4ms Leader 0 SENDING AppendEntries to vehicle 6 (n_entries=6, leader_commit=2)
151546.4ms Leader 0 SENDING AppendEntries to vehicle 1 (n_entries=4, leader_commit=2)
151546.4ms Leader 0 SENDING AppendEntries to vehicle 4 (n_entries=6, leader_commit=2)
151546.4ms Leader 0 SENDING AppendEntries to vehicle 5 (n_entries=6, leader_commit=2)
151546.4ms Leader 0 SENDING AppendEntries to vehicle 6 (n_entries=6, leader_commit=2)
151686.4ms Leader 0 SENDING AppendEntries to vehicle 1 (n_entries=4, leader_commit=2)
151686.4ms Leader 0 SENDING AppendEntries to vehicle 4 (n_entries=6, leader_commit=2)
151686.4ms Leader 0 SENDING AppendEntries to vehicle 5 (n_entries=6, leader_commit=2)
151686.4ms Leader 0 SENDING AppendEntries to vehicle 6 (n_entries=6, leader_commit=2)
151826.4ms Leader 0 SENDING AppendEntries to vehicle 1 (n_entries=4, leader_commit=2)
151826.4ms Leader 0 SENDING AppendEntries to vehicle 4 (n_entries=6, leader_commit=2)
151826.4ms Leader 0 SENDING AppendEntries to vehicle 5 (n_entries=6, leader_commit=2)
151826.4ms Leader 0 SENDING AppendEntries to vehicle 6 (n_entries=6, leader_commit=2)
151966.4ms Leader 0 SENDING AppendEntries to vehicle 1 (n_entries=4, leader_commit=2)
151966.4ms Leader 0 SENDING AppendEntries to vehicle 4 (n_entries=6, leader_commit=2)
151966.4ms Leader 0 SENDING AppendEntries to vehicle 5 (n_entries=6, leader_commit=2)
151966.4ms Leader 0 SENDING AppendEntries to vehicle 6 (n_entries=6, leader_commit=2)
152106.4ms Leader 0 SENDING AppendEntries to vehicle 1 (n_entries=4, leader_commit=2)
152106.4ms Leader 0 SENDING AppendEntries to vehicle 4 (n_entries=6, leader_commit=2)
152106.4ms Leader 0 SENDING AppendEntries to vehicle 5 (n_entries=6, leader_commit=2)
152106.4ms Leader 0 SENDING AppendEntries to vehicle 6 (n_entries=6, leader_commit=2)
152246.4ms Leader 0 SENDING AppendEntries to vehicle 1 (n_entries=4, leader_commit=2)
152246.4ms Leader 0 SENDING AppendEntries to vehicle 4 (n_entries=6, leader_commit=2)
152246.4ms Leader 0 SENDING AppendEntries to vehicle 5 (n_entries=6, leader_commit=2)
152246.4ms Leader 0 SENDING AppendEntries to vehicle 6 (n_entries=6, leader_commit=2)
152386.4ms Leader 0 SENDING AppendEntries to vehicle 1 (n_entries=4, leader_commit=2)
152386.4ms Leader 0 SENDING AppendEntries to vehicle 4 (n_entries=6, leader_commit=2)
152386.4ms Leader 0 SENDING AppendEntries to vehicle 5 (n_entries=6, leader_commit=2)
152386.4ms Leader 0 SENDING AppendEntries to vehicle 6 (n_entries=6, leader_commit=2)
152526.4ms Leader 0 SENDING AppendEntries to vehicle 1 (n_entries=4, leader_commit=2)
152526.4ms Leader 0 SENDING AppendEntries to vehicle 4 (n_entries=6, leader_commit=2)
152526.4ms Leader 0 SENDING AppendEntries to vehicle 5 (n_entries=6, leader_commit=2)
152526.4ms Leader 0 SENDING AppendEntries to vehicle 6 (n_entries=6, leader_commit=2)
152666.4ms Leader 0 SENDING AppendEntries to vehicle 1 (n_entries=4, leader_commit=2)
152666.4ms Leader 0 SENDING AppendEntries to vehicle 4 (n_entries=6, leader_commit=2)
152666.4ms Leader 0 SENDING AppendEntries to vehicle 5 (n_entries=6, leader_commit=2)
152666.4ms Leader 0 SENDING AppendEntries to vehicle 6 (n_entries=6, leader_commit=2)
152806.4ms Leader 0 SENDING AppendEntries to vehicle 1 (n_entries=4, leader_commit=2)
152806.4ms Leader 0 SENDING AppendEntries to vehicle 4 (n_entries=6, leader_commit=2)
152806.4ms Leader 0 SENDING AppendEntries to vehicle 5 (n_entries=6, leader_commit=2)
152806.4ms Leader 0 SENDING AppendEntries to vehicle 6 (n_entries=6, leader_commit=2)
152946.4ms Leader 0 SENDING AppendEntries to vehicle 1 (n_entries=4, leader_commit=2)
152946.4ms Leader 0 SENDING AppendEntries to vehicle 4 (n_entries=6, leader_commit=2)
152946.4ms Leader 0 SENDING AppendEntries to vehicle 5 (n_entries=6, leader_commit=2)
152946.4ms Leader 0 SENDING AppendEntries to vehicle 6 (n_entries=6, leader_commit=2)
153086.4ms Leader 0 SENDING AppendEntries to vehicle 1 (n_entries=4, leader_commit=2)
153086.4ms Leader 0 SENDING AppendEntries to vehicle 4 (n_entries=6, leader_commit=2)
153086.4ms Leader 0 SENDING AppendEntries to vehicle 5 (n_entries=6, leader_commit=2)
153086.4ms Leader 0 SENDING AppendEntries to vehicle 6 (n_entries=6, leader_commit=2)
153226.4ms Leader 0 SENDING AppendEntries to vehicle 1 (n_entries=4, leader_commit=2)
153226.4ms Leader 0 SENDING AppendEntries to vehicle 4 (n_entries=6, leader_commit=2)
153226.4ms Leader 0 SENDING AppendEntries to vehicle 5 (n_entries=6, leader_commit=2)
153226.4ms Leader 0 SENDING AppendEntries to vehicle 6 (n_entries=6, leader_commit=2)
153366.4ms Leader 0 SENDING AppendEntries to vehicle 1 (n_entries=4, leader_commit=2)
153366.4ms Leader 0 SENDING AppendEntries to vehicle 4 (n_entries=6, leader_commit=2)
153366.4ms Leader 0 SENDING AppendEntries to vehicle 5 (n_entries=6, leader_commit=2)
153366.4ms Leader 0 SENDING AppendEntries to vehicle 6 (n_entries=6, leader_commit=2)
153506.4ms Leader 0 SENDING AppendEntries to vehicle 1 (n_entries=4, leader_commit=2)
153506.4ms Leader 0 SENDING AppendEntries to vehicle 4 (n_entries=6, leader_commit=2)
153506.4ms Leader 0 SENDING AppendEntries to vehicle 5 (n_entries=6, leader_commit=2)
153506.4ms Leader 0 SENDING AppendEntries to vehicle 6 (n_entries=6, leader_commit=2)
153646.4ms Leader 0 SENDING AppendEntries to vehicle 1 (n_entries=4, leader_commit=2)
153646.4ms Leader 0 SENDING AppendEntries to vehicle 4 (n_entries=6, leader_commit=2)
153646.4ms Leader 0 SENDING AppendEntries to vehicle 5 (n_entries=6, leader_commit=2)
153646.4ms Leader 0 SENDING AppendEntries to vehicle 6 (n_entries=6, leader_commit=2)
153786.4ms Leader 0 SENDING AppendEntries to vehicle 1 (n_entries=4, leader_commit=2)
153786.4ms Leader 0 SENDING AppendEntries to vehicle 4 (n_entries=6, leader_commit=2)
153786.4ms Leader 0 SENDING AppendEntries to vehicle 5 (n_entries=6, leader_commit=2)
153786.4ms Leader 0 SENDING AppendEntries to vehicle 6 (n_entries=6, leader_commit=2)
153926.4ms Leader 0 SENDING AppendEntries to vehicle 1 (n_entries=4, leader_commit=2)
153926.4ms Leader 0 SENDING AppendEntries to vehicle 4 (n_entries=6, leader_commit=2)
153926.4ms Leader 0 SENDING AppendEntries to vehicle 5 (n_entries=6, leader_commit=2)
153926.4ms Leader 0 SENDING AppendEntries to vehicle 6 (n_entries=6, leader_commit=2)
154066.4ms Leader 0 SENDING AppendEntries to vehicle 1 (n_entries=4, leader_commit=2)
154066.4ms Leader 0 SENDING AppendEntries to vehicle 4 (n_entries=6, leader_commit=2)
154066.4ms Leader 0 SENDING AppendEntries to vehicle 5 (n_entries=6, leader_commit=2)
154066.4ms Leader 0 SENDING AppendEntries to vehicle 6 (n_entries=6, leader_commit=2)
154206.4ms Leader 0 SENDING AppendEntries to vehicle 1 (n_entries=4, leader_commit=2)
154206.4ms Leader 0 SENDING AppendEntries to vehicle 4 (n_entries=6, leader_commit=2)
154206.4ms Leader 0 SENDING AppendEntries to vehicle 5 (n_entries=6, leader_commit=2)
154206.4ms Leader 0 SENDING AppendEntries to vehicle 6 (n_entries=6, leader_commit=2)
154346.4ms Leader 0 SENDING AppendEntries to vehicle 1 (n_entries=4, leader_commit=2)
154346.4ms Leader 0 SENDING AppendEntries to vehicle 4 (n_entries=6, leader_commit=2)
154346.4ms Leader 0 SENDING AppendEntries to vehicle 5 (n_entries=6, leader_commit=2)
154346.4ms Leader 0 SENDING AppendEntries to vehicle 6 (n_entries=6, leader_commit=2)
154486.4ms Leader 0 SENDING AppendEntries to vehicle 1 (n_entries=4, leader_commit=2)
154486.4ms Leader 0 SENDING AppendEntries to vehicle 4 (n_entries=6, leader_commit=2)
154486.4ms Leader 0 SENDING AppendEntries to vehicle 5 (n_entries=6, leader_commit=2)
154486.4ms Leader 0 SENDING AppendEntries to vehicle 6 (n_entries=6, leader_commit=2)
154626.4ms Leader 0 SENDING AppendEntries to vehicle 1 (n_entries=4, leader_commit=2)
154626.4ms Leader 0 SENDING AppendEntries to vehicle 4 (n_entries=6, leader_commit=2)
154626.4ms Leader 0 SENDING AppendEntries to vehicle 5 (n_entries=6, leader_commit=2)
154626.4ms Leader 0 SENDING AppendEntries to vehicle 6 (n_entries=6, leader_commit=2)
154766.4ms Leader 0 SENDING AppendEntries to vehicle 1 (n_entries=4, leader_commit=2)
154766.4ms Leader 0 SENDING AppendEntries to vehicle 4 (n_entries=6, leader_commit=2)
154766.4ms Leader 0 SENDING AppendEntries to vehicle 5 (n_entries=6, leader_commit=2)
154766.4ms Leader 0 SENDING AppendEntries to vehicle 6 (n_entries=6, leader_commit=2)
154906.4ms Leader 0 SENDING AppendEntries to vehicle 1 (n_entries=4, leader_commit=2)
154906.4ms Leader 0 SENDING AppendEntries to vehicle 4 (n_entries=6, leader_commit=2)
154906.4ms Leader 0 SENDING AppendEntries to vehicle 5 (n_entries=6, leader_commit=2)
154906.4ms Leader 0 SENDING AppendEntries to vehicle 6 (n_entries=6, leader_commit=2)
155046.4ms Leader 0 SENDING AppendEntries to vehicle 1 (n_entries=4, leader_commit=2)
155046.4ms Leader 0 SENDING AppendEntries to vehicle 4 (n_entries=6, leader_commit=2)
155046.4ms Leader 0 SENDING AppendEntries to vehicle 5 (n_entries=6, leader_commit=2)
155046.4ms Leader 0 SENDING AppendEntries to vehicle 6 (n_entries=6, leader_commit=2)
155186.4ms Leader 0 SENDING AppendEntries to vehicle 1 (n_entries=4, leader_commit=2)
155186.4ms Leader 0 SENDING AppendEntries to vehicle 4 (n_entries=6, leader_commit=2)
155186.4ms Leader 0 SENDING AppendEntries to vehicle 5 (n_entries=6, leader_commit=2)
155186.4ms Leader 0 SENDING AppendEntries to vehicle 6 (n_entries=6, leader_commit=2)
155326.4ms Leader 0 SENDING AppendEntries to vehicle 1 (n_entries=4, leader_commit=2)
155326.4ms Leader 0 SENDING AppendEntries to vehicle 4 (n_entries=6, leader_commit=2)
155326.4ms Leader 0 SENDING AppendEntries to vehicle 5 (n_entries=6, leader_commit=2)
155326.4ms Leader 0 SENDING AppendEntries to vehicle 6 (n_entries=6, leader_commit=2)
155466.4ms Leader 0 SENDING AppendEntries to vehicle 1 (n_entries=4, leader_commit=2)
155466.4ms Leader 0 SENDING AppendEntries to vehicle 4 (n_entries=6, leader_commit=2)
155466.4ms Leader 0 SENDING AppendEntries to vehicle 5 (n_entries=6, leader_commit=2)
155466.4ms Leader 0 SENDING AppendEntries to vehicle 6 (n_entries=6, leader_commit=2)
155606.4ms Leader 0 SENDING AppendEntries to vehicle 1 (n_entries=4, leader_commit=2)
155606.4ms Leader 0 SENDING AppendEntries to vehicle 4 (n_entries=6, leader_commit=2)
155606.4ms Leader 0 SENDING AppendEntries to vehicle 5 (n_entries=6, leader_commit=2)
155606.4ms Leader 0 SENDING AppendEntries to vehicle 6 (n_entries=6, leader_commit=2)
155746.4ms Leader 0 SENDING AppendEntries to vehicle 1 (n_entries=4, leader_commit=2)
155746.4ms Leader 0 SENDING AppendEntries to vehicle 4 (n_entries=6, leader_commit=2)
155746.4ms Leader 0 SENDING AppendEntries to vehicle 5 (n_entries=6, leader_commit=2)
155746.4ms Leader 0 SENDING AppendEntries to vehicle 6 (n_entries=6, leader_commit=2)
155886.4ms Leader 0 SENDING AppendEntries to vehicle 1 (n_entries=4, leader_commit=2)
155886.4ms Leader 0 SENDING AppendEntries to vehicle 4 (n_entries=6, leader_commit=2)
155886.4ms Leader 0 SENDING AppendEntries to vehicle 5 (n_entries=6, leader_commit=2)
155886.4ms Leader 0 SENDING AppendEntries to vehicle 6 (n_entries=6, leader_commit=2)
156026.4ms Leader 0 SENDING AppendEntries to vehicle 1 (n_entries=4, leader_commit=2)
156026.4ms Leader 0 SENDING AppendEntries to vehicle 4 (n_entries=6, leader_commit=2)
156026.4ms Leader 0 SENDING AppendEntries to vehicle 5 (n_entries=6, leader_commit=2)
156026.4ms Leader 0 SENDING AppendEntries to vehicle 6 (n_entries=6, leader_commit=2)
156166.4ms Leader 0 SENDING AppendEntries to vehicle 1 (n_entries=4, leader_commit=2)
156166.4ms Leader 0 SENDING AppendEntries to vehicle 4 (n_entries=6, leader_commit=2)
156166.4ms Leader 0 SENDING AppendEntries to vehicle 5 (n_entries=6, leader_commit=2)
156166.4ms Leader 0 SENDING AppendEntries to vehicle 6 (n_entries=6, leader_commit=2)
156306.4ms Leader 0 SENDING AppendEntries to vehicle 1 (n_entries=4, leader_commit=2)
156306.4ms Leader 0 SENDING AppendEntries to vehicle 4 (n_entries=6, leader_commit=2)
156306.4ms Leader 0 SENDING AppendEntries to vehicle 5 (n_entries=6, leader_commit=2)
156306.4ms Leader 0 SENDING AppendEntries to vehicle 6 (n_entries=6, leader_commit=2)
156446.4ms Leader 0 SENDING AppendEntries to vehicle 1 (n_entries=4, leader_commit=2)
156446.4ms Leader 0 SENDING AppendEntries to vehicle 4 (n_entries=6, leader_commit=2)
156446.4ms Leader 0 SENDING AppendEntries to vehicle 5 (n_entries=6, leader_commit=2)
156446.4ms Leader 0 SENDING AppendEntries to vehicle 6 (n_entries=6, leader_commit=2)
156586.4ms Leader 0 SENDING AppendEntries to vehicle 1 (n_entries=4, leader_commit=2)
156586.4ms Leader 0 SENDING AppendEntries to vehicle 4 (n_entries=6, leader_commit=2)
156586.4ms Leader 0 SENDING AppendEntries to vehicle 5 (n_entries=6, leader_commit=2)
156586.4ms Leader 0 SENDING AppendEntries to vehicle 6 (n_entries=6, leader_commit=2)
156726.4ms Leader 0 SENDING AppendEntries to vehicle 1 (n_entries=4, leader_commit=2)
156726.4ms Leader 0 SENDING AppendEntries to vehicle 4 (n_entries=6, leader_commit=2)
156726.4ms Leader 0 SENDING AppendEntries to vehicle 5 (n_entries=6, leader_commit=2)
156726.4ms Leader 0 SENDING AppendEntries to vehicle 6 (n_entries=6, leader_commit=2)
156866.4ms Leader 0 SENDING AppendEntries to vehicle 1 (n_entries=4, leader_commit=2)
156866.4ms Leader 0 SENDING AppendEntries to vehicle 4 (n_entries=6, leader_commit=2)
156866.4ms Leader 0 SENDING AppendEntries to vehicle 5 (n_entries=6, leader_commit=2)
156866.4ms Leader 0 SENDING AppendEntries to vehicle 6 (n_entries=6, leader_commit=2)
157006.4ms Leader 0 SENDING AppendEntries to vehicle 1 (n_entries=4, leader_commit=2)
157006.4ms Leader 0 SENDING AppendEntries to vehicle 4 (n_entries=6, leader_commit=2)
157006.4ms Leader 0 SENDING AppendEntries to vehicle 5 (n_entries=6, leader_commit=2)
157006.4ms Leader 0 SENDING AppendEntries to vehicle 6 (n_entries=6, leader_commit=2)
157146.4ms Leader 0 SENDING AppendEntries to vehicle 1 (n_entries=4, leader_commit=2)
157146.4ms Leader 0 SENDING AppendEntries to vehicle 4 (n_entries=6, leader_commit=2)
157146.4ms Leader 0 SENDING AppendEntries to vehicle 5 (n_entries=6, leader_commit=2)
157146.4ms Leader 0 SENDING AppendEntries to vehicle 6 (n_entries=6, leader_commit=2)
157286.4ms Leader 0 SENDING AppendEntries to vehicle 1 (n_entries=4, leader_commit=2)
157286.4ms Leader 0 SENDING AppendEntries to vehicle 4 (n_entries=6, leader_commit=2)
157286.4ms Leader 0 SENDING AppendEntries to vehicle 5 (n_entries=6, leader_commit=2)
157286.4ms Leader 0 SENDING AppendEntries to vehicle 6 (n_entries=6, leader_commit=2)
157426.4ms Leader 0 SENDING AppendEntries to vehicle 1 (n_entries=4, leader_commit=2)
157426.4ms Leader 0 SENDING AppendEntries to vehicle 4 (n_entries=6, leader_commit=2)
157426.4ms Leader 0 SENDING AppendEntries to vehicle 5 (n_entries=6, leader_commit=2)
157426.4ms Leader 0 SENDING AppendEntries to vehicle 6 (n_entries=6, leader_commit=2)
157566.4ms Leader 0 SENDING AppendEntries to vehicle 1 (n_entries=4, leader_commit=2)
157566.4ms Leader 0 SENDING AppendEntries to vehicle 4 (n_entries=6, leader_commit=2)
157566.4ms Leader 0 SENDING AppendEntries to vehicle 5 (n_entries=6, leader_commit=2)
157566.4ms Leader 0 SENDING AppendEntries to vehicle 6 (n_entries=6, leader_commit=2)
157706.4ms Leader 0 SENDING AppendEntries to vehicle 1 (n_entries=4, leader_commit=2)
157706.4ms Leader 0 SENDING AppendEntries to vehicle 4 (n_entries=6, leader_commit=2)
157706.4ms Leader 0 SENDING AppendEntries to vehicle 5 (n_entries=6, leader_commit=2)
157706.4ms Leader 0 SENDING AppendEntries to vehicle 6 (n_entries=6, leader_commit=2)
157846.4ms Leader 0 SENDING AppendEntries to vehicle 1 (n_entries=4, leader_commit=2)
157846.4ms Leader 0 SENDING AppendEntries to vehicle 4 (n_entries=6, leader_commit=2)
157846.4ms Leader 0 SENDING AppendEntries to vehicle 5 (n_entries=6, leader_commit=2)
157846.4ms Leader 0 SENDING AppendEntries to vehicle 6 (n_entries=6, leader_commit=2)
157986.4ms Leader 0 SENDING AppendEntries to vehicle 1 (n_entries=4, leader_commit=2)
157986.4ms Leader 0 SENDING AppendEntries to vehicle 4 (n_entries=6, leader_commit=2)
157986.4ms Leader 0 SENDING AppendEntries to vehicle 5 (n_entries=6, leader_commit=2)
157986.4ms Leader 0 SENDING AppendEntries to vehicle 6 (n_entries=6, leader_commit=2)
158126.4ms Leader 0 SENDING AppendEntries to vehicle 1 (n_entries=4, leader_commit=2)
158126.4ms Leader 0 SENDING AppendEntries to vehicle 4 (n_entries=6, leader_commit=2)
158126.4ms Leader 0 SENDING AppendEntries to vehicle 5 (n_entries=6, leader_commit=2)
158126.4ms Leader 0 SENDING AppendEntries to vehicle 6 (n_entries=6, leader_commit=2)
158266.4ms Leader 0 SENDING AppendEntries to vehicle 1 (n_entries=4, leader_commit=2)
158266.4ms Leader 0 SENDING AppendEntries to vehicle 4 (n_entries=6, leader_commit=2)
158266.4ms Leader 0 SENDING AppendEntries to vehicle 5 (n_entries=6, leader_commit=2)
158266.4ms Leader 0 SENDING AppendEntries to vehicle 6 (n_entries=6, leader_commit=2)
158406.4ms Leader 0 SENDING AppendEntries to vehicle 1 (n_entries=4, leader_commit=2)
158406.4ms Leader 0 SENDING AppendEntries to vehicle 4 (n_entries=6, leader_commit=2)
158406.4ms Leader 0 SENDING AppendEntries to vehicle 5 (n_entries=6, leader_commit=2)
158406.4ms Leader 0 SENDING AppendEntries to vehicle 6 (n_entries=6, leader_commit=2)
158546.4ms Leader 0 SENDING AppendEntries to vehicle 1 (n_entries=4, leader_commit=2)
158546.4ms Leader 0 SENDING AppendEntries to vehicle 4 (n_entries=6, leader_commit=2)
158546.4ms Leader 0 SENDING AppendEntries to vehicle 5 (n_entries=6, leader_commit=2)
158546.4ms Leader 0 SENDING AppendEntries to vehicle 6 (n_entries=6, leader_commit=2)
158686.4ms Leader 0 SENDING AppendEntries to vehicle 1 (n_entries=4, leader_commit=2)
158686.4ms Leader 0 SENDING AppendEntries to vehicle 4 (n_entries=6, leader_commit=2)
158686.4ms Leader 0 SENDING AppendEntries to vehicle 5 (n_entries=6, leader_commit=2)
158686.4ms Leader 0 SENDING AppendEntries to vehicle 6 (n_entries=6, leader_commit=2)
158826.4ms Leader 0 SENDING AppendEntries to vehicle 1 (n_entries=4, leader_commit=2)
158826.4ms Leader 0 SENDING AppendEntries to vehicle 4 (n_entries=6, leader_commit=2)
158826.4ms Leader 0 SENDING AppendEntries to vehicle 5 (n_entries=6, leader_commit=2)
158826.4ms Leader 0 SENDING AppendEntries to vehicle 6 (n_entries=6, leader_commit=2)
158966.4ms Leader 0 SENDING AppendEntries to vehicle 1 (n_entries=4, leader_commit=2)
158966.4ms Leader 0 SENDING AppendEntries to vehicle 4 (n_entries=6, leader_commit=2)
158966.4ms Leader 0 SENDING AppendEntries to vehicle 5 (n_entries=6, leader_commit=2)
158966.4ms Leader 0 SENDING AppendEntries to vehicle 6 (n_entries=6, leader_commit=2)
159106.4ms Leader 0 SENDING AppendEntries to vehicle 1 (n_entries=4, leader_commit=2)
159106.4ms Leader 0 SENDING AppendEntries to vehicle 4 (n_entries=6, leader_commit=2)
159106.4ms Leader 0 SENDING AppendEntries to vehicle 5 (n_entries=6, leader_commit=2)
159106.4ms Leader 0 SENDING AppendEntries to vehicle 6 (n_entries=6, leader_commit=2)
159246.4ms Leader 0 SENDING AppendEntries to vehicle 1 (n_entries=4, leader_commit=2)
159246.4ms Leader 0 SENDING AppendEntries to vehicle 4 (n_entries=6, leader_commit=2)
159246.4ms Leader 0 SENDING AppendEntries to vehicle 5 (n_entries=6, leader_commit=2)
159246.4ms Leader 0 SENDING AppendEntries to vehicle 6 (n_entries=6, leader_commit=2)
159386.4ms Leader 0 SENDING AppendEntries to vehicle 1 (n_entries=4, leader_commit=2)
159386.4ms Leader 0 SENDING AppendEntries to vehicle 4 (n_entries=6, leader_commit=2)
159386.4ms Leader 0 SENDING AppendEntries to vehicle 5 (n_entries=6, leader_commit=2)
159386.4ms Leader 0 SENDING AppendEntries to vehicle 6 (n_entries=6, leader_commit=2)
159526.4ms Leader 0 SENDING AppendEntries to vehicle 1 (n_entries=4, leader_commit=2)
159526.4ms Leader 0 SENDING AppendEntries to vehicle 4 (n_entries=6, leader_commit=2)
159526.4ms Leader 0 SENDING AppendEntries to vehicle 5 (n_entries=6, leader_commit=2)
159526.4ms Leader 0 SENDING AppendEntries to vehicle 6 (n_entries=6, leader_commit=2)
159666.4ms Leader 0 SENDING AppendEntries to vehicle 1 (n_entries=4, leader_commit=2)
159666.4ms Leader 0 SENDING AppendEntries to vehicle 4 (n_entries=6, leader_commit=2)
159666.4ms Leader 0 SENDING AppendEntries to vehicle 5 (n_entries=6, leader_commit=2)
159666.4ms Leader 0 SENDING AppendEntries to vehicle 6 (n_entries=6, leader_commit=2)
159806.4ms Leader 0 SENDING AppendEntries to vehicle 1 (n_entries=4, leader_commit=2)
159806.4ms Leader 0 SENDING AppendEntries to vehicle 4 (n_entries=6, leader_commit=2)
159806.4ms Leader 0 SENDING AppendEntries to vehicle 5 (n_entries=6, leader_commit=2)
159806.4ms Leader 0 SENDING AppendEntries to vehicle 6 (n_entries=6, leader_commit=2)
159946.4ms Leader 0 SENDING AppendEntries to vehicle 1 (n_entries=4, leader_commit=2)
159946.4ms Leader 0 SENDING AppendEntries to vehicle 4 (n_entries=6, leader_commit=2)
159946.4ms Leader 0 SENDING AppendEntries to vehicle 5 (n_entries=6, leader_commit=2)
159946.4ms Leader 0 SENDING AppendEntries to vehicle 6 (n_entries=6, leader_commit=2)
160086.4ms Leader 0 SENDING AppendEntries to vehicle 1 (n_entries=4, leader_commit=2)
160086.4ms Leader 0 SENDING AppendEntries to vehicle 4 (n_entries=6, leader_commit=2)
160086.4ms Leader 0 SENDING AppendEntries to vehicle 5 (n_entries=6, leader_commit=2)
160086.4ms Leader 0 SENDING AppendEntries to vehicle 6 (n_entries=6, leader_commit=2)
160226.4ms Leader 0 SENDING AppendEntries to vehicle 1 (n_entries=4, leader_commit=2)
160226.4ms Leader 0 SENDING AppendEntries to vehicle 4 (n_entries=6, leader_commit=2)
160226.4ms Leader 0 SENDING AppendEntries to vehicle 5 (n_entries=6, leader_commit=2)
160226.4ms Leader 0 SENDING AppendEntries to vehicle 6 (n_entries=6, leader_commit=2)
160366.4ms Leader 0 SENDING AppendEntries to vehicle 1 (n_entries=4, leader_commit=2)
160366.4ms Leader 0 SENDING AppendEntries to vehicle 4 (n_entries=6, leader_commit=2)
160366.4ms Leader 0 SENDING AppendEntries to vehicle 5 (n_entries=6, leader_commit=2)
160366.4ms Leader 0 SENDING AppendEntries to vehicle 6 (n_entries=6, leader_commit=2)
160506.4ms Leader 0 SENDING AppendEntries to vehicle 1 (n_entries=4, leader_commit=2)
160506.4ms Leader 0 SENDING AppendEntries to vehicle 4 (n_entries=6, leader_commit=2)
160506.4ms Leader 0 SENDING AppendEntries to vehicle 5 (n_entries=6, leader_commit=2)
160506.4ms Leader 0 SENDING AppendEntries to vehicle 6 (n_entries=6, leader_commit=2)
160646.4ms Leader 0 SENDING AppendEntries to vehicle 1 (n_entries=4, leader_commit=2)
160646.4ms Leader 0 SENDING AppendEntries to vehicle 4 (n_entries=6, leader_commit=2)
160646.4ms Leader 0 SENDING AppendEntries to vehicle 5 (n_entries=6, leader_commit=2)
160646.4ms Leader 0 SENDING AppendEntries to vehicle 6 (n_entries=6, leader_commit=2)
160786.4ms Leader 0 SENDING AppendEntries to vehicle 1 (n_entries=4, leader_commit=2)
160786.4ms Leader 0 SENDING AppendEntries to vehicle 4 (n_entries=6, leader_commit=2)
160786.4ms Leader 0 SENDING AppendEntries to vehicle 5 (n_entries=6, leader_commit=2)
160786.4ms Leader 0 SENDING AppendEntries to vehicle 6 (n_entries=6, leader_commit=2)
160926.4ms Leader 0 SENDING AppendEntries to vehicle 1 (n_entries=4, leader_commit=2)
160926.4ms Leader 0 SENDING AppendEntries to vehicle 4 (n_entries=6, leader_commit=2)
160926.4ms Leader 0 SENDING AppendEntries to vehicle 5 (n_entries=6, leader_commit=2)
160926.4ms Leader 0 SENDING AppendEntries to vehicle 6 (n_entries=6, leader_commit=2)
161066.4ms Leader 0 SENDING AppendEntries to vehicle 1 (n_entries=4, leader_commit=2)
161066.4ms Leader 0 SENDING AppendEntries to vehicle 4 (n_entries=6, leader_commit=2)
161066.4ms Leader 0 SENDING AppendEntries to vehicle 5 (n_entries=6, leader_commit=2)
161066.4ms Leader 0 SENDING AppendEntries to vehicle 6 (n_entries=6, leader_commit=2)
161206.4ms Leader 0 SENDING AppendEntries to vehicle 1 (n_entries=4, leader_commit=2)
161206.4ms Leader 0 SENDING AppendEntries to vehicle 4 (n_entries=6, leader_commit=2)
161206.4ms Leader 0 SENDING AppendEntries to vehicle 5 (n_entries=6, leader_commit=2)
161206.4ms Leader 0 SENDING AppendEntries to vehicle 6 (n_entries=6, leader_commit=2)
161346.4ms Leader 0 SENDING AppendEntries to vehicle 1 (n_entries=4, leader_commit=2)
161346.4ms Leader 0 SENDING AppendEntries to vehicle 4 (n_entries=6, leader_commit=2)
161346.4ms Leader 0 SENDING AppendEntries to vehicle 5 (n_entries=6, leader_commit=2)
161346.4ms Leader 0 SENDING AppendEntries to vehicle 6 (n_entries=6, leader_commit=2)
161486.4ms Leader 0 SENDING AppendEntries to vehicle 1 (n_entries=4, leader_commit=2)
161486.4ms Leader 0 SENDING AppendEntries to vehicle 4 (n_entries=6, leader_commit=2)
161486.4ms Leader 0 SENDING AppendEntries to vehicle 5 (n_entries=6, leader_commit=2)
161486.4ms Leader 0 SENDING AppendEntries to vehicle 6 (n_entries=6, leader_commit=2)
161626.4ms Leader 0 SENDING AppendEntries to vehicle 1 (n_entries=4, leader_commit=2)
161626.4ms Leader 0 SENDING AppendEntries to vehicle 4 (n_entries=6, leader_commit=2)
161626.4ms Leader 0 SENDING AppendEntries to vehicle 5 (n_entries=6, leader_commit=2)
161626.4ms Leader 0 SENDING AppendEntries to vehicle 6 (n_entries=6, leader_commit=2)
161766.4ms Leader 0 SENDING AppendEntries to vehicle 1 (n_entries=4, leader_commit=2)
161766.4ms Leader 0 SENDING AppendEntries to vehicle 4 (n_entries=6, leader_commit=2)
161766.4ms Leader 0 SENDING AppendEntries to vehicle 5 (n_entries=6, leader_commit=2)
161766.4ms Leader 0 SENDING AppendEntries to vehicle 6 (n_entries=6, leader_commit=2)
161906.4ms Leader 0 SENDING AppendEntries to vehicle 1 (n_entries=4, leader_commit=2)
161906.4ms Leader 0 SENDING AppendEntries to vehicle 4 (n_entries=6, leader_commit=2)
161906.4ms Leader 0 SENDING AppendEntries to vehicle 5 (n_entries=6, leader_commit=2)
161906.4ms Leader 0 SENDING AppendEntries to vehicle 6 (n_entries=6, leader_commit=2)
162046.4ms Leader 0 SENDING AppendEntries to vehicle 1 (n_entries=4, leader_commit=2)
162046.4ms Leader 0 SENDING AppendEntries to vehicle 4 (n_entries=6, leader_commit=2)
162046.4ms Leader 0 SENDING AppendEntries to vehicle 5 (n_entries=6, leader_commit=2)
162046.4ms Leader 0 SENDING AppendEntries to vehicle 6 (n_entries=6, leader_commit=2)
162186.4ms Leader 0 SENDING AppendEntries to vehicle 1 (n_entries=4, leader_commit=2)
162186.4ms Leader 0 SENDING AppendEntries to vehicle 4 (n_entries=6, leader_commit=2)
162186.4ms Leader 0 SENDING AppendEntries to vehicle 5 (n_entries=6, leader_commit=2)
162186.4ms Leader 0 SENDING AppendEntries to vehicle 6 (n_entries=6, leader_commit=2)
162326.4ms Leader 0 SENDING AppendEntries to vehicle 1 (n_entries=4, leader_commit=2)
162326.4ms Leader 0 SENDING AppendEntries to vehicle 4 (n_entries=6, leader_commit=2)
162326.4ms Leader 0 SENDING AppendEntries to vehicle 5 (n_entries=6, leader_commit=2)
162326.4ms Leader 0 SENDING AppendEntries to vehicle 6 (n_entries=6, leader_commit=2)
162466.4ms Leader 0 SENDING AppendEntries to vehicle 1 (n_entries=4, leader_commit=2)
162466.4ms Leader 0 SENDING AppendEntries to vehicle 4 (n_entries=6, leader_commit=2)
162466.4ms Leader 0 SENDING AppendEntries to vehicle 5 (n_entries=6, leader_commit=2)
162466.4ms Leader 0 SENDING AppendEntries to vehicle 6 (n_entries=6, leader_commit=2)
162606.4ms Leader 0 SENDING AppendEntries to vehicle 1 (n_entries=4, leader_commit=2)
162606.4ms Leader 0 SENDING AppendEntries to vehicle 4 (n_entries=6, leader_commit=2)
162606.4ms Leader 0 SENDING AppendEntries to vehicle 5 (n_entries=6, leader_commit=2)
162606.4ms Leader 0 SENDING AppendEntries to vehicle 6 (n_entries=6, leader_commit=2)
162746.4ms Leader 0 SENDING AppendEntries to vehicle 1 (n_entries=4, leader_commit=2)
162746.4ms Leader 0 SENDING AppendEntries to vehicle 4 (n_entries=6, leader_commit=2)
162746.4ms Leader 0 SENDING AppendEntries to vehicle 5 (n_entries=6, leader_commit=2)
162746.4ms Leader 0 SENDING AppendEntries to vehicle 6 (n_entries=6, leader_commit=2)
162886.4ms Leader 0 SENDING AppendEntries to vehicle 1 (n_entries=4, leader_commit=2)
162886.4ms Leader 0 SENDING AppendEntries to vehicle 4 (n_entries=6, leader_commit=2)
162886.4ms Leader 0 SENDING AppendEntries to vehicle 5 (n_entries=6, leader_commit=2)
162886.4ms Leader 0 SENDING AppendEntries to vehicle 6 (n_entries=6, leader_commit=2)
163026.4ms Leader 0 SENDING AppendEntries to vehicle 1 (n_entries=4, leader_commit=2)
163026.4ms Leader 0 SENDING AppendEntries to vehicle 4 (n_entries=6, leader_commit=2)
163026.4ms Leader 0 SENDING AppendEntries to vehicle 5 (n_entries=6, leader_commit=2)
163026.4ms Leader 0 SENDING AppendEntries to vehicle 6 (n_entries=6, leader_commit=2)
163166.4ms Leader 0 SENDING AppendEntries to vehicle 1 (n_entries=4, leader_commit=2)
163166.4ms Leader 0 SENDING AppendEntries to vehicle 4 (n_entries=6, leader_commit=2)
163166.4ms Leader 0 SENDING AppendEntries to vehicle 5 (n_entries=6, leader_commit=2)
163166.4ms Leader 0 SENDING AppendEntries to vehicle 6 (n_entries=6, leader_commit=2)
163306.4ms Leader 0 SENDING AppendEntries to vehicle 1 (n_entries=4, leader_commit=2)
163306.4ms Leader 0 SENDING AppendEntries to vehicle 4 (n_entries=6, leader_commit=2)
163306.4ms Leader 0 SENDING AppendEntries to vehicle 5 (n_entries=6, leader_commit=2)
163306.4ms Leader 0 SENDING AppendEntries to vehicle 6 (n_entries=6, leader_commit=2)
163446.4ms Leader 0 SENDING AppendEntries to vehicle 1 (n_entries=4, leader_commit=2)
163446.4ms Leader 0 SENDING AppendEntries to vehicle 4 (n_entries=6, leader_commit=2)
163446.4ms Leader 0 SENDING AppendEntries to vehicle 5 (n_entries=6, leader_commit=2)
163446.4ms Leader 0 SENDING AppendEntries to vehicle 6 (n_entries=6, leader_commit=2)
163586.4ms Leader 0 SENDING AppendEntries to vehicle 1 (n_entries=4, leader_commit=2)
163586.4ms Leader 0 SENDING AppendEntries to vehicle 4 (n_entries=6, leader_commit=2)
163586.4ms Leader 0 SENDING AppendEntries to vehicle 5 (n_entries=6, leader_commit=2)
163586.4ms Leader 0 SENDING AppendEntries to vehicle 6 (n_entries=6, leader_commit=2)
163726.4ms Leader 0 SENDING AppendEntries to vehicle 1 (n_entries=4, leader_commit=2)
163726.4ms Leader 0 SENDING AppendEntries to vehicle 4 (n_entries=6, leader_commit=2)
163726.4ms Leader 0 SENDING AppendEntries to vehicle 5 (n_entries=6, leader_commit=2)
163726.4ms Leader 0 SENDING AppendEntries to vehicle 6 (n_entries=6, leader_commit=2)
163866.4ms Leader 0 SENDING AppendEntries to vehicle 1 (n_entries=4, leader_commit=2)
163866.4ms Leader 0 SENDING AppendEntries to vehicle 4 (n_entries=6, leader_commit=2)
163866.4ms Leader 0 SENDING AppendEntries to vehicle 5 (n_entries=6, leader_commit=2)
163866.4ms Leader 0 SENDING AppendEntries to vehicle 6 (n_entries=6, leader_commit=2)
164006.4ms Leader 0 SENDING AppendEntries to vehicle 1 (n_entries=4, leader_commit=2)
164006.4ms Leader 0 SENDING AppendEntries to vehicle 4 (n_entries=6, leader_commit=2)
164006.4ms Leader 0 SENDING AppendEntries to vehicle 5 (n_entries=6, leader_commit=2)
164006.4ms Leader 0 SENDING AppendEntries to vehicle 6 (n_entries=6, leader_commit=2)
164146.4ms Leader 0 SENDING AppendEntries to vehicle 1 (n_entries=4, leader_commit=2)
164146.4ms Leader 0 SENDING AppendEntries to vehicle 4 (n_entries=6, leader_commit=2)
164146.4ms Leader 0 SENDING AppendEntries to vehicle 5 (n_entries=6, leader_commit=2)
164146.4ms Leader 0 SENDING AppendEntries to vehicle 6 (n_entries=6, leader_commit=2)
164286.4ms Leader 0 SENDING AppendEntries to vehicle 1 (n_entries=4, leader_commit=2)
164286.4ms Leader 0 SENDING AppendEntries to vehicle 4 (n_entries=6, leader_commit=2)
164286.4ms Leader 0 SENDING AppendEntries to vehicle 5 (n_entries=6, leader_commit=2)
164286.4ms Leader 0 SENDING AppendEntries to vehicle 6 (n_entries=6, leader_commit=2)
164426.4ms Leader 0 SENDING AppendEntries to vehicle 1 (n_entries=4, leader_commit=2)
164426.4ms Leader 0 SENDING AppendEntries to vehicle 4 (n_entries=6, leader_commit=2)
164426.4ms Leader 0 SENDING AppendEntries to vehicle 5 (n_entries=6, leader_commit=2)
164426.4ms Leader 0 SENDING AppendEntries to vehicle 6 (n_entries=6, leader_commit=2)
164566.4ms Leader 0 SENDING AppendEntries to vehicle 1 (n_entries=4, leader_commit=2)
164566.4ms Leader 0 SENDING AppendEntries to vehicle 4 (n_entries=6, leader_commit=2)
164566.4ms Leader 0 SENDING AppendEntries to vehicle 5 (n_entries=6, leader_commit=2)
164566.4ms Leader 0 SENDING AppendEntries to vehicle 6 (n_entries=6, leader_commit=2)
164706.4ms Leader 0 SENDING AppendEntries to vehicle 1 (n_entries=4, leader_commit=2)
164706.4ms Leader 0 SENDING AppendEntries to vehicle 4 (n_entries=6, leader_commit=2)
164706.4ms Leader 0 SENDING AppendEntries to vehicle 5 (n_entries=6, leader_commit=2)
164706.4ms Leader 0 SENDING AppendEntries to vehicle 6 (n_entries=6, leader_commit=2)
164846.4ms Leader 0 SENDING AppendEntries to vehicle 1 (n_entries=4, leader_commit=2)
164846.4ms Leader 0 SENDING AppendEntries to vehicle 4 (n_entries=6, leader_commit=2)
164846.4ms Leader 0 SENDING AppendEntries to vehicle 5 (n_entries=6, leader_commit=2)
164846.4ms Leader 0 SENDING AppendEntries to vehicle 6 (n_entries=6, leader_commit=2)
164986.4ms Leader 0 SENDING AppendEntries to vehicle 1 (n_entries=4, leader_commit=2)
164986.4ms Leader 0 SENDING AppendEntries to vehicle 4 (n_entries=6, leader_commit=2)
164986.4ms Leader 0 SENDING AppendEntries to vehicle 5 (n_entries=6, leader_commit=2)
164986.4ms Leader 0 SENDING AppendEntries to vehicle 6 (n_entries=6, leader_commit=2)
165126.4ms Leader 0 SENDING AppendEntries to vehicle 1 (n_entries=4, leader_commit=2)
165126.4ms Leader 0 SENDING AppendEntries to vehicle 4 (n_entries=6, leader_commit=2)
165126.4ms Leader 0 SENDING AppendEntries to vehicle 5 (n_entries=6, leader_commit=2)
165126.4ms Leader 0 SENDING AppendEntries to vehicle 6 (n_entries=6, leader_commit=2)
165266.4ms Leader 0 SENDING AppendEntries to vehicle 1 (n_entries=4, leader_commit=2)
165266.4ms Leader 0 SENDING AppendEntries to vehicle 4 (n_entries=6, leader_commit=2)
165266.4ms Leader 0 SENDING AppendEntries to vehicle 5 (n_entries=6, leader_commit=2)
165266.4ms Leader 0 SENDING AppendEntries to vehicle 6 (n_entries=6, leader_commit=2)
165406.4ms Leader 0 SENDING AppendEntries to vehicle 1 (n_entries=4, leader_commit=2)
165406.4ms Leader 0 SENDING AppendEntries to vehicle 4 (n_entries=6, leader_commit=2)
165406.4ms Leader 0 SENDING AppendEntries to vehicle 5 (n_entries=6, leader_commit=2)
165406.4ms Leader 0 SENDING AppendEntries to vehicle 6 (n_entries=6, leader_commit=2)
165546.4ms Leader 0 SENDING AppendEntries to vehicle 1 (n_entries=4, leader_commit=2)
165546.4ms Leader 0 SENDING AppendEntries to vehicle 4 (n_entries=6, leader_commit=2)
165546.4ms Leader 0 SENDING AppendEntries to vehicle 5 (n_entries=6, leader_commit=2)
165546.4ms Leader 0 SENDING AppendEntries to vehicle 6 (n_entries=6, leader_commit=2)
165686.4ms Leader 0 SENDING AppendEntries to vehicle 1 (n_entries=4, leader_commit=2)
165686.4ms Leader 0 SENDING AppendEntries to vehicle 4 (n_entries=6, leader_commit=2)
165686.4ms Leader 0 SENDING AppendEntries to vehicle 5 (n_entries=6, leader_commit=2)
165686.4ms Leader 0 SENDING AppendEntries to vehicle 6 (n_entries=6, leader_commit=2)
165826.4ms Leader 0 SENDING AppendEntries to vehicle 1 (n_entries=4, leader_commit=2)
165826.4ms Leader 0 SENDING AppendEntries to vehicle 4 (n_entries=6, leader_commit=2)
165826.4ms Leader 0 SENDING AppendEntries to vehicle 5 (n_entries=6, leader_commit=2)
165826.4ms Leader 0 SENDING AppendEntries to vehicle 6 (n_entries=6, leader_commit=2)
165966.4ms Leader 0 SENDING AppendEntries to vehicle 1 (n_entries=4, leader_commit=2)
165966.4ms Leader 0 SENDING AppendEntries to vehicle 4 (n_entries=6, leader_commit=2)
165966.4ms Leader 0 SENDING AppendEntries to vehicle 5 (n_entries=6, leader_commit=2)
165966.4ms Leader 0 SENDING AppendEntries to vehicle 6 (n_entries=6, leader_commit=2)
166106.4ms Leader 0 SENDING AppendEntries to vehicle 1 (n_entries=4, leader_commit=2)
166106.4ms Leader 0 SENDING AppendEntries to vehicle 4 (n_entries=6, leader_commit=2)
166106.4ms Leader 0 SENDING AppendEntries to vehicle 5 (n_entries=6, leader_commit=2)
166106.4ms Leader 0 SENDING AppendEntries to vehicle 6 (n_entries=6, leader_commit=2)
166246.4ms Leader 0 SENDING AppendEntries to vehicle 1 (n_entries=4, leader_commit=2)
166246.4ms Leader 0 SENDING AppendEntries to vehicle 4 (n_entries=6, leader_commit=2)
166246.4ms Leader 0 SENDING AppendEntries to vehicle 5 (n_entries=6, leader_commit=2)
166246.4ms Leader 0 SENDING AppendEntries to vehicle 6 (n_entries=6, leader_commit=2)
166386.4ms Leader 0 SENDING AppendEntries to vehicle 1 (n_entries=4, leader_commit=2)
166386.4ms Leader 0 SENDING AppendEntries to vehicle 4 (n_entries=6, leader_commit=2)
166386.4ms Leader 0 SENDING AppendEntries to vehicle 5 (n_entries=6, leader_commit=2)
166386.4ms Leader 0 SENDING AppendEntries to vehicle 6 (n_entries=6, leader_commit=2)
166526.4ms Leader 0 SENDING AppendEntries to vehicle 1 (n_entries=4, leader_commit=2)
166526.4ms Leader 0 SENDING AppendEntries to vehicle 4 (n_entries=6, leader_commit=2)
166526.4ms Leader 0 SENDING AppendEntries to vehicle 5 (n_entries=6, leader_commit=2)
166526.4ms Leader 0 SENDING AppendEntries to vehicle 6 (n_entries=6, leader_commit=2)
166666.4ms Leader 0 SENDING AppendEntries to vehicle 1 (n_entries=4, leader_commit=2)
166666.4ms Leader 0 SENDING AppendEntries to vehicle 4 (n_entries=6, leader_commit=2)
166666.4ms Leader 0 SENDING AppendEntries to vehicle 5 (n_entries=6, leader_commit=2)
166666.4ms Leader 0 SENDING AppendEntries to vehicle 6 (n_entries=6, leader_commit=2)
166806.4ms Leader 0 SENDING AppendEntries to vehicle 1 (n_entries=4, leader_commit=2)
166806.4ms Leader 0 SENDING AppendEntries to vehicle 4 (n_entries=6, leader_commit=2)
166806.4ms Leader 0 SENDING AppendEntries to vehicle 5 (n_entries=6, leader_commit=2)
166806.4ms Leader 0 SENDING AppendEntries to vehicle 6 (n_entries=6, leader_commit=2)
166946.4ms Leader 0 SENDING AppendEntries to vehicle 1 (n_entries=4, leader_commit=2)
166946.4ms Leader 0 SENDING AppendEntries to vehicle 4 (n_entries=6, leader_commit=2)
166946.4ms Leader 0 SENDING AppendEntries to vehicle 5 (n_entries=6, leader_commit=2)
166946.4ms Leader 0 SENDING AppendEntries to vehicle 6 (n_entries=6, leader_commit=2)
167086.4ms Leader 0 SENDING AppendEntries to vehicle 1 (n_entries=4, leader_commit=2)
167086.4ms Leader 0 SENDING AppendEntries to vehicle 4 (n_entries=6, leader_commit=2)
167086.4ms Leader 0 SENDING AppendEntries to vehicle 5 (n_entries=6, leader_commit=2)
167086.4ms Leader 0 SENDING AppendEntries to vehicle 6 (n_entries=6, leader_commit=2)
167226.4ms Leader 0 SENDING AppendEntries to vehicle 1 (n_entries=4, leader_commit=2)
167226.4ms Leader 0 SENDING AppendEntries to vehicle 4 (n_entries=6, leader_commit=2)
167226.4ms Leader 0 SENDING AppendEntries to vehicle 5 (n_entries=6, leader_commit=2)
167226.4ms Leader 0 SENDING AppendEntries to vehicle 6 (n_entries=6, leader_commit=2)
167366.4ms Leader 0 SENDING AppendEntries to vehicle 1 (n_entries=4, leader_commit=2)
167366.4ms Leader 0 SENDING AppendEntries to vehicle 4 (n_entries=6, leader_commit=2)
167366.4ms Leader 0 SENDING AppendEntries to vehicle 5 (n_entries=6, leader_commit=2)
167366.4ms Leader 0 SENDING AppendEntries to vehicle 6 (n_entries=6, leader_commit=2)
167506.4ms Leader 0 SENDING AppendEntries to vehicle 1 (n_entries=4, leader_commit=2)
167506.4ms Leader 0 SENDING AppendEntries to vehicle 4 (n_entries=6, leader_commit=2)
167506.4ms Leader 0 SENDING AppendEntries to vehicle 5 (n_entries=6, leader_commit=2)
167506.4ms Leader 0 SENDING AppendEntries to vehicle 6 (n_entries=6, leader_commit=2)
167646.4ms Leader 0 SENDING AppendEntries to vehicle 1 (n_entries=4, leader_commit=2)
167646.4ms Leader 0 SENDING AppendEntries to vehicle 4 (n_entries=6, leader_commit=2)
167646.4ms Leader 0 SENDING AppendEntries to vehicle 5 (n_entries=6, leader_commit=2)
167646.4ms Leader 0 SENDING AppendEntries to vehicle 6 (n_entries=6, leader_commit=2)
167786.4ms Leader 0 SENDING AppendEntries to vehicle 1 (n_entries=4, leader_commit=2)
167786.4ms Leader 0 SENDING AppendEntries to vehicle 4 (n_entries=6, leader_commit=2)
167786.4ms Leader 0 SENDING AppendEntries to vehicle 5 (n_entries=6, leader_commit=2)
167786.4ms Leader 0 SENDING AppendEntries to vehicle 6 (n_entries=6, leader_commit=2)
167926.4ms Leader 0 SENDING AppendEntries to vehicle 1 (n_entries=4, leader_commit=2)
167926.4ms Leader 0 SENDING AppendEntries to vehicle 4 (n_entries=6, leader_commit=2)
167926.4ms Leader 0 SENDING AppendEntries to vehicle 5 (n_entries=6, leader_commit=2)
167926.4ms Leader 0 SENDING AppendEntries to vehicle 6 (n_entries=6, leader_commit=2)
168066.4ms Leader 0 SENDING AppendEntries to vehicle 1 (n_entries=4, leader_commit=2)
168066.4ms Leader 0 SENDING AppendEntries to vehicle 4 (n_entries=6, leader_commit=2)
168066.4ms Leader 0 SENDING AppendEntries to vehicle 5 (n_entries=6, leader_commit=2)
168066.4ms Leader 0 SENDING AppendEntries to vehicle 6 (n_entries=6, leader_commit=2)
168206.4ms Leader 0 SENDING AppendEntries to vehicle 1 (n_entries=4, leader_commit=2)
168206.4ms Leader 0 SENDING AppendEntries to vehicle 4 (n_entries=6, leader_commit=2)
168206.4ms Leader 0 SENDING AppendEntries to vehicle 5 (n_entries=6, leader_commit=2)
168206.4ms Leader 0 SENDING AppendEntries to vehicle 6 (n_entries=6, leader_commit=2)
168346.4ms Leader 0 SENDING AppendEntries to vehicle 1 (n_entries=4, leader_commit=2)
168346.4ms Leader 0 SENDING AppendEntries to vehicle 4 (n_entries=6, leader_commit=2)
168346.4ms Leader 0 SENDING AppendEntries to vehicle 5 (n_entries=6, leader_commit=2)
168346.4ms Leader 0 SENDING AppendEntries to vehicle 6 (n_entries=6, leader_commit=2)
168486.4ms Leader 0 SENDING AppendEntries to vehicle 1 (n_entries=4, leader_commit=2)
168486.4ms Leader 0 SENDING AppendEntries to vehicle 4 (n_entries=6, leader_commit=2)
168486.4ms Leader 0 SENDING AppendEntries to vehicle 5 (n_entries=6, leader_commit=2)
168486.4ms Leader 0 SENDING AppendEntries to vehicle 6 (n_entries=6, leader_commit=2)
168626.4ms Leader 0 SENDING AppendEntries to vehicle 1 (n_entries=4, leader_commit=2)
168626.4ms Leader 0 SENDING AppendEntries to vehicle 4 (n_entries=6, leader_commit=2)
168626.4ms Leader 0 SENDING AppendEntries to vehicle 5 (n_entries=6, leader_commit=2)
168626.4ms Leader 0 SENDING AppendEntries to vehicle 6 (n_entries=6, leader_commit=2)
168766.4ms Leader 0 SENDING AppendEntries to vehicle 1 (n_entries=4, leader_commit=2)
168766.4ms Leader 0 SENDING AppendEntries to vehicle 4 (n_entries=6, leader_commit=2)
168766.4ms Leader 0 SENDING AppendEntries to vehicle 5 (n_entries=6, leader_commit=2)
168766.4ms Leader 0 SENDING AppendEntries to vehicle 6 (n_entries=6, leader_commit=2)
168906.4ms Leader 0 SENDING AppendEntries to vehicle 1 (n_entries=4, leader_commit=2)
168906.4ms Leader 0 SENDING AppendEntries to vehicle 4 (n_entries=6, leader_commit=2)
168906.4ms Leader 0 SENDING AppendEntries to vehicle 5 (n_entries=6, leader_commit=2)
168906.4ms Leader 0 SENDING AppendEntries to vehicle 6 (n_entries=6, leader_commit=2)
169046.4ms Leader 0 SENDING AppendEntries to vehicle 1 (n_entries=4, leader_commit=2)
169046.4ms Leader 0 SENDING AppendEntries to vehicle 4 (n_entries=6, leader_commit=2)
169046.4ms Leader 0 SENDING AppendEntries to vehicle 5 (n_entries=6, leader_commit=2)
169046.4ms Leader 0 SENDING AppendEntries to vehicle 6 (n_entries=6, leader_commit=2)
169186.4ms Leader 0 SENDING AppendEntries to vehicle 1 (n_entries=4, leader_commit=2)
169186.4ms Leader 0 SENDING AppendEntries to vehicle 4 (n_entries=6, leader_commit=2)
169186.4ms Leader 0 SENDING AppendEntries to vehicle 5 (n_entries=6, leader_commit=2)
169186.4ms Leader 0 SENDING AppendEntries to vehicle 6 (n_entries=6, leader_commit=2)
169326.4ms Leader 0 SENDING AppendEntries to vehicle 1 (n_entries=4, leader_commit=2)
169326.4ms Leader 0 SENDING AppendEntries to vehicle 4 (n_entries=6, leader_commit=2)
169326.4ms Leader 0 SENDING AppendEntries to vehicle 5 (n_entries=6, leader_commit=2)
169326.4ms Leader 0 SENDING AppendEntries to vehicle 6 (n_entries=6, leader_commit=2)
169466.4ms Leader 0 SENDING AppendEntries to vehicle 1 (n_entries=4, leader_commit=2)
169466.4ms Leader 0 SENDING AppendEntries to vehicle 4 (n_entries=6, leader_commit=2)
169466.4ms Leader 0 SENDING AppendEntries to vehicle 5 (n_entries=6, leader_commit=2)
169466.4ms Leader 0 SENDING AppendEntries to vehicle 6 (n_entries=6, leader_commit=2)
169606.4ms Leader 0 SENDING AppendEntries to vehicle 1 (n_entries=4, leader_commit=2)
169606.4ms Leader 0 SENDING AppendEntries to vehicle 4 (n_entries=6, leader_commit=2)
169606.4ms Leader 0 SENDING AppendEntries to vehicle 5 (n_entries=6, leader_commit=2)
169606.4ms Leader 0 SENDING AppendEntries to vehicle 6 (n_entries=6, leader_commit=2)
169746.4ms Leader 0 SENDING AppendEntries to vehicle 1 (n_entries=4, leader_commit=2)
169746.4ms Leader 0 SENDING AppendEntries to vehicle 4 (n_entries=6, leader_commit=2)
169746.4ms Leader 0 SENDING AppendEntries to vehicle 5 (n_entries=6, leader_commit=2)
169746.4ms Leader 0 SENDING AppendEntries to vehicle 6 (n_entries=6, leader_commit=2)
169886.4ms Leader 0 SENDING AppendEntries to vehicle 1 (n_entries=4, leader_commit=2)
169886.4ms Leader 0 SENDING AppendEntries to vehicle 4 (n_entries=6, leader_commit=2)
169886.4ms Leader 0 SENDING AppendEntries to vehicle 5 (n_entries=6, leader_commit=2)
169886.4ms Leader 0 SENDING AppendEntries to vehicle 6 (n_entries=6, leader_commit=2)
170026.4ms Leader 0 SENDING AppendEntries to vehicle 1 (n_entries=4, leader_commit=2)
170026.4ms Leader 0 SENDING AppendEntries to vehicle 4 (n_entries=6, leader_commit=2)
170026.4ms Leader 0 SENDING AppendEntries to vehicle 5 (n_entries=6, leader_commit=2)
170026.4ms Leader 0 SENDING AppendEntries to vehicle 6 (n_entries=6, leader_commit=2)
170166.4ms Leader 0 SENDING AppendEntries to vehicle 1 (n_entries=4, leader_commit=2)
170166.4ms Leader 0 SENDING AppendEntries to vehicle 4 (n_entries=6, leader_commit=2)
170166.4ms Leader 0 SENDING AppendEntries to vehicle 5 (n_entries=6, leader_commit=2)
170166.4ms Leader 0 SENDING AppendEntries to vehicle 6 (n_entries=6, leader_commit=2)
170306.4ms Leader 0 SENDING AppendEntries to vehicle 1 (n_entries=4, leader_commit=2)
170306.4ms Leader 0 SENDING AppendEntries to vehicle 4 (n_entries=6, leader_commit=2)
170306.4ms Leader 0 SENDING AppendEntries to vehicle 5 (n_entries=6, leader_commit=2)
170306.4ms Leader 0 SENDING AppendEntries to vehicle 6 (n_entries=6, leader_commit=2)
170446.4ms Leader 0 SENDING AppendEntries to vehicle 1 (n_entries=4, leader_commit=2)
170446.4ms Leader 0 SENDING AppendEntries to vehicle 4 (n_entries=6, leader_commit=2)
170446.4ms Leader 0 SENDING AppendEntries to vehicle 5 (n_entries=6, leader_commit=2)
170446.4ms Leader 0 SENDING AppendEntries to vehicle 6 (n_entries=6, leader_commit=2)
170586.4ms Leader 0 SENDING AppendEntries to vehicle 1 (n_entries=4, leader_commit=2)
170586.4ms Leader 0 SENDING AppendEntries to vehicle 4 (n_entries=6, leader_commit=2)
170586.4ms Leader 0 SENDING AppendEntries to vehicle 5 (n_entries=6, leader_commit=2)
170586.4ms Leader 0 SENDING AppendEntries to vehicle 6 (n_entries=6, leader_commit=2)
170726.4ms Leader 0 SENDING AppendEntries to vehicle 1 (n_entries=4, leader_commit=2)
170726.4ms Leader 0 SENDING AppendEntries to vehicle 4 (n_entries=6, leader_commit=2)
170726.4ms Leader 0 SENDING AppendEntries to vehicle 5 (n_entries=6, leader_commit=2)
170726.4ms Leader 0 SENDING AppendEntries to vehicle 6 (n_entries=6, leader_commit=2)
170866.4ms Leader 0 SENDING AppendEntries to vehicle 1 (n_entries=4, leader_commit=2)
170866.4ms Leader 0 SENDING AppendEntries to vehicle 4 (n_entries=6, leader_commit=2)
170866.4ms Leader 0 SENDING AppendEntries to vehicle 5 (n_entries=6, leader_commit=2)
170866.4ms Leader 0 SENDING AppendEntries to vehicle 6 (n_entries=6, leader_commit=2)
171006.4ms Leader 0 SENDING AppendEntries to vehicle 1 (n_entries=4, leader_commit=2)
171006.4ms Leader 0 SENDING AppendEntries to vehicle 4 (n_entries=6, leader_commit=2)
171006.4ms Leader 0 SENDING AppendEntries to vehicle 5 (n_entries=6, leader_commit=2)
171006.4ms Leader 0 SENDING AppendEntries to vehicle 6 (n_entries=6, leader_commit=2)
171146.4ms Leader 0 SENDING AppendEntries to vehicle 1 (n_entries=4, leader_commit=2)
171146.4ms Leader 0 SENDING AppendEntries to vehicle 4 (n_entries=6, leader_commit=2)
171146.4ms Leader 0 SENDING AppendEntries to vehicle 5 (n_entries=6, leader_commit=2)
171146.4ms Leader 0 SENDING AppendEntries to vehicle 6 (n_entries=6, leader_commit=2)
171286.4ms Leader 0 SENDING AppendEntries to vehicle 1 (n_entries=4, leader_commit=2)
171286.4ms Leader 0 SENDING AppendEntries to vehicle 4 (n_entries=6, leader_commit=2)
171286.4ms Leader 0 SENDING AppendEntries to vehicle 5 (n_entries=6, leader_commit=2)
171286.4ms Leader 0 SENDING AppendEntries to vehicle 6 (n_entries=6, leader_commit=2)
171426.4ms Leader 0 SENDING AppendEntries to vehicle 1 (n_entries=4, leader_commit=2)
171426.4ms Leader 0 SENDING AppendEntries to vehicle 4 (n_entries=6, leader_commit=2)
171426.4ms Leader 0 SENDING AppendEntries to vehicle 5 (n_entries=6, leader_commit=2)
171426.4ms Leader 0 SENDING AppendEntries to vehicle 6 (n_entries=6, leader_commit=2)
171566.4ms Leader 0 SENDING AppendEntries to vehicle 1 (n_entries=4, leader_commit=2)
171566.4ms Leader 0 SENDING AppendEntries to vehicle 4 (n_entries=6, leader_commit=2)
171566.4ms Leader 0 SENDING AppendEntries to vehicle 5 (n_entries=6, leader_commit=2)
171566.4ms Leader 0 SENDING AppendEntries to vehicle 6 (n_entries=6, leader_commit=2)
171706.4ms Leader 0 SENDING AppendEntries to vehicle 1 (n_entries=4, leader_commit=2)
171706.4ms Leader 0 SENDING AppendEntries to vehicle 4 (n_entries=6, leader_commit=2)
171706.4ms Leader 0 SENDING AppendEntries to vehicle 5 (n_entries=6, leader_commit=2)
171706.4ms Leader 0 SENDING AppendEntries to vehicle 6 (n_entries=6, leader_commit=2)
171846.4ms Leader 0 SENDING AppendEntries to vehicle 1 (n_entries=4, leader_commit=2)
171846.4ms Leader 0 SENDING AppendEntries to vehicle 4 (n_entries=6, leader_commit=2)
171846.4ms Leader 0 SENDING AppendEntries to vehicle 5 (n_entries=6, leader_commit=2)
171846.4ms Leader 0 SENDING AppendEntries to vehicle 6 (n_entries=6, leader_commit=2)
171986.4ms Leader 0 SENDING AppendEntries to vehicle 1 (n_entries=4, leader_commit=2)
171986.4ms Leader 0 SENDING AppendEntries to vehicle 4 (n_entries=6, leader_commit=2)
171986.4ms Leader 0 SENDING AppendEntries to vehicle 5 (n_entries=6, leader_commit=2)
171986.4ms Leader 0 SENDING AppendEntries to vehicle 6 (n_entries=6, leader_commit=2)
172126.4ms Leader 0 SENDING AppendEntries to vehicle 1 (n_entries=4, leader_commit=2)
172126.4ms Leader 0 SENDING AppendEntries to vehicle 4 (n_entries=6, leader_commit=2)
172126.4ms Leader 0 SENDING AppendEntries to vehicle 5 (n_entries=6, leader_commit=2)
172126.4ms Leader 0 SENDING AppendEntries to vehicle 6 (n_entries=6, leader_commit=2)
172266.4ms Leader 0 SENDING AppendEntries to vehicle 1 (n_entries=4, leader_commit=2)
172266.4ms Leader 0 SENDING AppendEntries to vehicle 4 (n_entries=6, leader_commit=2)
172266.4ms Leader 0 SENDING AppendEntries to vehicle 5 (n_entries=6, leader_commit=2)
172266.4ms Leader 0 SENDING AppendEntries to vehicle 6 (n_entries=6, leader_commit=2)
172406.4ms Leader 0 SENDING AppendEntries to vehicle 1 (n_entries=4, leader_commit=2)
172406.4ms Leader 0 SENDING AppendEntries to vehicle 4 (n_entries=6, leader_commit=2)
172406.4ms Leader 0 SENDING AppendEntries to vehicle 5 (n_entries=6, leader_commit=2)
172406.4ms Leader 0 SENDING AppendEntries to vehicle 6 (n_entries=6, leader_commit=2)
172546.4ms Leader 0 SENDING AppendEntries to vehicle 1 (n_entries=4, leader_commit=2)
172546.4ms Leader 0 SENDING AppendEntries to vehicle 4 (n_entries=6, leader_commit=2)
172546.4ms Leader 0 SENDING AppendEntries to vehicle 5 (n_entries=6, leader_commit=2)
172546.4ms Leader 0 SENDING AppendEntries to vehicle 6 (n_entries=6, leader_commit=2)
172686.4ms Leader 0 SENDING AppendEntries to vehicle 1 (n_entries=4, leader_commit=2)
172686.4ms Leader 0 SENDING AppendEntries to vehicle 4 (n_entries=6, leader_commit=2)
172686.4ms Leader 0 SENDING AppendEntries to vehicle 5 (n_entries=6, leader_commit=2)
172686.4ms Leader 0 SENDING AppendEntries to vehicle 6 (n_entries=6, leader_commit=2)
172826.4ms Leader 0 SENDING AppendEntries to vehicle 1 (n_entries=4, leader_commit=2)
172826.4ms Leader 0 SENDING AppendEntries to vehicle 4 (n_entries=6, leader_commit=2)
172826.4ms Leader 0 SENDING AppendEntries to vehicle 5 (n_entries=6, leader_commit=2)
172826.4ms Leader 0 SENDING AppendEntries to vehicle 6 (n_entries=6, leader_commit=2)
172966.4ms Leader 0 SENDING AppendEntries to vehicle 1 (n_entries=4, leader_commit=2)
172966.4ms Leader 0 SENDING AppendEntries to vehicle 4 (n_entries=6, leader_commit=2)
172966.4ms Leader 0 SENDING AppendEntries to vehicle 5 (n_entries=6, leader_commit=2)
172966.4ms Leader 0 SENDING AppendEntries to vehicle 6 (n_entries=6, leader_commit=2)
173106.4ms Leader 0 SENDING AppendEntries to vehicle 1 (n_entries=4, leader_commit=2)
173106.4ms Leader 0 SENDING AppendEntries to vehicle 4 (n_entries=6, leader_commit=2)
173106.4ms Leader 0 SENDING AppendEntries to vehicle 5 (n_entries=6, leader_commit=2)
173106.4ms Leader 0 SENDING AppendEntries to vehicle 6 (n_entries=6, leader_commit=2)
173246.4ms Leader 0 SENDING AppendEntries to vehicle 1 (n_entries=4, leader_commit=2)
173246.4ms Leader 0 SENDING AppendEntries to vehicle 4 (n_entries=6, leader_commit=2)
173246.4ms Leader 0 SENDING AppendEntries to vehicle 5 (n_entries=6, leader_commit=2)
173246.4ms Leader 0 SENDING AppendEntries to vehicle 6 (n_entries=6, leader_commit=2)
173386.4ms Leader 0 SENDING AppendEntries to vehicle 1 (n_entries=4, leader_commit=2)
173386.4ms Leader 0 SENDING AppendEntries to vehicle 4 (n_entries=6, leader_commit=2)
173386.4ms Leader 0 SENDING AppendEntries to vehicle 5 (n_entries=6, leader_commit=2)
173386.4ms Leader 0 SENDING AppendEntries to vehicle 6 (n_entries=6, leader_commit=2)
173526.4ms Leader 0 SENDING AppendEntries to vehicle 1 (n_entries=4, leader_commit=2)
173526.4ms Leader 0 SENDING AppendEntries to vehicle 4 (n_entries=6, leader_commit=2)
173526.4ms Leader 0 SENDING AppendEntries to vehicle 5 (n_entries=6, leader_commit=2)
173526.4ms Leader 0 SENDING AppendEntries to vehicle 6 (n_entries=6, leader_commit=2)
173666.4ms Leader 0 SENDING AppendEntries to vehicle 1 (n_entries=4, leader_commit=2)
173666.4ms Leader 0 SENDING AppendEntries to vehicle 4 (n_entries=6, leader_commit=2)
173666.4ms Leader 0 SENDING AppendEntries to vehicle 5 (n_entries=6, leader_commit=2)
173666.4ms Leader 0 SENDING AppendEntries to vehicle 6 (n_entries=6, leader_commit=2)
173806.4ms Leader 0 SENDING AppendEntries to vehicle 1 (n_entries=4, leader_commit=2)
173806.4ms Leader 0 SENDING AppendEntries to vehicle 4 (n_entries=6, leader_commit=2)
173806.4ms Leader 0 SENDING AppendEntries to vehicle 5 (n_entries=6, leader_commit=2)
173806.4ms Leader 0 SENDING AppendEntries to vehicle 6 (n_entries=6, leader_commit=2)
173946.4ms Leader 0 SENDING AppendEntries to vehicle 1 (n_entries=4, leader_commit=2)
173946.4ms Leader 0 SENDING AppendEntries to vehicle 4 (n_entries=6, leader_commit=2)
173946.4ms Leader 0 SENDING AppendEntries to vehicle 5 (n_entries=6, leader_commit=2)
173946.4ms Leader 0 SENDING AppendEntries to vehicle 6 (n_entries=6, leader_commit=2)
174086.4ms Leader 0 SENDING AppendEntries to vehicle 1 (n_entries=4, leader_commit=2)
174086.4ms Leader 0 SENDING AppendEntries to vehicle 4 (n_entries=6, leader_commit=2)
174086.4ms Leader 0 SENDING AppendEntries to vehicle 5 (n_entries=6, leader_commit=2)
174086.4ms Leader 0 SENDING AppendEntries to vehicle 6 (n_entries=6, leader_commit=2)
174226.4ms Leader 0 SENDING AppendEntries to vehicle 1 (n_entries=4, leader_commit=2)
174226.4ms Leader 0 SENDING AppendEntries to vehicle 4 (n_entries=6, leader_commit=2)
174226.4ms Leader 0 SENDING AppendEntries to vehicle 5 (n_entries=6, leader_commit=2)
174226.4ms Leader 0 SENDING AppendEntries to vehicle 6 (n_entries=6, leader_commit=2)
174366.4ms Leader 0 SENDING AppendEntries to vehicle 1 (n_entries=4, leader_commit=2)
174366.4ms Leader 0 SENDING AppendEntries to vehicle 4 (n_entries=6, leader_commit=2)
174366.4ms Leader 0 SENDING AppendEntries to vehicle 5 (n_entries=6, leader_commit=2)
174366.4ms Leader 0 SENDING AppendEntries to vehicle 6 (n_entries=6, leader_commit=2)
174506.4ms Leader 0 SENDING AppendEntries to vehicle 1 (n_entries=4, leader_commit=2)
174506.4ms Leader 0 SENDING AppendEntries to vehicle 4 (n_entries=6, leader_commit=2)
174506.4ms Leader 0 SENDING AppendEntries to vehicle 5 (n_entries=6, leader_commit=2)
174506.4ms Leader 0 SENDING AppendEntries to vehicle 6 (n_entries=6, leader_commit=2)
174646.4ms Leader 0 SENDING AppendEntries to vehicle 1 (n_entries=4, leader_commit=2)
174646.4ms Leader 0 SENDING AppendEntries to vehicle 4 (n_entries=6, leader_commit=2)
174646.4ms Leader 0 SENDING AppendEntries to vehicle 5 (n_entries=6, leader_commit=2)
174646.4ms Leader 0 SENDING AppendEntries to vehicle 6 (n_entries=6, leader_commit=2)
174786.4ms Leader 0 SENDING AppendEntries to vehicle 1 (n_entries=4, leader_commit=2)
174786.4ms Leader 0 SENDING AppendEntries to vehicle 4 (n_entries=6, leader_commit=2)
174786.4ms Leader 0 SENDING AppendEntries to vehicle 5 (n_entries=6, leader_commit=2)
174786.4ms Leader 0 SENDING AppendEntries to vehicle 6 (n_entries=6, leader_commit=2)
174926.4ms Leader 0 SENDING AppendEntries to vehicle 1 (n_entries=4, leader_commit=2)
174926.4ms Leader 0 SENDING AppendEntries to vehicle 4 (n_entries=6, leader_commit=2)
174926.4ms Leader 0 SENDING AppendEntries to vehicle 5 (n_entries=6, leader_commit=2)
174926.4ms Leader 0 SENDING AppendEntries to vehicle 6 (n_entries=6, leader_commit=2)
175066.4ms Leader 0 SENDING AppendEntries to vehicle 1 (n_entries=4, leader_commit=2)
175066.4ms Leader 0 SENDING AppendEntries to vehicle 4 (n_entries=6, leader_commit=2)
175066.4ms Leader 0 SENDING AppendEntries to vehicle 5 (n_entries=6, leader_commit=2)
175066.4ms Leader 0 SENDING AppendEntries to vehicle 6 (n_entries=6, leader_commit=2)
175206.4ms Leader 0 SENDING AppendEntries to vehicle 1 (n_entries=4, leader_commit=2)
175206.4ms Leader 0 SENDING AppendEntries to vehicle 4 (n_entries=6, leader_commit=2)
175206.4ms Leader 0 SENDING AppendEntries to vehicle 5 (n_entries=6, leader_commit=2)
175206.4ms Leader 0 SENDING AppendEntries to vehicle 6 (n_entries=6, leader_commit=2)
175346.4ms Leader 0 SENDING AppendEntries to vehicle 1 (n_entries=4, leader_commit=2)
175346.4ms Leader 0 SENDING AppendEntries to vehicle 4 (n_entries=6, leader_commit=2)
175346.4ms Leader 0 SENDING AppendEntries to vehicle 5 (n_entries=6, leader_commit=2)
175346.4ms Leader 0 SENDING AppendEntries to vehicle 6 (n_entries=6, leader_commit=2)
175486.4ms Leader 0 SENDING AppendEntries to vehicle 1 (n_entries=4, leader_commit=2)
175486.4ms Leader 0 SENDING AppendEntries to vehicle 4 (n_entries=6, leader_commit=2)
175486.4ms Leader 0 SENDING AppendEntries to vehicle 5 (n_entries=6, leader_commit=2)
175486.4ms Leader 0 SENDING AppendEntries to vehicle 6 (n_entries=6, leader_commit=2)
175626.4ms Leader 0 SENDING AppendEntries to vehicle 1 (n_entries=4, leader_commit=2)
175626.4ms Leader 0 SENDING AppendEntries to vehicle 4 (n_entries=6, leader_commit=2)
175626.4ms Leader 0 SENDING AppendEntries to vehicle 5 (n_entries=6, leader_commit=2)
175626.4ms Leader 0 SENDING AppendEntries to vehicle 6 (n_entries=6, leader_commit=2)
175766.4ms Leader 0 SENDING AppendEntries to vehicle 1 (n_entries=4, leader_commit=2)
175766.4ms Leader 0 SENDING AppendEntries to vehicle 4 (n_entries=6, leader_commit=2)
175766.4ms Leader 0 SENDING AppendEntries to vehicle 5 (n_entries=6, leader_commit=2)
175766.4ms Leader 0 SENDING AppendEntries to vehicle 6 (n_entries=6, leader_commit=2)
175906.4ms Leader 0 SENDING AppendEntries to vehicle 1 (n_entries=4, leader_commit=2)
175906.4ms Leader 0 SENDING AppendEntries to vehicle 4 (n_entries=6, leader_commit=2)
175906.4ms Leader 0 SENDING AppendEntries to vehicle 5 (n_entries=6, leader_commit=2)
175906.4ms Leader 0 SENDING AppendEntries to vehicle 6 (n_entries=6, leader_commit=2)
176046.4ms Leader 0 SENDING AppendEntries to vehicle 1 (n_entries=4, leader_commit=2)
176046.4ms Leader 0 SENDING AppendEntries to vehicle 4 (n_entries=6, leader_commit=2)
176046.4ms Leader 0 SENDING AppendEntries to vehicle 5 (n_entries=6, leader_commit=2)
176046.4ms Leader 0 SENDING AppendEntries to vehicle 6 (n_entries=6, leader_commit=2)
176186.4ms Leader 0 SENDING AppendEntries to vehicle 1 (n_entries=4, leader_commit=2)
176186.4ms Leader 0 SENDING AppendEntries to vehicle 4 (n_entries=6, leader_commit=2)
176186.4ms Leader 0 SENDING AppendEntries to vehicle 5 (n_entries=6, leader_commit=2)
176186.4ms Leader 0 SENDING AppendEntries to vehicle 6 (n_entries=6, leader_commit=2)
176326.4ms Leader 0 SENDING AppendEntries to vehicle 1 (n_entries=4, leader_commit=2)
176326.4ms Leader 0 SENDING AppendEntries to vehicle 4 (n_entries=6, leader_commit=2)
176326.4ms Leader 0 SENDING AppendEntries to vehicle 5 (n_entries=6, leader_commit=2)
176326.4ms Leader 0 SENDING AppendEntries to vehicle 6 (n_entries=6, leader_commit=2)
176466.4ms Leader 0 SENDING AppendEntries to vehicle 1 (n_entries=4, leader_commit=2)
176466.4ms Leader 0 SENDING AppendEntries to vehicle 4 (n_entries=6, leader_commit=2)
176466.4ms Leader 0 SENDING AppendEntries to vehicle 5 (n_entries=6, leader_commit=2)
176466.4ms Leader 0 SENDING AppendEntries to vehicle 6 (n_entries=6, leader_commit=2)
176606.4ms Leader 0 SENDING AppendEntries to vehicle 1 (n_entries=4, leader_commit=2)
176606.4ms Leader 0 SENDING AppendEntries to vehicle 4 (n_entries=6, leader_commit=2)
176606.4ms Leader 0 SENDING AppendEntries to vehicle 5 (n_entries=6, leader_commit=2)
176606.4ms Leader 0 SENDING AppendEntries to vehicle 6 (n_entries=6, leader_commit=2)
176746.4ms Leader 0 SENDING AppendEntries to vehicle 1 (n_entries=4, leader_commit=2)
176746.4ms Leader 0 SENDING AppendEntries to vehicle 4 (n_entries=6, leader_commit=2)
176746.4ms Leader 0 SENDING AppendEntries to vehicle 5 (n_entries=6, leader_commit=2)
176746.4ms Leader 0 SENDING AppendEntries to vehicle 6 (n_entries=6, leader_commit=2)
176886.4ms Leader 0 SENDING AppendEntries to vehicle 1 (n_entries=4, leader_commit=2)
176886.4ms Leader 0 SENDING AppendEntries to vehicle 4 (n_entries=6, leader_commit=2)
176886.4ms Leader 0 SENDING AppendEntries to vehicle 5 (n_entries=6, leader_commit=2)
176886.4ms Leader 0 SENDING AppendEntries to vehicle 6 (n_entries=6, leader_commit=2)
177026.4ms Leader 0 SENDING AppendEntries to vehicle 1 (n_entries=4, leader_commit=2)
177026.4ms Leader 0 SENDING AppendEntries to vehicle 4 (n_entries=6, leader_commit=2)
177026.4ms Leader 0 SENDING AppendEntries to vehicle 5 (n_entries=6, leader_commit=2)
177026.4ms Leader 0 SENDING AppendEntries to vehicle 6 (n_entries=6, leader_commit=2)
177166.4ms Leader 0 SENDING AppendEntries to vehicle 1 (n_entries=4, leader_commit=2)
177166.4ms Leader 0 SENDING AppendEntries to vehicle 4 (n_entries=6, leader_commit=2)
177166.4ms Leader 0 SENDING AppendEntries to vehicle 5 (n_entries=6, leader_commit=2)
177166.4ms Leader 0 SENDING AppendEntries to vehicle 6 (n_entries=6, leader_commit=2)
177306.4ms Leader 0 SENDING AppendEntries to vehicle 1 (n_entries=4, leader_commit=2)
177306.4ms Leader 0 SENDING AppendEntries to vehicle 4 (n_entries=6, leader_commit=2)
177306.4ms Leader 0 SENDING AppendEntries to vehicle 5 (n_entries=6, leader_commit=2)
177306.4ms Leader 0 SENDING AppendEntries to vehicle 6 (n_entries=6, leader_commit=2)
177446.4ms Leader 0 SENDING AppendEntries to vehicle 1 (n_entries=4, leader_commit=2)
177446.4ms Leader 0 SENDING AppendEntries to vehicle 4 (n_entries=6, leader_commit=2)
177446.4ms Leader 0 SENDING AppendEntries to vehicle 5 (n_entries=6, leader_commit=2)
177446.4ms Leader 0 SENDING AppendEntries to vehicle 6 (n_entries=6, leader_commit=2)
177586.4ms Leader 0 SENDING AppendEntries to vehicle 1 (n_entries=4, leader_commit=2)
177586.4ms Leader 0 SENDING AppendEntries to vehicle 4 (n_entries=6, leader_commit=2)
177586.4ms Leader 0 SENDING AppendEntries to vehicle 5 (n_entries=6, leader_commit=2)
177586.4ms Leader 0 SENDING AppendEntries to vehicle 6 (n_entries=6, leader_commit=2)
177726.4ms Leader 0 SENDING AppendEntries to vehicle 1 (n_entries=4, leader_commit=2)
177726.4ms Leader 0 SENDING AppendEntries to vehicle 4 (n_entries=6, leader_commit=2)
177726.4ms Leader 0 SENDING AppendEntries to vehicle 5 (n_entries=6, leader_commit=2)
177726.4ms Leader 0 SENDING AppendEntries to vehicle 6 (n_entries=6, leader_commit=2)
177866.4ms Leader 0 SENDING AppendEntries to vehicle 1 (n_entries=4, leader_commit=2)
177866.4ms Leader 0 SENDING AppendEntries to vehicle 4 (n_entries=6, leader_commit=2)
177866.4ms Leader 0 SENDING AppendEntries to vehicle 5 (n_entries=6, leader_commit=2)
177866.4ms Leader 0 SENDING AppendEntries to vehicle 6 (n_entries=6, leader_commit=2)
178006.4ms Leader 0 SENDING AppendEntries to vehicle 1 (n_entries=4, leader_commit=2)
178006.4ms Leader 0 SENDING AppendEntries to vehicle 4 (n_entries=6, leader_commit=2)
178006.4ms Leader 0 SENDING AppendEntries to vehicle 5 (n_entries=6, leader_commit=2)
178006.4ms Leader 0 SENDING AppendEntries to vehicle 6 (n_entries=6, leader_commit=2)
178146.4ms Leader 0 SENDING AppendEntries to vehicle 1 (n_entries=4, leader_commit=2)
178146.4ms Leader 0 SENDING AppendEntries to vehicle 4 (n_entries=6, leader_commit=2)
178146.4ms Leader 0 SENDING AppendEntries to vehicle 5 (n_entries=6, leader_commit=2)
178146.4ms Leader 0 SENDING AppendEntries to vehicle 6 (n_entries=6, leader_commit=2)
178286.4ms Leader 0 SENDING AppendEntries to vehicle 1 (n_entries=4, leader_commit=2)
178286.4ms Leader 0 SENDING AppendEntries to vehicle 4 (n_entries=6, leader_commit=2)
178286.4ms Leader 0 SENDING AppendEntries to vehicle 5 (n_entries=6, leader_commit=2)
178286.4ms Leader 0 SENDING AppendEntries to vehicle 6 (n_entries=6, leader_commit=2)
178426.4ms Leader 0 SENDING AppendEntries to vehicle 1 (n_entries=4, leader_commit=2)
178426.4ms Leader 0 SENDING AppendEntries to vehicle 4 (n_entries=6, leader_commit=2)
178426.4ms Leader 0 SENDING AppendEntries to vehicle 5 (n_entries=6, leader_commit=2)
178426.4ms Leader 0 SENDING AppendEntries to vehicle 6 (n_entries=6, leader_commit=2)
178566.4ms Leader 0 SENDING AppendEntries to vehicle 1 (n_entries=4, leader_commit=2)
178566.4ms Leader 0 SENDING AppendEntries to vehicle 4 (n_entries=6, leader_commit=2)
178566.4ms Leader 0 SENDING AppendEntries to vehicle 5 (n_entries=6, leader_commit=2)
178566.4ms Leader 0 SENDING AppendEntries to vehicle 6 (n_entries=6, leader_commit=2)
178706.4ms Leader 0 SENDING AppendEntries to vehicle 1 (n_entries=4, leader_commit=2)
178706.4ms Leader 0 SENDING AppendEntries to vehicle 4 (n_entries=6, leader_commit=2)
178706.4ms Leader 0 SENDING AppendEntries to vehicle 5 (n_entries=6, leader_commit=2)
178706.4ms Leader 0 SENDING AppendEntries to vehicle 6 (n_entries=6, leader_commit=2)
178846.4ms Leader 0 SENDING AppendEntries to vehicle 1 (n_entries=4, leader_commit=2)
178846.4ms Leader 0 SENDING AppendEntries to vehicle 4 (n_entries=6, leader_commit=2)
178846.4ms Leader 0 SENDING AppendEntries to vehicle 5 (n_entries=6, leader_commit=2)
178846.4ms Leader 0 SENDING AppendEntries to vehicle 6 (n_entries=6, leader_commit=2)
178986.4ms Leader 0 SENDING AppendEntries to vehicle 1 (n_entries=4, leader_commit=2)
178986.4ms Leader 0 SENDING AppendEntries to vehicle 4 (n_entries=6, leader_commit=2)
178986.4ms Leader 0 SENDING AppendEntries to vehicle 5 (n_entries=6, leader_commit=2)
178986.4ms Leader 0 SENDING AppendEntries to vehicle 6 (n_entries=6, leader_commit=2)
179126.4ms Leader 0 SENDING AppendEntries to vehicle 1 (n_entries=4, leader_commit=2)
179126.4ms Leader 0 SENDING AppendEntries to vehicle 4 (n_entries=6, leader_commit=2)
179126.4ms Leader 0 SENDING AppendEntries to vehicle 5 (n_entries=6, leader_commit=2)
179126.4ms Leader 0 SENDING AppendEntries to vehicle 6 (n_entries=6, leader_commit=2)
179266.4ms Leader 0 SENDING AppendEntries to vehicle 1 (n_entries=4, leader_commit=2)
179266.4ms Leader 0 SENDING AppendEntries to vehicle 4 (n_entries=6, leader_commit=2)
179266.4ms Leader 0 SENDING AppendEntries to vehicle 5 (n_entries=6, leader_commit=2)
179266.4ms Leader 0 SENDING AppendEntries to vehicle 6 (n_entries=6, leader_commit=2)
179406.4ms Leader 0 SENDING AppendEntries to vehicle 1 (n_entries=4, leader_commit=2)
179406.4ms Leader 0 SENDING AppendEntries to vehicle 4 (n_entries=6, leader_commit=2)
179406.4ms Leader 0 SENDING AppendEntries to vehicle 5 (n_entries=6, leader_commit=2)
179406.4ms Leader 0 SENDING AppendEntries to vehicle 6 (n_entries=6, leader_commit=2)
179546.4ms Leader 0 SENDING AppendEntries to vehicle 1 (n_entries=4, leader_commit=2)
179546.4ms Leader 0 SENDING AppendEntries to vehicle 4 (n_entries=6, leader_commit=2)
179546.4ms Leader 0 SENDING AppendEntries to vehicle 5 (n_entries=6, leader_commit=2)
179546.4ms Leader 0 SENDING AppendEntries to vehicle 6 (n_entries=6, leader_commit=2)
179686.4ms Leader 0 SENDING AppendEntries to vehicle 1 (n_entries=4, leader_commit=2)
179686.4ms Leader 0 SENDING AppendEntries to vehicle 4 (n_entries=6, leader_commit=2)
179686.4ms Leader 0 SENDING AppendEntries to vehicle 5 (n_entries=6, leader_commit=2)
179686.4ms Leader 0 SENDING AppendEntries to vehicle 6 (n_entries=6, leader_commit=2)
179826.4ms Leader 0 SENDING AppendEntries to vehicle 1 (n_entries=4, leader_commit=2)
179826.4ms Leader 0 SENDING AppendEntries to vehicle 4 (n_entries=6, leader_commit=2)
179826.4ms Leader 0 SENDING AppendEntries to vehicle 5 (n_entries=6, leader_commit=2)
179826.4ms Leader 0 SENDING AppendEntries to vehicle 6 (n_entries=6, leader_commit=2)
179966.4ms Leader 0 SENDING AppendEntries to vehicle 1 (n_entries=4, leader_commit=2)
179966.4ms Leader 0 SENDING AppendEntries to vehicle 4 (n_entries=6, leader_commit=2)
179966.4ms Leader 0 SENDING AppendEntries to vehicle 5 (n_entries=6, leader_commit=2)
179966.4ms Leader 0 SENDING AppendEntries to vehicle 6 (n_entries=6, leader_commit=2)
180106.4ms Leader 0 SENDING AppendEntries to vehicle 1 (n_entries=4, leader_commit=2)
180106.4ms Leader 0 SENDING AppendEntries to vehicle 4 (n_entries=6, leader_commit=2)
180106.4ms Leader 0 SENDING AppendEntries to vehicle 5 (n_entries=6, leader_commit=2)
180106.4ms Leader 0 SENDING AppendEntries to vehicle 6 (n_entries=6, leader_commit=2)
180246.4ms Leader 0 SENDING AppendEntries to vehicle 1 (n_entries=4, leader_commit=2)
180246.4ms Leader 0 SENDING AppendEntries to vehicle 4 (n_entries=6, leader_commit=2)
180246.4ms Leader 0 SENDING AppendEntries to vehicle 5 (n_entries=6, leader_commit=2)
180246.4ms Leader 0 SENDING AppendEntries to vehicle 6 (n_entries=6, leader_commit=2)
180386.4ms Leader 0 SENDING AppendEntries to vehicle 1 (n_entries=4, leader_commit=2)
180386.4ms Leader 0 SENDING AppendEntries to vehicle 4 (n_entries=6, leader_commit=2)
180386.4ms Leader 0 SENDING AppendEntries to vehicle 5 (n_entries=6, leader_commit=2)
180386.4ms Leader 0 SENDING AppendEntries to vehicle 6 (n_entries=6, leader_commit=2)
180526.4ms Leader 0 SENDING AppendEntries to vehicle 1 (n_entries=4, leader_commit=2)
180526.4ms Leader 0 SENDING AppendEntries to vehicle 4 (n_entries=6, leader_commit=2)
180526.4ms Leader 0 SENDING AppendEntries to vehicle 5 (n_entries=6, leader_commit=2)
180526.4ms Leader 0 SENDING AppendEntries to vehicle 6 (n_entries=6, leader_commit=2)
180666.4ms Leader 0 SENDING AppendEntries to vehicle 1 (n_entries=4, leader_commit=2)
180666.4ms Leader 0 SENDING AppendEntries to vehicle 4 (n_entries=6, leader_commit=2)
180666.4ms Leader 0 SENDING AppendEntries to vehicle 5 (n_entries=6, leader_commit=2)
180666.4ms Leader 0 SENDING AppendEntries to vehicle 6 (n_entries=6, leader_commit=2)
180806.4ms Leader 0 SENDING AppendEntries to vehicle 1 (n_entries=4, leader_commit=2)
180806.4ms Leader 0 SENDING AppendEntries to vehicle 4 (n_entries=6, leader_commit=2)
180806.4ms Leader 0 SENDING AppendEntries to vehicle 5 (n_entries=6, leader_commit=2)
180806.4ms Leader 0 SENDING AppendEntries to vehicle 6 (n_entries=6, leader_commit=2)
180946.4ms Leader 0 SENDING AppendEntries to vehicle 1 (n_entries=4, leader_commit=2)
180946.4ms Leader 0 SENDING AppendEntries to vehicle 4 (n_entries=6, leader_commit=2)
180946.4ms Leader 0 SENDING AppendEntries to vehicle 5 (n_entries=6, leader_commit=2)
180946.4ms Leader 0 SENDING AppendEntries to vehicle 6 (n_entries=6, leader_commit=2)
181086.4ms Leader 0 SENDING AppendEntries to vehicle 1 (n_entries=4, leader_commit=2)
181086.4ms Leader 0 SENDING AppendEntries to vehicle 4 (n_entries=6, leader_commit=2)
181086.4ms Leader 0 SENDING AppendEntries to vehicle 5 (n_entries=6, leader_commit=2)
181086.4ms Leader 0 SENDING AppendEntries to vehicle 6 (n_entries=6, leader_commit=2)
181226.4ms Leader 0 SENDING AppendEntries to vehicle 1 (n_entries=4, leader_commit=2)
181226.4ms Leader 0 SENDING AppendEntries to vehicle 4 (n_entries=6, leader_commit=2)
181226.4ms Leader 0 SENDING AppendEntries to vehicle 5 (n_entries=6, leader_commit=2)
181226.4ms Leader 0 SENDING AppendEntries to vehicle 6 (n_entries=6, leader_commit=2)
181366.4ms Leader 0 SENDING AppendEntries to vehicle 1 (n_entries=4, leader_commit=2)
181366.4ms Leader 0 SENDING AppendEntries to vehicle 4 (n_entries=6, leader_commit=2)
181366.4ms Leader 0 SENDING AppendEntries to vehicle 5 (n_entries=6, leader_commit=2)
181366.4ms Leader 0 SENDING AppendEntries to vehicle 6 (n_entries=6, leader_commit=2)
181506.4ms Leader 0 SENDING AppendEntries to vehicle 1 (n_entries=4, leader_commit=2)
181506.4ms Leader 0 SENDING AppendEntries to vehicle 4 (n_entries=6, leader_commit=2)
181506.4ms Leader 0 SENDING AppendEntries to vehicle 5 (n_entries=6, leader_commit=2)
181506.4ms Leader 0 SENDING AppendEntries to vehicle 6 (n_entries=6, leader_commit=2)
181646.4ms Leader 0 SENDING AppendEntries to vehicle 1 (n_entries=4, leader_commit=2)
181646.4ms Leader 0 SENDING AppendEntries to vehicle 4 (n_entries=6, leader_commit=2)
181646.4ms Leader 0 SENDING AppendEntries to vehicle 5 (n_entries=6, leader_commit=2)
181646.4ms Leader 0 SENDING AppendEntries to vehicle 6 (n_entries=6, leader_commit=2)
181786.4ms Leader 0 SENDING AppendEntries to vehicle 1 (n_entries=4, leader_commit=2)
181786.4ms Leader 0 SENDING AppendEntries to vehicle 4 (n_entries=6, leader_commit=2)
181786.4ms Leader 0 SENDING AppendEntries to vehicle 5 (n_entries=6, leader_commit=2)
181786.4ms Leader 0 SENDING AppendEntries to vehicle 6 (n_entries=6, leader_commit=2)
181926.4ms Leader 0 SENDING AppendEntries to vehicle 1 (n_entries=4, leader_commit=2)
181926.4ms Leader 0 SENDING AppendEntries to vehicle 4 (n_entries=6, leader_commit=2)
181926.4ms Leader 0 SENDING AppendEntries to vehicle 5 (n_entries=6, leader_commit=2)
181926.4ms Leader 0 SENDING AppendEntries to vehicle 6 (n_entries=6, leader_commit=2)
182066.4ms Leader 0 SENDING AppendEntries to vehicle 1 (n_entries=4, leader_commit=2)
182066.4ms Leader 0 SENDING AppendEntries to vehicle 4 (n_entries=6, leader_commit=2)
182066.4ms Leader 0 SENDING AppendEntries to vehicle 5 (n_entries=6, leader_commit=2)
182066.4ms Leader 0 SENDING AppendEntries to vehicle 6 (n_entries=6, leader_commit=2)
182206.4ms Leader 0 SENDING AppendEntries to vehicle 1 (n_entries=4, leader_commit=2)
182206.4ms Leader 0 SENDING AppendEntries to vehicle 4 (n_entries=6, leader_commit=2)
182206.4ms Leader 0 SENDING AppendEntries to vehicle 5 (n_entries=6, leader_commit=2)
182206.4ms Leader 0 SENDING AppendEntries to vehicle 6 (n_entries=6, leader_commit=2)
182346.4ms Leader 0 SENDING AppendEntries to vehicle 1 (n_entries=4, leader_commit=2)
182346.4ms Leader 0 SENDING AppendEntries to vehicle 4 (n_entries=6, leader_commit=2)
182346.4ms Leader 0 SENDING AppendEntries to vehicle 5 (n_entries=6, leader_commit=2)
182346.4ms Leader 0 SENDING AppendEntries to vehicle 6 (n_entries=6, leader_commit=2)
182486.4ms Leader 0 SENDING AppendEntries to vehicle 1 (n_entries=4, leader_commit=2)
182486.4ms Leader 0 SENDING AppendEntries to vehicle 4 (n_entries=6, leader_commit=2)
182486.4ms Leader 0 SENDING AppendEntries to vehicle 5 (n_entries=6, leader_commit=2)
182486.4ms Leader 0 SENDING AppendEntries to vehicle 6 (n_entries=6, leader_commit=2)
182626.4ms Leader 0 SENDING AppendEntries to vehicle 1 (n_entries=4, leader_commit=2)
182626.4ms Leader 0 SENDING AppendEntries to vehicle 4 (n_entries=6, leader_commit=2)
182626.4ms Leader 0 SENDING AppendEntries to vehicle 5 (n_entries=6, leader_commit=2)
182626.4ms Leader 0 SENDING AppendEntries to vehicle 6 (n_entries=6, leader_commit=2)
182766.4ms Leader 0 SENDING AppendEntries to vehicle 1 (n_entries=4, leader_commit=2)
182766.4ms Leader 0 SENDING AppendEntries to vehicle 4 (n_entries=6, leader_commit=2)
182766.4ms Leader 0 SENDING AppendEntries to vehicle 5 (n_entries=6, leader_commit=2)
182766.4ms Leader 0 SENDING AppendEntries to vehicle 6 (n_entries=6, leader_commit=2)
182906.4ms Leader 0 SENDING AppendEntries to vehicle 1 (n_entries=4, leader_commit=2)
182906.4ms Leader 0 SENDING AppendEntries to vehicle 4 (n_entries=6, leader_commit=2)
182906.4ms Leader 0 SENDING AppendEntries to vehicle 5 (n_entries=6, leader_commit=2)
182906.4ms Leader 0 SENDING AppendEntries to vehicle 6 (n_entries=6, leader_commit=2)
183046.4ms Leader 0 SENDING AppendEntries to vehicle 1 (n_entries=4, leader_commit=2)
183046.4ms Leader 0 SENDING AppendEntries to vehicle 4 (n_entries=6, leader_commit=2)
183046.4ms Leader 0 SENDING AppendEntries to vehicle 5 (n_entries=6, leader_commit=2)
183046.4ms Leader 0 SENDING AppendEntries to vehicle 6 (n_entries=6, leader_commit=2)
183186.4ms Leader 0 SENDING AppendEntries to vehicle 1 (n_entries=4, leader_commit=2)
183186.4ms Leader 0 SENDING AppendEntries to vehicle 4 (n_entries=6, leader_commit=2)
183186.4ms Leader 0 SENDING AppendEntries to vehicle 5 (n_entries=6, leader_commit=2)
183186.4ms Leader 0 SENDING AppendEntries to vehicle 6 (n_entries=6, leader_commit=2)
183326.4ms Leader 0 SENDING AppendEntries to vehicle 1 (n_entries=4, leader_commit=2)
183326.4ms Leader 0 SENDING AppendEntries to vehicle 4 (n_entries=6, leader_commit=2)
183326.4ms Leader 0 SENDING AppendEntries to vehicle 5 (n_entries=6, leader_commit=2)
183326.4ms Leader 0 SENDING AppendEntries to vehicle 6 (n_entries=6, leader_commit=2)
183466.4ms Leader 0 SENDING AppendEntries to vehicle 1 (n_entries=4, leader_commit=2)
183466.4ms Leader 0 SENDING AppendEntries to vehicle 4 (n_entries=6, leader_commit=2)
183466.4ms Leader 0 SENDING AppendEntries to vehicle 5 (n_entries=6, leader_commit=2)
183466.4ms Leader 0 SENDING AppendEntries to vehicle 6 (n_entries=6, leader_commit=2)
183606.4ms Leader 0 SENDING AppendEntries to vehicle 1 (n_entries=4, leader_commit=2)
183606.4ms Leader 0 SENDING AppendEntries to vehicle 4 (n_entries=6, leader_commit=2)
183606.4ms Leader 0 SENDING AppendEntries to vehicle 5 (n_entries=6, leader_commit=2)
183606.4ms Leader 0 SENDING AppendEntries to vehicle 6 (n_entries=6, leader_commit=2)
183746.4ms Leader 0 SENDING AppendEntries to vehicle 1 (n_entries=4, leader_commit=2)
183746.4ms Leader 0 SENDING AppendEntries to vehicle 4 (n_entries=6, leader_commit=2)
183746.4ms Leader 0 SENDING AppendEntries to vehicle 5 (n_entries=6, leader_commit=2)
183746.4ms Leader 0 SENDING AppendEntries to vehicle 6 (n_entries=6, leader_commit=2)
183886.4ms Leader 0 SENDING AppendEntries to vehicle 1 (n_entries=4, leader_commit=2)
183886.4ms Leader 0 SENDING AppendEntries to vehicle 4 (n_entries=6, leader_commit=2)
183886.4ms Leader 0 SENDING AppendEntries to vehicle 5 (n_entries=6, leader_commit=2)
183886.4ms Leader 0 SENDING AppendEntries to vehicle 6 (n_entries=6, leader_commit=2)
184026.4ms Leader 0 SENDING AppendEntries to vehicle 1 (n_entries=4, leader_commit=2)
184026.4ms Leader 0 SENDING AppendEntries to vehicle 4 (n_entries=6, leader_commit=2)
184026.4ms Leader 0 SENDING AppendEntries to vehicle 5 (n_entries=6, leader_commit=2)
184026.4ms Leader 0 SENDING AppendEntries to vehicle 6 (n_entries=6, leader_commit=2)
184166.4ms Leader 0 SENDING AppendEntries to vehicle 1 (n_entries=4, leader_commit=2)
184166.4ms Leader 0 SENDING AppendEntries to vehicle 4 (n_entries=6, leader_commit=2)
184166.4ms Leader 0 SENDING AppendEntries to vehicle 5 (n_entries=6, leader_commit=2)
184166.4ms Leader 0 SENDING AppendEntries to vehicle 6 (n_entries=6, leader_commit=2)
184306.4ms Leader 0 SENDING AppendEntries to vehicle 1 (n_entries=4, leader_commit=2)
184306.4ms Leader 0 SENDING AppendEntries to vehicle 4 (n_entries=6, leader_commit=2)
184306.4ms Leader 0 SENDING AppendEntries to vehicle 5 (n_entries=6, leader_commit=2)
184306.4ms Leader 0 SENDING AppendEntries to vehicle 6 (n_entries=6, leader_commit=2)
184446.4ms Leader 0 SENDING AppendEntries to vehicle 1 (n_entries=4, leader_commit=2)
184446.4ms Leader 0 SENDING AppendEntries to vehicle 4 (n_entries=6, leader_commit=2)
184446.4ms Leader 0 SENDING AppendEntries to vehicle 5 (n_entries=6, leader_commit=2)
184446.4ms Leader 0 SENDING AppendEntries to vehicle 6 (n_entries=6, leader_commit=2)
184586.4ms Leader 0 SENDING AppendEntries to vehicle 1 (n_entries=4, leader_commit=2)
184586.4ms Leader 0 SENDING AppendEntries to vehicle 4 (n_entries=6, leader_commit=2)
184586.4ms Leader 0 SENDING AppendEntries to vehicle 5 (n_entries=6, leader_commit=2)
184586.4ms Leader 0 SENDING AppendEntries to vehicle 6 (n_entries=6, leader_commit=2)
184726.4ms Leader 0 SENDING AppendEntries to vehicle 1 (n_entries=4, leader_commit=2)
184726.4ms Leader 0 SENDING AppendEntries to vehicle 4 (n_entries=6, leader_commit=2)
184726.4ms Leader 0 SENDING AppendEntries to vehicle 5 (n_entries=6, leader_commit=2)
184726.4ms Leader 0 SENDING AppendEntries to vehicle 6 (n_entries=6, leader_commit=2)
184866.4ms Leader 0 SENDING AppendEntries to vehicle 1 (n_entries=4, leader_commit=2)
184866.4ms Leader 0 SENDING AppendEntries to vehicle 4 (n_entries=6, leader_commit=2)
184866.4ms Leader 0 SENDING AppendEntries to vehicle 5 (n_entries=6, leader_commit=2)
184866.4ms Leader 0 SENDING AppendEntries to vehicle 6 (n_entries=6, leader_commit=2)
185006.4ms Leader 0 SENDING AppendEntries to vehicle 1 (n_entries=4, leader_commit=2)
185006.4ms Leader 0 SENDING AppendEntries to vehicle 4 (n_entries=6, leader_commit=2)
185006.4ms Leader 0 SENDING AppendEntries to vehicle 5 (n_entries=6, leader_commit=2)
185006.4ms Leader 0 SENDING AppendEntries to vehicle 6 (n_entries=6, leader_commit=2)
185146.4ms Leader 0 SENDING AppendEntries to vehicle 1 (n_entries=4, leader_commit=2)
185146.4ms Leader 0 SENDING AppendEntries to vehicle 4 (n_entries=6, leader_commit=2)
185146.4ms Leader 0 SENDING AppendEntries to vehicle 5 (n_entries=6, leader_commit=2)
185146.4ms Leader 0 SENDING AppendEntries to vehicle 6 (n_entries=6, leader_commit=2)
185286.4ms Leader 0 SENDING AppendEntries to vehicle 1 (n_entries=4, leader_commit=2)
185286.4ms Leader 0 SENDING AppendEntries to vehicle 4 (n_entries=6, leader_commit=2)
185286.4ms Leader 0 SENDING AppendEntries to vehicle 5 (n_entries=6, leader_commit=2)
185286.4ms Leader 0 SENDING AppendEntries to vehicle 6 (n_entries=6, leader_commit=2)
185426.4ms Leader 0 SENDING AppendEntries to vehicle 1 (n_entries=4, leader_commit=2)
185426.4ms Leader 0 SENDING AppendEntries to vehicle 4 (n_entries=6, leader_commit=2)
185426.4ms Leader 0 SENDING AppendEntries to vehicle 5 (n_entries=6, leader_commit=2)
185426.4ms Leader 0 SENDING AppendEntries to vehicle 6 (n_entries=6, leader_commit=2)
185566.4ms Leader 0 SENDING AppendEntries to vehicle 1 (n_entries=4, leader_commit=2)
185566.4ms Leader 0 SENDING AppendEntries to vehicle 4 (n_entries=6, leader_commit=2)
185566.4ms Leader 0 SENDING AppendEntries to vehicle 5 (n_entries=6, leader_commit=2)
185566.4ms Leader 0 SENDING AppendEntries to vehicle 6 (n_entries=6, leader_commit=2)
185706.4ms Leader 0 SENDING AppendEntries to vehicle 1 (n_entries=4, leader_commit=2)
185706.4ms Leader 0 SENDING AppendEntries to vehicle 4 (n_entries=6, leader_commit=2)
185706.4ms Leader 0 SENDING AppendEntries to vehicle 5 (n_entries=6, leader_commit=2)
185706.4ms Leader 0 SENDING AppendEntries to vehicle 6 (n_entries=6, leader_commit=2)
185846.4ms Leader 0 SENDING AppendEntries to vehicle 1 (n_entries=4, leader_commit=2)
185846.4ms Leader 0 SENDING AppendEntries to vehicle 4 (n_entries=6, leader_commit=2)
185846.4ms Leader 0 SENDING AppendEntries to vehicle 5 (n_entries=6, leader_commit=2)
185846.4ms Leader 0 SENDING AppendEntries to vehicle 6 (n_entries=6, leader_commit=2)
185986.4ms Leader 0 SENDING AppendEntries to vehicle 1 (n_entries=4, leader_commit=2)
185986.4ms Leader 0 SENDING AppendEntries to vehicle 4 (n_entries=6, leader_commit=2)
185986.4ms Leader 0 SENDING AppendEntries to vehicle 5 (n_entries=6, leader_commit=2)
185986.4ms Leader 0 SENDING AppendEntries to vehicle 6 (n_entries=6, leader_commit=2)
186126.4ms Leader 0 SENDING AppendEntries to vehicle 1 (n_entries=4, leader_commit=2)
186126.4ms Leader 0 SENDING AppendEntries to vehicle 4 (n_entries=6, leader_commit=2)
186126.4ms Leader 0 SENDING AppendEntries to vehicle 5 (n_entries=6, leader_commit=2)
186126.4ms Leader 0 SENDING AppendEntries to vehicle 6 (n_entries=6, leader_commit=2)
186266.4ms Leader 0 SENDING AppendEntries to vehicle 1 (n_entries=4, leader_commit=2)
186266.4ms Leader 0 SENDING AppendEntries to vehicle 4 (n_entries=6, leader_commit=2)
186266.4ms Leader 0 SENDING AppendEntries to vehicle 5 (n_entries=6, leader_commit=2)
186266.4ms Leader 0 SENDING AppendEntries to vehicle 6 (n_entries=6, leader_commit=2)
186406.4ms Leader 0 SENDING AppendEntries to vehicle 1 (n_entries=4, leader_commit=2)
186406.4ms Leader 0 SENDING AppendEntries to vehicle 4 (n_entries=6, leader_commit=2)
186406.4ms Leader 0 SENDING AppendEntries to vehicle 5 (n_entries=6, leader_commit=2)
186406.4ms Leader 0 SENDING AppendEntries to vehicle 6 (n_entries=6, leader_commit=2)
186546.4ms Leader 0 SENDING AppendEntries to vehicle 1 (n_entries=4, leader_commit=2)
186546.4ms Leader 0 SENDING AppendEntries to vehicle 4 (n_entries=6, leader_commit=2)
186546.4ms Leader 0 SENDING AppendEntries to vehicle 5 (n_entries=6, leader_commit=2)
186546.4ms Leader 0 SENDING AppendEntries to vehicle 6 (n_entries=6, leader_commit=2)
186686.4ms Leader 0 SENDING AppendEntries to vehicle 1 (n_entries=4, leader_commit=2)
186686.4ms Leader 0 SENDING AppendEntries to vehicle 4 (n_entries=6, leader_commit=2)
186686.4ms Leader 0 SENDING AppendEntries to vehicle 5 (n_entries=6, leader_commit=2)
186686.4ms Leader 0 SENDING AppendEntries to vehicle 6 (n_entries=6, leader_commit=2)
186826.4ms Leader 0 SENDING AppendEntries to vehicle 1 (n_entries=4, leader_commit=2)
186826.4ms Leader 0 SENDING AppendEntries to vehicle 4 (n_entries=6, leader_commit=2)
186826.4ms Leader 0 SENDING AppendEntries to vehicle 5 (n_entries=6, leader_commit=2)
186826.4ms Leader 0 SENDING AppendEntries to vehicle 6 (n_entries=6, leader_commit=2)
186966.4ms Leader 0 SENDING AppendEntries to vehicle 1 (n_entries=4, leader_commit=2)
186966.4ms Leader 0 SENDING AppendEntries to vehicle 4 (n_entries=6, leader_commit=2)
186966.4ms Leader 0 SENDING AppendEntries to vehicle 5 (n_entries=6, leader_commit=2)
186966.4ms Leader 0 SENDING AppendEntries to vehicle 6 (n_entries=6, leader_commit=2)
187106.4ms Leader 0 SENDING AppendEntries to vehicle 1 (n_entries=4, leader_commit=2)
187106.4ms Leader 0 SENDING AppendEntries to vehicle 4 (n_entries=6, leader_commit=2)
187106.4ms Leader 0 SENDING AppendEntries to vehicle 5 (n_entries=6, leader_commit=2)
187106.4ms Leader 0 SENDING AppendEntries to vehicle 6 (n_entries=6, leader_commit=2)
187246.4ms Leader 0 SENDING AppendEntries to vehicle 1 (n_entries=4, leader_commit=2)
187246.4ms Leader 0 SENDING AppendEntries to vehicle 4 (n_entries=6, leader_commit=2)
187246.4ms Leader 0 SENDING AppendEntries to vehicle 5 (n_entries=6, leader_commit=2)
187246.4ms Leader 0 SENDING AppendEntries to vehicle 6 (n_entries=6, leader_commit=2)
187386.4ms Leader 0 SENDING AppendEntries to vehicle 1 (n_entries=4, leader_commit=2)
187386.4ms Leader 0 SENDING AppendEntries to vehicle 4 (n_entries=6, leader_commit=2)
187386.4ms Leader 0 SENDING AppendEntries to vehicle 5 (n_entries=6, leader_commit=2)
187386.4ms Leader 0 SENDING AppendEntries to vehicle 6 (n_entries=6, leader_commit=2)
187526.4ms Leader 0 SENDING AppendEntries to vehicle 1 (n_entries=4, leader_commit=2)
187526.4ms Leader 0 SENDING AppendEntries to vehicle 4 (n_entries=6, leader_commit=2)
187526.4ms Leader 0 SENDING AppendEntries to vehicle 5 (n_entries=6, leader_commit=2)
187526.4ms Leader 0 SENDING AppendEntries to vehicle 6 (n_entries=6, leader_commit=2)
187666.4ms Leader 0 SENDING AppendEntries to vehicle 1 (n_entries=4, leader_commit=2)
187666.4ms Leader 0 SENDING AppendEntries to vehicle 4 (n_entries=6, leader_commit=2)
187666.4ms Leader 0 SENDING AppendEntries to vehicle 5 (n_entries=6, leader_commit=2)
187666.4ms Leader 0 SENDING AppendEntries to vehicle 6 (n_entries=6, leader_commit=2)
187806.4ms Leader 0 SENDING AppendEntries to vehicle 1 (n_entries=4, leader_commit=2)
187806.4ms Leader 0 SENDING AppendEntries to vehicle 4 (n_entries=6, leader_commit=2)
187806.4ms Leader 0 SENDING AppendEntries to vehicle 5 (n_entries=6, leader_commit=2)
187806.4ms Leader 0 SENDING AppendEntries to vehicle 6 (n_entries=6, leader_commit=2)
187946.4ms Leader 0 SENDING AppendEntries to vehicle 1 (n_entries=4, leader_commit=2)
187946.4ms Leader 0 SENDING AppendEntries to vehicle 4 (n_entries=6, leader_commit=2)
187946.4ms Leader 0 SENDING AppendEntries to vehicle 5 (n_entries=6, leader_commit=2)
187946.4ms Leader 0 SENDING AppendEntries to vehicle 6 (n_entries=6, leader_commit=2)
188086.4ms Leader 0 SENDING AppendEntries to vehicle 1 (n_entries=4, leader_commit=2)
188086.4ms Leader 0 SENDING AppendEntries to vehicle 4 (n_entries=6, leader_commit=2)
188086.4ms Leader 0 SENDING AppendEntries to vehicle 5 (n_entries=6, leader_commit=2)
188086.4ms Leader 0 SENDING AppendEntries to vehicle 6 (n_entries=6, leader_commit=2)
188226.4ms Leader 0 SENDING AppendEntries to vehicle 1 (n_entries=4, leader_commit=2)
188226.4ms Leader 0 SENDING AppendEntries to vehicle 4 (n_entries=6, leader_commit=2)
188226.4ms Leader 0 SENDING AppendEntries to vehicle 5 (n_entries=6, leader_commit=2)
188226.4ms Leader 0 SENDING AppendEntries to vehicle 6 (n_entries=6, leader_commit=2)
188366.4ms Leader 0 SENDING AppendEntries to vehicle 1 (n_entries=4, leader_commit=2)
188366.4ms Leader 0 SENDING AppendEntries to vehicle 4 (n_entries=6, leader_commit=2)
188366.4ms Leader 0 SENDING AppendEntries to vehicle 5 (n_entries=6, leader_commit=2)
188366.4ms Leader 0 SENDING AppendEntries to vehicle 6 (n_entries=6, leader_commit=2)
188506.4ms Leader 0 SENDING AppendEntries to vehicle 1 (n_entries=4, leader_commit=2)
188506.4ms Leader 0 SENDING AppendEntries to vehicle 4 (n_entries=6, leader_commit=2)
188506.4ms Leader 0 SENDING AppendEntries to vehicle 5 (n_entries=6, leader_commit=2)
188506.4ms Leader 0 SENDING AppendEntries to vehicle 6 (n_entries=6, leader_commit=2)
188646.4ms Leader 0 SENDING AppendEntries to vehicle 1 (n_entries=4, leader_commit=2)
188646.4ms Leader 0 SENDING AppendEntries to vehicle 4 (n_entries=6, leader_commit=2)
188646.4ms Leader 0 SENDING AppendEntries to vehicle 5 (n_entries=6, leader_commit=2)
188646.4ms Leader 0 SENDING AppendEntries to vehicle 6 (n_entries=6, leader_commit=2)
188786.4ms Leader 0 SENDING AppendEntries to vehicle 1 (n_entries=4, leader_commit=2)
188786.4ms Leader 0 SENDING AppendEntries to vehicle 4 (n_entries=6, leader_commit=2)
188786.4ms Leader 0 SENDING AppendEntries to vehicle 5 (n_entries=6, leader_commit=2)
188786.4ms Leader 0 SENDING AppendEntries to vehicle 6 (n_entries=6, leader_commit=2)
188926.4ms Leader 0 SENDING AppendEntries to vehicle 1 (n_entries=4, leader_commit=2)
188926.4ms Leader 0 SENDING AppendEntries to vehicle 4 (n_entries=6, leader_commit=2)
188926.4ms Leader 0 SENDING AppendEntries to vehicle 5 (n_entries=6, leader_commit=2)
188926.4ms Leader 0 SENDING AppendEntries to vehicle 6 (n_entries=6, leader_commit=2)
189066.4ms Leader 0 SENDING AppendEntries to vehicle 1 (n_entries=4, leader_commit=2)
189066.4ms Leader 0 SENDING AppendEntries to vehicle 4 (n_entries=6, leader_commit=2)
189066.4ms Leader 0 SENDING AppendEntries to vehicle 5 (n_entries=6, leader_commit=2)
189066.4ms Leader 0 SENDING AppendEntries to vehicle 6 (n_entries=6, leader_commit=2)
189206.4ms Leader 0 SENDING AppendEntries to vehicle 1 (n_entries=4, leader_commit=2)
189206.4ms Leader 0 SENDING AppendEntries to vehicle 4 (n_entries=6, leader_commit=2)
189206.4ms Leader 0 SENDING AppendEntries to vehicle 5 (n_entries=6, leader_commit=2)
189206.4ms Leader 0 SENDING AppendEntries to vehicle 6 (n_entries=6, leader_commit=2)
189346.4ms Leader 0 SENDING AppendEntries to vehicle 1 (n_entries=4, leader_commit=2)
189346.4ms Leader 0 SENDING AppendEntries to vehicle 4 (n_entries=6, leader_commit=2)
189346.4ms Leader 0 SENDING AppendEntries to vehicle 5 (n_entries=6, leader_commit=2)
189346.4ms Leader 0 SENDING AppendEntries to vehicle 6 (n_entries=6, leader_commit=2)
189486.4ms Leader 0 SENDING AppendEntries to vehicle 1 (n_entries=4, leader_commit=2)
189486.4ms Leader 0 SENDING AppendEntries to vehicle 4 (n_entries=6, leader_commit=2)
189486.4ms Leader 0 SENDING AppendEntries to vehicle 5 (n_entries=6, leader_commit=2)
189486.4ms Leader 0 SENDING AppendEntries to vehicle 6 (n_entries=6, leader_commit=2)
189626.4ms Leader 0 SENDING AppendEntries to vehicle 1 (n_entries=4, leader_commit=2)
189626.4ms Leader 0 SENDING AppendEntries to vehicle 4 (n_entries=6, leader_commit=2)
189626.4ms Leader 0 SENDING AppendEntries to vehicle 5 (n_entries=6, leader_commit=2)
189626.4ms Leader 0 SENDING AppendEntries to vehicle 6 (n_entries=6, leader_commit=2)
189766.4ms Leader 0 SENDING AppendEntries to vehicle 1 (n_entries=4, leader_commit=2)
189766.4ms Leader 0 SENDING AppendEntries to vehicle 4 (n_entries=6, leader_commit=2)
189766.4ms Leader 0 SENDING AppendEntries to vehicle 5 (n_entries=6, leader_commit=2)
189766.4ms Leader 0 SENDING AppendEntries to vehicle 6 (n_entries=6, leader_commit=2)
189906.4ms Leader 0 SENDING AppendEntries to vehicle 1 (n_entries=4, leader_commit=2)
189906.4ms Leader 0 SENDING AppendEntries to vehicle 4 (n_entries=6, leader_commit=2)
189906.4ms Leader 0 SENDING AppendEntries to vehicle 5 (n_entries=6, leader_commit=2)
189906.4ms Leader 0 SENDING AppendEntries to vehicle 6 (n_entries=6, leader_commit=2)
190046.4ms Leader 0 SENDING AppendEntries to vehicle 1 (n_entries=4, leader_commit=2)
190046.4ms Leader 0 SENDING AppendEntries to vehicle 4 (n_entries=6, leader_commit=2)
190046.4ms Leader 0 SENDING AppendEntries to vehicle 5 (n_entries=6, leader_commit=2)
190046.4ms Leader 0 SENDING AppendEntries to vehicle 6 (n_entries=6, leader_commit=2)
190186.4ms Leader 0 SENDING AppendEntries to vehicle 1 (n_entries=4, leader_commit=2)
190186.4ms Leader 0 SENDING AppendEntries to vehicle 4 (n_entries=6, leader_commit=2)
190186.4ms Leader 0 SENDING AppendEntries to vehicle 5 (n_entries=6, leader_commit=2)
190186.4ms Leader 0 SENDING AppendEntries to vehicle 6 (n_entries=6, leader_commit=2)
190326.4ms Leader 0 SENDING AppendEntries to vehicle 1 (n_entries=4, leader_commit=2)
190326.4ms Leader 0 SENDING AppendEntries to vehicle 4 (n_entries=6, leader_commit=2)
190326.4ms Leader 0 SENDING AppendEntries to vehicle 5 (n_entries=6, leader_commit=2)
190326.4ms Leader 0 SENDING AppendEntries to vehicle 6 (n_entries=6, leader_commit=2)
190466.4ms Leader 0 SENDING AppendEntries to vehicle 1 (n_entries=4, leader_commit=2)
190466.4ms Leader 0 SENDING AppendEntries to vehicle 4 (n_entries=6, leader_commit=2)
190466.4ms Leader 0 SENDING AppendEntries to vehicle 5 (n_entries=6, leader_commit=2)
190466.4ms Leader 0 SENDING AppendEntries to vehicle 6 (n_entries=6, leader_commit=2)
190606.4ms Leader 0 SENDING AppendEntries to vehicle 1 (n_entries=4, leader_commit=2)
190606.4ms Leader 0 SENDING AppendEntries to vehicle 4 (n_entries=6, leader_commit=2)
190606.4ms Leader 0 SENDING AppendEntries to vehicle 5 (n_entries=6, leader_commit=2)
190606.4ms Leader 0 SENDING AppendEntries to vehicle 6 (n_entries=6, leader_commit=2)
190746.4ms Leader 0 SENDING AppendEntries to vehicle 1 (n_entries=4, leader_commit=2)
190746.4ms Leader 0 SENDING AppendEntries to vehicle 4 (n_entries=6, leader_commit=2)
190746.4ms Leader 0 SENDING AppendEntries to vehicle 5 (n_entries=6, leader_commit=2)
190746.4ms Leader 0 SENDING AppendEntries to vehicle 6 (n_entries=6, leader_commit=2)
190886.4ms Leader 0 SENDING AppendEntries to vehicle 1 (n_entries=4, leader_commit=2)
190886.4ms Leader 0 SENDING AppendEntries to vehicle 4 (n_entries=6, leader_commit=2)
190886.4ms Leader 0 SENDING AppendEntries to vehicle 5 (n_entries=6, leader_commit=2)
190886.4ms Leader 0 SENDING AppendEntries to vehicle 6 (n_entries=6, leader_commit=2)
191026.4ms Leader 0 SENDING AppendEntries to vehicle 1 (n_entries=4, leader_commit=2)
191026.4ms Leader 0 SENDING AppendEntries to vehicle 4 (n_entries=6, leader_commit=2)
191026.4ms Leader 0 SENDING AppendEntries to vehicle 5 (n_entries=6, leader_commit=2)
191026.4ms Leader 0 SENDING AppendEntries to vehicle 6 (n_entries=6, leader_commit=2)
191166.4ms Leader 0 SENDING AppendEntries to vehicle 1 (n_entries=4, leader_commit=2)
191166.4ms Leader 0 SENDING AppendEntries to vehicle 4 (n_entries=6, leader_commit=2)
191166.4ms Leader 0 SENDING AppendEntries to vehicle 5 (n_entries=6, leader_commit=2)
191166.4ms Leader 0 SENDING AppendEntries to vehicle 6 (n_entries=6, leader_commit=2)
191306.4ms Leader 0 SENDING AppendEntries to vehicle 1 (n_entries=4, leader_commit=2)
191306.4ms Leader 0 SENDING AppendEntries to vehicle 4 (n_entries=6, leader_commit=2)
191306.4ms Leader 0 SENDING AppendEntries to vehicle 5 (n_entries=6, leader_commit=2)
191306.4ms Leader 0 SENDING AppendEntries to vehicle 6 (n_entries=6, leader_commit=2)
191446.4ms Leader 0 SENDING AppendEntries to vehicle 1 (n_entries=4, leader_commit=2)
191446.4ms Leader 0 SENDING AppendEntries to vehicle 4 (n_entries=6, leader_commit=2)
191446.4ms Leader 0 SENDING AppendEntries to vehicle 5 (n_entries=6, leader_commit=2)
191446.4ms Leader 0 SENDING AppendEntries to vehicle 6 (n_entries=6, leader_commit=2)
191586.4ms Leader 0 SENDING AppendEntries to vehicle 1 (n_entries=4, leader_commit=2)
191586.4ms Leader 0 SENDING AppendEntries to vehicle 4 (n_entries=6, leader_commit=2)
191586.4ms Leader 0 SENDING AppendEntries to vehicle 5 (n_entries=6, leader_commit=2)
191586.4ms Leader 0 SENDING AppendEntries to vehicle 6 (n_entries=6, leader_commit=2)
191726.4ms Leader 0 SENDING AppendEntries to vehicle 1 (n_entries=4, leader_commit=2)
191726.4ms Leader 0 SENDING AppendEntries to vehicle 4 (n_entries=6, leader_commit=2)
191726.4ms Leader 0 SENDING AppendEntries to vehicle 5 (n_entries=6, leader_commit=2)
191726.4ms Leader 0 SENDING AppendEntries to vehicle 6 (n_entries=6, leader_commit=2)
191866.4ms Leader 0 SENDING AppendEntries to vehicle 1 (n_entries=4, leader_commit=2)
191866.4ms Leader 0 SENDING AppendEntries to vehicle 4 (n_entries=6, leader_commit=2)
191866.4ms Leader 0 SENDING AppendEntries to vehicle 5 (n_entries=6, leader_commit=2)
191866.4ms Leader 0 SENDING AppendEntries to vehicle 6 (n_entries=6, leader_commit=2)
192006.4ms Leader 0 SENDING AppendEntries to vehicle 1 (n_entries=4, leader_commit=2)
192006.4ms Leader 0 SENDING AppendEntries to vehicle 4 (n_entries=6, leader_commit=2)
192006.4ms Leader 0 SENDING AppendEntries to vehicle 5 (n_entries=6, leader_commit=2)
192006.4ms Leader 0 SENDING AppendEntries to vehicle 6 (n_entries=6, leader_commit=2)
192146.4ms Leader 0 SENDING AppendEntries to vehicle 1 (n_entries=4, leader_commit=2)
192146.4ms Leader 0 SENDING AppendEntries to vehicle 4 (n_entries=6, leader_commit=2)
192146.4ms Leader 0 SENDING AppendEntries to vehicle 5 (n_entries=6, leader_commit=2)
192146.4ms Leader 0 SENDING AppendEntries to vehicle 6 (n_entries=6, leader_commit=2)
192286.4ms Leader 0 SENDING AppendEntries to vehicle 1 (n_entries=4, leader_commit=2)
192286.4ms Leader 0 SENDING AppendEntries to vehicle 4 (n_entries=6, leader_commit=2)
192286.4ms Leader 0 SENDING AppendEntries to vehicle 5 (n_entries=6, leader_commit=2)
192286.4ms Leader 0 SENDING AppendEntries to vehicle 6 (n_entries=6, leader_commit=2)
192426.4ms Leader 0 SENDING AppendEntries to vehicle 1 (n_entries=4, leader_commit=2)
192426.4ms Leader 0 SENDING AppendEntries to vehicle 4 (n_entries=6, leader_commit=2)
192426.4ms Leader 0 SENDING AppendEntries to vehicle 5 (n_entries=6, leader_commit=2)
192426.4ms Leader 0 SENDING AppendEntries to vehicle 6 (n_entries=6, leader_commit=2)
192566.4ms Leader 0 SENDING AppendEntries to vehicle 1 (n_entries=4, leader_commit=2)
192566.4ms Leader 0 SENDING AppendEntries to vehicle 4 (n_entries=6, leader_commit=2)
192566.4ms Leader 0 SENDING AppendEntries to vehicle 5 (n_entries=6, leader_commit=2)
192566.4ms Leader 0 SENDING AppendEntries to vehicle 6 (n_entries=6, leader_commit=2)
192706.4ms Leader 0 SENDING AppendEntries to vehicle 1 (n_entries=4, leader_commit=2)
192706.4ms Leader 0 SENDING AppendEntries to vehicle 4 (n_entries=6, leader_commit=2)
192706.4ms Leader 0 SENDING AppendEntries to vehicle 5 (n_entries=6, leader_commit=2)
192706.4ms Leader 0 SENDING AppendEntries to vehicle 6 (n_entries=6, leader_commit=2)
192846.4ms Leader 0 SENDING AppendEntries to vehicle 1 (n_entries=4, leader_commit=2)
192846.4ms Leader 0 SENDING AppendEntries to vehicle 4 (n_entries=6, leader_commit=2)
192846.4ms Leader 0 SENDING AppendEntries to vehicle 5 (n_entries=6, leader_commit=2)
192846.4ms Leader 0 SENDING AppendEntries to vehicle 6 (n_entries=6, leader_commit=2)
192986.4ms Leader 0 SENDING AppendEntries to vehicle 1 (n_entries=4, leader_commit=2)
192986.4ms Leader 0 SENDING AppendEntries to vehicle 4 (n_entries=6, leader_commit=2)
192986.4ms Leader 0 SENDING AppendEntries to vehicle 5 (n_entries=6, leader_commit=2)
192986.4ms Leader 0 SENDING AppendEntries to vehicle 6 (n_entries=6, leader_commit=2)
193126.4ms Leader 0 SENDING AppendEntries to vehicle 1 (n_entries=4, leader_commit=2)
193126.4ms Leader 0 SENDING AppendEntries to vehicle 4 (n_entries=6, leader_commit=2)
193126.4ms Leader 0 SENDING AppendEntries to vehicle 5 (n_entries=6, leader_commit=2)
193126.4ms Leader 0 SENDING AppendEntries to vehicle 6 (n_entries=6, leader_commit=2)
193266.4ms Leader 0 SENDING AppendEntries to vehicle 1 (n_entries=4, leader_commit=2)
193266.4ms Leader 0 SENDING AppendEntries to vehicle 4 (n_entries=6, leader_commit=2)
193266.4ms Leader 0 SENDING AppendEntries to vehicle 5 (n_entries=6, leader_commit=2)
193266.4ms Leader 0 SENDING AppendEntries to vehicle 6 (n_entries=6, leader_commit=2)
193406.4ms Leader 0 SENDING AppendEntries to vehicle 1 (n_entries=4, leader_commit=2)
193406.4ms Leader 0 SENDING AppendEntries to vehicle 4 (n_entries=6, leader_commit=2)
193406.4ms Leader 0 SENDING AppendEntries to vehicle 5 (n_entries=6, leader_commit=2)
193406.4ms Leader 0 SENDING AppendEntries to vehicle 6 (n_entries=6, leader_commit=2)
193546.4ms Leader 0 SENDING AppendEntries to vehicle 1 (n_entries=4, leader_commit=2)
193546.4ms Leader 0 SENDING AppendEntries to vehicle 4 (n_entries=6, leader_commit=2)
193546.4ms Leader 0 SENDING AppendEntries to vehicle 5 (n_entries=6, leader_commit=2)
193546.4ms Leader 0 SENDING AppendEntries to vehicle 6 (n_entries=6, leader_commit=2)
193686.4ms Leader 0 SENDING AppendEntries to vehicle 1 (n_entries=4, leader_commit=2)
193686.4ms Leader 0 SENDING AppendEntries to vehicle 4 (n_entries=6, leader_commit=2)
193686.4ms Leader 0 SENDING AppendEntries to vehicle 5 (n_entries=6, leader_commit=2)
193686.4ms Leader 0 SENDING AppendEntries to vehicle 6 (n_entries=6, leader_commit=2)
193826.4ms Leader 0 SENDING AppendEntries to vehicle 1 (n_entries=4, leader_commit=2)
193826.4ms Leader 0 SENDING AppendEntries to vehicle 4 (n_entries=6, leader_commit=2)
193826.4ms Leader 0 SENDING AppendEntries to vehicle 5 (n_entries=6, leader_commit=2)
193826.4ms Leader 0 SENDING AppendEntries to vehicle 6 (n_entries=6, leader_commit=2)
193966.4ms Leader 0 SENDING AppendEntries to vehicle 1 (n_entries=4, leader_commit=2)
193966.4ms Leader 0 SENDING AppendEntries to vehicle 4 (n_entries=6, leader_commit=2)
193966.4ms Leader 0 SENDING AppendEntries to vehicle 5 (n_entries=6, leader_commit=2)
193966.4ms Leader 0 SENDING AppendEntries to vehicle 6 (n_entries=6, leader_commit=2)
194106.4ms Leader 0 SENDING AppendEntries to vehicle 1 (n_entries=4, leader_commit=2)
194106.4ms Leader 0 SENDING AppendEntries to vehicle 4 (n_entries=6, leader_commit=2)
194106.4ms Leader 0 SENDING AppendEntries to vehicle 5 (n_entries=6, leader_commit=2)
194106.4ms Leader 0 SENDING AppendEntries to vehicle 6 (n_entries=6, leader_commit=2)
194246.4ms Leader 0 SENDING AppendEntries to vehicle 1 (n_entries=4, leader_commit=2)
194246.4ms Leader 0 SENDING AppendEntries to vehicle 4 (n_entries=6, leader_commit=2)
194246.4ms Leader 0 SENDING AppendEntries to vehicle 5 (n_entries=6, leader_commit=2)
194246.4ms Leader 0 SENDING AppendEntries to vehicle 6 (n_entries=6, leader_commit=2)
194386.4ms Leader 0 SENDING AppendEntries to vehicle 1 (n_entries=4, leader_commit=2)
194386.4ms Leader 0 SENDING AppendEntries to vehicle 4 (n_entries=6, leader_commit=2)
194386.4ms Leader 0 SENDING AppendEntries to vehicle 5 (n_entries=6, leader_commit=2)
194386.4ms Leader 0 SENDING AppendEntries to vehicle 6 (n_entries=6, leader_commit=2)
194526.4ms Leader 0 SENDING AppendEntries to vehicle 1 (n_entries=4, leader_commit=2)
194526.4ms Leader 0 SENDING AppendEntries to vehicle 4 (n_entries=6, leader_commit=2)
194526.4ms Leader 0 SENDING AppendEntries to vehicle 5 (n_entries=6, leader_commit=2)
194526.4ms Leader 0 SENDING AppendEntries to vehicle 6 (n_entries=6, leader_commit=2)
194666.4ms Leader 0 SENDING AppendEntries to vehicle 1 (n_entries=4, leader_commit=2)
194666.4ms Leader 0 SENDING AppendEntries to vehicle 4 (n_entries=6, leader_commit=2)
194666.4ms Leader 0 SENDING AppendEntries to vehicle 5 (n_entries=6, leader_commit=2)
194666.4ms Leader 0 SENDING AppendEntries to vehicle 6 (n_entries=6, leader_commit=2)
194806.4ms Leader 0 SENDING AppendEntries to vehicle 1 (n_entries=4, leader_commit=2)
194806.4ms Leader 0 SENDING AppendEntries to vehicle 4 (n_entries=6, leader_commit=2)
194806.4ms Leader 0 SENDING AppendEntries to vehicle 5 (n_entries=6, leader_commit=2)
194806.4ms Leader 0 SENDING AppendEntries to vehicle 6 (n_entries=6, leader_commit=2)
194946.4ms Leader 0 SENDING AppendEntries to vehicle 1 (n_entries=4, leader_commit=2)
194946.4ms Leader 0 SENDING AppendEntries to vehicle 4 (n_entries=6, leader_commit=2)
194946.4ms Leader 0 SENDING AppendEntries to vehicle 5 (n_entries=6, leader_commit=2)
194946.4ms Leader 0 SENDING AppendEntries to vehicle 6 (n_entries=6, leader_commit=2)
195086.4ms Leader 0 SENDING AppendEntries to vehicle 1 (n_entries=4, leader_commit=2)
195086.4ms Leader 0 SENDING AppendEntries to vehicle 4 (n_entries=6, leader_commit=2)
195086.4ms Leader 0 SENDING AppendEntries to vehicle 5 (n_entries=6, leader_commit=2)
195086.4ms Leader 0 SENDING AppendEntries to vehicle 6 (n_entries=6, leader_commit=2)
195226.4ms Leader 0 SENDING AppendEntries to vehicle 1 (n_entries=4, leader_commit=2)
195226.4ms Leader 0 SENDING AppendEntries to vehicle 4 (n_entries=6, leader_commit=2)
195226.4ms Leader 0 SENDING AppendEntries to vehicle 5 (n_entries=6, leader_commit=2)
195226.4ms Leader 0 SENDING AppendEntries to vehicle 6 (n_entries=6, leader_commit=2)
195366.4ms Leader 0 SENDING AppendEntries to vehicle 1 (n_entries=4, leader_commit=2)
195366.4ms Leader 0 SENDING AppendEntries to vehicle 4 (n_entries=6, leader_commit=2)
195366.4ms Leader 0 SENDING AppendEntries to vehicle 5 (n_entries=6, leader_commit=2)
195366.4ms Leader 0 SENDING AppendEntries to vehicle 6 (n_entries=6, leader_commit=2)
195506.4ms Leader 0 SENDING AppendEntries to vehicle 1 (n_entries=4, leader_commit=2)
195506.4ms Leader 0 SENDING AppendEntries to vehicle 4 (n_entries=6, leader_commit=2)
195506.4ms Leader 0 SENDING AppendEntries to vehicle 5 (n_entries=6, leader_commit=2)
195506.4ms Leader 0 SENDING AppendEntries to vehicle 6 (n_entries=6, leader_commit=2)
195646.4ms Leader 0 SENDING AppendEntries to vehicle 1 (n_entries=4, leader_commit=2)
195646.4ms Leader 0 SENDING AppendEntries to vehicle 4 (n_entries=6, leader_commit=2)
195646.4ms Leader 0 SENDING AppendEntries to vehicle 5 (n_entries=6, leader_commit=2)
195646.4ms Leader 0 SENDING AppendEntries to vehicle 6 (n_entries=6, leader_commit=2)
195786.4ms Leader 0 SENDING AppendEntries to vehicle 1 (n_entries=4, leader_commit=2)
195786.4ms Leader 0 SENDING AppendEntries to vehicle 4 (n_entries=6, leader_commit=2)
195786.4ms Leader 0 SENDING AppendEntries to vehicle 5 (n_entries=6, leader_commit=2)
195786.4ms Leader 0 SENDING AppendEntries to vehicle 6 (n_entries=6, leader_commit=2)
195926.4ms Leader 0 SENDING AppendEntries to vehicle 1 (n_entries=4, leader_commit=2)
195926.4ms Leader 0 SENDING AppendEntries to vehicle 4 (n_entries=6, leader_commit=2)
195926.4ms Leader 0 SENDING AppendEntries to vehicle 5 (n_entries=6, leader_commit=2)
195926.4ms Leader 0 SENDING AppendEntries to vehicle 6 (n_entries=6, leader_commit=2)
196066.4ms Leader 0 SENDING AppendEntries to vehicle 1 (n_entries=4, leader_commit=2)
196066.4ms Leader 0 SENDING AppendEntries to vehicle 4 (n_entries=6, leader_commit=2)
196066.4ms Leader 0 SENDING AppendEntries to vehicle 5 (n_entries=6, leader_commit=2)
196066.4ms Leader 0 SENDING AppendEntries to vehicle 6 (n_entries=6, leader_commit=2)
196206.4ms Leader 0 SENDING AppendEntries to vehicle 1 (n_entries=4, leader_commit=2)
196206.4ms Leader 0 SENDING AppendEntries to vehicle 4 (n_entries=6, leader_commit=2)
196206.4ms Leader 0 SENDING AppendEntries to vehicle 5 (n_entries=6, leader_commit=2)
196206.4ms Leader 0 SENDING AppendEntries to vehicle 6 (n_entries=6, leader_commit=2)
196346.4ms Leader 0 SENDING AppendEntries to vehicle 1 (n_entries=4, leader_commit=2)
196346.4ms Leader 0 SENDING AppendEntries to vehicle 4 (n_entries=6, leader_commit=2)
196346.4ms Leader 0 SENDING AppendEntries to vehicle 5 (n_entries=6, leader_commit=2)
196346.4ms Leader 0 SENDING AppendEntries to vehicle 6 (n_entries=6, leader_commit=2)
196486.4ms Leader 0 SENDING AppendEntries to vehicle 1 (n_entries=4, leader_commit=2)
196486.4ms Leader 0 SENDING AppendEntries to vehicle 4 (n_entries=6, leader_commit=2)
196486.4ms Leader 0 SENDING AppendEntries to vehicle 5 (n_entries=6, leader_commit=2)
196486.4ms Leader 0 SENDING AppendEntries to vehicle 6 (n_entries=6, leader_commit=2)
196626.4ms Leader 0 SENDING AppendEntries to vehicle 1 (n_entries=4, leader_commit=2)
196626.4ms Leader 0 SENDING AppendEntries to vehicle 4 (n_entries=6, leader_commit=2)
196626.4ms Leader 0 SENDING AppendEntries to vehicle 5 (n_entries=6, leader_commit=2)
196626.4ms Leader 0 SENDING AppendEntries to vehicle 6 (n_entries=6, leader_commit=2)
196766.4ms Leader 0 SENDING AppendEntries to vehicle 1 (n_entries=4, leader_commit=2)
196766.4ms Leader 0 SENDING AppendEntries to vehicle 4 (n_entries=6, leader_commit=2)
196766.4ms Leader 0 SENDING AppendEntries to vehicle 5 (n_entries=6, leader_commit=2)
196766.4ms Leader 0 SENDING AppendEntries to vehicle 6 (n_entries=6, leader_commit=2)
196906.4ms Leader 0 SENDING AppendEntries to vehicle 1 (n_entries=4, leader_commit=2)
196906.4ms Leader 0 SENDING AppendEntries to vehicle 4 (n_entries=6, leader_commit=2)
196906.4ms Leader 0 SENDING AppendEntries to vehicle 5 (n_entries=6, leader_commit=2)
196906.4ms Leader 0 SENDING AppendEntries to vehicle 6 (n_entries=6, leader_commit=2)
197046.4ms Leader 0 SENDING AppendEntries to vehicle 1 (n_entries=4, leader_commit=2)
197046.4ms Leader 0 SENDING AppendEntries to vehicle 4 (n_entries=6, leader_commit=2)
197046.4ms Leader 0 SENDING AppendEntries to vehicle 5 (n_entries=6, leader_commit=2)
197046.4ms Leader 0 SENDING AppendEntries to vehicle 6 (n_entries=6, leader_commit=2)
197186.4ms Leader 0 SENDING AppendEntries to vehicle 1 (n_entries=4, leader_commit=2)
197186.4ms Leader 0 SENDING AppendEntries to vehicle 4 (n_entries=6, leader_commit=2)
197186.4ms Leader 0 SENDING AppendEntries to vehicle 5 (n_entries=6, leader_commit=2)
197186.4ms Leader 0 SENDING AppendEntries to vehicle 6 (n_entries=6, leader_commit=2)
197326.4ms Leader 0 SENDING AppendEntries to vehicle 1 (n_entries=4, leader_commit=2)
197326.4ms Leader 0 SENDING AppendEntries to vehicle 4 (n_entries=6, leader_commit=2)
197326.4ms Leader 0 SENDING AppendEntries to vehicle 5 (n_entries=6, leader_commit=2)
197326.4ms Leader 0 SENDING AppendEntries to vehicle 6 (n_entries=6, leader_commit=2)
197466.4ms Leader 0 SENDING AppendEntries to vehicle 1 (n_entries=4, leader_commit=2)
197466.4ms Leader 0 SENDING AppendEntries to vehicle 4 (n_entries=6, leader_commit=2)
197466.4ms Leader 0 SENDING AppendEntries to vehicle 5 (n_entries=6, leader_commit=2)
197466.4ms Leader 0 SENDING AppendEntries to vehicle 6 (n_entries=6, leader_commit=2)
197606.4ms Leader 0 SENDING AppendEntries to vehicle 1 (n_entries=4, leader_commit=2)
197606.4ms Leader 0 SENDING AppendEntries to vehicle 4 (n_entries=6, leader_commit=2)
197606.4ms Leader 0 SENDING AppendEntries to vehicle 5 (n_entries=6, leader_commit=2)
197606.4ms Leader 0 SENDING AppendEntries to vehicle 6 (n_entries=6, leader_commit=2)
197746.4ms Leader 0 SENDING AppendEntries to vehicle 1 (n_entries=4, leader_commit=2)
197746.4ms Leader 0 SENDING AppendEntries to vehicle 4 (n_entries=6, leader_commit=2)
197746.4ms Leader 0 SENDING AppendEntries to vehicle 5 (n_entries=6, leader_commit=2)
197746.4ms Leader 0 SENDING AppendEntries to vehicle 6 (n_entries=6, leader_commit=2)
197886.4ms Leader 0 SENDING AppendEntries to vehicle 1 (n_entries=4, leader_commit=2)
197886.4ms Leader 0 SENDING AppendEntries to vehicle 4 (n_entries=6, leader_commit=2)
197886.4ms Leader 0 SENDING AppendEntries to vehicle 5 (n_entries=6, leader_commit=2)
197886.4ms Leader 0 SENDING AppendEntries to vehicle 6 (n_entries=6, leader_commit=2)
198026.4ms Leader 0 SENDING AppendEntries to vehicle 1 (n_entries=4, leader_commit=2)
198026.4ms Leader 0 SENDING AppendEntries to vehicle 4 (n_entries=6, leader_commit=2)
198026.4ms Leader 0 SENDING AppendEntries to vehicle 5 (n_entries=6, leader_commit=2)
198026.4ms Leader 0 SENDING AppendEntries to vehicle 6 (n_entries=6, leader_commit=2)
198166.4ms Leader 0 SENDING AppendEntries to vehicle 1 (n_entries=4, leader_commit=2)
198166.4ms Leader 0 SENDING AppendEntries to vehicle 4 (n_entries=6, leader_commit=2)
198166.4ms Leader 0 SENDING AppendEntries to vehicle 5 (n_entries=6, leader_commit=2)
198166.4ms Leader 0 SENDING AppendEntries to vehicle 6 (n_entries=6, leader_commit=2)
198306.4ms Leader 0 SENDING AppendEntries to vehicle 1 (n_entries=4, leader_commit=2)
198306.4ms Leader 0 SENDING AppendEntries to vehicle 4 (n_entries=6, leader_commit=2)
198306.4ms Leader 0 SENDING AppendEntries to vehicle 5 (n_entries=6, leader_commit=2)
198306.4ms Leader 0 SENDING AppendEntries to vehicle 6 (n_entries=6, leader_commit=2)
198446.4ms Leader 0 SENDING AppendEntries to vehicle 1 (n_entries=4, leader_commit=2)
198446.4ms Leader 0 SENDING AppendEntries to vehicle 4 (n_entries=6, leader_commit=2)
198446.4ms Leader 0 SENDING AppendEntries to vehicle 5 (n_entries=6, leader_commit=2)
198446.4ms Leader 0 SENDING AppendEntries to vehicle 6 (n_entries=6, leader_commit=2)
198586.4ms Leader 0 SENDING AppendEntries to vehicle 1 (n_entries=4, leader_commit=2)
198586.4ms Leader 0 SENDING AppendEntries to vehicle 4 (n_entries=6, leader_commit=2)
198586.4ms Leader 0 SENDING AppendEntries to vehicle 5 (n_entries=6, leader_commit=2)
198586.4ms Leader 0 SENDING AppendEntries to vehicle 6 (n_entries=6, leader_commit=2)
198726.4ms Leader 0 SENDING AppendEntries to vehicle 1 (n_entries=4, leader_commit=2)
198726.4ms Leader 0 SENDING AppendEntries to vehicle 4 (n_entries=6, leader_commit=2)
198726.4ms Leader 0 SENDING AppendEntries to vehicle 5 (n_entries=6, leader_commit=2)
198726.4ms Leader 0 SENDING AppendEntries to vehicle 6 (n_entries=6, leader_commit=2)
198866.4ms Leader 0 SENDING AppendEntries to vehicle 1 (n_entries=4, leader_commit=2)
198866.4ms Leader 0 SENDING AppendEntries to vehicle 4 (n_entries=6, leader_commit=2)
198866.4ms Leader 0 SENDING AppendEntries to vehicle 5 (n_entries=6, leader_commit=2)
198866.4ms Leader 0 SENDING AppendEntries to vehicle 6 (n_entries=6, leader_commit=2)
199006.4ms Leader 0 SENDING AppendEntries to vehicle 1 (n_entries=4, leader_commit=2)
199006.4ms Leader 0 SENDING AppendEntries to vehicle 4 (n_entries=6, leader_commit=2)
199006.4ms Leader 0 SENDING AppendEntries to vehicle 5 (n_entries=6, leader_commit=2)
199006.4ms Leader 0 SENDING AppendEntries to vehicle 6 (n_entries=6, leader_commit=2)
199146.4ms Leader 0 SENDING AppendEntries to vehicle 1 (n_entries=4, leader_commit=2)
199146.4ms Leader 0 SENDING AppendEntries to vehicle 4 (n_entries=6, leader_commit=2)
199146.4ms Leader 0 SENDING AppendEntries to vehicle 5 (n_entries=6, leader_commit=2)
199146.4ms Leader 0 SENDING AppendEntries to vehicle 6 (n_entries=6, leader_commit=2)
199286.4ms Leader 0 SENDING AppendEntries to vehicle 1 (n_entries=4, leader_commit=2)
199286.4ms Leader 0 SENDING AppendEntries to vehicle 4 (n_entries=6, leader_commit=2)
199286.4ms Leader 0 SENDING AppendEntries to vehicle 5 (n_entries=6, leader_commit=2)
199286.4ms Leader 0 SENDING AppendEntries to vehicle 6 (n_entries=6, leader_commit=2)
199426.4ms Leader 0 SENDING AppendEntries to vehicle 1 (n_entries=4, leader_commit=2)
199426.4ms Leader 0 SENDING AppendEntries to vehicle 4 (n_entries=6, leader_commit=2)
199426.4ms Leader 0 SENDING AppendEntries to vehicle 5 (n_entries=6, leader_commit=2)
199426.4ms Leader 0 SENDING AppendEntries to vehicle 6 (n_entries=6, leader_commit=2)
199566.4ms Leader 0 SENDING AppendEntries to vehicle 1 (n_entries=4, leader_commit=2)
199566.4ms Leader 0 SENDING AppendEntries to vehicle 4 (n_entries=6, leader_commit=2)
199566.4ms Leader 0 SENDING AppendEntries to vehicle 5 (n_entries=6, leader_commit=2)
199566.4ms Leader 0 SENDING AppendEntries to vehicle 6 (n_entries=6, leader_commit=2)
199706.4ms Leader 0 SENDING AppendEntries to vehicle 1 (n_entries=4, leader_commit=2)
199706.4ms Leader 0 SENDING AppendEntries to vehicle 4 (n_entries=6, leader_commit=2)
199706.4ms Leader 0 SENDING AppendEntries to vehicle 5 (n_entries=6, leader_commit=2)
199706.4ms Leader 0 SENDING AppendEntries to vehicle 6 (n_entries=6, leader_commit=2)
199846.4ms Leader 0 SENDING AppendEntries to vehicle 1 (n_entries=4, leader_commit=2)
199846.4ms Leader 0 SENDING AppendEntries to vehicle 4 (n_entries=6, leader_commit=2)
199846.4ms Leader 0 SENDING AppendEntries to vehicle 5 (n_entries=6, leader_commit=2)
199846.4ms Leader 0 SENDING AppendEntries to vehicle 6 (n_entries=6, leader_commit=2)
199986.4ms Leader 0 SENDING AppendEntries to vehicle 1 (n_entries=4, leader_commit=2)
199986.4ms Leader 0 SENDING AppendEntries to vehicle 4 (n_entries=6, leader_commit=2)
199986.4ms Leader 0 SENDING AppendEntries to vehicle 5 (n_entries=6, leader_commit=2)
199986.4ms Leader 0 SENDING AppendEntries to vehicle 6 (n_entries=6, leader_commit=2)
200126.4ms Leader 0 SENDING AppendEntries to vehicle 1 (n_entries=4, leader_commit=2)
200126.4ms Leader 0 SENDING AppendEntries to vehicle 4 (n_entries=6, leader_commit=2)
200126.4ms Leader 0 SENDING AppendEntries to vehicle 5 (n_entries=6, leader_commit=2)
200126.4ms Leader 0 SENDING AppendEntries to vehicle 6 (n_entries=6, leader_commit=2)
200266.4ms Leader 0 SENDING AppendEntries to vehicle 1 (n_entries=4, leader_commit=2)
200266.4ms Leader 0 SENDING AppendEntries to vehicle 4 (n_entries=6, leader_commit=2)
200266.4ms Leader 0 SENDING AppendEntries to vehicle 5 (n_entries=6, leader_commit=2)
200266.4ms Leader 0 SENDING AppendEntries to vehicle 6 (n_entries=6, leader_commit=2)
200406.4ms Leader 0 SENDING AppendEntries to vehicle 1 (n_entries=4, leader_commit=2)
200406.4ms Leader 0 SENDING AppendEntries to vehicle 4 (n_entries=6, leader_commit=2)
200406.4ms Leader 0 SENDING AppendEntries to vehicle 5 (n_entries=6, leader_commit=2)
200406.4ms Leader 0 SENDING AppendEntries to vehicle 6 (n_entries=6, leader_commit=2)
200546.4ms Leader 0 SENDING AppendEntries to vehicle 1 (n_entries=4, leader_commit=2)
200546.4ms Leader 0 SENDING AppendEntries to vehicle 4 (n_entries=6, leader_commit=2)
200546.4ms Leader 0 SENDING AppendEntries to vehicle 5 (n_entries=6, leader_commit=2)
200546.4ms Leader 0 SENDING AppendEntries to vehicle 6 (n_entries=6, leader_commit=2)
200686.4ms Leader 0 SENDING AppendEntries to vehicle 1 (n_entries=4, leader_commit=2)
200686.4ms Leader 0 SENDING AppendEntries to vehicle 4 (n_entries=6, leader_commit=2)
200686.4ms Leader 0 SENDING AppendEntries to vehicle 5 (n_entries=6, leader_commit=2)
200686.4ms Leader 0 SENDING AppendEntries to vehicle 6 (n_entries=6, leader_commit=2)
200826.4ms Leader 0 SENDING AppendEntries to vehicle 1 (n_entries=4, leader_commit=2)
200826.4ms Leader 0 SENDING AppendEntries to vehicle 4 (n_entries=6, leader_commit=2)
200826.4ms Leader 0 SENDING AppendEntries to vehicle 5 (n_entries=6, leader_commit=2)
200826.4ms Leader 0 SENDING AppendEntries to vehicle 6 (n_entries=6, leader_commit=2)
200966.4ms Leader 0 SENDING AppendEntries to vehicle 1 (n_entries=4, leader_commit=2)
200966.4ms Leader 0 SENDING AppendEntries to vehicle 4 (n_entries=6, leader_commit=2)
200966.4ms Leader 0 SENDING AppendEntries to vehicle 5 (n_entries=6, leader_commit=2)
200966.4ms Leader 0 SENDING AppendEntries to vehicle 6 (n_entries=6, leader_commit=2)
201106.4ms Leader 0 SENDING AppendEntries to vehicle 1 (n_entries=4, leader_commit=2)
201106.4ms Leader 0 SENDING AppendEntries to vehicle 4 (n_entries=6, leader_commit=2)
201106.4ms Leader 0 SENDING AppendEntries to vehicle 5 (n_entries=6, leader_commit=2)
201106.4ms Leader 0 SENDING AppendEntries to vehicle 6 (n_entries=6, leader_commit=2)
201246.4ms Leader 0 SENDING AppendEntries to vehicle 1 (n_entries=4, leader_commit=2)
201246.4ms Leader 0 SENDING AppendEntries to vehicle 4 (n_entries=6, leader_commit=2)
201246.4ms Leader 0 SENDING AppendEntries to vehicle 5 (n_entries=6, leader_commit=2)
201246.4ms Leader 0 SENDING AppendEntries to vehicle 6 (n_entries=6, leader_commit=2)
201386.4ms Leader 0 SENDING AppendEntries to vehicle 1 (n_entries=4, leader_commit=2)
201386.4ms Leader 0 SENDING AppendEntries to vehicle 4 (n_entries=6, leader_commit=2)
201386.4ms Leader 0 SENDING AppendEntries to vehicle 5 (n_entries=6, leader_commit=2)
201386.4ms Leader 0 SENDING AppendEntries to vehicle 6 (n_entries=6, leader_commit=2)
201526.4ms Leader 0 SENDING AppendEntries to vehicle 1 (n_entries=4, leader_commit=2)
201526.4ms Leader 0 SENDING AppendEntries to vehicle 4 (n_entries=6, leader_commit=2)
201526.4ms Leader 0 SENDING AppendEntries to vehicle 5 (n_entries=6, leader_commit=2)
201526.4ms Leader 0 SENDING AppendEntries to vehicle 6 (n_entries=6, leader_commit=2)
201666.4ms Leader 0 SENDING AppendEntries to vehicle 1 (n_entries=4, leader_commit=2)
201666.4ms Leader 0 SENDING AppendEntries to vehicle 4 (n_entries=6, leader_commit=2)
201666.4ms Leader 0 SENDING AppendEntries to vehicle 5 (n_entries=6, leader_commit=2)
201666.4ms Leader 0 SENDING AppendEntries to vehicle 6 (n_entries=6, leader_commit=2)
201806.4ms Leader 0 SENDING AppendEntries to vehicle 1 (n_entries=4, leader_commit=2)
201806.4ms Leader 0 SENDING AppendEntries to vehicle 4 (n_entries=6, leader_commit=2)
201806.4ms Leader 0 SENDING AppendEntries to vehicle 5 (n_entries=6, leader_commit=2)
201806.4ms Leader 0 SENDING AppendEntries to vehicle 6 (n_entries=6, leader_commit=2)
201946.4ms Leader 0 SENDING AppendEntries to vehicle 1 (n_entries=4, leader_commit=2)
201946.4ms Leader 0 SENDING AppendEntries to vehicle 4 (n_entries=6, leader_commit=2)
201946.4ms Leader 0 SENDING AppendEntries to vehicle 5 (n_entries=6, leader_commit=2)
201946.4ms Leader 0 SENDING AppendEntries to vehicle 6 (n_entries=6, leader_commit=2)
202086.4ms Leader 0 SENDING AppendEntries to vehicle 1 (n_entries=4, leader_commit=2)
202086.4ms Leader 0 SENDING AppendEntries to vehicle 4 (n_entries=6, leader_commit=2)
202086.4ms Leader 0 SENDING AppendEntries to vehicle 5 (n_entries=6, leader_commit=2)
202086.4ms Leader 0 SENDING AppendEntries to vehicle 6 (n_entries=6, leader_commit=2)
202226.4ms Leader 0 SENDING AppendEntries to vehicle 1 (n_entries=4, leader_commit=2)
202226.4ms Leader 0 SENDING AppendEntries to vehicle 4 (n_entries=6, leader_commit=2)
202226.4ms Leader 0 SENDING AppendEntries to vehicle 5 (n_entries=6, leader_commit=2)
202226.4ms Leader 0 SENDING AppendEntries to vehicle 6 (n_entries=6, leader_commit=2)
202366.4ms Leader 0 SENDING AppendEntries to vehicle 1 (n_entries=4, leader_commit=2)
202366.4ms Leader 0 SENDING AppendEntries to vehicle 4 (n_entries=6, leader_commit=2)
202366.4ms Leader 0 SENDING AppendEntries to vehicle 5 (n_entries=6, leader_commit=2)
202366.4ms Leader 0 SENDING AppendEntries to vehicle 6 (n_entries=6, leader_commit=2)
202506.4ms Leader 0 SENDING AppendEntries to vehicle 1 (n_entries=4, leader_commit=2)
202506.4ms Leader 0 SENDING AppendEntries to vehicle 4 (n_entries=6, leader_commit=2)
202506.4ms Leader 0 SENDING AppendEntries to vehicle 5 (n_entries=6, leader_commit=2)
202506.4ms Leader 0 SENDING AppendEntries to vehicle 6 (n_entries=6, leader_commit=2)
202646.4ms Leader 0 SENDING AppendEntries to vehicle 1 (n_entries=4, leader_commit=2)
202646.4ms Leader 0 SENDING AppendEntries to vehicle 4 (n_entries=6, leader_commit=2)
202646.4ms Leader 0 SENDING AppendEntries to vehicle 5 (n_entries=6, leader_commit=2)
202646.4ms Leader 0 SENDING AppendEntries to vehicle 6 (n_entries=6, leader_commit=2)
202786.4ms Leader 0 SENDING AppendEntries to vehicle 1 (n_entries=4, leader_commit=2)
202786.4ms Leader 0 SENDING AppendEntries to vehicle 4 (n_entries=6, leader_commit=2)
202786.4ms Leader 0 SENDING AppendEntries to vehicle 5 (n_entries=6, leader_commit=2)
202786.4ms Leader 0 SENDING AppendEntries to vehicle 6 (n_entries=6, leader_commit=2)
202926.4ms Leader 0 SENDING AppendEntries to vehicle 1 (n_entries=4, leader_commit=2)
202926.4ms Leader 0 SENDING AppendEntries to vehicle 4 (n_entries=6, leader_commit=2)
202926.4ms Leader 0 SENDING AppendEntries to vehicle 5 (n_entries=6, leader_commit=2)
202926.4ms Leader 0 SENDING AppendEntries to vehicle 6 (n_entries=6, leader_commit=2)
203066.4ms Leader 0 SENDING AppendEntries to vehicle 1 (n_entries=4, leader_commit=2)
203066.4ms Leader 0 SENDING AppendEntries to vehicle 4 (n_entries=6, leader_commit=2)
203066.4ms Leader 0 SENDING AppendEntries to vehicle 5 (n_entries=6, leader_commit=2)
203066.4ms Leader 0 SENDING AppendEntries to vehicle 6 (n_entries=6, leader_commit=2)
203206.4ms Leader 0 SENDING AppendEntries to vehicle 1 (n_entries=4, leader_commit=2)
203206.4ms Leader 0 SENDING AppendEntries to vehicle 4 (n_entries=6, leader_commit=2)
203206.4ms Leader 0 SENDING AppendEntries to vehicle 5 (n_entries=6, leader_commit=2)
203206.4ms Leader 0 SENDING AppendEntries to vehicle 6 (n_entries=6, leader_commit=2)
203346.4ms Leader 0 SENDING AppendEntries to vehicle 1 (n_entries=4, leader_commit=2)
203346.4ms Leader 0 SENDING AppendEntries to vehicle 4 (n_entries=6, leader_commit=2)
203346.4ms Leader 0 SENDING AppendEntries to vehicle 5 (n_entries=6, leader_commit=2)
203346.4ms Leader 0 SENDING AppendEntries to vehicle 6 (n_entries=6, leader_commit=2)
203486.4ms Leader 0 SENDING AppendEntries to vehicle 1 (n_entries=4, leader_commit=2)
203486.4ms Leader 0 SENDING AppendEntries to vehicle 4 (n_entries=6, leader_commit=2)
203486.4ms Leader 0 SENDING AppendEntries to vehicle 5 (n_entries=6, leader_commit=2)
203486.4ms Leader 0 SENDING AppendEntries to vehicle 6 (n_entries=6, leader_commit=2)
203626.4ms Leader 0 SENDING AppendEntries to vehicle 1 (n_entries=4, leader_commit=2)
203626.4ms Leader 0 SENDING AppendEntries to vehicle 4 (n_entries=6, leader_commit=2)
203626.4ms Leader 0 SENDING AppendEntries to vehicle 5 (n_entries=6, leader_commit=2)
203626.4ms Leader 0 SENDING AppendEntries to vehicle 6 (n_entries=6, leader_commit=2)
203766.4ms Leader 0 SENDING AppendEntries to vehicle 1 (n_entries=4, leader_commit=2)
203766.4ms Leader 0 SENDING AppendEntries to vehicle 4 (n_entries=6, leader_commit=2)
203766.4ms Leader 0 SENDING AppendEntries to vehicle 5 (n_entries=6, leader_commit=2)
203766.4ms Leader 0 SENDING AppendEntries to vehicle 6 (n_entries=6, leader_commit=2)
203906.4ms Leader 0 SENDING AppendEntries to vehicle 1 (n_entries=4, leader_commit=2)
203906.4ms Leader 0 SENDING AppendEntries to vehicle 4 (n_entries=6, leader_commit=2)
203906.4ms Leader 0 SENDING AppendEntries to vehicle 5 (n_entries=6, leader_commit=2)
203906.4ms Leader 0 SENDING AppendEntries to vehicle 6 (n_entries=6, leader_commit=2)
204046.4ms Leader 0 SENDING AppendEntries to vehicle 1 (n_entries=4, leader_commit=2)
204046.4ms Leader 0 SENDING AppendEntries to vehicle 4 (n_entries=6, leader_commit=2)
204046.4ms Leader 0 SENDING AppendEntries to vehicle 5 (n_entries=6, leader_commit=2)
204046.4ms Leader 0 SENDING AppendEntries to vehicle 6 (n_entries=6, leader_commit=2)
204186.4ms Leader 0 SENDING AppendEntries to vehicle 1 (n_entries=4, leader_commit=2)
204186.4ms Leader 0 SENDING AppendEntries to vehicle 4 (n_entries=6, leader_commit=2)
204186.4ms Leader 0 SENDING AppendEntries to vehicle 5 (n_entries=6, leader_commit=2)
204186.4ms Leader 0 SENDING AppendEntries to vehicle 6 (n_entries=6, leader_commit=2)
204326.4ms Leader 0 SENDING AppendEntries to vehicle 1 (n_entries=4, leader_commit=2)
204326.4ms Leader 0 SENDING AppendEntries to vehicle 4 (n_entries=6, leader_commit=2)
204326.4ms Leader 0 SENDING AppendEntries to vehicle 5 (n_entries=6, leader_commit=2)
204326.4ms Leader 0 SENDING AppendEntries to vehicle 6 (n_entries=6, leader_commit=2)
204466.4ms Leader 0 SENDING AppendEntries to vehicle 1 (n_entries=4, leader_commit=2)
204466.4ms Leader 0 SENDING AppendEntries to vehicle 4 (n_entries=6, leader_commit=2)
204466.4ms Leader 0 SENDING AppendEntries to vehicle 5 (n_entries=6, leader_commit=2)
204466.4ms Leader 0 SENDING AppendEntries to vehicle 6 (n_entries=6, leader_commit=2)
204606.4ms Leader 0 SENDING AppendEntries to vehicle 1 (n_entries=4, leader_commit=2)
204606.4ms Leader 0 SENDING AppendEntries to vehicle 4 (n_entries=6, leader_commit=2)
204606.4ms Leader 0 SENDING AppendEntries to vehicle 5 (n_entries=6, leader_commit=2)
204606.4ms Leader 0 SENDING AppendEntries to vehicle 6 (n_entries=6, leader_commit=2)
204746.4ms Leader 0 SENDING AppendEntries to vehicle 1 (n_entries=4, leader_commit=2)
204746.4ms Leader 0 SENDING AppendEntries to vehicle 4 (n_entries=6, leader_commit=2)
204746.4ms Leader 0 SENDING AppendEntries to vehicle 5 (n_entries=6, leader_commit=2)
204746.4ms Leader 0 SENDING AppendEntries to vehicle 6 (n_entries=6, leader_commit=2)
204886.4ms Leader 0 SENDING AppendEntries to vehicle 1 (n_entries=4, leader_commit=2)
204886.4ms Leader 0 SENDING AppendEntries to vehicle 4 (n_entries=6, leader_commit=2)
204886.4ms Leader 0 SENDING AppendEntries to vehicle 5 (n_entries=6, leader_commit=2)
204886.4ms Leader 0 SENDING AppendEntries to vehicle 6 (n_entries=6, leader_commit=2)
205026.4ms Leader 0 SENDING AppendEntries to vehicle 1 (n_entries=4, leader_commit=2)
205026.4ms Leader 0 SENDING AppendEntries to vehicle 4 (n_entries=6, leader_commit=2)
205026.4ms Leader 0 SENDING AppendEntries to vehicle 5 (n_entries=6, leader_commit=2)
205026.4ms Leader 0 SENDING AppendEntries to vehicle 6 (n_entries=6, leader_commit=2)
205166.4ms Leader 0 SENDING AppendEntries to vehicle 1 (n_entries=4, leader_commit=2)
205166.4ms Leader 0 SENDING AppendEntries to vehicle 4 (n_entries=6, leader_commit=2)
205166.4ms Leader 0 SENDING AppendEntries to vehicle 5 (n_entries=6, leader_commit=2)
205166.4ms Leader 0 SENDING AppendEntries to vehicle 6 (n_entries=6, leader_commit=2)
205306.4ms Leader 0 SENDING AppendEntries to vehicle 1 (n_entries=4, leader_commit=2)
205306.4ms Leader 0 SENDING AppendEntries to vehicle 4 (n_entries=6, leader_commit=2)
205306.4ms Leader 0 SENDING AppendEntries to vehicle 5 (n_entries=6, leader_commit=2)
205306.4ms Leader 0 SENDING AppendEntries to vehicle 6 (n_entries=6, leader_commit=2)
205446.4ms Leader 0 SENDING AppendEntries to vehicle 1 (n_entries=4, leader_commit=2)
205446.4ms Leader 0 SENDING AppendEntries to vehicle 4 (n_entries=6, leader_commit=2)
205446.4ms Leader 0 SENDING AppendEntries to vehicle 5 (n_entries=6, leader_commit=2)
205446.4ms Leader 0 SENDING AppendEntries to vehicle 6 (n_entries=6, leader_commit=2)
205586.4ms Leader 0 SENDING AppendEntries to vehicle 1 (n_entries=4, leader_commit=2)
205586.4ms Leader 0 SENDING AppendEntries to vehicle 4 (n_entries=6, leader_commit=2)
205586.4ms Leader 0 SENDING AppendEntries to vehicle 5 (n_entries=6, leader_commit=2)
205586.4ms Leader 0 SENDING AppendEntries to vehicle 6 (n_entries=6, leader_commit=2)
205726.4ms Leader 0 SENDING AppendEntries to vehicle 1 (n_entries=4, leader_commit=2)
205726.4ms Leader 0 SENDING AppendEntries to vehicle 4 (n_entries=6, leader_commit=2)
205726.4ms Leader 0 SENDING AppendEntries to vehicle 5 (n_entries=6, leader_commit=2)
205726.4ms Leader 0 SENDING AppendEntries to vehicle 6 (n_entries=6, leader_commit=2)
205866.4ms Leader 0 SENDING AppendEntries to vehicle 1 (n_entries=4, leader_commit=2)
205866.4ms Leader 0 SENDING AppendEntries to vehicle 4 (n_entries=6, leader_commit=2)
205866.4ms Leader 0 SENDING AppendEntries to vehicle 5 (n_entries=6, leader_commit=2)
205866.4ms Leader 0 SENDING AppendEntries to vehicle 6 (n_entries=6, leader_commit=2)
206006.4ms Leader 0 SENDING AppendEntries to vehicle 1 (n_entries=4, leader_commit=2)
206006.4ms Leader 0 SENDING AppendEntries to vehicle 4 (n_entries=6, leader_commit=2)
206006.4ms Leader 0 SENDING AppendEntries to vehicle 5 (n_entries=6, leader_commit=2)
206006.4ms Leader 0 SENDING AppendEntries to vehicle 6 (n_entries=6, leader_commit=2)
206146.4ms Leader 0 SENDING AppendEntries to vehicle 1 (n_entries=4, leader_commit=2)
206146.4ms Leader 0 SENDING AppendEntries to vehicle 4 (n_entries=6, leader_commit=2)
206146.4ms Leader 0 SENDING AppendEntries to vehicle 5 (n_entries=6, leader_commit=2)
206146.4ms Leader 0 SENDING AppendEntries to vehicle 6 (n_entries=6, leader_commit=2)
206286.4ms Leader 0 SENDING AppendEntries to vehicle 1 (n_entries=4, leader_commit=2)
206286.4ms Leader 0 SENDING AppendEntries to vehicle 4 (n_entries=6, leader_commit=2)
206286.4ms Leader 0 SENDING AppendEntries to vehicle 5 (n_entries=6, leader_commit=2)
206286.4ms Leader 0 SENDING AppendEntries to vehicle 6 (n_entries=6, leader_commit=2)
206426.4ms Leader 0 SENDING AppendEntries to vehicle 1 (n_entries=4, leader_commit=2)
206426.4ms Leader 0 SENDING AppendEntries to vehicle 4 (n_entries=6, leader_commit=2)
206426.4ms Leader 0 SENDING AppendEntries to vehicle 5 (n_entries=6, leader_commit=2)
206426.4ms Leader 0 SENDING AppendEntries to vehicle 6 (n_entries=6, leader_commit=2)
206566.4ms Leader 0 SENDING AppendEntries to vehicle 1 (n_entries=4, leader_commit=2)
206566.4ms Leader 0 SENDING AppendEntries to vehicle 4 (n_entries=6, leader_commit=2)
206566.4ms Leader 0 SENDING AppendEntries to vehicle 5 (n_entries=6, leader_commit=2)
206566.4ms Leader 0 SENDING AppendEntries to vehicle 6 (n_entries=6, leader_commit=2)
206706.4ms Leader 0 SENDING AppendEntries to vehicle 1 (n_entries=4, leader_commit=2)
206706.4ms Leader 0 SENDING AppendEntries to vehicle 4 (n_entries=6, leader_commit=2)
206706.4ms Leader 0 SENDING AppendEntries to vehicle 5 (n_entries=6, leader_commit=2)
206706.4ms Leader 0 SENDING AppendEntries to vehicle 6 (n_entries=6, leader_commit=2)
206846.4ms Leader 0 SENDING AppendEntries to vehicle 1 (n_entries=4, leader_commit=2)
206846.4ms Leader 0 SENDING AppendEntries to vehicle 4 (n_entries=6, leader_commit=2)
206846.4ms Leader 0 SENDING AppendEntries to vehicle 5 (n_entries=6, leader_commit=2)
206846.4ms Leader 0 SENDING AppendEntries to vehicle 6 (n_entries=6, leader_commit=2)
206986.4ms Leader 0 SENDING AppendEntries to vehicle 1 (n_entries=4, leader_commit=2)
206986.4ms Leader 0 SENDING AppendEntries to vehicle 4 (n_entries=6, leader_commit=2)
206986.4ms Leader 0 SENDING AppendEntries to vehicle 5 (n_entries=6, leader_commit=2)
206986.4ms Leader 0 SENDING AppendEntries to vehicle 6 (n_entries=6, leader_commit=2)
207126.4ms Leader 0 SENDING AppendEntries to vehicle 1 (n_entries=4, leader_commit=2)
207126.4ms Leader 0 SENDING AppendEntries to vehicle 4 (n_entries=6, leader_commit=2)
207126.4ms Leader 0 SENDING AppendEntries to vehicle 5 (n_entries=6, leader_commit=2)
207126.4ms Leader 0 SENDING AppendEntries to vehicle 6 (n_entries=6, leader_commit=2)
207266.4ms Leader 0 SENDING AppendEntries to vehicle 1 (n_entries=4, leader_commit=2)
207266.4ms Leader 0 SENDING AppendEntries to vehicle 4 (n_entries=6, leader_commit=2)
207266.4ms Leader 0 SENDING AppendEntries to vehicle 5 (n_entries=6, leader_commit=2)
207266.4ms Leader 0 SENDING AppendEntries to vehicle 6 (n_entries=6, leader_commit=2)
207406.4ms Leader 0 SENDING AppendEntries to vehicle 1 (n_entries=4, leader_commit=2)
207406.4ms Leader 0 SENDING AppendEntries to vehicle 4 (n_entries=6, leader_commit=2)
207406.4ms Leader 0 SENDING AppendEntries to vehicle 5 (n_entries=6, leader_commit=2)
207406.4ms Leader 0 SENDING AppendEntries to vehicle 6 (n_entries=6, leader_commit=2)
207546.4ms Leader 0 SENDING AppendEntries to vehicle 1 (n_entries=4, leader_commit=2)
207546.4ms Leader 0 SENDING AppendEntries to vehicle 4 (n_entries=6, leader_commit=2)
207546.4ms Leader 0 SENDING AppendEntries to vehicle 5 (n_entries=6, leader_commit=2)
207546.4ms Leader 0 SENDING AppendEntries to vehicle 6 (n_entries=6, leader_commit=2)
207686.4ms Leader 0 SENDING AppendEntries to vehicle 1 (n_entries=4, leader_commit=2)
207686.4ms Leader 0 SENDING AppendEntries to vehicle 4 (n_entries=6, leader_commit=2)
207686.4ms Leader 0 SENDING AppendEntries to vehicle 5 (n_entries=6, leader_commit=2)
207686.4ms Leader 0 SENDING AppendEntries to vehicle 6 (n_entries=6, leader_commit=2)
207826.4ms Leader 0 SENDING AppendEntries to vehicle 1 (n_entries=4, leader_commit=2)
207826.4ms Leader 0 SENDING AppendEntries to vehicle 4 (n_entries=6, leader_commit=2)
207826.4ms Leader 0 SENDING AppendEntries to vehicle 5 (n_entries=6, leader_commit=2)
207826.4ms Leader 0 SENDING AppendEntries to vehicle 6 (n_entries=6, leader_commit=2)
207966.4ms Leader 0 SENDING AppendEntries to vehicle 1 (n_entries=4, leader_commit=2)
207966.4ms Leader 0 SENDING AppendEntries to vehicle 4 (n_entries=6, leader_commit=2)
207966.4ms Leader 0 SENDING AppendEntries to vehicle 5 (n_entries=6, leader_commit=2)
207966.4ms Leader 0 SENDING AppendEntries to vehicle 6 (n_entries=6, leader_commit=2)
208106.4ms Leader 0 SENDING AppendEntries to vehicle 1 (n_entries=4, leader_commit=2)
208106.4ms Leader 0 SENDING AppendEntries to vehicle 4 (n_entries=6, leader_commit=2)
208106.4ms Leader 0 SENDING AppendEntries to vehicle 5 (n_entries=6, leader_commit=2)
208106.4ms Leader 0 SENDING AppendEntries to vehicle 6 (n_entries=6, leader_commit=2)
208246.4ms Leader 0 SENDING AppendEntries to vehicle 1 (n_entries=4, leader_commit=2)
208246.4ms Leader 0 SENDING AppendEntries to vehicle 4 (n_entries=6, leader_commit=2)
208246.4ms Leader 0 SENDING AppendEntries to vehicle 5 (n_entries=6, leader_commit=2)
208246.4ms Leader 0 SENDING AppendEntries to vehicle 6 (n_entries=6, leader_commit=2)
208386.4ms Leader 0 SENDING AppendEntries to vehicle 1 (n_entries=4, leader_commit=2)
208386.4ms Leader 0 SENDING AppendEntries to vehicle 4 (n_entries=6, leader_commit=2)
208386.4ms Leader 0 SENDING AppendEntries to vehicle 5 (n_entries=6, leader_commit=2)
208386.4ms Leader 0 SENDING AppendEntries to vehicle 6 (n_entries=6, leader_commit=2)
208526.4ms Leader 0 SENDING AppendEntries to vehicle 1 (n_entries=4, leader_commit=2)
208526.4ms Leader 0 SENDING AppendEntries to vehicle 4 (n_entries=6, leader_commit=2)
208526.4ms Leader 0 SENDING AppendEntries to vehicle 5 (n_entries=6, leader_commit=2)
208526.4ms Leader 0 SENDING AppendEntries to vehicle 6 (n_entries=6, leader_commit=2)
208666.4ms Leader 0 SENDING AppendEntries to vehicle 1 (n_entries=4, leader_commit=2)
208666.4ms Leader 0 SENDING AppendEntries to vehicle 4 (n_entries=6, leader_commit=2)
208666.4ms Leader 0 SENDING AppendEntries to vehicle 5 (n_entries=6, leader_commit=2)
208666.4ms Leader 0 SENDING AppendEntries to vehicle 6 (n_entries=6, leader_commit=2)
208806.4ms Leader 0 SENDING AppendEntries to vehicle 1 (n_entries=4, leader_commit=2)
208806.4ms Leader 0 SENDING AppendEntries to vehicle 4 (n_entries=6, leader_commit=2)
208806.4ms Leader 0 SENDING AppendEntries to vehicle 5 (n_entries=6, leader_commit=2)
208806.4ms Leader 0 SENDING AppendEntries to vehicle 6 (n_entries=6, leader_commit=2)
208946.4ms Leader 0 SENDING AppendEntries to vehicle 1 (n_entries=4, leader_commit=2)
208946.4ms Leader 0 SENDING AppendEntries to vehicle 4 (n_entries=6, leader_commit=2)
208946.4ms Leader 0 SENDING AppendEntries to vehicle 5 (n_entries=6, leader_commit=2)
208946.4ms Leader 0 SENDING AppendEntries to vehicle 6 (n_entries=6, leader_commit=2)
209086.4ms Leader 0 SENDING AppendEntries to vehicle 1 (n_entries=4, leader_commit=2)
209086.4ms Leader 0 SENDING AppendEntries to vehicle 4 (n_entries=6, leader_commit=2)
209086.4ms Leader 0 SENDING AppendEntries to vehicle 5 (n_entries=6, leader_commit=2)
209086.4ms Leader 0 SENDING AppendEntries to vehicle 6 (n_entries=6, leader_commit=2)
209226.4ms Leader 0 SENDING AppendEntries to vehicle 1 (n_entries=4, leader_commit=2)
209226.4ms Leader 0 SENDING AppendEntries to vehicle 4 (n_entries=6, leader_commit=2)
209226.4ms Leader 0 SENDING AppendEntries to vehicle 5 (n_entries=6, leader_commit=2)
209226.4ms Leader 0 SENDING AppendEntries to vehicle 6 (n_entries=6, leader_commit=2)
209366.4ms Leader 0 SENDING AppendEntries to vehicle 1 (n_entries=4, leader_commit=2)
209366.4ms Leader 0 SENDING AppendEntries to vehicle 4 (n_entries=6, leader_commit=2)
209366.4ms Leader 0 SENDING AppendEntries to vehicle 5 (n_entries=6, leader_commit=2)
209366.4ms Leader 0 SENDING AppendEntries to vehicle 6 (n_entries=6, leader_commit=2)
209506.4ms Leader 0 SENDING AppendEntries to vehicle 1 (n_entries=4, leader_commit=2)
209506.4ms Leader 0 SENDING AppendEntries to vehicle 4 (n_entries=6, leader_commit=2)
209506.4ms Leader 0 SENDING AppendEntries to vehicle 5 (n_entries=6, leader_commit=2)
209506.4ms Leader 0 SENDING AppendEntries to vehicle 6 (n_entries=6, leader_commit=2)
209646.4ms Leader 0 SENDING AppendEntries to vehicle 1 (n_entries=4, leader_commit=2)
209646.4ms Leader 0 SENDING AppendEntries to vehicle 4 (n_entries=6, leader_commit=2)
209646.4ms Leader 0 SENDING AppendEntries to vehicle 5 (n_entries=6, leader_commit=2)
209646.4ms Leader 0 SENDING AppendEntries to vehicle 6 (n_entries=6, leader_commit=2)
209786.4ms Leader 0 SENDING AppendEntries to vehicle 1 (n_entries=4, leader_commit=2)
209786.4ms Leader 0 SENDING AppendEntries to vehicle 4 (n_entries=6, leader_commit=2)
209786.4ms Leader 0 SENDING AppendEntries to vehicle 5 (n_entries=6, leader_commit=2)
209786.4ms Leader 0 SENDING AppendEntries to vehicle 6 (n_entries=6, leader_commit=2)
209926.4ms Leader 0 SENDING AppendEntries to vehicle 1 (n_entries=4, leader_commit=2)
209926.4ms Leader 0 SENDING AppendEntries to vehicle 4 (n_entries=6, leader_commit=2)
209926.4ms Leader 0 SENDING AppendEntries to vehicle 5 (n_entries=6, leader_commit=2)
209926.4ms Leader 0 SENDING AppendEntries to vehicle 6 (n_entries=6, leader_commit=2)
210066.4ms Leader 0 SENDING AppendEntries to vehicle 1 (n_entries=4, leader_commit=2)
210066.4ms Leader 0 SENDING AppendEntries to vehicle 4 (n_entries=6, leader_commit=2)
210066.4ms Leader 0 SENDING AppendEntries to vehicle 5 (n_entries=6, leader_commit=2)
210066.4ms Leader 0 SENDING AppendEntries to vehicle 6 (n_entries=6, leader_commit=2)
210206.4ms Leader 0 SENDING AppendEntries to vehicle 1 (n_entries=4, leader_commit=2)
210206.4ms Leader 0 SENDING AppendEntries to vehicle 4 (n_entries=6, leader_commit=2)
210206.4ms Leader 0 SENDING AppendEntries to vehicle 5 (n_entries=6, leader_commit=2)
210206.4ms Leader 0 SENDING AppendEntries to vehicle 6 (n_entries=6, leader_commit=2)
210346.4ms Leader 0 SENDING AppendEntries to vehicle 1 (n_entries=4, leader_commit=2)
210346.4ms Leader 0 SENDING AppendEntries to vehicle 4 (n_entries=6, leader_commit=2)
210346.4ms Leader 0 SENDING AppendEntries to vehicle 5 (n_entries=6, leader_commit=2)
210346.4ms Leader 0 SENDING AppendEntries to vehicle 6 (n_entries=6, leader_commit=2)
210486.4ms Leader 0 SENDING AppendEntries to vehicle 1 (n_entries=4, leader_commit=2)
210486.4ms Leader 0 SENDING AppendEntries to vehicle 4 (n_entries=6, leader_commit=2)
210486.4ms Leader 0 SENDING AppendEntries to vehicle 5 (n_entries=6, leader_commit=2)
210486.4ms Leader 0 SENDING AppendEntries to vehicle 6 (n_entries=6, leader_commit=2)
210626.4ms Leader 0 SENDING AppendEntries to vehicle 1 (n_entries=4, leader_commit=2)
210626.4ms Leader 0 SENDING AppendEntries to vehicle 4 (n_entries=6, leader_commit=2)
210626.4ms Leader 0 SENDING AppendEntries to vehicle 5 (n_entries=6, leader_commit=2)
210626.4ms Leader 0 SENDING AppendEntries to vehicle 6 (n_entries=6, leader_commit=2)
210766.4ms Leader 0 SENDING AppendEntries to vehicle 1 (n_entries=4, leader_commit=2)
210766.4ms Leader 0 SENDING AppendEntries to vehicle 4 (n_entries=6, leader_commit=2)
210766.4ms Leader 0 SENDING AppendEntries to vehicle 5 (n_entries=6, leader_commit=2)
210766.4ms Leader 0 SENDING AppendEntries to vehicle 6 (n_entries=6, leader_commit=2)
210906.4ms Leader 0 SENDING AppendEntries to vehicle 1 (n_entries=4, leader_commit=2)
210906.4ms Leader 0 SENDING AppendEntries to vehicle 4 (n_entries=6, leader_commit=2)
210906.4ms Leader 0 SENDING AppendEntries to vehicle 5 (n_entries=6, leader_commit=2)
210906.4ms Leader 0 SENDING AppendEntries to vehicle 6 (n_entries=6, leader_commit=2)
211046.4ms Leader 0 SENDING AppendEntries to vehicle 1 (n_entries=4, leader_commit=2)
211046.4ms Leader 0 SENDING AppendEntries to vehicle 4 (n_entries=6, leader_commit=2)
211046.4ms Leader 0 SENDING AppendEntries to vehicle 5 (n_entries=6, leader_commit=2)
211046.4ms Leader 0 SENDING AppendEntries to vehicle 6 (n_entries=6, leader_commit=2)
211186.4ms Leader 0 SENDING AppendEntries to vehicle 1 (n_entries=4, leader_commit=2)
211186.4ms Leader 0 SENDING AppendEntries to vehicle 4 (n_entries=6, leader_commit=2)
211186.4ms Leader 0 SENDING AppendEntries to vehicle 5 (n_entries=6, leader_commit=2)
211186.4ms Leader 0 SENDING AppendEntries to vehicle 6 (n_entries=6, leader_commit=2)
211326.4ms Leader 0 SENDING AppendEntries to vehicle 1 (n_entries=4, leader_commit=2)
211326.4ms Leader 0 SENDING AppendEntries to vehicle 4 (n_entries=6, leader_commit=2)
211326.4ms Leader 0 SENDING AppendEntries to vehicle 5 (n_entries=6, leader_commit=2)
211326.4ms Leader 0 SENDING AppendEntries to vehicle 6 (n_entries=6, leader_commit=2)
211466.4ms Leader 0 SENDING AppendEntries to vehicle 1 (n_entries=4, leader_commit=2)
211466.4ms Leader 0 SENDING AppendEntries to vehicle 4 (n_entries=6, leader_commit=2)
211466.4ms Leader 0 SENDING AppendEntries to vehicle 5 (n_entries=6, leader_commit=2)
211466.4ms Leader 0 SENDING AppendEntries to vehicle 6 (n_entries=6, leader_commit=2)
211606.4ms Leader 0 SENDING AppendEntries to vehicle 1 (n_entries=4, leader_commit=2)
211606.4ms Leader 0 SENDING AppendEntries to vehicle 4 (n_entries=6, leader_commit=2)
211606.4ms Leader 0 SENDING AppendEntries to vehicle 5 (n_entries=6, leader_commit=2)
211606.4ms Leader 0 SENDING AppendEntries to vehicle 6 (n_entries=6, leader_commit=2)
211746.4ms Leader 0 SENDING AppendEntries to vehicle 1 (n_entries=4, leader_commit=2)
211746.4ms Leader 0 SENDING AppendEntries to vehicle 4 (n_entries=6, leader_commit=2)
211746.4ms Leader 0 SENDING AppendEntries to vehicle 5 (n_entries=6, leader_commit=2)
211746.4ms Leader 0 SENDING AppendEntries to vehicle 6 (n_entries=6, leader_commit=2)
211886.4ms Leader 0 SENDING AppendEntries to vehicle 1 (n_entries=4, leader_commit=2)
211886.4ms Leader 0 SENDING AppendEntries to vehicle 4 (n_entries=6, leader_commit=2)
211886.4ms Leader 0 SENDING AppendEntries to vehicle 5 (n_entries=6, leader_commit=2)
211886.4ms Leader 0 SENDING AppendEntries to vehicle 6 (n_entries=6, leader_commit=2)
212026.4ms Leader 0 SENDING AppendEntries to vehicle 1 (n_entries=4, leader_commit=2)
212026.4ms Leader 0 SENDING AppendEntries to vehicle 4 (n_entries=6, leader_commit=2)
212026.4ms Leader 0 SENDING AppendEntries to vehicle 5 (n_entries=6, leader_commit=2)
212026.4ms Leader 0 SENDING AppendEntries to vehicle 6 (n_entries=6, leader_commit=2)
212166.4ms Leader 0 SENDING AppendEntries to vehicle 1 (n_entries=4, leader_commit=2)
212166.4ms Leader 0 SENDING AppendEntries to vehicle 4 (n_entries=6, leader_commit=2)
212166.4ms Leader 0 SENDING AppendEntries to vehicle 5 (n_entries=6, leader_commit=2)
212166.4ms Leader 0 SENDING AppendEntries to vehicle 6 (n_entries=6, leader_commit=2)
212306.4ms Leader 0 SENDING AppendEntries to vehicle 1 (n_entries=4, leader_commit=2)
212306.4ms Leader 0 SENDING AppendEntries to vehicle 4 (n_entries=6, leader_commit=2)
212306.4ms Leader 0 SENDING AppendEntries to vehicle 5 (n_entries=6, leader_commit=2)
212306.4ms Leader 0 SENDING AppendEntries to vehicle 6 (n_entries=6, leader_commit=2)
212446.4ms Leader 0 SENDING AppendEntries to vehicle 1 (n_entries=4, leader_commit=2)
212446.4ms Leader 0 SENDING AppendEntries to vehicle 4 (n_entries=6, leader_commit=2)
212446.4ms Leader 0 SENDING AppendEntries to vehicle 5 (n_entries=6, leader_commit=2)
212446.4ms Leader 0 SENDING AppendEntries to vehicle 6 (n_entries=6, leader_commit=2)
212586.4ms Leader 0 SENDING AppendEntries to vehicle 1 (n_entries=4, leader_commit=2)
212586.4ms Leader 0 SENDING AppendEntries to vehicle 4 (n_entries=6, leader_commit=2)
212586.4ms Leader 0 SENDING AppendEntries to vehicle 5 (n_entries=6, leader_commit=2)
212586.4ms Leader 0 SENDING AppendEntries to vehicle 6 (n_entries=6, leader_commit=2)
212726.4ms Leader 0 SENDING AppendEntries to vehicle 1 (n_entries=4, leader_commit=2)
212726.4ms Leader 0 SENDING AppendEntries to vehicle 4 (n_entries=6, leader_commit=2)
212726.4ms Leader 0 SENDING AppendEntries to vehicle 5 (n_entries=6, leader_commit=2)
212726.4ms Leader 0 SENDING AppendEntries to vehicle 6 (n_entries=6, leader_commit=2)
212866.4ms Leader 0 SENDING AppendEntries to vehicle 1 (n_entries=4, leader_commit=2)
212866.4ms Leader 0 SENDING AppendEntries to vehicle 4 (n_entries=6, leader_commit=2)
212866.4ms Leader 0 SENDING AppendEntries to vehicle 5 (n_entries=6, leader_commit=2)
212866.4ms Leader 0 SENDING AppendEntries to vehicle 6 (n_entries=6, leader_commit=2)
213006.4ms Leader 0 SENDING AppendEntries to vehicle 1 (n_entries=4, leader_commit=2)
213006.4ms Leader 0 SENDING AppendEntries to vehicle 4 (n_entries=6, leader_commit=2)
213006.4ms Leader 0 SENDING AppendEntries to vehicle 5 (n_entries=6, leader_commit=2)
213006.4ms Leader 0 SENDING AppendEntries to vehicle 6 (n_entries=6, leader_commit=2)
213146.4ms Leader 0 SENDING AppendEntries to vehicle 1 (n_entries=4, leader_commit=2)
213146.4ms Leader 0 SENDING AppendEntries to vehicle 4 (n_entries=6, leader_commit=2)
213146.4ms Leader 0 SENDING AppendEntries to vehicle 5 (n_entries=6, leader_commit=2)
213146.4ms Leader 0 SENDING AppendEntries to vehicle 6 (n_entries=6, leader_commit=2)
213286.4ms Leader 0 SENDING AppendEntries to vehicle 1 (n_entries=4, leader_commit=2)
213286.4ms Leader 0 SENDING AppendEntries to vehicle 4 (n_entries=6, leader_commit=2)
213286.4ms Leader 0 SENDING AppendEntries to vehicle 5 (n_entries=6, leader_commit=2)
213286.4ms Leader 0 SENDING AppendEntries to vehicle 6 (n_entries=6, leader_commit=2)
213426.4ms Leader 0 SENDING AppendEntries to vehicle 1 (n_entries=4, leader_commit=2)
213426.4ms Leader 0 SENDING AppendEntries to vehicle 4 (n_entries=6, leader_commit=2)
213426.4ms Leader 0 SENDING AppendEntries to vehicle 5 (n_entries=6, leader_commit=2)
213426.4ms Leader 0 SENDING AppendEntries to vehicle 6 (n_entries=6, leader_commit=2)
213566.4ms Leader 0 SENDING AppendEntries to vehicle 1 (n_entries=4, leader_commit=2)
213566.4ms Leader 0 SENDING AppendEntries to vehicle 4 (n_entries=6, leader_commit=2)
213566.4ms Leader 0 SENDING AppendEntries to vehicle 5 (n_entries=6, leader_commit=2)
213566.4ms Leader 0 SENDING AppendEntries to vehicle 6 (n_entries=6, leader_commit=2)
213706.4ms Leader 0 SENDING AppendEntries to vehicle 1 (n_entries=4, leader_commit=2)
213706.4ms Leader 0 SENDING AppendEntries to vehicle 4 (n_entries=6, leader_commit=2)
213706.4ms Leader 0 SENDING AppendEntries to vehicle 5 (n_entries=6, leader_commit=2)
213706.4ms Leader 0 SENDING AppendEntries to vehicle 6 (n_entries=6, leader_commit=2)
213846.4ms Leader 0 SENDING AppendEntries to vehicle 1 (n_entries=4, leader_commit=2)
213846.4ms Leader 0 SENDING AppendEntries to vehicle 4 (n_entries=6, leader_commit=2)
213846.4ms Leader 0 SENDING AppendEntries to vehicle 5 (n_entries=6, leader_commit=2)
213846.4ms Leader 0 SENDING AppendEntries to vehicle 6 (n_entries=6, leader_commit=2)
213986.4ms Leader 0 SENDING AppendEntries to vehicle 1 (n_entries=4, leader_commit=2)
213986.4ms Leader 0 SENDING AppendEntries to vehicle 4 (n_entries=6, leader_commit=2)
213986.4ms Leader 0 SENDING AppendEntries to vehicle 5 (n_entries=6, leader_commit=2)
213986.4ms Leader 0 SENDING AppendEntries to vehicle 6 (n_entries=6, leader_commit=2)
214126.4ms Leader 0 SENDING AppendEntries to vehicle 1 (n_entries=4, leader_commit=2)
214126.4ms Leader 0 SENDING AppendEntries to vehicle 4 (n_entries=6, leader_commit=2)
214126.4ms Leader 0 SENDING AppendEntries to vehicle 5 (n_entries=6, leader_commit=2)
214126.4ms Leader 0 SENDING AppendEntries to vehicle 6 (n_entries=6, leader_commit=2)
214266.4ms Leader 0 SENDING AppendEntries to vehicle 1 (n_entries=4, leader_commit=2)
214266.4ms Leader 0 SENDING AppendEntries to vehicle 4 (n_entries=6, leader_commit=2)
214266.4ms Leader 0 SENDING AppendEntries to vehicle 5 (n_entries=6, leader_commit=2)
214266.4ms Leader 0 SENDING AppendEntries to vehicle 6 (n_entries=6, leader_commit=2)
214406.4ms Leader 0 SENDING AppendEntries to vehicle 1 (n_entries=4, leader_commit=2)
214406.4ms Leader 0 SENDING AppendEntries to vehicle 4 (n_entries=6, leader_commit=2)
214406.4ms Leader 0 SENDING AppendEntries to vehicle 5 (n_entries=6, leader_commit=2)
214406.4ms Leader 0 SENDING AppendEntries to vehicle 6 (n_entries=6, leader_commit=2)
214546.4ms Leader 0 SENDING AppendEntries to vehicle 1 (n_entries=4, leader_commit=2)
214546.4ms Leader 0 SENDING AppendEntries to vehicle 4 (n_entries=6, leader_commit=2)
214546.4ms Leader 0 SENDING AppendEntries to vehicle 5 (n_entries=6, leader_commit=2)
214546.4ms Leader 0 SENDING AppendEntries to vehicle 6 (n_entries=6, leader_commit=2)
214686.4ms Leader 0 SENDING AppendEntries to vehicle 1 (n_entries=4, leader_commit=2)
214686.4ms Leader 0 SENDING AppendEntries to vehicle 4 (n_entries=6, leader_commit=2)
214686.4ms Leader 0 SENDING AppendEntries to vehicle 5 (n_entries=6, leader_commit=2)
214686.4ms Leader 0 SENDING AppendEntries to vehicle 6 (n_entries=6, leader_commit=2)
214826.4ms Leader 0 SENDING AppendEntries to vehicle 1 (n_entries=4, leader_commit=2)
214826.4ms Leader 0 SENDING AppendEntries to vehicle 4 (n_entries=6, leader_commit=2)
214826.4ms Leader 0 SENDING AppendEntries to vehicle 5 (n_entries=6, leader_commit=2)
214826.4ms Leader 0 SENDING AppendEntries to vehicle 6 (n_entries=6, leader_commit=2)
214966.4ms Leader 0 SENDING AppendEntries to vehicle 1 (n_entries=4, leader_commit=2)
214966.4ms Leader 0 SENDING AppendEntries to vehicle 4 (n_entries=6, leader_commit=2)
214966.4ms Leader 0 SENDING AppendEntries to vehicle 5 (n_entries=6, leader_commit=2)
214966.4ms Leader 0 SENDING AppendEntries to vehicle 6 (n_entries=6, leader_commit=2)
215106.4ms Leader 0 SENDING AppendEntries to vehicle 1 (n_entries=4, leader_commit=2)
215106.4ms Leader 0 SENDING AppendEntries to vehicle 4 (n_entries=6, leader_commit=2)
215106.4ms Leader 0 SENDING AppendEntries to vehicle 5 (n_entries=6, leader_commit=2)
215106.4ms Leader 0 SENDING AppendEntries to vehicle 6 (n_entries=6, leader_commit=2)
215246.4ms Leader 0 SENDING AppendEntries to vehicle 1 (n_entries=4, leader_commit=2)
215246.4ms Leader 0 SENDING AppendEntries to vehicle 4 (n_entries=6, leader_commit=2)
215246.4ms Leader 0 SENDING AppendEntries to vehicle 5 (n_entries=6, leader_commit=2)
215246.4ms Leader 0 SENDING AppendEntries to vehicle 6 (n_entries=6, leader_commit=2)
215386.4ms Leader 0 SENDING AppendEntries to vehicle 1 (n_entries=4, leader_commit=2)
215386.4ms Leader 0 SENDING AppendEntries to vehicle 4 (n_entries=6, leader_commit=2)
215386.4ms Leader 0 SENDING AppendEntries to vehicle 5 (n_entries=6, leader_commit=2)
215386.4ms Leader 0 SENDING AppendEntries to vehicle 6 (n_entries=6, leader_commit=2)
215526.4ms Leader 0 SENDING AppendEntries to vehicle 1 (n_entries=4, leader_commit=2)
215526.4ms Leader 0 SENDING AppendEntries to vehicle 4 (n_entries=6, leader_commit=2)
215526.4ms Leader 0 SENDING AppendEntries to vehicle 5 (n_entries=6, leader_commit=2)
215526.4ms Leader 0 SENDING AppendEntries to vehicle 6 (n_entries=6, leader_commit=2)
215666.4ms Leader 0 SENDING AppendEntries to vehicle 1 (n_entries=4, leader_commit=2)
215666.4ms Leader 0 SENDING AppendEntries to vehicle 4 (n_entries=6, leader_commit=2)
215666.4ms Leader 0 SENDING AppendEntries to vehicle 5 (n_entries=6, leader_commit=2)
215666.4ms Leader 0 SENDING AppendEntries to vehicle 6 (n_entries=6, leader_commit=2)
215806.4ms Leader 0 SENDING AppendEntries to vehicle 1 (n_entries=4, leader_commit=2)
215806.4ms Leader 0 SENDING AppendEntries to vehicle 4 (n_entries=6, leader_commit=2)
215806.4ms Leader 0 SENDING AppendEntries to vehicle 5 (n_entries=6, leader_commit=2)
215806.4ms Leader 0 SENDING AppendEntries to vehicle 6 (n_entries=6, leader_commit=2)
215946.4ms Leader 0 SENDING AppendEntries to vehicle 1 (n_entries=4, leader_commit=2)
215946.4ms Leader 0 SENDING AppendEntries to vehicle 4 (n_entries=6, leader_commit=2)
215946.4ms Leader 0 SENDING AppendEntries to vehicle 5 (n_entries=6, leader_commit=2)
215946.4ms Leader 0 SENDING AppendEntries to vehicle 6 (n_entries=6, leader_commit=2)
216086.4ms Leader 0 SENDING AppendEntries to vehicle 1 (n_entries=4, leader_commit=2)
216086.4ms Leader 0 SENDING AppendEntries to vehicle 4 (n_entries=6, leader_commit=2)
216086.4ms Leader 0 SENDING AppendEntries to vehicle 5 (n_entries=6, leader_commit=2)
216086.4ms Leader 0 SENDING AppendEntries to vehicle 6 (n_entries=6, leader_commit=2)
216226.4ms Leader 0 SENDING AppendEntries to vehicle 1 (n_entries=4, leader_commit=2)
216226.4ms Leader 0 SENDING AppendEntries to vehicle 4 (n_entries=6, leader_commit=2)
216226.4ms Leader 0 SENDING AppendEntries to vehicle 5 (n_entries=6, leader_commit=2)
216226.4ms Leader 0 SENDING AppendEntries to vehicle 6 (n_entries=6, leader_commit=2)
216366.4ms Leader 0 SENDING AppendEntries to vehicle 1 (n_entries=4, leader_commit=2)
216366.4ms Leader 0 SENDING AppendEntries to vehicle 4 (n_entries=6, leader_commit=2)
216366.4ms Leader 0 SENDING AppendEntries to vehicle 5 (n_entries=6, leader_commit=2)
216366.4ms Leader 0 SENDING AppendEntries to vehicle 6 (n_entries=6, leader_commit=2)
216506.4ms Leader 0 SENDING AppendEntries to vehicle 1 (n_entries=4, leader_commit=2)
216506.4ms Leader 0 SENDING AppendEntries to vehicle 4 (n_entries=6, leader_commit=2)
216506.4ms Leader 0 SENDING AppendEntries to vehicle 5 (n_entries=6, leader_commit=2)
216506.4ms Leader 0 SENDING AppendEntries to vehicle 6 (n_entries=6, leader_commit=2)
216646.4ms Leader 0 SENDING AppendEntries to vehicle 1 (n_entries=4, leader_commit=2)
216646.4ms Leader 0 SENDING AppendEntries to vehicle 4 (n_entries=6, leader_commit=2)
216646.4ms Leader 0 SENDING AppendEntries to vehicle 5 (n_entries=6, leader_commit=2)
216646.4ms Leader 0 SENDING AppendEntries to vehicle 6 (n_entries=6, leader_commit=2)
216786.4ms Leader 0 SENDING AppendEntries to vehicle 1 (n_entries=4, leader_commit=2)
216786.4ms Leader 0 SENDING AppendEntries to vehicle 4 (n_entries=6, leader_commit=2)
216786.4ms Leader 0 SENDING AppendEntries to vehicle 5 (n_entries=6, leader_commit=2)
216786.4ms Leader 0 SENDING AppendEntries to vehicle 6 (n_entries=6, leader_commit=2)
216926.4ms Leader 0 SENDING AppendEntries to vehicle 1 (n_entries=4, leader_commit=2)
216926.4ms Leader 0 SENDING AppendEntries to vehicle 4 (n_entries=6, leader_commit=2)
216926.4ms Leader 0 SENDING AppendEntries to vehicle 5 (n_entries=6, leader_commit=2)
216926.4ms Leader 0 SENDING AppendEntries to vehicle 6 (n_entries=6, leader_commit=2)
217066.4ms Leader 0 SENDING AppendEntries to vehicle 1 (n_entries=4, leader_commit=2)
217066.4ms Leader 0 SENDING AppendEntries to vehicle 4 (n_entries=6, leader_commit=2)
217066.4ms Leader 0 SENDING AppendEntries to vehicle 5 (n_entries=6, leader_commit=2)
217066.4ms Leader 0 SENDING AppendEntries to vehicle 6 (n_entries=6, leader_commit=2)
217206.4ms Leader 0 SENDING AppendEntries to vehicle 1 (n_entries=4, leader_commit=2)
217206.4ms Leader 0 SENDING AppendEntries to vehicle 4 (n_entries=6, leader_commit=2)
217206.4ms Leader 0 SENDING AppendEntries to vehicle 5 (n_entries=6, leader_commit=2)
217206.4ms Leader 0 SENDING AppendEntries to vehicle 6 (n_entries=6, leader_commit=2)
217346.4ms Leader 0 SENDING AppendEntries to vehicle 1 (n_entries=4, leader_commit=2)
217346.4ms Leader 0 SENDING AppendEntries to vehicle 4 (n_entries=6, leader_commit=2)
217346.4ms Leader 0 SENDING AppendEntries to vehicle 5 (n_entries=6, leader_commit=2)
217346.4ms Leader 0 SENDING AppendEntries to vehicle 6 (n_entries=6, leader_commit=2)
217486.4ms Leader 0 SENDING AppendEntries to vehicle 1 (n_entries=4, leader_commit=2)
217486.4ms Leader 0 SENDING AppendEntries to vehicle 4 (n_entries=6, leader_commit=2)
217486.4ms Leader 0 SENDING AppendEntries to vehicle 5 (n_entries=6, leader_commit=2)
217486.4ms Leader 0 SENDING AppendEntries to vehicle 6 (n_entries=6, leader_commit=2)
217626.4ms Leader 0 SENDING AppendEntries to vehicle 1 (n_entries=4, leader_commit=2)
217626.4ms Leader 0 SENDING AppendEntries to vehicle 4 (n_entries=6, leader_commit=2)
217626.4ms Leader 0 SENDING AppendEntries to vehicle 5 (n_entries=6, leader_commit=2)
217626.4ms Leader 0 SENDING AppendEntries to vehicle 6 (n_entries=6, leader_commit=2)
217766.4ms Leader 0 SENDING AppendEntries to vehicle 1 (n_entries=4, leader_commit=2)
217766.4ms Leader 0 SENDING AppendEntries to vehicle 4 (n_entries=6, leader_commit=2)
217766.4ms Leader 0 SENDING AppendEntries to vehicle 5 (n_entries=6, leader_commit=2)
217766.4ms Leader 0 SENDING AppendEntries to vehicle 6 (n_entries=6, leader_commit=2)
217906.4ms Leader 0 SENDING AppendEntries to vehicle 1 (n_entries=4, leader_commit=2)
217906.4ms Leader 0 SENDING AppendEntries to vehicle 4 (n_entries=6, leader_commit=2)
217906.4ms Leader 0 SENDING AppendEntries to vehicle 5 (n_entries=6, leader_commit=2)
217906.4ms Leader 0 SENDING AppendEntries to vehicle 6 (n_entries=6, leader_commit=2)
218046.4ms Leader 0 SENDING AppendEntries to vehicle 1 (n_entries=4, leader_commit=2)
218046.4ms Leader 0 SENDING AppendEntries to vehicle 4 (n_entries=6, leader_commit=2)
218046.4ms Leader 0 SENDING AppendEntries to vehicle 5 (n_entries=6, leader_commit=2)
218046.4ms Leader 0 SENDING AppendEntries to vehicle 6 (n_entries=6, leader_commit=2)
218186.4ms Leader 0 SENDING AppendEntries to vehicle 1 (n_entries=4, leader_commit=2)
218186.4ms Leader 0 SENDING AppendEntries to vehicle 4 (n_entries=6, leader_commit=2)
218186.4ms Leader 0 SENDING AppendEntries to vehicle 5 (n_entries=6, leader_commit=2)
218186.4ms Leader 0 SENDING AppendEntries to vehicle 6 (n_entries=6, leader_commit=2)
218326.4ms Leader 0 SENDING AppendEntries to vehicle 1 (n_entries=4, leader_commit=2)
218326.4ms Leader 0 SENDING AppendEntries to vehicle 4 (n_entries=6, leader_commit=2)
218326.4ms Leader 0 SENDING AppendEntries to vehicle 5 (n_entries=6, leader_commit=2)
218326.4ms Leader 0 SENDING AppendEntries to vehicle 6 (n_entries=6, leader_commit=2)
218466.4ms Leader 0 SENDING AppendEntries to vehicle 1 (n_entries=4, leader_commit=2)
218466.4ms Leader 0 SENDING AppendEntries to vehicle 4 (n_entries=6, leader_commit=2)
218466.4ms Leader 0 SENDING AppendEntries to vehicle 5 (n_entries=6, leader_commit=2)
218466.4ms Leader 0 SENDING AppendEntries to vehicle 6 (n_entries=6, leader_commit=2)
218606.4ms Leader 0 SENDING AppendEntries to vehicle 1 (n_entries=4, leader_commit=2)
218606.4ms Leader 0 SENDING AppendEntries to vehicle 4 (n_entries=6, leader_commit=2)
218606.4ms Leader 0 SENDING AppendEntries to vehicle 5 (n_entries=6, leader_commit=2)
218606.4ms Leader 0 SENDING AppendEntries to vehicle 6 (n_entries=6, leader_commit=2)
218746.4ms Leader 0 SENDING AppendEntries to vehicle 1 (n_entries=4, leader_commit=2)
218746.4ms Leader 0 SENDING AppendEntries to vehicle 4 (n_entries=6, leader_commit=2)
218746.4ms Leader 0 SENDING AppendEntries to vehicle 5 (n_entries=6, leader_commit=2)
218746.4ms Leader 0 SENDING AppendEntries to vehicle 6 (n_entries=6, leader_commit=2)
218886.4ms Leader 0 SENDING AppendEntries to vehicle 1 (n_entries=4, leader_commit=2)
218886.4ms Leader 0 SENDING AppendEntries to vehicle 4 (n_entries=6, leader_commit=2)
218886.4ms Leader 0 SENDING AppendEntries to vehicle 5 (n_entries=6, leader_commit=2)
218886.4ms Leader 0 SENDING AppendEntries to vehicle 6 (n_entries=6, leader_commit=2)
219026.4ms Leader 0 SENDING AppendEntries to vehicle 1 (n_entries=4, leader_commit=2)
219026.4ms Leader 0 SENDING AppendEntries to vehicle 4 (n_entries=6, leader_commit=2)
219026.4ms Leader 0 SENDING AppendEntries to vehicle 5 (n_entries=6, leader_commit=2)
219026.4ms Leader 0 SENDING AppendEntries to vehicle 6 (n_entries=6, leader_commit=2)
219166.4ms Leader 0 SENDING AppendEntries to vehicle 1 (n_entries=4, leader_commit=2)
219166.4ms Leader 0 SENDING AppendEntries to vehicle 4 (n_entries=6, leader_commit=2)
219166.4ms Leader 0 SENDING AppendEntries to vehicle 5 (n_entries=6, leader_commit=2)
219166.4ms Leader 0 SENDING AppendEntries to vehicle 6 (n_entries=6, leader_commit=2)
219306.4ms Leader 0 SENDING AppendEntries to vehicle 1 (n_entries=4, leader_commit=2)
219306.4ms Leader 0 SENDING AppendEntries to vehicle 4 (n_entries=6, leader_commit=2)
219306.4ms Leader 0 SENDING AppendEntries to vehicle 5 (n_entries=6, leader_commit=2)
219306.4ms Leader 0 SENDING AppendEntries to vehicle 6 (n_entries=6, leader_commit=2)
219446.4ms Leader 0 SENDING AppendEntries to vehicle 1 (n_entries=4, leader_commit=2)
219446.4ms Leader 0 SENDING AppendEntries to vehicle 4 (n_entries=6, leader_commit=2)
219446.4ms Leader 0 SENDING AppendEntries to vehicle 5 (n_entries=6, leader_commit=2)
219446.4ms Leader 0 SENDING AppendEntries to vehicle 6 (n_entries=6, leader_commit=2)
219586.4ms Leader 0 SENDING AppendEntries to vehicle 1 (n_entries=4, leader_commit=2)
219586.4ms Leader 0 SENDING AppendEntries to vehicle 4 (n_entries=6, leader_commit=2)
219586.4ms Leader 0 SENDING AppendEntries to vehicle 5 (n_entries=6, leader_commit=2)
219586.4ms Leader 0 SENDING AppendEntries to vehicle 6 (n_entries=6, leader_commit=2)
219726.4ms Leader 0 SENDING AppendEntries to vehicle 1 (n_entries=4, leader_commit=2)
219726.4ms Leader 0 SENDING AppendEntries to vehicle 4 (n_entries=6, leader_commit=2)
219726.4ms Leader 0 SENDING AppendEntries to vehicle 5 (n_entries=6, leader_commit=2)
219726.4ms Leader 0 SENDING AppendEntries to vehicle 6 (n_entries=6, leader_commit=2)
219866.4ms Leader 0 SENDING AppendEntries to vehicle 1 (n_entries=4, leader_commit=2)
219866.4ms Leader 0 SENDING AppendEntries to vehicle 4 (n_entries=6, leader_commit=2)
219866.4ms Leader 0 SENDING AppendEntries to vehicle 5 (n_entries=6, leader_commit=2)
219866.4ms Leader 0 SENDING AppendEntries to vehicle 6 (n_entries=6, leader_commit=2)
220006.4ms Leader 0 SENDING AppendEntries to vehicle 1 (n_entries=4, leader_commit=2)
220006.4ms Leader 0 SENDING AppendEntries to vehicle 4 (n_entries=6, leader_commit=2)
220006.4ms Leader 0 SENDING AppendEntries to vehicle 5 (n_entries=6, leader_commit=2)
220006.4ms Leader 0 SENDING AppendEntries to vehicle 6 (n_entries=6, leader_commit=2)
220146.4ms Leader 0 SENDING AppendEntries to vehicle 1 (n_entries=4, leader_commit=2)
220146.4ms Leader 0 SENDING AppendEntries to vehicle 4 (n_entries=6, leader_commit=2)
220146.4ms Leader 0 SENDING AppendEntries to vehicle 5 (n_entries=6, leader_commit=2)
220146.4ms Leader 0 SENDING AppendEntries to vehicle 6 (n_entries=6, leader_commit=2)
220286.4ms Leader 0 SENDING AppendEntries to vehicle 1 (n_entries=4, leader_commit=2)
220286.4ms Leader 0 SENDING AppendEntries to vehicle 4 (n_entries=6, leader_commit=2)
220286.4ms Leader 0 SENDING AppendEntries to vehicle 5 (n_entries=6, leader_commit=2)
220286.4ms Leader 0 SENDING AppendEntries to vehicle 6 (n_entries=6, leader_commit=2)
220426.4ms Leader 0 SENDING AppendEntries to vehicle 1 (n_entries=4, leader_commit=2)
220426.4ms Leader 0 SENDING AppendEntries to vehicle 4 (n_entries=6, leader_commit=2)
220426.4ms Leader 0 SENDING AppendEntries to vehicle 5 (n_entries=6, leader_commit=2)
220426.4ms Leader 0 SENDING AppendEntries to vehicle 6 (n_entries=6, leader_commit=2)
220566.4ms Leader 0 SENDING AppendEntries to vehicle 1 (n_entries=4, leader_commit=2)
220566.4ms Leader 0 SENDING AppendEntries to vehicle 4 (n_entries=6, leader_commit=2)
220566.4ms Leader 0 SENDING AppendEntries to vehicle 5 (n_entries=6, leader_commit=2)
220566.4ms Leader 0 SENDING AppendEntries to vehicle 6 (n_entries=6, leader_commit=2)
220706.4ms Leader 0 SENDING AppendEntries to vehicle 1 (n_entries=4, leader_commit=2)
220706.4ms Leader 0 SENDING AppendEntries to vehicle 4 (n_entries=6, leader_commit=2)
220706.4ms Leader 0 SENDING AppendEntries to vehicle 5 (n_entries=6, leader_commit=2)
220706.4ms Leader 0 SENDING AppendEntries to vehicle 6 (n_entries=6, leader_commit=2)
220846.4ms Leader 0 SENDING AppendEntries to vehicle 1 (n_entries=4, leader_commit=2)
220846.4ms Leader 0 SENDING AppendEntries to vehicle 4 (n_entries=6, leader_commit=2)
220846.4ms Leader 0 SENDING AppendEntries to vehicle 5 (n_entries=6, leader_commit=2)
220846.4ms Leader 0 SENDING AppendEntries to vehicle 6 (n_entries=6, leader_commit=2)
220986.4ms Leader 0 SENDING AppendEntries to vehicle 1 (n_entries=4, leader_commit=2)
220986.4ms Leader 0 SENDING AppendEntries to vehicle 4 (n_entries=6, leader_commit=2)
220986.4ms Leader 0 SENDING AppendEntries to vehicle 5 (n_entries=6, leader_commit=2)
220986.4ms Leader 0 SENDING AppendEntries to vehicle 6 (n_entries=6, leader_commit=2)
221126.4ms Leader 0 SENDING AppendEntries to vehicle 1 (n_entries=4, leader_commit=2)
221126.4ms Leader 0 SENDING AppendEntries to vehicle 4 (n_entries=6, leader_commit=2)
221126.4ms Leader 0 SENDING AppendEntries to vehicle 5 (n_entries=6, leader_commit=2)
221126.4ms Leader 0 SENDING AppendEntries to vehicle 6 (n_entries=6, leader_commit=2)
221266.4ms Leader 0 SENDING AppendEntries to vehicle 1 (n_entries=4, leader_commit=2)
221266.4ms Leader 0 SENDING AppendEntries to vehicle 4 (n_entries=6, leader_commit=2)
221266.4ms Leader 0 SENDING AppendEntries to vehicle 5 (n_entries=6, leader_commit=2)
221266.4ms Leader 0 SENDING AppendEntries to vehicle 6 (n_entries=6, leader_commit=2)
221406.4ms Leader 0 SENDING AppendEntries to vehicle 1 (n_entries=4, leader_commit=2)
221406.4ms Leader 0 SENDING AppendEntries to vehicle 4 (n_entries=6, leader_commit=2)
221406.4ms Leader 0 SENDING AppendEntries to vehicle 5 (n_entries=6, leader_commit=2)
221406.4ms Leader 0 SENDING AppendEntries to vehicle 6 (n_entries=6, leader_commit=2)
221546.4ms Leader 0 SENDING AppendEntries to vehicle 1 (n_entries=4, leader_commit=2)
221546.4ms Leader 0 SENDING AppendEntries to vehicle 4 (n_entries=6, leader_commit=2)
221546.4ms Leader 0 SENDING AppendEntries to vehicle 5 (n_entries=6, leader_commit=2)
221546.4ms Leader 0 SENDING AppendEntries to vehicle 6 (n_entries=6, leader_commit=2)
221686.4ms Leader 0 SENDING AppendEntries to vehicle 1 (n_entries=4, leader_commit=2)
221686.4ms Leader 0 SENDING AppendEntries to vehicle 4 (n_entries=6, leader_commit=2)
221686.4ms Leader 0 SENDING AppendEntries to vehicle 5 (n_entries=6, leader_commit=2)
221686.4ms Leader 0 SENDING AppendEntries to vehicle 6 (n_entries=6, leader_commit=2)
221826.4ms Leader 0 SENDING AppendEntries to vehicle 1 (n_entries=4, leader_commit=2)
221826.4ms Leader 0 SENDING AppendEntries to vehicle 4 (n_entries=6, leader_commit=2)
221826.4ms Leader 0 SENDING AppendEntries to vehicle 5 (n_entries=6, leader_commit=2)
221826.4ms Leader 0 SENDING AppendEntries to vehicle 6 (n_entries=6, leader_commit=2)
221966.4ms Leader 0 SENDING AppendEntries to vehicle 1 (n_entries=4, leader_commit=2)
221966.4ms Leader 0 SENDING AppendEntries to vehicle 4 (n_entries=6, leader_commit=2)
221966.4ms Leader 0 SENDING AppendEntries to vehicle 5 (n_entries=6, leader_commit=2)
221966.4ms Leader 0 SENDING AppendEntries to vehicle 6 (n_entries=6, leader_commit=2)
222106.4ms Leader 0 SENDING AppendEntries to vehicle 1 (n_entries=4, leader_commit=2)
222106.4ms Leader 0 SENDING AppendEntries to vehicle 4 (n_entries=6, leader_commit=2)
222106.4ms Leader 0 SENDING AppendEntries to vehicle 5 (n_entries=6, leader_commit=2)
222106.4ms Leader 0 SENDING AppendEntries to vehicle 6 (n_entries=6, leader_commit=2)
222246.4ms Leader 0 SENDING AppendEntries to vehicle 1 (n_entries=4, leader_commit=2)
222246.4ms Leader 0 SENDING AppendEntries to vehicle 4 (n_entries=6, leader_commit=2)
222246.4ms Leader 0 SENDING AppendEntries to vehicle 5 (n_entries=6, leader_commit=2)
222246.4ms Leader 0 SENDING AppendEntries to vehicle 6 (n_entries=6, leader_commit=2)
222386.4ms Leader 0 SENDING AppendEntries to vehicle 1 (n_entries=4, leader_commit=2)
222386.4ms Leader 0 SENDING AppendEntries to vehicle 4 (n_entries=6, leader_commit=2)
222386.4ms Leader 0 SENDING AppendEntries to vehicle 5 (n_entries=6, leader_commit=2)
222386.4ms Leader 0 SENDING AppendEntries to vehicle 6 (n_entries=6, leader_commit=2)
222526.4ms Leader 0 SENDING AppendEntries to vehicle 1 (n_entries=4, leader_commit=2)
222526.4ms Leader 0 SENDING AppendEntries to vehicle 4 (n_entries=6, leader_commit=2)
222526.4ms Leader 0 SENDING AppendEntries to vehicle 5 (n_entries=6, leader_commit=2)
222526.4ms Leader 0 SENDING AppendEntries to vehicle 6 (n_entries=6, leader_commit=2)
222666.4ms Leader 0 SENDING AppendEntries to vehicle 1 (n_entries=4, leader_commit=2)
222666.4ms Leader 0 SENDING AppendEntries to vehicle 4 (n_entries=6, leader_commit=2)
222666.4ms Leader 0 SENDING AppendEntries to vehicle 5 (n_entries=6, leader_commit=2)
222666.4ms Leader 0 SENDING AppendEntries to vehicle 6 (n_entries=6, leader_commit=2)
222806.4ms Leader 0 SENDING AppendEntries to vehicle 1 (n_entries=4, leader_commit=2)
222806.4ms Leader 0 SENDING AppendEntries to vehicle 4 (n_entries=6, leader_commit=2)
222806.4ms Leader 0 SENDING AppendEntries to vehicle 5 (n_entries=6, leader_commit=2)
222806.4ms Leader 0 SENDING AppendEntries to vehicle 6 (n_entries=6, leader_commit=2)
222946.4ms Leader 0 SENDING AppendEntries to vehicle 1 (n_entries=4, leader_commit=2)
222946.4ms Leader 0 SENDING AppendEntries to vehicle 4 (n_entries=6, leader_commit=2)
222946.4ms Leader 0 SENDING AppendEntries to vehicle 5 (n_entries=6, leader_commit=2)
222946.4ms Leader 0 SENDING AppendEntries to vehicle 6 (n_entries=6, leader_commit=2)
223086.4ms Leader 0 SENDING AppendEntries to vehicle 1 (n_entries=4, leader_commit=2)
223086.4ms Leader 0 SENDING AppendEntries to vehicle 4 (n_entries=6, leader_commit=2)
223086.4ms Leader 0 SENDING AppendEntries to vehicle 5 (n_entries=6, leader_commit=2)
223086.4ms Leader 0 SENDING AppendEntries to vehicle 6 (n_entries=6, leader_commit=2)
223226.4ms Leader 0 SENDING AppendEntries to vehicle 1 (n_entries=4, leader_commit=2)
223226.4ms Leader 0 SENDING AppendEntries to vehicle 4 (n_entries=6, leader_commit=2)
223226.4ms Leader 0 SENDING AppendEntries to vehicle 5 (n_entries=6, leader_commit=2)
223226.4ms Leader 0 SENDING AppendEntries to vehicle 6 (n_entries=6, leader_commit=2)
223366.4ms Leader 0 SENDING AppendEntries to vehicle 1 (n_entries=4, leader_commit=2)
223366.4ms Leader 0 SENDING AppendEntries to vehicle 4 (n_entries=6, leader_commit=2)
223366.4ms Leader 0 SENDING AppendEntries to vehicle 5 (n_entries=6, leader_commit=2)
223366.4ms Leader 0 SENDING AppendEntries to vehicle 6 (n_entries=6, leader_commit=2)
223506.4ms Leader 0 SENDING AppendEntries to vehicle 1 (n_entries=4, leader_commit=2)
223506.4ms Leader 0 SENDING AppendEntries to vehicle 4 (n_entries=6, leader_commit=2)
223506.4ms Leader 0 SENDING AppendEntries to vehicle 5 (n_entries=6, leader_commit=2)
223506.4ms Leader 0 SENDING AppendEntries to vehicle 6 (n_entries=6, leader_commit=2)
223646.4ms Leader 0 SENDING AppendEntries to vehicle 1 (n_entries=4, leader_commit=2)
223646.4ms Leader 0 SENDING AppendEntries to vehicle 4 (n_entries=6, leader_commit=2)
223646.4ms Leader 0 SENDING AppendEntries to vehicle 5 (n_entries=6, leader_commit=2)
223646.4ms Leader 0 SENDING AppendEntries to vehicle 6 (n_entries=6, leader_commit=2)
223786.4ms Leader 0 SENDING AppendEntries to vehicle 1 (n_entries=4, leader_commit=2)
223786.4ms Leader 0 SENDING AppendEntries to vehicle 4 (n_entries=6, leader_commit=2)
223786.4ms Leader 0 SENDING AppendEntries to vehicle 5 (n_entries=6, leader_commit=2)
223786.4ms Leader 0 SENDING AppendEntries to vehicle 6 (n_entries=6, leader_commit=2)
223926.4ms Leader 0 SENDING AppendEntries to vehicle 1 (n_entries=4, leader_commit=2)
223926.4ms Leader 0 SENDING AppendEntries to vehicle 4 (n_entries=6, leader_commit=2)
223926.4ms Leader 0 SENDING AppendEntries to vehicle 5 (n_entries=6, leader_commit=2)
223926.4ms Leader 0 SENDING AppendEntries to vehicle 6 (n_entries=6, leader_commit=2)
224066.4ms Leader 0 SENDING AppendEntries to vehicle 1 (n_entries=4, leader_commit=2)
224066.4ms Leader 0 SENDING AppendEntries to vehicle 4 (n_entries=6, leader_commit=2)
224066.4ms Leader 0 SENDING AppendEntries to vehicle 5 (n_entries=6, leader_commit=2)
224066.4ms Leader 0 SENDING AppendEntries to vehicle 6 (n_entries=6, leader_commit=2)
224206.4ms Leader 0 SENDING AppendEntries to vehicle 1 (n_entries=4, leader_commit=2)
224206.4ms Leader 0 SENDING AppendEntries to vehicle 4 (n_entries=6, leader_commit=2)
224206.4ms Leader 0 SENDING AppendEntries to vehicle 5 (n_entries=6, leader_commit=2)
224206.4ms Leader 0 SENDING AppendEntries to vehicle 6 (n_entries=6, leader_commit=2)
224346.4ms Leader 0 SENDING AppendEntries to vehicle 1 (n_entries=4, leader_commit=2)
224346.4ms Leader 0 SENDING AppendEntries to vehicle 4 (n_entries=6, leader_commit=2)
224346.4ms Leader 0 SENDING AppendEntries to vehicle 5 (n_entries=6, leader_commit=2)
224346.4ms Leader 0 SENDING AppendEntries to vehicle 6 (n_entries=6, leader_commit=2)
224486.4ms Leader 0 SENDING AppendEntries to vehicle 1 (n_entries=4, leader_commit=2)
224486.4ms Leader 0 SENDING AppendEntries to vehicle 4 (n_entries=6, leader_commit=2)
224486.4ms Leader 0 SENDING AppendEntries to vehicle 5 (n_entries=6, leader_commit=2)
224486.4ms Leader 0 SENDING AppendEntries to vehicle 6 (n_entries=6, leader_commit=2)
224626.4ms Leader 0 SENDING AppendEntries to vehicle 1 (n_entries=4, leader_commit=2)
224626.4ms Leader 0 SENDING AppendEntries to vehicle 4 (n_entries=6, leader_commit=2)
224626.4ms Leader 0 SENDING AppendEntries to vehicle 5 (n_entries=6, leader_commit=2)
224626.4ms Leader 0 SENDING AppendEntries to vehicle 6 (n_entries=6, leader_commit=2)
224766.4ms Leader 0 SENDING AppendEntries to vehicle 1 (n_entries=4, leader_commit=2)
224766.4ms Leader 0 SENDING AppendEntries to vehicle 4 (n_entries=6, leader_commit=2)
224766.4ms Leader 0 SENDING AppendEntries to vehicle 5 (n_entries=6, leader_commit=2)
224766.4ms Leader 0 SENDING AppendEntries to vehicle 6 (n_entries=6, leader_commit=2)
224906.4ms Leader 0 SENDING AppendEntries to vehicle 1 (n_entries=4, leader_commit=2)
224906.4ms Leader 0 SENDING AppendEntries to vehicle 4 (n_entries=6, leader_commit=2)
224906.4ms Leader 0 SENDING AppendEntries to vehicle 5 (n_entries=6, leader_commit=2)
224906.4ms Leader 0 SENDING AppendEntries to vehicle 6 (n_entries=6, leader_commit=2)
225046.4ms Leader 0 SENDING AppendEntries to vehicle 1 (n_entries=4, leader_commit=2)
225046.4ms Leader 0 SENDING AppendEntries to vehicle 4 (n_entries=6, leader_commit=2)
225046.4ms Leader 0 SENDING AppendEntries to vehicle 5 (n_entries=6, leader_commit=2)
225046.4ms Leader 0 SENDING AppendEntries to vehicle 6 (n_entries=6, leader_commit=2)
225186.4ms Leader 0 SENDING AppendEntries to vehicle 1 (n_entries=4, leader_commit=2)
225186.4ms Leader 0 SENDING AppendEntries to vehicle 4 (n_entries=6, leader_commit=2)
225186.4ms Leader 0 SENDING AppendEntries to vehicle 5 (n_entries=6, leader_commit=2)
225186.4ms Leader 0 SENDING AppendEntries to vehicle 6 (n_entries=6, leader_commit=2)
225326.4ms Leader 0 SENDING AppendEntries to vehicle 1 (n_entries=4, leader_commit=2)
225326.4ms Leader 0 SENDING AppendEntries to vehicle 4 (n_entries=6, leader_commit=2)
225326.4ms Leader 0 SENDING AppendEntries to vehicle 5 (n_entries=6, leader_commit=2)
225326.4ms Leader 0 SENDING AppendEntries to vehicle 6 (n_entries=6, leader_commit=2)
225466.4ms Leader 0 SENDING AppendEntries to vehicle 1 (n_entries=4, leader_commit=2)
225466.4ms Leader 0 SENDING AppendEntries to vehicle 4 (n_entries=6, leader_commit=2)
225466.4ms Leader 0 SENDING AppendEntries to vehicle 5 (n_entries=6, leader_commit=2)
225466.4ms Leader 0 SENDING AppendEntries to vehicle 6 (n_entries=6, leader_commit=2)
225606.4ms Leader 0 SENDING AppendEntries to vehicle 1 (n_entries=4, leader_commit=2)
225606.4ms Leader 0 SENDING AppendEntries to vehicle 4 (n_entries=6, leader_commit=2)
225606.4ms Leader 0 SENDING AppendEntries to vehicle 5 (n_entries=6, leader_commit=2)
225606.4ms Leader 0 SENDING AppendEntries to vehicle 6 (n_entries=6, leader_commit=2)
225746.4ms Leader 0 SENDING AppendEntries to vehicle 1 (n_entries=4, leader_commit=2)
225746.4ms Leader 0 SENDING AppendEntries to vehicle 4 (n_entries=6, leader_commit=2)
225746.4ms Leader 0 SENDING AppendEntries to vehicle 5 (n_entries=6, leader_commit=2)
225746.4ms Leader 0 SENDING AppendEntries to vehicle 6 (n_entries=6, leader_commit=2)
225886.4ms Leader 0 SENDING AppendEntries to vehicle 1 (n_entries=4, leader_commit=2)
225886.4ms Leader 0 SENDING AppendEntries to vehicle 4 (n_entries=6, leader_commit=2)
225886.4ms Leader 0 SENDING AppendEntries to vehicle 5 (n_entries=6, leader_commit=2)
225886.4ms Leader 0 SENDING AppendEntries to vehicle 6 (n_entries=6, leader_commit=2)
226026.4ms Leader 0 SENDING AppendEntries to vehicle 1 (n_entries=4, leader_commit=2)
226026.4ms Leader 0 SENDING AppendEntries to vehicle 4 (n_entries=6, leader_commit=2)
226026.4ms Leader 0 SENDING AppendEntries to vehicle 5 (n_entries=6, leader_commit=2)
226026.4ms Leader 0 SENDING AppendEntries to vehicle 6 (n_entries=6, leader_commit=2)
226166.4ms Leader 0 SENDING AppendEntries to vehicle 1 (n_entries=4, leader_commit=2)
226166.4ms Leader 0 SENDING AppendEntries to vehicle 4 (n_entries=6, leader_commit=2)
226166.4ms Leader 0 SENDING AppendEntries to vehicle 5 (n_entries=6, leader_commit=2)
226166.4ms Leader 0 SENDING AppendEntries to vehicle 6 (n_entries=6, leader_commit=2)
226306.4ms Leader 0 SENDING AppendEntries to vehicle 1 (n_entries=4, leader_commit=2)
226306.4ms Leader 0 SENDING AppendEntries to vehicle 4 (n_entries=6, leader_commit=2)
226306.4ms Leader 0 SENDING AppendEntries to vehicle 5 (n_entries=6, leader_commit=2)
226306.4ms Leader 0 SENDING AppendEntries to vehicle 6 (n_entries=6, leader_commit=2)
226446.4ms Leader 0 SENDING AppendEntries to vehicle 1 (n_entries=4, leader_commit=2)
226446.4ms Leader 0 SENDING AppendEntries to vehicle 4 (n_entries=6, leader_commit=2)
226446.4ms Leader 0 SENDING AppendEntries to vehicle 5 (n_entries=6, leader_commit=2)
226446.4ms Leader 0 SENDING AppendEntries to vehicle 6 (n_entries=6, leader_commit=2)
226586.4ms Leader 0 SENDING AppendEntries to vehicle 1 (n_entries=4, leader_commit=2)
226586.4ms Leader 0 SENDING AppendEntries to vehicle 4 (n_entries=6, leader_commit=2)
226586.4ms Leader 0 SENDING AppendEntries to vehicle 5 (n_entries=6, leader_commit=2)
226586.4ms Leader 0 SENDING AppendEntries to vehicle 6 (n_entries=6, leader_commit=2)
226726.4ms Leader 0 SENDING AppendEntries to vehicle 1 (n_entries=4, leader_commit=2)
226726.4ms Leader 0 SENDING AppendEntries to vehicle 4 (n_entries=6, leader_commit=2)
226726.4ms Leader 0 SENDING AppendEntries to vehicle 5 (n_entries=6, leader_commit=2)
226726.4ms Leader 0 SENDING AppendEntries to vehicle 6 (n_entries=6, leader_commit=2)
226866.4ms Leader 0 SENDING AppendEntries to vehicle 1 (n_entries=4, leader_commit=2)
226866.4ms Leader 0 SENDING AppendEntries to vehicle 4 (n_entries=6, leader_commit=2)
226866.4ms Leader 0 SENDING AppendEntries to vehicle 5 (n_entries=6, leader_commit=2)
226866.4ms Leader 0 SENDING AppendEntries to vehicle 6 (n_entries=6, leader_commit=2)
227006.4ms Leader 0 SENDING AppendEntries to vehicle 1 (n_entries=4, leader_commit=2)
227006.4ms Leader 0 SENDING AppendEntries to vehicle 4 (n_entries=6, leader_commit=2)
227006.4ms Leader 0 SENDING AppendEntries to vehicle 5 (n_entries=6, leader_commit=2)
227006.4ms Leader 0 SENDING AppendEntries to vehicle 6 (n_entries=6, leader_commit=2)
227146.4ms Leader 0 SENDING AppendEntries to vehicle 1 (n_entries=4, leader_commit=2)
227146.4ms Leader 0 SENDING AppendEntries to vehicle 4 (n_entries=6, leader_commit=2)
227146.4ms Leader 0 SENDING AppendEntries to vehicle 5 (n_entries=6, leader_commit=2)
227146.4ms Leader 0 SENDING AppendEntries to vehicle 6 (n_entries=6, leader_commit=2)
227286.4ms Leader 0 SENDING AppendEntries to vehicle 1 (n_entries=4, leader_commit=2)
227286.4ms Leader 0 SENDING AppendEntries to vehicle 4 (n_entries=6, leader_commit=2)
227286.4ms Leader 0 SENDING AppendEntries to vehicle 5 (n_entries=6, leader_commit=2)
227286.4ms Leader 0 SENDING AppendEntries to vehicle 6 (n_entries=6, leader_commit=2)
227426.4ms Leader 0 SENDING AppendEntries to vehicle 1 (n_entries=4, leader_commit=2)
227426.4ms Leader 0 SENDING AppendEntries to vehicle 4 (n_entries=6, leader_commit=2)
227426.4ms Leader 0 SENDING AppendEntries to vehicle 5 (n_entries=6, leader_commit=2)
227426.4ms Leader 0 SENDING AppendEntries to vehicle 6 (n_entries=6, leader_commit=2)
227566.4ms Leader 0 SENDING AppendEntries to vehicle 1 (n_entries=4, leader_commit=2)
227566.4ms Leader 0 SENDING AppendEntries to vehicle 4 (n_entries=6, leader_commit=2)
227566.4ms Leader 0 SENDING AppendEntries to vehicle 5 (n_entries=6, leader_commit=2)
227566.4ms Leader 0 SENDING AppendEntries to vehicle 6 (n_entries=6, leader_commit=2)
227706.4ms Leader 0 SENDING AppendEntries to vehicle 1 (n_entries=4, leader_commit=2)
227706.4ms Leader 0 SENDING AppendEntries to vehicle 4 (n_entries=6, leader_commit=2)
227706.4ms Leader 0 SENDING AppendEntries to vehicle 5 (n_entries=6, leader_commit=2)
227706.4ms Leader 0 SENDING AppendEntries to vehicle 6 (n_entries=6, leader_commit=2)
227846.4ms Leader 0 SENDING AppendEntries to vehicle 1 (n_entries=4, leader_commit=2)
227846.4ms Leader 0 SENDING AppendEntries to vehicle 4 (n_entries=6, leader_commit=2)
227846.4ms Leader 0 SENDING AppendEntries to vehicle 5 (n_entries=6, leader_commit=2)
227846.4ms Leader 0 SENDING AppendEntries to vehicle 6 (n_entries=6, leader_commit=2)
227986.4ms Leader 0 SENDING AppendEntries to vehicle 1 (n_entries=4, leader_commit=2)
227986.4ms Leader 0 SENDING AppendEntries to vehicle 4 (n_entries=6, leader_commit=2)
227986.4ms Leader 0 SENDING AppendEntries to vehicle 5 (n_entries=6, leader_commit=2)
227986.4ms Leader 0 SENDING AppendEntries to vehicle 6 (n_entries=6, leader_commit=2)
228126.4ms Leader 0 SENDING AppendEntries to vehicle 1 (n_entries=4, leader_commit=2)
228126.4ms Leader 0 SENDING AppendEntries to vehicle 4 (n_entries=6, leader_commit=2)
228126.4ms Leader 0 SENDING AppendEntries to vehicle 5 (n_entries=6, leader_commit=2)
228126.4ms Leader 0 SENDING AppendEntries to vehicle 6 (n_entries=6, leader_commit=2)
228266.4ms Leader 0 SENDING AppendEntries to vehicle 1 (n_entries=4, leader_commit=2)
228266.4ms Leader 0 SENDING AppendEntries to vehicle 4 (n_entries=6, leader_commit=2)
228266.4ms Leader 0 SENDING AppendEntries to vehicle 5 (n_entries=6, leader_commit=2)
228266.4ms Leader 0 SENDING AppendEntries to vehicle 6 (n_entries=6, leader_commit=2)
228406.4ms Leader 0 SENDING AppendEntries to vehicle 1 (n_entries=4, leader_commit=2)
228406.4ms Leader 0 SENDING AppendEntries to vehicle 4 (n_entries=6, leader_commit=2)
228406.4ms Leader 0 SENDING AppendEntries to vehicle 5 (n_entries=6, leader_commit=2)
228406.4ms Leader 0 SENDING AppendEntries to vehicle 6 (n_entries=6, leader_commit=2)
228546.4ms Leader 0 SENDING AppendEntries to vehicle 1 (n_entries=4, leader_commit=2)
228546.4ms Leader 0 SENDING AppendEntries to vehicle 4 (n_entries=6, leader_commit=2)
228546.4ms Leader 0 SENDING AppendEntries to vehicle 5 (n_entries=6, leader_commit=2)
228546.4ms Leader 0 SENDING AppendEntries to vehicle 6 (n_entries=6, leader_commit=2)
228686.4ms Leader 0 SENDING AppendEntries to vehicle 1 (n_entries=4, leader_commit=2)
228686.4ms Leader 0 SENDING AppendEntries to vehicle 4 (n_entries=6, leader_commit=2)
228686.4ms Leader 0 SENDING AppendEntries to vehicle 5 (n_entries=6, leader_commit=2)
228686.4ms Leader 0 SENDING AppendEntries to vehicle 6 (n_entries=6, leader_commit=2)
228826.4ms Leader 0 SENDING AppendEntries to vehicle 1 (n_entries=4, leader_commit=2)
228826.4ms Leader 0 SENDING AppendEntries to vehicle 4 (n_entries=6, leader_commit=2)
228826.4ms Leader 0 SENDING AppendEntries to vehicle 5 (n_entries=6, leader_commit=2)
228826.4ms Leader 0 SENDING AppendEntries to vehicle 6 (n_entries=6, leader_commit=2)
228966.4ms Leader 0 SENDING AppendEntries to vehicle 1 (n_entries=4, leader_commit=2)
228966.4ms Leader 0 SENDING AppendEntries to vehicle 4 (n_entries=6, leader_commit=2)
228966.4ms Leader 0 SENDING AppendEntries to vehicle 5 (n_entries=6, leader_commit=2)
228966.4ms Leader 0 SENDING AppendEntries to vehicle 6 (n_entries=6, leader_commit=2)
229106.4ms Leader 0 SENDING AppendEntries to vehicle 1 (n_entries=4, leader_commit=2)
229106.4ms Leader 0 SENDING AppendEntries to vehicle 4 (n_entries=6, leader_commit=2)
229106.4ms Leader 0 SENDING AppendEntries to vehicle 5 (n_entries=6, leader_commit=2)
229106.4ms Leader 0 SENDING AppendEntries to vehicle 6 (n_entries=6, leader_commit=2)
229246.4ms Leader 0 SENDING AppendEntries to vehicle 1 (n_entries=4, leader_commit=2)
229246.4ms Leader 0 SENDING AppendEntries to vehicle 4 (n_entries=6, leader_commit=2)
229246.4ms Leader 0 SENDING AppendEntries to vehicle 5 (n_entries=6, leader_commit=2)
229246.4ms Leader 0 SENDING AppendEntries to vehicle 6 (n_entries=6, leader_commit=2)
229386.4ms Leader 0 SENDING AppendEntries to vehicle 1 (n_entries=4, leader_commit=2)
229386.4ms Leader 0 SENDING AppendEntries to vehicle 4 (n_entries=6, leader_commit=2)
229386.4ms Leader 0 SENDING AppendEntries to vehicle 5 (n_entries=6, leader_commit=2)
229386.4ms Leader 0 SENDING AppendEntries to vehicle 6 (n_entries=6, leader_commit=2)
229526.4ms Leader 0 SENDING AppendEntries to vehicle 1 (n_entries=4, leader_commit=2)
229526.4ms Leader 0 SENDING AppendEntries to vehicle 4 (n_entries=6, leader_commit=2)
229526.4ms Leader 0 SENDING AppendEntries to vehicle 5 (n_entries=6, leader_commit=2)
229526.4ms Leader 0 SENDING AppendEntries to vehicle 6 (n_entries=6, leader_commit=2)
229666.4ms Leader 0 SENDING AppendEntries to vehicle 1 (n_entries=4, leader_commit=2)
229666.4ms Leader 0 SENDING AppendEntries to vehicle 4 (n_entries=6, leader_commit=2)
229666.4ms Leader 0 SENDING AppendEntries to vehicle 5 (n_entries=6, leader_commit=2)
229666.4ms Leader 0 SENDING AppendEntries to vehicle 6 (n_entries=6, leader_commit=2)
229806.4ms Leader 0 SENDING AppendEntries to vehicle 1 (n_entries=4, leader_commit=2)
229806.4ms Leader 0 SENDING AppendEntries to vehicle 4 (n_entries=6, leader_commit=2)
229806.4ms Leader 0 SENDING AppendEntries to vehicle 5 (n_entries=6, leader_commit=2)
229806.4ms Leader 0 SENDING AppendEntries to vehicle 6 (n_entries=6, leader_commit=2)
229946.4ms Leader 0 SENDING AppendEntries to vehicle 1 (n_entries=4, leader_commit=2)
229946.4ms Leader 0 SENDING AppendEntries to vehicle 4 (n_entries=6, leader_commit=2)
229946.4ms Leader 0 SENDING AppendEntries to vehicle 5 (n_entries=6, leader_commit=2)
229946.4ms Leader 0 SENDING AppendEntries to vehicle 6 (n_entries=6, leader_commit=2)
230086.4ms Leader 0 SENDING AppendEntries to vehicle 1 (n_entries=4, leader_commit=2)
230086.4ms Leader 0 SENDING AppendEntries to vehicle 4 (n_entries=6, leader_commit=2)
230086.4ms Leader 0 SENDING AppendEntries to vehicle 5 (n_entries=6, leader_commit=2)
230086.4ms Leader 0 SENDING AppendEntries to vehicle 6 (n_entries=6, leader_commit=2)
230226.4ms Leader 0 SENDING AppendEntries to vehicle 1 (n_entries=4, leader_commit=2)
230226.4ms Leader 0 SENDING AppendEntries to vehicle 4 (n_entries=6, leader_commit=2)
230226.4ms Leader 0 SENDING AppendEntries to vehicle 5 (n_entries=6, leader_commit=2)
230226.4ms Leader 0 SENDING AppendEntries to vehicle 6 (n_entries=6, leader_commit=2)
230366.4ms Leader 0 SENDING AppendEntries to vehicle 1 (n_entries=4, leader_commit=2)
230366.4ms Leader 0 SENDING AppendEntries to vehicle 4 (n_entries=6, leader_commit=2)
230366.4ms Leader 0 SENDING AppendEntries to vehicle 5 (n_entries=6, leader_commit=2)
230366.4ms Leader 0 SENDING AppendEntries to vehicle 6 (n_entries=6, leader_commit=2)
230506.4ms Leader 0 SENDING AppendEntries to vehicle 1 (n_entries=4, leader_commit=2)
230506.4ms Leader 0 SENDING AppendEntries to vehicle 4 (n_entries=6, leader_commit=2)
230506.4ms Leader 0 SENDING AppendEntries to vehicle 5 (n_entries=6, leader_commit=2)
230506.4ms Leader 0 SENDING AppendEntries to vehicle 6 (n_entries=6, leader_commit=2)
230646.4ms Leader 0 SENDING AppendEntries to vehicle 1 (n_entries=4, leader_commit=2)
230646.4ms Leader 0 SENDING AppendEntries to vehicle 4 (n_entries=6, leader_commit=2)
230646.4ms Leader 0 SENDING AppendEntries to vehicle 5 (n_entries=6, leader_commit=2)
230646.4ms Leader 0 SENDING AppendEntries to vehicle 6 (n_entries=6, leader_commit=2)
230786.4ms Leader 0 SENDING AppendEntries to vehicle 1 (n_entries=4, leader_commit=2)
230786.4ms Leader 0 SENDING AppendEntries to vehicle 4 (n_entries=6, leader_commit=2)
230786.4ms Leader 0 SENDING AppendEntries to vehicle 5 (n_entries=6, leader_commit=2)
230786.4ms Leader 0 SENDING AppendEntries to vehicle 6 (n_entries=6, leader_commit=2)
230926.4ms Leader 0 SENDING AppendEntries to vehicle 1 (n_entries=4, leader_commit=2)
230926.4ms Leader 0 SENDING AppendEntries to vehicle 4 (n_entries=6, leader_commit=2)
230926.4ms Leader 0 SENDING AppendEntries to vehicle 5 (n_entries=6, leader_commit=2)
230926.4ms Leader 0 SENDING AppendEntries to vehicle 6 (n_entries=6, leader_commit=2)
231066.4ms Leader 0 SENDING AppendEntries to vehicle 1 (n_entries=4, leader_commit=2)
231066.4ms Leader 0 SENDING AppendEntries to vehicle 4 (n_entries=6, leader_commit=2)
231066.4ms Leader 0 SENDING AppendEntries to vehicle 5 (n_entries=6, leader_commit=2)
231066.4ms Leader 0 SENDING AppendEntries to vehicle 6 (n_entries=6, leader_commit=2)
231206.4ms Leader 0 SENDING AppendEntries to vehicle 1 (n_entries=4, leader_commit=2)
231206.4ms Leader 0 SENDING AppendEntries to vehicle 4 (n_entries=6, leader_commit=2)
231206.4ms Leader 0 SENDING AppendEntries to vehicle 5 (n_entries=6, leader_commit=2)
231206.4ms Leader 0 SENDING AppendEntries to vehicle 6 (n_entries=6, leader_commit=2)
231346.4ms Leader 0 SENDING AppendEntries to vehicle 1 (n_entries=4, leader_commit=2)
231346.4ms Leader 0 SENDING AppendEntries to vehicle 4 (n_entries=6, leader_commit=2)
231346.4ms Leader 0 SENDING AppendEntries to vehicle 5 (n_entries=6, leader_commit=2)
231346.4ms Leader 0 SENDING AppendEntries to vehicle 6 (n_entries=6, leader_commit=2)
231486.4ms Leader 0 SENDING AppendEntries to vehicle 1 (n_entries=4, leader_commit=2)
231486.4ms Leader 0 SENDING AppendEntries to vehicle 4 (n_entries=6, leader_commit=2)
231486.4ms Leader 0 SENDING AppendEntries to vehicle 5 (n_entries=6, leader_commit=2)
231486.4ms Leader 0 SENDING AppendEntries to vehicle 6 (n_entries=6, leader_commit=2)
231626.4ms Leader 0 SENDING AppendEntries to vehicle 1 (n_entries=4, leader_commit=2)
231626.4ms Leader 0 SENDING AppendEntries to vehicle 4 (n_entries=6, leader_commit=2)
231626.4ms Leader 0 SENDING AppendEntries to vehicle 5 (n_entries=6, leader_commit=2)
231626.4ms Leader 0 SENDING AppendEntries to vehicle 6 (n_entries=6, leader_commit=2)
231766.4ms Leader 0 SENDING AppendEntries to vehicle 1 (n_entries=4, leader_commit=2)
231766.4ms Leader 0 SENDING AppendEntries to vehicle 4 (n_entries=6, leader_commit=2)
231766.4ms Leader 0 SENDING AppendEntries to vehicle 5 (n_entries=6, leader_commit=2)
231766.4ms Leader 0 SENDING AppendEntries to vehicle 6 (n_entries=6, leader_commit=2)
231906.4ms Leader 0 SENDING AppendEntries to vehicle 1 (n_entries=4, leader_commit=2)
231906.4ms Leader 0 SENDING AppendEntries to vehicle 4 (n_entries=6, leader_commit=2)
231906.4ms Leader 0 SENDING AppendEntries to vehicle 5 (n_entries=6, leader_commit=2)
231906.4ms Leader 0 SENDING AppendEntries to vehicle 6 (n_entries=6, leader_commit=2)
232046.4ms Leader 0 SENDING AppendEntries to vehicle 1 (n_entries=4, leader_commit=2)
232046.4ms Leader 0 SENDING AppendEntries to vehicle 4 (n_entries=6, leader_commit=2)
232046.4ms Leader 0 SENDING AppendEntries to vehicle 5 (n_entries=6, leader_commit=2)
232046.4ms Leader 0 SENDING AppendEntries to vehicle 6 (n_entries=6, leader_commit=2)
232186.4ms Leader 0 SENDING AppendEntries to vehicle 1 (n_entries=4, leader_commit=2)
232186.4ms Leader 0 SENDING AppendEntries to vehicle 4 (n_entries=6, leader_commit=2)
232186.4ms Leader 0 SENDING AppendEntries to vehicle 5 (n_entries=6, leader_commit=2)
232186.4ms Leader 0 SENDING AppendEntries to vehicle 6 (n_entries=6, leader_commit=2)
232326.4ms Leader 0 SENDING AppendEntries to vehicle 1 (n_entries=4, leader_commit=2)
232326.4ms Leader 0 SENDING AppendEntries to vehicle 4 (n_entries=6, leader_commit=2)
232326.4ms Leader 0 SENDING AppendEntries to vehicle 5 (n_entries=6, leader_commit=2)
232326.4ms Leader 0 SENDING AppendEntries to vehicle 6 (n_entries=6, leader_commit=2)
232466.4ms Leader 0 SENDING AppendEntries to vehicle 1 (n_entries=4, leader_commit=2)
232466.4ms Leader 0 SENDING AppendEntries to vehicle 4 (n_entries=6, leader_commit=2)
232466.4ms Leader 0 SENDING AppendEntries to vehicle 5 (n_entries=6, leader_commit=2)
232466.4ms Leader 0 SENDING AppendEntries to vehicle 6 (n_entries=6, leader_commit=2)
232606.4ms Leader 0 SENDING AppendEntries to vehicle 1 (n_entries=4, leader_commit=2)
232606.4ms Leader 0 SENDING AppendEntries to vehicle 4 (n_entries=6, leader_commit=2)
232606.4ms Leader 0 SENDING AppendEntries to vehicle 5 (n_entries=6, leader_commit=2)
232606.4ms Leader 0 SENDING AppendEntries to vehicle 6 (n_entries=6, leader_commit=2)
232746.4ms Leader 0 SENDING AppendEntries to vehicle 1 (n_entries=4, leader_commit=2)
232746.4ms Leader 0 SENDING AppendEntries to vehicle 4 (n_entries=6, leader_commit=2)
232746.4ms Leader 0 SENDING AppendEntries to vehicle 5 (n_entries=6, leader_commit=2)
232746.4ms Leader 0 SENDING AppendEntries to vehicle 6 (n_entries=6, leader_commit=2)
232886.4ms Leader 0 SENDING AppendEntries to vehicle 1 (n_entries=4, leader_commit=2)
232886.4ms Leader 0 SENDING AppendEntries to vehicle 4 (n_entries=6, leader_commit=2)
232886.4ms Leader 0 SENDING AppendEntries to vehicle 5 (n_entries=6, leader_commit=2)
232886.4ms Leader 0 SENDING AppendEntries to vehicle 6 (n_entries=6, leader_commit=2)
233026.4ms Leader 0 SENDING AppendEntries to vehicle 1 (n_entries=4, leader_commit=2)
233026.4ms Leader 0 SENDING AppendEntries to vehicle 4 (n_entries=6, leader_commit=2)
233026.4ms Leader 0 SENDING AppendEntries to vehicle 5 (n_entries=6, leader_commit=2)
233026.4ms Leader 0 SENDING AppendEntries to vehicle 6 (n_entries=6, leader_commit=2)
233166.4ms Leader 0 SENDING AppendEntries to vehicle 1 (n_entries=4, leader_commit=2)
233166.4ms Leader 0 SENDING AppendEntries to vehicle 4 (n_entries=6, leader_commit=2)
233166.4ms Leader 0 SENDING AppendEntries to vehicle 5 (n_entries=6, leader_commit=2)
233166.4ms Leader 0 SENDING AppendEntries to vehicle 6 (n_entries=6, leader_commit=2)
233306.4ms Leader 0 SENDING AppendEntries to vehicle 1 (n_entries=4, leader_commit=2)
233306.4ms Leader 0 SENDING AppendEntries to vehicle 4 (n_entries=6, leader_commit=2)
233306.4ms Leader 0 SENDING AppendEntries to vehicle 5 (n_entries=6, leader_commit=2)
233306.4ms Leader 0 SENDING AppendEntries to vehicle 6 (n_entries=6, leader_commit=2)
233446.4ms Leader 0 SENDING AppendEntries to vehicle 1 (n_entries=4, leader_commit=2)
233446.4ms Leader 0 SENDING AppendEntries to vehicle 4 (n_entries=6, leader_commit=2)
233446.4ms Leader 0 SENDING AppendEntries to vehicle 5 (n_entries=6, leader_commit=2)
233446.4ms Leader 0 SENDING AppendEntries to vehicle 6 (n_entries=6, leader_commit=2)
233586.4ms Leader 0 SENDING AppendEntries to vehicle 1 (n_entries=4, leader_commit=2)
233586.4ms Leader 0 SENDING AppendEntries to vehicle 4 (n_entries=6, leader_commit=2)
233586.4ms Leader 0 SENDING AppendEntries to vehicle 5 (n_entries=6, leader_commit=2)
233586.4ms Leader 0 SENDING AppendEntries to vehicle 6 (n_entries=6, leader_commit=2)
233726.4ms Leader 0 SENDING AppendEntries to vehicle 1 (n_entries=4, leader_commit=2)
233726.4ms Leader 0 SENDING AppendEntries to vehicle 4 (n_entries=6, leader_commit=2)
233726.4ms Leader 0 SENDING AppendEntries to vehicle 5 (n_entries=6, leader_commit=2)
233726.4ms Leader 0 SENDING AppendEntries to vehicle 6 (n_entries=6, leader_commit=2)
233866.4ms Leader 0 SENDING AppendEntries to vehicle 1 (n_entries=4, leader_commit=2)
233866.4ms Leader 0 SENDING AppendEntries to vehicle 4 (n_entries=6, leader_commit=2)
233866.4ms Leader 0 SENDING AppendEntries to vehicle 5 (n_entries=6, leader_commit=2)
233866.4ms Leader 0 SENDING AppendEntries to vehicle 6 (n_entries=6, leader_commit=2)
234006.4ms Leader 0 SENDING AppendEntries to vehicle 1 (n_entries=4, leader_commit=2)
234006.4ms Leader 0 SENDING AppendEntries to vehicle 4 (n_entries=6, leader_commit=2)
234006.4ms Leader 0 SENDING AppendEntries to vehicle 5 (n_entries=6, leader_commit=2)
234006.4ms Leader 0 SENDING AppendEntries to vehicle 6 (n_entries=6, leader_commit=2)
234146.4ms Leader 0 SENDING AppendEntries to vehicle 1 (n_entries=4, leader_commit=2)
234146.4ms Leader 0 SENDING AppendEntries to vehicle 4 (n_entries=6, leader_commit=2)
234146.4ms Leader 0 SENDING AppendEntries to vehicle 5 (n_entries=6, leader_commit=2)
234146.4ms Leader 0 SENDING AppendEntries to vehicle 6 (n_entries=6, leader_commit=2)
234286.4ms Leader 0 SENDING AppendEntries to vehicle 1 (n_entries=4, leader_commit=2)
234286.4ms Leader 0 SENDING AppendEntries to vehicle 4 (n_entries=6, leader_commit=2)
234286.4ms Leader 0 SENDING AppendEntries to vehicle 5 (n_entries=6, leader_commit=2)
234286.4ms Leader 0 SENDING AppendEntries to vehicle 6 (n_entries=6, leader_commit=2)
234426.4ms Leader 0 SENDING AppendEntries to vehicle 1 (n_entries=4, leader_commit=2)
234426.4ms Leader 0 SENDING AppendEntries to vehicle 4 (n_entries=6, leader_commit=2)
234426.4ms Leader 0 SENDING AppendEntries to vehicle 5 (n_entries=6, leader_commit=2)
234426.4ms Leader 0 SENDING AppendEntries to vehicle 6 (n_entries=6, leader_commit=2)
234566.4ms Leader 0 SENDING AppendEntries to vehicle 1 (n_entries=4, leader_commit=2)
234566.4ms Leader 0 SENDING AppendEntries to vehicle 4 (n_entries=6, leader_commit=2)
234566.4ms Leader 0 SENDING AppendEntries to vehicle 5 (n_entries=6, leader_commit=2)
234566.4ms Leader 0 SENDING AppendEntries to vehicle 6 (n_entries=6, leader_commit=2)
234706.4ms Leader 0 SENDING AppendEntries to vehicle 1 (n_entries=4, leader_commit=2)
234706.4ms Leader 0 SENDING AppendEntries to vehicle 4 (n_entries=6, leader_commit=2)
234706.4ms Leader 0 SENDING AppendEntries to vehicle 5 (n_entries=6, leader_commit=2)
234706.4ms Leader 0 SENDING AppendEntries to vehicle 6 (n_entries=6, leader_commit=2)
234846.4ms Leader 0 SENDING AppendEntries to vehicle 1 (n_entries=4, leader_commit=2)
234846.4ms Leader 0 SENDING AppendEntries to vehicle 4 (n_entries=6, leader_commit=2)
234846.4ms Leader 0 SENDING AppendEntries to vehicle 5 (n_entries=6, leader_commit=2)
234846.4ms Leader 0 SENDING AppendEntries to vehicle 6 (n_entries=6, leader_commit=2)
234986.4ms Leader 0 SENDING AppendEntries to vehicle 1 (n_entries=4, leader_commit=2)
234986.4ms Leader 0 SENDING AppendEntries to vehicle 4 (n_entries=6, leader_commit=2)
234986.4ms Leader 0 SENDING AppendEntries to vehicle 5 (n_entries=6, leader_commit=2)
234986.4ms Leader 0 SENDING AppendEntries to vehicle 6 (n_entries=6, leader_commit=2)
235126.4ms Leader 0 SENDING AppendEntries to vehicle 1 (n_entries=4, leader_commit=2)
235126.4ms Leader 0 SENDING AppendEntries to vehicle 4 (n_entries=6, leader_commit=2)
235126.4ms Leader 0 SENDING AppendEntries to vehicle 5 (n_entries=6, leader_commit=2)
235126.4ms Leader 0 SENDING AppendEntries to vehicle 6 (n_entries=6, leader_commit=2)
235266.4ms Leader 0 SENDING AppendEntries to vehicle 1 (n_entries=4, leader_commit=2)
235266.4ms Leader 0 SENDING AppendEntries to vehicle 4 (n_entries=6, leader_commit=2)
235266.4ms Leader 0 SENDING AppendEntries to vehicle 5 (n_entries=6, leader_commit=2)
235266.4ms Leader 0 SENDING AppendEntries to vehicle 6 (n_entries=6, leader_commit=2)
235406.4ms Leader 0 SENDING AppendEntries to vehicle 1 (n_entries=4, leader_commit=2)
235406.4ms Leader 0 SENDING AppendEntries to vehicle 4 (n_entries=6, leader_commit=2)
235406.4ms Leader 0 SENDING AppendEntries to vehicle 5 (n_entries=6, leader_commit=2)
235406.4ms Leader 0 SENDING AppendEntries to vehicle 6 (n_entries=6, leader_commit=2)
235546.4ms Leader 0 SENDING AppendEntries to vehicle 1 (n_entries=4, leader_commit=2)
235546.4ms Leader 0 SENDING AppendEntries to vehicle 4 (n_entries=6, leader_commit=2)
235546.4ms Leader 0 SENDING AppendEntries to vehicle 5 (n_entries=6, leader_commit=2)
235546.4ms Leader 0 SENDING AppendEntries to vehicle 6 (n_entries=6, leader_commit=2)
235686.4ms Leader 0 SENDING AppendEntries to vehicle 1 (n_entries=4, leader_commit=2)
235686.4ms Leader 0 SENDING AppendEntries to vehicle 4 (n_entries=6, leader_commit=2)
235686.4ms Leader 0 SENDING AppendEntries to vehicle 5 (n_entries=6, leader_commit=2)
235686.4ms Leader 0 SENDING AppendEntries to vehicle 6 (n_entries=6, leader_commit=2)
235826.4ms Leader 0 SENDING AppendEntries to vehicle 1 (n_entries=4, leader_commit=2)
235826.4ms Leader 0 SENDING AppendEntries to vehicle 4 (n_entries=6, leader_commit=2)
235826.4ms Leader 0 SENDING AppendEntries to vehicle 5 (n_entries=6, leader_commit=2)
235826.4ms Leader 0 SENDING AppendEntries to vehicle 6 (n_entries=6, leader_commit=2)
235966.4ms Leader 0 SENDING AppendEntries to vehicle 1 (n_entries=4, leader_commit=2)
235966.4ms Leader 0 SENDING AppendEntries to vehicle 4 (n_entries=6, leader_commit=2)
235966.4ms Leader 0 SENDING AppendEntries to vehicle 5 (n_entries=6, leader_commit=2)
235966.4ms Leader 0 SENDING AppendEntries to vehicle 6 (n_entries=6, leader_commit=2)
236106.4ms Leader 0 SENDING AppendEntries to vehicle 1 (n_entries=4, leader_commit=2)
236106.4ms Leader 0 SENDING AppendEntries to vehicle 4 (n_entries=6, leader_commit=2)
236106.4ms Leader 0 SENDING AppendEntries to vehicle 5 (n_entries=6, leader_commit=2)
236106.4ms Leader 0 SENDING AppendEntries to vehicle 6 (n_entries=6, leader_commit=2)
236246.4ms Leader 0 SENDING AppendEntries to vehicle 1 (n_entries=4, leader_commit=2)
236246.4ms Leader 0 SENDING AppendEntries to vehicle 4 (n_entries=6, leader_commit=2)
236246.4ms Leader 0 SENDING AppendEntries to vehicle 5 (n_entries=6, leader_commit=2)
236246.4ms Leader 0 SENDING AppendEntries to vehicle 6 (n_entries=6, leader_commit=2)
236386.4ms Leader 0 SENDING AppendEntries to vehicle 1 (n_entries=4, leader_commit=2)
236386.4ms Leader 0 SENDING AppendEntries to vehicle 4 (n_entries=6, leader_commit=2)
236386.4ms Leader 0 SENDING AppendEntries to vehicle 5 (n_entries=6, leader_commit=2)
236386.4ms Leader 0 SENDING AppendEntries to vehicle 6 (n_entries=6, leader_commit=2)
236526.4ms Leader 0 SENDING AppendEntries to vehicle 1 (n_entries=4, leader_commit=2)
236526.4ms Leader 0 SENDING AppendEntries to vehicle 4 (n_entries=6, leader_commit=2)
236526.4ms Leader 0 SENDING AppendEntries to vehicle 5 (n_entries=6, leader_commit=2)
236526.4ms Leader 0 SENDING AppendEntries to vehicle 6 (n_entries=6, leader_commit=2)
236666.4ms Leader 0 SENDING AppendEntries to vehicle 1 (n_entries=4, leader_commit=2)
236666.4ms Leader 0 SENDING AppendEntries to vehicle 4 (n_entries=6, leader_commit=2)
236666.4ms Leader 0 SENDING AppendEntries to vehicle 5 (n_entries=6, leader_commit=2)
236666.4ms Leader 0 SENDING AppendEntries to vehicle 6 (n_entries=6, leader_commit=2)
236806.4ms Leader 0 SENDING AppendEntries to vehicle 1 (n_entries=4, leader_commit=2)
236806.4ms Leader 0 SENDING AppendEntries to vehicle 4 (n_entries=6, leader_commit=2)
236806.4ms Leader 0 SENDING AppendEntries to vehicle 5 (n_entries=6, leader_commit=2)
236806.4ms Leader 0 SENDING AppendEntries to vehicle 6 (n_entries=6, leader_commit=2)
236946.4ms Leader 0 SENDING AppendEntries to vehicle 1 (n_entries=4, leader_commit=2)
236946.4ms Leader 0 SENDING AppendEntries to vehicle 4 (n_entries=6, leader_commit=2)
236946.4ms Leader 0 SENDING AppendEntries to vehicle 5 (n_entries=6, leader_commit=2)
236946.4ms Leader 0 SENDING AppendEntries to vehicle 6 (n_entries=6, leader_commit=2)
237086.4ms Leader 0 SENDING AppendEntries to vehicle 1 (n_entries=4, leader_commit=2)
237086.4ms Leader 0 SENDING AppendEntries to vehicle 4 (n_entries=6, leader_commit=2)
237086.4ms Leader 0 SENDING AppendEntries to vehicle 5 (n_entries=6, leader_commit=2)
237086.4ms Leader 0 SENDING AppendEntries to vehicle 6 (n_entries=6, leader_commit=2)
237226.4ms Leader 0 SENDING AppendEntries to vehicle 1 (n_entries=4, leader_commit=2)
237226.4ms Leader 0 SENDING AppendEntries to vehicle 4 (n_entries=6, leader_commit=2)
237226.4ms Leader 0 SENDING AppendEntries to vehicle 5 (n_entries=6, leader_commit=2)
237226.4ms Leader 0 SENDING AppendEntries to vehicle 6 (n_entries=6, leader_commit=2)
237366.4ms Leader 0 SENDING AppendEntries to vehicle 1 (n_entries=4, leader_commit=2)
237366.4ms Leader 0 SENDING AppendEntries to vehicle 4 (n_entries=6, leader_commit=2)
237366.4ms Leader 0 SENDING AppendEntries to vehicle 5 (n_entries=6, leader_commit=2)
237366.4ms Leader 0 SENDING AppendEntries to vehicle 6 (n_entries=6, leader_commit=2)
237506.4ms Leader 0 SENDING AppendEntries to vehicle 1 (n_entries=4, leader_commit=2)
237506.4ms Leader 0 SENDING AppendEntries to vehicle 4 (n_entries=6, leader_commit=2)
237506.4ms Leader 0 SENDING AppendEntries to vehicle 5 (n_entries=6, leader_commit=2)
237506.4ms Leader 0 SENDING AppendEntries to vehicle 6 (n_entries=6, leader_commit=2)
237646.4ms Leader 0 SENDING AppendEntries to vehicle 1 (n_entries=4, leader_commit=2)
237646.4ms Leader 0 SENDING AppendEntries to vehicle 4 (n_entries=6, leader_commit=2)
237646.4ms Leader 0 SENDING AppendEntries to vehicle 5 (n_entries=6, leader_commit=2)
237646.4ms Leader 0 SENDING AppendEntries to vehicle 6 (n_entries=6, leader_commit=2)
237786.4ms Leader 0 SENDING AppendEntries to vehicle 1 (n_entries=4, leader_commit=2)
237786.4ms Leader 0 SENDING AppendEntries to vehicle 4 (n_entries=6, leader_commit=2)
237786.4ms Leader 0 SENDING AppendEntries to vehicle 5 (n_entries=6, leader_commit=2)
237786.4ms Leader 0 SENDING AppendEntries to vehicle 6 (n_entries=6, leader_commit=2)
237926.4ms Leader 0 SENDING AppendEntries to vehicle 1 (n_entries=4, leader_commit=2)
237926.4ms Leader 0 SENDING AppendEntries to vehicle 4 (n_entries=6, leader_commit=2)
237926.4ms Leader 0 SENDING AppendEntries to vehicle 5 (n_entries=6, leader_commit=2)
237926.4ms Leader 0 SENDING AppendEntries to vehicle 6 (n_entries=6, leader_commit=2)
238066.4ms Leader 0 SENDING AppendEntries to vehicle 1 (n_entries=4, leader_commit=2)
238066.4ms Leader 0 SENDING AppendEntries to vehicle 4 (n_entries=6, leader_commit=2)
238066.4ms Leader 0 SENDING AppendEntries to vehicle 5 (n_entries=6, leader_commit=2)
238066.4ms Leader 0 SENDING AppendEntries to vehicle 6 (n_entries=6, leader_commit=2)
238206.4ms Leader 0 SENDING AppendEntries to vehicle 1 (n_entries=4, leader_commit=2)
238206.4ms Leader 0 SENDING AppendEntries to vehicle 4 (n_entries=6, leader_commit=2)
238206.4ms Leader 0 SENDING AppendEntries to vehicle 5 (n_entries=6, leader_commit=2)
238206.4ms Leader 0 SENDING AppendEntries to vehicle 6 (n_entries=6, leader_commit=2)
238346.4ms Leader 0 SENDING AppendEntries to vehicle 1 (n_entries=4, leader_commit=2)
238346.4ms Leader 0 SENDING AppendEntries to vehicle 4 (n_entries=6, leader_commit=2)
238346.4ms Leader 0 SENDING AppendEntries to vehicle 5 (n_entries=6, leader_commit=2)
238346.4ms Leader 0 SENDING AppendEntries to vehicle 6 (n_entries=6, leader_commit=2)
238486.4ms Leader 0 SENDING AppendEntries to vehicle 1 (n_entries=4, leader_commit=2)
238486.4ms Leader 0 SENDING AppendEntries to vehicle 4 (n_entries=6, leader_commit=2)
238486.4ms Leader 0 SENDING AppendEntries to vehicle 5 (n_entries=6, leader_commit=2)
238486.4ms Leader 0 SENDING AppendEntries to vehicle 6 (n_entries=6, leader_commit=2)
238626.4ms Leader 0 SENDING AppendEntries to vehicle 1 (n_entries=4, leader_commit=2)
238626.4ms Leader 0 SENDING AppendEntries to vehicle 4 (n_entries=6, leader_commit=2)
238626.4ms Leader 0 SENDING AppendEntries to vehicle 5 (n_entries=6, leader_commit=2)
238626.4ms Leader 0 SENDING AppendEntries to vehicle 6 (n_entries=6, leader_commit=2)
238766.4ms Leader 0 SENDING AppendEntries to vehicle 1 (n_entries=4, leader_commit=2)
238766.4ms Leader 0 SENDING AppendEntries to vehicle 4 (n_entries=6, leader_commit=2)
238766.4ms Leader 0 SENDING AppendEntries to vehicle 5 (n_entries=6, leader_commit=2)
238766.4ms Leader 0 SENDING AppendEntries to vehicle 6 (n_entries=6, leader_commit=2)
238906.4ms Leader 0 SENDING AppendEntries to vehicle 1 (n_entries=4, leader_commit=2)
238906.4ms Leader 0 SENDING AppendEntries to vehicle 4 (n_entries=6, leader_commit=2)
238906.4ms Leader 0 SENDING AppendEntries to vehicle 5 (n_entries=6, leader_commit=2)
238906.4ms Leader 0 SENDING AppendEntries to vehicle 6 (n_entries=6, leader_commit=2)
239046.4ms Leader 0 SENDING AppendEntries to vehicle 1 (n_entries=4, leader_commit=2)
239046.4ms Leader 0 SENDING AppendEntries to vehicle 4 (n_entries=6, leader_commit=2)
239046.4ms Leader 0 SENDING AppendEntries to vehicle 5 (n_entries=6, leader_commit=2)
239046.4ms Leader 0 SENDING AppendEntries to vehicle 6 (n_entries=6, leader_commit=2)
239186.4ms Leader 0 SENDING AppendEntries to vehicle 1 (n_entries=4, leader_commit=2)
239186.4ms Leader 0 SENDING AppendEntries to vehicle 4 (n_entries=6, leader_commit=2)
239186.4ms Leader 0 SENDING AppendEntries to vehicle 5 (n_entries=6, leader_commit=2)
239186.4ms Leader 0 SENDING AppendEntries to vehicle 6 (n_entries=6, leader_commit=2)
239326.4ms Leader 0 SENDING AppendEntries to vehicle 1 (n_entries=4, leader_commit=2)
239326.4ms Leader 0 SENDING AppendEntries to vehicle 4 (n_entries=6, leader_commit=2)
239326.4ms Leader 0 SENDING AppendEntries to vehicle 5 (n_entries=6, leader_commit=2)
239326.4ms Leader 0 SENDING AppendEntries to vehicle 6 (n_entries=6, leader_commit=2)
239466.4ms Leader 0 SENDING AppendEntries to vehicle 1 (n_entries=4, leader_commit=2)
239466.4ms Leader 0 SENDING AppendEntries to vehicle 4 (n_entries=6, leader_commit=2)
239466.4ms Leader 0 SENDING AppendEntries to vehicle 5 (n_entries=6, leader_commit=2)
239466.4ms Leader 0 SENDING AppendEntries to vehicle 6 (n_entries=6, leader_commit=2)
239606.4ms Leader 0 SENDING AppendEntries to vehicle 1 (n_entries=4, leader_commit=2)
239606.4ms Leader 0 SENDING AppendEntries to vehicle 4 (n_entries=6, leader_commit=2)
239606.4ms Leader 0 SENDING AppendEntries to vehicle 5 (n_entries=6, leader_commit=2)
239606.4ms Leader 0 SENDING AppendEntries to vehicle 6 (n_entries=6, leader_commit=2)
239746.4ms Leader 0 SENDING AppendEntries to vehicle 1 (n_entries=4, leader_commit=2)
239746.4ms Leader 0 SENDING AppendEntries to vehicle 4 (n_entries=6, leader_commit=2)
239746.4ms Leader 0 SENDING AppendEntries to vehicle 5 (n_entries=6, leader_commit=2)
239746.4ms Leader 0 SENDING AppendEntries to vehicle 6 (n_entries=6, leader_commit=2)
239886.4ms Leader 0 SENDING AppendEntries to vehicle 1 (n_entries=4, leader_commit=2)
239886.4ms Leader 0 SENDING AppendEntries to vehicle 4 (n_entries=6, leader_commit=2)
239886.4ms Leader 0 SENDING AppendEntries to vehicle 5 (n_entries=6, leader_commit=2)
239886.4ms Leader 0 SENDING AppendEntries to vehicle 6 (n_entries=6, leader_commit=2)
240026.4ms Leader 0 SENDING AppendEntries to vehicle 1 (n_entries=4, leader_commit=2)
240026.4ms Leader 0 SENDING AppendEntries to vehicle 4 (n_entries=6, leader_commit=2)
240026.4ms Leader 0 SENDING AppendEntries to vehicle 5 (n_entries=6, leader_commit=2)
240026.4ms Leader 0 SENDING AppendEntries to vehicle 6 (n_entries=6, leader_commit=2)
240166.4ms Leader 0 SENDING AppendEntries to vehicle 1 (n_entries=4, leader_commit=2)
240166.4ms Leader 0 SENDING AppendEntries to vehicle 4 (n_entries=6, leader_commit=2)
240166.4ms Leader 0 SENDING AppendEntries to vehicle 5 (n_entries=6, leader_commit=2)
240166.4ms Leader 0 SENDING AppendEntries to vehicle 6 (n_entries=6, leader_commit=2)
240306.4ms Leader 0 SENDING AppendEntries to vehicle 1 (n_entries=4, leader_commit=2)
240306.4ms Leader 0 SENDING AppendEntries to vehicle 4 (n_entries=6, leader_commit=2)
240306.4ms Leader 0 SENDING AppendEntries to vehicle 5 (n_entries=6, leader_commit=2)
240306.4ms Leader 0 SENDING AppendEntries to vehicle 6 (n_entries=6, leader_commit=2)
240446.4ms Leader 0 SENDING AppendEntries to vehicle 1 (n_entries=4, leader_commit=2)
240446.4ms Leader 0 SENDING AppendEntries to vehicle 4 (n_entries=6, leader_commit=2)
240446.4ms Leader 0 SENDING AppendEntries to vehicle 5 (n_entries=6, leader_commit=2)
240446.4ms Leader 0 SENDING AppendEntries to vehicle 6 (n_entries=6, leader_commit=2)
240586.4ms Leader 0 SENDING AppendEntries to vehicle 1 (n_entries=4, leader_commit=2)
240586.4ms Leader 0 SENDING AppendEntries to vehicle 4 (n_entries=6, leader_commit=2)
240586.4ms Leader 0 SENDING AppendEntries to vehicle 5 (n_entries=6, leader_commit=2)
240586.4ms Leader 0 SENDING AppendEntries to vehicle 6 (n_entries=6, leader_commit=2)
240726.4ms Leader 0 SENDING AppendEntries to vehicle 1 (n_entries=4, leader_commit=2)
240726.4ms Leader 0 SENDING AppendEntries to vehicle 4 (n_entries=6, leader_commit=2)
240726.4ms Leader 0 SENDING AppendEntries to vehicle 5 (n_entries=6, leader_commit=2)
240726.4ms Leader 0 SENDING AppendEntries to vehicle 6 (n_entries=6, leader_commit=2)
240866.4ms Leader 0 SENDING AppendEntries to vehicle 1 (n_entries=4, leader_commit=2)
240866.4ms Leader 0 SENDING AppendEntries to vehicle 4 (n_entries=6, leader_commit=2)
240866.4ms Leader 0 SENDING AppendEntries to vehicle 5 (n_entries=6, leader_commit=2)
240866.4ms Leader 0 SENDING AppendEntries to vehicle 6 (n_entries=6, leader_commit=2)
241006.4ms Leader 0 SENDING AppendEntries to vehicle 1 (n_entries=4, leader_commit=2)
241006.4ms Leader 0 SENDING AppendEntries to vehicle 4 (n_entries=6, leader_commit=2)
241006.4ms Leader 0 SENDING AppendEntries to vehicle 5 (n_entries=6, leader_commit=2)
241006.4ms Leader 0 SENDING AppendEntries to vehicle 6 (n_entries=6, leader_commit=2)
241146.4ms Leader 0 SENDING AppendEntries to vehicle 1 (n_entries=4, leader_commit=2)
241146.4ms Leader 0 SENDING AppendEntries to vehicle 4 (n_entries=6, leader_commit=2)
241146.4ms Leader 0 SENDING AppendEntries to vehicle 5 (n_entries=6, leader_commit=2)
241146.4ms Leader 0 SENDING AppendEntries to vehicle 6 (n_entries=6, leader_commit=2)
241286.4ms Leader 0 SENDING AppendEntries to vehicle 1 (n_entries=4, leader_commit=2)
241286.4ms Leader 0 SENDING AppendEntries to vehicle 4 (n_entries=6, leader_commit=2)
241286.4ms Leader 0 SENDING AppendEntries to vehicle 5 (n_entries=6, leader_commit=2)
241286.4ms Leader 0 SENDING AppendEntries to vehicle 6 (n_entries=6, leader_commit=2)
241426.4ms Leader 0 SENDING AppendEntries to vehicle 1 (n_entries=4, leader_commit=2)
241426.4ms Leader 0 SENDING AppendEntries to vehicle 4 (n_entries=6, leader_commit=2)
241426.4ms Leader 0 SENDING AppendEntries to vehicle 5 (n_entries=6, leader_commit=2)
241426.4ms Leader 0 SENDING AppendEntries to vehicle 6 (n_entries=6, leader_commit=2)
241566.4ms Leader 0 SENDING AppendEntries to vehicle 1 (n_entries=4, leader_commit=2)
241566.4ms Leader 0 SENDING AppendEntries to vehicle 4 (n_entries=6, leader_commit=2)
241566.4ms Leader 0 SENDING AppendEntries to vehicle 5 (n_entries=6, leader_commit=2)
241566.4ms Leader 0 SENDING AppendEntries to vehicle 6 (n_entries=6, leader_commit=2)
241706.4ms Leader 0 SENDING AppendEntries to vehicle 1 (n_entries=4, leader_commit=2)
241706.4ms Leader 0 SENDING AppendEntries to vehicle 4 (n_entries=6, leader_commit=2)
241706.4ms Leader 0 SENDING AppendEntries to vehicle 5 (n_entries=6, leader_commit=2)
241706.4ms Leader 0 SENDING AppendEntries to vehicle 6 (n_entries=6, leader_commit=2)
241846.4ms Leader 0 SENDING AppendEntries to vehicle 1 (n_entries=4, leader_commit=2)
241846.4ms Leader 0 SENDING AppendEntries to vehicle 4 (n_entries=6, leader_commit=2)
241846.4ms Leader 0 SENDING AppendEntries to vehicle 5 (n_entries=6, leader_commit=2)
241846.4ms Leader 0 SENDING AppendEntries to vehicle 6 (n_entries=6, leader_commit=2)
241986.4ms Leader 0 SENDING AppendEntries to vehicle 1 (n_entries=4, leader_commit=2)
241986.4ms Leader 0 SENDING AppendEntries to vehicle 4 (n_entries=6, leader_commit=2)
241986.4ms Leader 0 SENDING AppendEntries to vehicle 5 (n_entries=6, leader_commit=2)
241986.4ms Leader 0 SENDING AppendEntries to vehicle 6 (n_entries=6, leader_commit=2)
242126.4ms Leader 0 SENDING AppendEntries to vehicle 1 (n_entries=4, leader_commit=2)
242126.4ms Leader 0 SENDING AppendEntries to vehicle 4 (n_entries=6, leader_commit=2)
242126.4ms Leader 0 SENDING AppendEntries to vehicle 5 (n_entries=6, leader_commit=2)
242126.4ms Leader 0 SENDING AppendEntries to vehicle 6 (n_entries=6, leader_commit=2)
242266.4ms Leader 0 SENDING AppendEntries to vehicle 1 (n_entries=4, leader_commit=2)
242266.4ms Leader 0 SENDING AppendEntries to vehicle 4 (n_entries=6, leader_commit=2)
242266.4ms Leader 0 SENDING AppendEntries to vehicle 5 (n_entries=6, leader_commit=2)
242266.4ms Leader 0 SENDING AppendEntries to vehicle 6 (n_entries=6, leader_commit=2)
242406.4ms Leader 0 SENDING AppendEntries to vehicle 1 (n_entries=4, leader_commit=2)
242406.4ms Leader 0 SENDING AppendEntries to vehicle 4 (n_entries=6, leader_commit=2)
242406.4ms Leader 0 SENDING AppendEntries to vehicle 5 (n_entries=6, leader_commit=2)
242406.4ms Leader 0 SENDING AppendEntries to vehicle 6 (n_entries=6, leader_commit=2)
242546.4ms Leader 0 SENDING AppendEntries to vehicle 1 (n_entries=4, leader_commit=2)
242546.4ms Leader 0 SENDING AppendEntries to vehicle 4 (n_entries=6, leader_commit=2)
242546.4ms Leader 0 SENDING AppendEntries to vehicle 5 (n_entries=6, leader_commit=2)
242546.4ms Leader 0 SENDING AppendEntries to vehicle 6 (n_entries=6, leader_commit=2)
242686.4ms Leader 0 SENDING AppendEntries to vehicle 1 (n_entries=4, leader_commit=2)
242686.4ms Leader 0 SENDING AppendEntries to vehicle 4 (n_entries=6, leader_commit=2)
242686.4ms Leader 0 SENDING AppendEntries to vehicle 5 (n_entries=6, leader_commit=2)
242686.4ms Leader 0 SENDING AppendEntries to vehicle 6 (n_entries=6, leader_commit=2)
242826.4ms Leader 0 SENDING AppendEntries to vehicle 1 (n_entries=4, leader_commit=2)
242826.4ms Leader 0 SENDING AppendEntries to vehicle 4 (n_entries=6, leader_commit=2)
242826.4ms Leader 0 SENDING AppendEntries to vehicle 5 (n_entries=6, leader_commit=2)
242826.4ms Leader 0 SENDING AppendEntries to vehicle 6 (n_entries=6, leader_commit=2)
242966.4ms Leader 0 SENDING AppendEntries to vehicle 1 (n_entries=4, leader_commit=2)
242966.4ms Leader 0 SENDING AppendEntries to vehicle 4 (n_entries=6, leader_commit=2)
242966.4ms Leader 0 SENDING AppendEntries to vehicle 5 (n_entries=6, leader_commit=2)
242966.4ms Leader 0 SENDING AppendEntries to vehicle 6 (n_entries=6, leader_commit=2)
243106.4ms Leader 0 SENDING AppendEntries to vehicle 1 (n_entries=4, leader_commit=2)
243106.4ms Leader 0 SENDING AppendEntries to vehicle 4 (n_entries=6, leader_commit=2)
243106.4ms Leader 0 SENDING AppendEntries to vehicle 5 (n_entries=6, leader_commit=2)
243106.4ms Leader 0 SENDING AppendEntries to vehicle 6 (n_entries=6, leader_commit=2)
243246.4ms Leader 0 SENDING AppendEntries to vehicle 1 (n_entries=4, leader_commit=2)
243246.4ms Leader 0 SENDING AppendEntries to vehicle 4 (n_entries=6, leader_commit=2)
243246.4ms Leader 0 SENDING AppendEntries to vehicle 5 (n_entries=6, leader_commit=2)
243246.4ms Leader 0 SENDING AppendEntries to vehicle 6 (n_entries=6, leader_commit=2)
243386.4ms Leader 0 SENDING AppendEntries to vehicle 1 (n_entries=4, leader_commit=2)
243386.4ms Leader 0 SENDING AppendEntries to vehicle 4 (n_entries=6, leader_commit=2)
243386.4ms Leader 0 SENDING AppendEntries to vehicle 5 (n_entries=6, leader_commit=2)
243386.4ms Leader 0 SENDING AppendEntries to vehicle 6 (n_entries=6, leader_commit=2)
243526.4ms Leader 0 SENDING AppendEntries to vehicle 1 (n_entries=4, leader_commit=2)
243526.4ms Leader 0 SENDING AppendEntries to vehicle 4 (n_entries=6, leader_commit=2)
243526.4ms Leader 0 SENDING AppendEntries to vehicle 5 (n_entries=6, leader_commit=2)
243526.4ms Leader 0 SENDING AppendEntries to vehicle 6 (n_entries=6, leader_commit=2)
243666.4ms Leader 0 SENDING AppendEntries to vehicle 1 (n_entries=4, leader_commit=2)
243666.4ms Leader 0 SENDING AppendEntries to vehicle 4 (n_entries=6, leader_commit=2)
243666.4ms Leader 0 SENDING AppendEntries to vehicle 5 (n_entries=6, leader_commit=2)
243666.4ms Leader 0 SENDING AppendEntries to vehicle 6 (n_entries=6, leader_commit=2)
243806.4ms Leader 0 SENDING AppendEntries to vehicle 1 (n_entries=4, leader_commit=2)
243806.4ms Leader 0 SENDING AppendEntries to vehicle 4 (n_entries=6, leader_commit=2)
243806.4ms Leader 0 SENDING AppendEntries to vehicle 5 (n_entries=6, leader_commit=2)
243806.4ms Leader 0 SENDING AppendEntries to vehicle 6 (n_entries=6, leader_commit=2)
243946.4ms Leader 0 SENDING AppendEntries to vehicle 1 (n_entries=4, leader_commit=2)
243946.4ms Leader 0 SENDING AppendEntries to vehicle 4 (n_entries=6, leader_commit=2)
243946.4ms Leader 0 SENDING AppendEntries to vehicle 5 (n_entries=6, leader_commit=2)
243946.4ms Leader 0 SENDING AppendEntries to vehicle 6 (n_entries=6, leader_commit=2)
244086.4ms Leader 0 SENDING AppendEntries to vehicle 1 (n_entries=4, leader_commit=2)
244086.4ms Leader 0 SENDING AppendEntries to vehicle 4 (n_entries=6, leader_commit=2)
244086.4ms Leader 0 SENDING AppendEntries to vehicle 5 (n_entries=6, leader_commit=2)
244086.4ms Leader 0 SENDING AppendEntries to vehicle 6 (n_entries=6, leader_commit=2)
244226.4ms Leader 0 SENDING AppendEntries to vehicle 1 (n_entries=4, leader_commit=2)
244226.4ms Leader 0 SENDING AppendEntries to vehicle 4 (n_entries=6, leader_commit=2)
244226.4ms Leader 0 SENDING AppendEntries to vehicle 5 (n_entries=6, leader_commit=2)
244226.4ms Leader 0 SENDING AppendEntries to vehicle 6 (n_entries=6, leader_commit=2)
244366.4ms Leader 0 SENDING AppendEntries to vehicle 1 (n_entries=4, leader_commit=2)
244366.4ms Leader 0 SENDING AppendEntries to vehicle 4 (n_entries=6, leader_commit=2)
244366.4ms Leader 0 SENDING AppendEntries to vehicle 5 (n_entries=6, leader_commit=2)
244366.4ms Leader 0 SENDING AppendEntries to vehicle 6 (n_entries=6, leader_commit=2)
244506.4ms Leader 0 SENDING AppendEntries to vehicle 1 (n_entries=4, leader_commit=2)
244506.4ms Leader 0 SENDING AppendEntries to vehicle 4 (n_entries=6, leader_commit=2)
244506.4ms Leader 0 SENDING AppendEntries to vehicle 5 (n_entries=6, leader_commit=2)
244506.4ms Leader 0 SENDING AppendEntries to vehicle 6 (n_entries=6, leader_commit=2)
244646.4ms Leader 0 SENDING AppendEntries to vehicle 1 (n_entries=4, leader_commit=2)
244646.4ms Leader 0 SENDING AppendEntries to vehicle 4 (n_entries=6, leader_commit=2)
244646.4ms Leader 0 SENDING AppendEntries to vehicle 5 (n_entries=6, leader_commit=2)
244646.4ms Leader 0 SENDING AppendEntries to vehicle 6 (n_entries=6, leader_commit=2)
244786.4ms Leader 0 SENDING AppendEntries to vehicle 1 (n_entries=4, leader_commit=2)
244786.4ms Leader 0 SENDING AppendEntries to vehicle 4 (n_entries=6, leader_commit=2)
244786.4ms Leader 0 SENDING AppendEntries to vehicle 5 (n_entries=6, leader_commit=2)
244786.4ms Leader 0 SENDING AppendEntries to vehicle 6 (n_entries=6, leader_commit=2)
244926.4ms Leader 0 SENDING AppendEntries to vehicle 1 (n_entries=4, leader_commit=2)
244926.4ms Leader 0 SENDING AppendEntries to vehicle 4 (n_entries=6, leader_commit=2)
244926.4ms Leader 0 SENDING AppendEntries to vehicle 5 (n_entries=6, leader_commit=2)
244926.4ms Leader 0 SENDING AppendEntries to vehicle 6 (n_entries=6, leader_commit=2)
245066.4ms Leader 0 SENDING AppendEntries to vehicle 1 (n_entries=4, leader_commit=2)
245066.4ms Leader 0 SENDING AppendEntries to vehicle 4 (n_entries=6, leader_commit=2)
245066.4ms Leader 0 SENDING AppendEntries to vehicle 5 (n_entries=6, leader_commit=2)
245066.4ms Leader 0 SENDING AppendEntries to vehicle 6 (n_entries=6, leader_commit=2)
245206.4ms Leader 0 SENDING AppendEntries to vehicle 1 (n_entries=4, leader_commit=2)
245206.4ms Leader 0 SENDING AppendEntries to vehicle 4 (n_entries=6, leader_commit=2)
245206.4ms Leader 0 SENDING AppendEntries to vehicle 5 (n_entries=6, leader_commit=2)
245206.4ms Leader 0 SENDING AppendEntries to vehicle 6 (n_entries=6, leader_commit=2)
245346.4ms Leader 0 SENDING AppendEntries to vehicle 1 (n_entries=4, leader_commit=2)
245346.4ms Leader 0 SENDING AppendEntries to vehicle 4 (n_entries=6, leader_commit=2)
245346.4ms Leader 0 SENDING AppendEntries to vehicle 5 (n_entries=6, leader_commit=2)
245346.4ms Leader 0 SENDING AppendEntries to vehicle 6 (n_entries=6, leader_commit=2)
245486.4ms Leader 0 SENDING AppendEntries to vehicle 1 (n_entries=4, leader_commit=2)
245486.4ms Leader 0 SENDING AppendEntries to vehicle 4 (n_entries=6, leader_commit=2)
245486.4ms Leader 0 SENDING AppendEntries to vehicle 5 (n_entries=6, leader_commit=2)
245486.4ms Leader 0 SENDING AppendEntries to vehicle 6 (n_entries=6, leader_commit=2)
245626.4ms Leader 0 SENDING AppendEntries to vehicle 1 (n_entries=4, leader_commit=2)
245626.4ms Leader 0 SENDING AppendEntries to vehicle 4 (n_entries=6, leader_commit=2)
245626.4ms Leader 0 SENDING AppendEntries to vehicle 5 (n_entries=6, leader_commit=2)
245626.4ms Leader 0 SENDING AppendEntries to vehicle 6 (n_entries=6, leader_commit=2)
245766.4ms Leader 0 SENDING AppendEntries to vehicle 1 (n_entries=4, leader_commit=2)
245766.4ms Leader 0 SENDING AppendEntries to vehicle 4 (n_entries=6, leader_commit=2)
245766.4ms Leader 0 SENDING AppendEntries to vehicle 5 (n_entries=6, leader_commit=2)
245766.4ms Leader 0 SENDING AppendEntries to vehicle 6 (n_entries=6, leader_commit=2)
245906.4ms Leader 0 SENDING AppendEntries to vehicle 1 (n_entries=4, leader_commit=2)
245906.4ms Leader 0 SENDING AppendEntries to vehicle 4 (n_entries=6, leader_commit=2)
245906.4ms Leader 0 SENDING AppendEntries to vehicle 5 (n_entries=6, leader_commit=2)
245906.4ms Leader 0 SENDING AppendEntries to vehicle 6 (n_entries=6, leader_commit=2)
246046.4ms Leader 0 SENDING AppendEntries to vehicle 1 (n_entries=4, leader_commit=2)
246046.4ms Leader 0 SENDING AppendEntries to vehicle 4 (n_entries=6, leader_commit=2)
246046.4ms Leader 0 SENDING AppendEntries to vehicle 5 (n_entries=6, leader_commit=2)
246046.4ms Leader 0 SENDING AppendEntries to vehicle 6 (n_entries=6, leader_commit=2)
246186.4ms Leader 0 SENDING AppendEntries to vehicle 1 (n_entries=4, leader_commit=2)
246186.4ms Leader 0 SENDING AppendEntries to vehicle 4 (n_entries=6, leader_commit=2)
246186.4ms Leader 0 SENDING AppendEntries to vehicle 5 (n_entries=6, leader_commit=2)
246186.4ms Leader 0 SENDING AppendEntries to vehicle 6 (n_entries=6, leader_commit=2)
246326.4ms Leader 0 SENDING AppendEntries to vehicle 1 (n_entries=4, leader_commit=2)
246326.4ms Leader 0 SENDING AppendEntries to vehicle 4 (n_entries=6, leader_commit=2)
246326.4ms Leader 0 SENDING AppendEntries to vehicle 5 (n_entries=6, leader_commit=2)
246326.4ms Leader 0 SENDING AppendEntries to vehicle 6 (n_entries=6, leader_commit=2)
246466.4ms Leader 0 SENDING AppendEntries to vehicle 1 (n_entries=4, leader_commit=2)
246466.4ms Leader 0 SENDING AppendEntries to vehicle 4 (n_entries=6, leader_commit=2)
246466.4ms Leader 0 SENDING AppendEntries to vehicle 5 (n_entries=6, leader_commit=2)
246466.4ms Leader 0 SENDING AppendEntries to vehicle 6 (n_entries=6, leader_commit=2)
246606.4ms Leader 0 SENDING AppendEntries to vehicle 1 (n_entries=4, leader_commit=2)
246606.4ms Leader 0 SENDING AppendEntries to vehicle 4 (n_entries=6, leader_commit=2)
246606.4ms Leader 0 SENDING AppendEntries to vehicle 5 (n_entries=6, leader_commit=2)
246606.4ms Leader 0 SENDING AppendEntries to vehicle 6 (n_entries=6, leader_commit=2)
246746.4ms Leader 0 SENDING AppendEntries to vehicle 1 (n_entries=4, leader_commit=2)
246746.4ms Leader 0 SENDING AppendEntries to vehicle 4 (n_entries=6, leader_commit=2)
246746.4ms Leader 0 SENDING AppendEntries to vehicle 5 (n_entries=6, leader_commit=2)
246746.4ms Leader 0 SENDING AppendEntries to vehicle 6 (n_entries=6, leader_commit=2)
246886.4ms Leader 0 SENDING AppendEntries to vehicle 1 (n_entries=4, leader_commit=2)
246886.4ms Leader 0 SENDING AppendEntries to vehicle 4 (n_entries=6, leader_commit=2)
246886.4ms Leader 0 SENDING AppendEntries to vehicle 5 (n_entries=6, leader_commit=2)
246886.4ms Leader 0 SENDING AppendEntries to vehicle 6 (n_entries=6, leader_commit=2)
247026.4ms Leader 0 SENDING AppendEntries to vehicle 1 (n_entries=4, leader_commit=2)
247026.4ms Leader 0 SENDING AppendEntries to vehicle 4 (n_entries=6, leader_commit=2)
247026.4ms Leader 0 SENDING AppendEntries to vehicle 5 (n_entries=6, leader_commit=2)
247026.4ms Leader 0 SENDING AppendEntries to vehicle 6 (n_entries=6, leader_commit=2)
247166.4ms Leader 0 SENDING AppendEntries to vehicle 1 (n_entries=4, leader_commit=2)
247166.4ms Leader 0 SENDING AppendEntries to vehicle 4 (n_entries=6, leader_commit=2)
247166.4ms Leader 0 SENDING AppendEntries to vehicle 5 (n_entries=6, leader_commit=2)
247166.4ms Leader 0 SENDING AppendEntries to vehicle 6 (n_entries=6, leader_commit=2)
247306.4ms Leader 0 SENDING AppendEntries to vehicle 1 (n_entries=4, leader_commit=2)
247306.4ms Leader 0 SENDING AppendEntries to vehicle 4 (n_entries=6, leader_commit=2)
247306.4ms Leader 0 SENDING AppendEntries to vehicle 5 (n_entries=6, leader_commit=2)
247306.4ms Leader 0 SENDING AppendEntries to vehicle 6 (n_entries=6, leader_commit=2)
247446.4ms Leader 0 SENDING AppendEntries to vehicle 1 (n_entries=4, leader_commit=2)
247446.4ms Leader 0 SENDING AppendEntries to vehicle 4 (n_entries=6, leader_commit=2)
247446.4ms Leader 0 SENDING AppendEntries to vehicle 5 (n_entries=6, leader_commit=2)
247446.4ms Leader 0 SENDING AppendEntries to vehicle 6 (n_entries=6, leader_commit=2)
247586.4ms Leader 0 SENDING AppendEntries to vehicle 1 (n_entries=4, leader_commit=2)
247586.4ms Leader 0 SENDING AppendEntries to vehicle 4 (n_entries=6, leader_commit=2)
247586.4ms Leader 0 SENDING AppendEntries to vehicle 5 (n_entries=6, leader_commit=2)
247586.4ms Leader 0 SENDING AppendEntries to vehicle 6 (n_entries=6, leader_commit=2)
247726.4ms Leader 0 SENDING AppendEntries to vehicle 1 (n_entries=4, leader_commit=2)
247726.4ms Leader 0 SENDING AppendEntries to vehicle 4 (n_entries=6, leader_commit=2)
247726.4ms Leader 0 SENDING AppendEntries to vehicle 5 (n_entries=6, leader_commit=2)
247726.4ms Leader 0 SENDING AppendEntries to vehicle 6 (n_entries=6, leader_commit=2)
247866.4ms Leader 0 SENDING AppendEntries to vehicle 1 (n_entries=4, leader_commit=2)
247866.4ms Leader 0 SENDING AppendEntries to vehicle 4 (n_entries=6, leader_commit=2)
247866.4ms Leader 0 SENDING AppendEntries to vehicle 5 (n_entries=6, leader_commit=2)
247866.4ms Leader 0 SENDING AppendEntries to vehicle 6 (n_entries=6, leader_commit=2)
248006.4ms Leader 0 SENDING AppendEntries to vehicle 1 (n_entries=4, leader_commit=2)
248006.4ms Leader 0 SENDING AppendEntries to vehicle 4 (n_entries=6, leader_commit=2)
248006.4ms Leader 0 SENDING AppendEntries to vehicle 5 (n_entries=6, leader_commit=2)
248006.4ms Leader 0 SENDING AppendEntries to vehicle 6 (n_entries=6, leader_commit=2)
248146.4ms Leader 0 SENDING AppendEntries to vehicle 1 (n_entries=4, leader_commit=2)
248146.4ms Leader 0 SENDING AppendEntries to vehicle 4 (n_entries=6, leader_commit=2)
248146.4ms Leader 0 SENDING AppendEntries to vehicle 5 (n_entries=6, leader_commit=2)
248146.4ms Leader 0 SENDING AppendEntries to vehicle 6 (n_entries=6, leader_commit=2)
248286.4ms Leader 0 SENDING AppendEntries to vehicle 1 (n_entries=4, leader_commit=2)
248286.4ms Leader 0 SENDING AppendEntries to vehicle 4 (n_entries=6, leader_commit=2)
248286.4ms Leader 0 SENDING AppendEntries to vehicle 5 (n_entries=6, leader_commit=2)
248286.4ms Leader 0 SENDING AppendEntries to vehicle 6 (n_entries=6, leader_commit=2)
248426.4ms Leader 0 SENDING AppendEntries to vehicle 1 (n_entries=4, leader_commit=2)
248426.4ms Leader 0 SENDING AppendEntries to vehicle 4 (n_entries=6, leader_commit=2)
248426.4ms Leader 0 SENDING AppendEntries to vehicle 5 (n_entries=6, leader_commit=2)
248426.4ms Leader 0 SENDING AppendEntries to vehicle 6 (n_entries=6, leader_commit=2)
248566.4ms Leader 0 SENDING AppendEntries to vehicle 1 (n_entries=4, leader_commit=2)
248566.4ms Leader 0 SENDING AppendEntries to vehicle 4 (n_entries=6, leader_commit=2)
248566.4ms Leader 0 SENDING AppendEntries to vehicle 5 (n_entries=6, leader_commit=2)
248566.4ms Leader 0 SENDING AppendEntries to vehicle 6 (n_entries=6, leader_commit=2)
248706.4ms Leader 0 SENDING AppendEntries to vehicle 1 (n_entries=4, leader_commit=2)
248706.4ms Leader 0 SENDING AppendEntries to vehicle 4 (n_entries=6, leader_commit=2)
248706.4ms Leader 0 SENDING AppendEntries to vehicle 5 (n_entries=6, leader_commit=2)
248706.4ms Leader 0 SENDING AppendEntries to vehicle 6 (n_entries=6, leader_commit=2)
248846.4ms Leader 0 SENDING AppendEntries to vehicle 1 (n_entries=4, leader_commit=2)
248846.4ms Leader 0 SENDING AppendEntries to vehicle 4 (n_entries=6, leader_commit=2)
248846.4ms Leader 0 SENDING AppendEntries to vehicle 5 (n_entries=6, leader_commit=2)
248846.4ms Leader 0 SENDING AppendEntries to vehicle 6 (n_entries=6, leader_commit=2)
248986.4ms Leader 0 SENDING AppendEntries to vehicle 1 (n_entries=4, leader_commit=2)
248986.4ms Leader 0 SENDING AppendEntries to vehicle 4 (n_entries=6, leader_commit=2)
248986.4ms Leader 0 SENDING AppendEntries to vehicle 5 (n_entries=6, leader_commit=2)
248986.4ms Leader 0 SENDING AppendEntries to vehicle 6 (n_entries=6, leader_commit=2)
249126.4ms Leader 0 SENDING AppendEntries to vehicle 1 (n_entries=4, leader_commit=2)
249126.4ms Leader 0 SENDING AppendEntries to vehicle 4 (n_entries=6, leader_commit=2)
249126.4ms Leader 0 SENDING AppendEntries to vehicle 5 (n_entries=6, leader_commit=2)
249126.4ms Leader 0 SENDING AppendEntries to vehicle 6 (n_entries=6, leader_commit=2)
249266.4ms Leader 0 SENDING AppendEntries to vehicle 1 (n_entries=4, leader_commit=2)
249266.4ms Leader 0 SENDING AppendEntries to vehicle 4 (n_entries=6, leader_commit=2)
249266.4ms Leader 0 SENDING AppendEntries to vehicle 5 (n_entries=6, leader_commit=2)
249266.4ms Leader 0 SENDING AppendEntries to vehicle 6 (n_entries=6, leader_commit=2)
249406.4ms Leader 0 SENDING AppendEntries to vehicle 1 (n_entries=4, leader_commit=2)
249406.4ms Leader 0 SENDING AppendEntries to vehicle 4 (n_entries=6, leader_commit=2)
249406.4ms Leader 0 SENDING AppendEntries to vehicle 5 (n_entries=6, leader_commit=2)
249406.4ms Leader 0 SENDING AppendEntries to vehicle 6 (n_entries=6, leader_commit=2)
249546.4ms Leader 0 SENDING AppendEntries to vehicle 1 (n_entries=4, leader_commit=2)
249546.4ms Leader 0 SENDING AppendEntries to vehicle 4 (n_entries=6, leader_commit=2)
249546.4ms Leader 0 SENDING AppendEntries to vehicle 5 (n_entries=6, leader_commit=2)
249546.4ms Leader 0 SENDING AppendEntries to vehicle 6 (n_entries=6, leader_commit=2)
249686.4ms Leader 0 SENDING AppendEntries to vehicle 1 (n_entries=4, leader_commit=2)
249686.4ms Leader 0 SENDING AppendEntries to vehicle 4 (n_entries=6, leader_commit=2)
249686.4ms Leader 0 SENDING AppendEntries to vehicle 5 (n_entries=6, leader_commit=2)
249686.4ms Leader 0 SENDING AppendEntries to vehicle 6 (n_entries=6, leader_commit=2)
249826.4ms Leader 0 SENDING AppendEntries to vehicle 1 (n_entries=4, leader_commit=2)
249826.4ms Leader 0 SENDING AppendEntries to vehicle 4 (n_entries=6, leader_commit=2)
249826.4ms Leader 0 SENDING AppendEntries to vehicle 5 (n_entries=6, leader_commit=2)
249826.4ms Leader 0 SENDING AppendEntries to vehicle 6 (n_entries=6, leader_commit=2)
249966.4ms Leader 0 SENDING AppendEntries to vehicle 1 (n_entries=4, leader_commit=2)
249966.4ms Leader 0 SENDING AppendEntries to vehicle 4 (n_entries=6, leader_commit=2)
249966.4ms Leader 0 SENDING AppendEntries to vehicle 5 (n_entries=6, leader_commit=2)
249966.4ms Leader 0 SENDING AppendEntries to vehicle 6 (n_entries=6, leader_commit=2)
250106.4ms Leader 0 SENDING AppendEntries to vehicle 1 (n_entries=4, leader_commit=2)
250106.4ms Leader 0 SENDING AppendEntries to vehicle 4 (n_entries=6, leader_commit=2)
250106.4ms Leader 0 SENDING AppendEntries to vehicle 5 (n_entries=6, leader_commit=2)
250106.4ms Leader 0 SENDING AppendEntries to vehicle 6 (n_entries=6, leader_commit=2)
250246.4ms Leader 0 SENDING AppendEntries to vehicle 1 (n_entries=4, leader_commit=2)
250246.4ms Leader 0 SENDING AppendEntries to vehicle 4 (n_entries=6, leader_commit=2)
250246.4ms Leader 0 SENDING AppendEntries to vehicle 5 (n_entries=6, leader_commit=2)
250246.4ms Leader 0 SENDING AppendEntries to vehicle 6 (n_entries=6, leader_commit=2)
250386.4ms Leader 0 SENDING AppendEntries to vehicle 1 (n_entries=4, leader_commit=2)
250386.4ms Leader 0 SENDING AppendEntries to vehicle 4 (n_entries=6, leader_commit=2)
250386.4ms Leader 0 SENDING AppendEntries to vehicle 5 (n_entries=6, leader_commit=2)
250386.4ms Leader 0 SENDING AppendEntries to vehicle 6 (n_entries=6, leader_commit=2)
250526.4ms Leader 0 SENDING AppendEntries to vehicle 1 (n_entries=4, leader_commit=2)
250526.4ms Leader 0 SENDING AppendEntries to vehicle 4 (n_entries=6, leader_commit=2)
250526.4ms Leader 0 SENDING AppendEntries to vehicle 5 (n_entries=6, leader_commit=2)
250526.4ms Leader 0 SENDING AppendEntries to vehicle 6 (n_entries=6, leader_commit=2)
250666.4ms Leader 0 SENDING AppendEntries to vehicle 1 (n_entries=4, leader_commit=2)
250666.4ms Leader 0 SENDING AppendEntries to vehicle 4 (n_entries=6, leader_commit=2)
250666.4ms Leader 0 SENDING AppendEntries to vehicle 5 (n_entries=6, leader_commit=2)
250666.4ms Leader 0 SENDING AppendEntries to vehicle 6 (n_entries=6, leader_commit=2)
250806.4ms Leader 0 SENDING AppendEntries to vehicle 1 (n_entries=4, leader_commit=2)
250806.4ms Leader 0 SENDING AppendEntries to vehicle 4 (n_entries=6, leader_commit=2)
250806.4ms Leader 0 SENDING AppendEntries to vehicle 5 (n_entries=6, leader_commit=2)
250806.4ms Leader 0 SENDING AppendEntries to vehicle 6 (n_entries=6, leader_commit=2)
250946.4ms Leader 0 SENDING AppendEntries to vehicle 1 (n_entries=4, leader_commit=2)
250946.4ms Leader 0 SENDING AppendEntries to vehicle 4 (n_entries=6, leader_commit=2)
250946.4ms Leader 0 SENDING AppendEntries to vehicle 5 (n_entries=6, leader_commit=2)
250946.4ms Leader 0 SENDING AppendEntries to vehicle 6 (n_entries=6, leader_commit=2)
251086.4ms Leader 0 SENDING AppendEntries to vehicle 1 (n_entries=4, leader_commit=2)
251086.4ms Leader 0 SENDING AppendEntries to vehicle 4 (n_entries=6, leader_commit=2)
251086.4ms Leader 0 SENDING AppendEntries to vehicle 5 (n_entries=6, leader_commit=2)
251086.4ms Leader 0 SENDING AppendEntries to vehicle 6 (n_entries=6, leader_commit=2)
251226.4ms Leader 0 SENDING AppendEntries to vehicle 1 (n_entries=4, leader_commit=2)
251226.4ms Leader 0 SENDING AppendEntries to vehicle 4 (n_entries=6, leader_commit=2)
251226.4ms Leader 0 SENDING AppendEntries to vehicle 5 (n_entries=6, leader_commit=2)
251226.4ms Leader 0 SENDING AppendEntries to vehicle 6 (n_entries=6, leader_commit=2)
251366.4ms Leader 0 SENDING AppendEntries to vehicle 1 (n_entries=4, leader_commit=2)
251366.4ms Leader 0 SENDING AppendEntries to vehicle 4 (n_entries=6, leader_commit=2)
251366.4ms Leader 0 SENDING AppendEntries to vehicle 5 (n_entries=6, leader_commit=2)
251366.4ms Leader 0 SENDING AppendEntries to vehicle 6 (n_entries=6, leader_commit=2)
251506.4ms Leader 0 SENDING AppendEntries to vehicle 1 (n_entries=4, leader_commit=2)
251506.4ms Leader 0 SENDING AppendEntries to vehicle 4 (n_entries=6, leader_commit=2)
251506.4ms Leader 0 SENDING AppendEntries to vehicle 5 (n_entries=6, leader_commit=2)
251506.4ms Leader 0 SENDING AppendEntries to vehicle 6 (n_entries=6, leader_commit=2)
251646.4ms Leader 0 SENDING AppendEntries to vehicle 1 (n_entries=4, leader_commit=2)
251646.4ms Leader 0 SENDING AppendEntries to vehicle 4 (n_entries=6, leader_commit=2)
251646.4ms Leader 0 SENDING AppendEntries to vehicle 5 (n_entries=6, leader_commit=2)
251646.4ms Leader 0 SENDING AppendEntries to vehicle 6 (n_entries=6, leader_commit=2)
251786.4ms Leader 0 SENDING AppendEntries to vehicle 1 (n_entries=4, leader_commit=2)
251786.4ms Leader 0 SENDING AppendEntries to vehicle 4 (n_entries=6, leader_commit=2)
251786.4ms Leader 0 SENDING AppendEntries to vehicle 5 (n_entries=6, leader_commit=2)
251786.4ms Leader 0 SENDING AppendEntries to vehicle 6 (n_entries=6, leader_commit=2)
251926.4ms Leader 0 SENDING AppendEntries to vehicle 1 (n_entries=4, leader_commit=2)
251926.4ms Leader 0 SENDING AppendEntries to vehicle 4 (n_entries=6, leader_commit=2)
251926.4ms Leader 0 SENDING AppendEntries to vehicle 5 (n_entries=6, leader_commit=2)
251926.4ms Leader 0 SENDING AppendEntries to vehicle 6 (n_entries=6, leader_commit=2)
252066.4ms Leader 0 SENDING AppendEntries to vehicle 1 (n_entries=4, leader_commit=2)
252066.4ms Leader 0 SENDING AppendEntries to vehicle 4 (n_entries=6, leader_commit=2)
252066.4ms Leader 0 SENDING AppendEntries to vehicle 5 (n_entries=6, leader_commit=2)
252066.4ms Leader 0 SENDING AppendEntries to vehicle 6 (n_entries=6, leader_commit=2)
252206.4ms Leader 0 SENDING AppendEntries to vehicle 1 (n_entries=4, leader_commit=2)
252206.4ms Leader 0 SENDING AppendEntries to vehicle 4 (n_entries=6, leader_commit=2)
252206.4ms Leader 0 SENDING AppendEntries to vehicle 5 (n_entries=6, leader_commit=2)
252206.4ms Leader 0 SENDING AppendEntries to vehicle 6 (n_entries=6, leader_commit=2)
252346.4ms Leader 0 SENDING AppendEntries to vehicle 1 (n_entries=4, leader_commit=2)
252346.4ms Leader 0 SENDING AppendEntries to vehicle 4 (n_entries=6, leader_commit=2)
252346.4ms Leader 0 SENDING AppendEntries to vehicle 5 (n_entries=6, leader_commit=2)
252346.4ms Leader 0 SENDING AppendEntries to vehicle 6 (n_entries=6, leader_commit=2)
252486.4ms Leader 0 SENDING AppendEntries to vehicle 1 (n_entries=4, leader_commit=2)
252486.4ms Leader 0 SENDING AppendEntries to vehicle 4 (n_entries=6, leader_commit=2)
252486.4ms Leader 0 SENDING AppendEntries to vehicle 5 (n_entries=6, leader_commit=2)
252486.4ms Leader 0 SENDING AppendEntries to vehicle 6 (n_entries=6, leader_commit=2)
252626.4ms Leader 0 SENDING AppendEntries to vehicle 1 (n_entries=4, leader_commit=2)
252626.4ms Leader 0 SENDING AppendEntries to vehicle 4 (n_entries=6, leader_commit=2)
252626.4ms Leader 0 SENDING AppendEntries to vehicle 5 (n_entries=6, leader_commit=2)
252626.4ms Leader 0 SENDING AppendEntries to vehicle 6 (n_entries=6, leader_commit=2)
252766.4ms Leader 0 SENDING AppendEntries to vehicle 1 (n_entries=4, leader_commit=2)
252766.4ms Leader 0 SENDING AppendEntries to vehicle 4 (n_entries=6, leader_commit=2)
252766.4ms Leader 0 SENDING AppendEntries to vehicle 5 (n_entries=6, leader_commit=2)
252766.4ms Leader 0 SENDING AppendEntries to vehicle 6 (n_entries=6, leader_commit=2)
252906.4ms Leader 0 SENDING AppendEntries to vehicle 1 (n_entries=4, leader_commit=2)
252906.4ms Leader 0 SENDING AppendEntries to vehicle 4 (n_entries=6, leader_commit=2)
252906.4ms Leader 0 SENDING AppendEntries to vehicle 5 (n_entries=6, leader_commit=2)
252906.4ms Leader 0 SENDING AppendEntries to vehicle 6 (n_entries=6, leader_commit=2)
253046.4ms Leader 0 SENDING AppendEntries to vehicle 1 (n_entries=4, leader_commit=2)
253046.4ms Leader 0 SENDING AppendEntries to vehicle 4 (n_entries=6, leader_commit=2)
253046.4ms Leader 0 SENDING AppendEntries to vehicle 5 (n_entries=6, leader_commit=2)
253046.4ms Leader 0 SENDING AppendEntries to vehicle 6 (n_entries=6, leader_commit=2)
253186.4ms Leader 0 SENDING AppendEntries to vehicle 1 (n_entries=4, leader_commit=2)
253186.4ms Leader 0 SENDING AppendEntries to vehicle 4 (n_entries=6, leader_commit=2)
253186.4ms Leader 0 SENDING AppendEntries to vehicle 5 (n_entries=6, leader_commit=2)
253186.4ms Leader 0 SENDING AppendEntries to vehicle 6 (n_entries=6, leader_commit=2)
253326.4ms Leader 0 SENDING AppendEntries to vehicle 1 (n_entries=4, leader_commit=2)
253326.4ms Leader 0 SENDING AppendEntries to vehicle 4 (n_entries=6, leader_commit=2)
253326.4ms Leader 0 SENDING AppendEntries to vehicle 5 (n_entries=6, leader_commit=2)
253326.4ms Leader 0 SENDING AppendEntries to vehicle 6 (n_entries=6, leader_commit=2)
253466.4ms Leader 0 SENDING AppendEntries to vehicle 1 (n_entries=4, leader_commit=2)
253466.4ms Leader 0 SENDING AppendEntries to vehicle 4 (n_entries=6, leader_commit=2)
253466.4ms Leader 0 SENDING AppendEntries to vehicle 5 (n_entries=6, leader_commit=2)
253466.4ms Leader 0 SENDING AppendEntries to vehicle 6 (n_entries=6, leader_commit=2)
253606.4ms Leader 0 SENDING AppendEntries to vehicle 1 (n_entries=4, leader_commit=2)
253606.4ms Leader 0 SENDING AppendEntries to vehicle 4 (n_entries=6, leader_commit=2)
253606.4ms Leader 0 SENDING AppendEntries to vehicle 5 (n_entries=6, leader_commit=2)
253606.4ms Leader 0 SENDING AppendEntries to vehicle 6 (n_entries=6, leader_commit=2)
253746.4ms Leader 0 SENDING AppendEntries to vehicle 1 (n_entries=4, leader_commit=2)
253746.4ms Leader 0 SENDING AppendEntries to vehicle 4 (n_entries=6, leader_commit=2)
253746.4ms Leader 0 SENDING AppendEntries to vehicle 5 (n_entries=6, leader_commit=2)
253746.4ms Leader 0 SENDING AppendEntries to vehicle 6 (n_entries=6, leader_commit=2)
253886.4ms Leader 0 SENDING AppendEntries to vehicle 1 (n_entries=4, leader_commit=2)
253886.4ms Leader 0 SENDING AppendEntries to vehicle 4 (n_entries=6, leader_commit=2)
253886.4ms Leader 0 SENDING AppendEntries to vehicle 5 (n_entries=6, leader_commit=2)
253886.4ms Leader 0 SENDING AppendEntries to vehicle 6 (n_entries=6, leader_commit=2)
254026.4ms Leader 0 SENDING AppendEntries to vehicle 1 (n_entries=4, leader_commit=2)
254026.4ms Leader 0 SENDING AppendEntries to vehicle 4 (n_entries=6, leader_commit=2)
254026.4ms Leader 0 SENDING AppendEntries to vehicle 5 (n_entries=6, leader_commit=2)
254026.4ms Leader 0 SENDING AppendEntries to vehicle 6 (n_entries=6, leader_commit=2)
254166.4ms Leader 0 SENDING AppendEntries to vehicle 1 (n_entries=4, leader_commit=2)
254166.4ms Leader 0 SENDING AppendEntries to vehicle 4 (n_entries=6, leader_commit=2)
254166.4ms Leader 0 SENDING AppendEntries to vehicle 5 (n_entries=6, leader_commit=2)
254166.4ms Leader 0 SENDING AppendEntries to vehicle 6 (n_entries=6, leader_commit=2)
254306.4ms Leader 0 SENDING AppendEntries to vehicle 1 (n_entries=4, leader_commit=2)
254306.4ms Leader 0 SENDING AppendEntries to vehicle 4 (n_entries=6, leader_commit=2)
254306.4ms Leader 0 SENDING AppendEntries to vehicle 5 (n_entries=6, leader_commit=2)
254306.4ms Leader 0 SENDING AppendEntries to vehicle 6 (n_entries=6, leader_commit=2)
254446.4ms Leader 0 SENDING AppendEntries to vehicle 1 (n_entries=4, leader_commit=2)
254446.4ms Leader 0 SENDING AppendEntries to vehicle 4 (n_entries=6, leader_commit=2)
254446.4ms Leader 0 SENDING AppendEntries to vehicle 5 (n_entries=6, leader_commit=2)
254446.4ms Leader 0 SENDING AppendEntries to vehicle 6 (n_entries=6, leader_commit=2)
254586.4ms Leader 0 SENDING AppendEntries to vehicle 1 (n_entries=4, leader_commit=2)
254586.4ms Leader 0 SENDING AppendEntries to vehicle 4 (n_entries=6, leader_commit=2)
254586.4ms Leader 0 SENDING AppendEntries to vehicle 5 (n_entries=6, leader_commit=2)
254586.4ms Leader 0 SENDING AppendEntries to vehicle 6 (n_entries=6, leader_commit=2)
254726.4ms Leader 0 SENDING AppendEntries to vehicle 1 (n_entries=4, leader_commit=2)
254726.4ms Leader 0 SENDING AppendEntries to vehicle 4 (n_entries=6, leader_commit=2)
254726.4ms Leader 0 SENDING AppendEntries to vehicle 5 (n_entries=6, leader_commit=2)
254726.4ms Leader 0 SENDING AppendEntries to vehicle 6 (n_entries=6, leader_commit=2)
254866.4ms Leader 0 SENDING AppendEntries to vehicle 1 (n_entries=4, leader_commit=2)
254866.4ms Leader 0 SENDING AppendEntries to vehicle 4 (n_entries=6, leader_commit=2)
254866.4ms Leader 0 SENDING AppendEntries to vehicle 5 (n_entries=6, leader_commit=2)
254866.4ms Leader 0 SENDING AppendEntries to vehicle 6 (n_entries=6, leader_commit=2)
255006.4ms Leader 0 SENDING AppendEntries to vehicle 1 (n_entries=4, leader_commit=2)
255006.4ms Leader 0 SENDING AppendEntries to vehicle 4 (n_entries=6, leader_commit=2)
255006.4ms Leader 0 SENDING AppendEntries to vehicle 5 (n_entries=6, leader_commit=2)
255006.4ms Leader 0 SENDING AppendEntries to vehicle 6 (n_entries=6, leader_commit=2)
255146.4ms Leader 0 SENDING AppendEntries to vehicle 1 (n_entries=4, leader_commit=2)
255146.4ms Leader 0 SENDING AppendEntries to vehicle 4 (n_entries=6, leader_commit=2)
255146.4ms Leader 0 SENDING AppendEntries to vehicle 5 (n_entries=6, leader_commit=2)
255146.4ms Leader 0 SENDING AppendEntries to vehicle 6 (n_entries=6, leader_commit=2)
255286.4ms Leader 0 SENDING AppendEntries to vehicle 1 (n_entries=4, leader_commit=2)
255286.4ms Leader 0 SENDING AppendEntries to vehicle 4 (n_entries=6, leader_commit=2)
255286.4ms Leader 0 SENDING AppendEntries to vehicle 5 (n_entries=6, leader_commit=2)
255286.4ms Leader 0 SENDING AppendEntries to vehicle 6 (n_entries=6, leader_commit=2)
255426.4ms Leader 0 SENDING AppendEntries to vehicle 1 (n_entries=4, leader_commit=2)
255426.4ms Leader 0 SENDING AppendEntries to vehicle 4 (n_entries=6, leader_commit=2)
255426.4ms Leader 0 SENDING AppendEntries to vehicle 5 (n_entries=6, leader_commit=2)
255426.4ms Leader 0 SENDING AppendEntries to vehicle 6 (n_entries=6, leader_commit=2)
255566.4ms Leader 0 SENDING AppendEntries to vehicle 1 (n_entries=4, leader_commit=2)
255566.4ms Leader 0 SENDING AppendEntries to vehicle 4 (n_entries=6, leader_commit=2)
255566.4ms Leader 0 SENDING AppendEntries to vehicle 5 (n_entries=6, leader_commit=2)
255566.4ms Leader 0 SENDING AppendEntries to vehicle 6 (n_entries=6, leader_commit=2)
255706.4ms Leader 0 SENDING AppendEntries to vehicle 1 (n_entries=4, leader_commit=2)
255706.4ms Leader 0 SENDING AppendEntries to vehicle 4 (n_entries=6, leader_commit=2)
255706.4ms Leader 0 SENDING AppendEntries to vehicle 5 (n_entries=6, leader_commit=2)
255706.4ms Leader 0 SENDING AppendEntries to vehicle 6 (n_entries=6, leader_commit=2)
255846.4ms Leader 0 SENDING AppendEntries to vehicle 1 (n_entries=4, leader_commit=2)
255846.4ms Leader 0 SENDING AppendEntries to vehicle 4 (n_entries=6, leader_commit=2)
255846.4ms Leader 0 SENDING AppendEntries to vehicle 5 (n_entries=6, leader_commit=2)
255846.4ms Leader 0 SENDING AppendEntries to vehicle 6 (n_entries=6, leader_commit=2)
255986.4ms Leader 0 SENDING AppendEntries to vehicle 1 (n_entries=4, leader_commit=2)
255986.4ms Leader 0 SENDING AppendEntries to vehicle 4 (n_entries=6, leader_commit=2)
255986.4ms Leader 0 SENDING AppendEntries to vehicle 5 (n_entries=6, leader_commit=2)
255986.4ms Leader 0 SENDING AppendEntries to vehicle 6 (n_entries=6, leader_commit=2)
256126.4ms Leader 0 SENDING AppendEntries to vehicle 1 (n_entries=4, leader_commit=2)
256126.4ms Leader 0 SENDING AppendEntries to vehicle 4 (n_entries=6, leader_commit=2)
256126.4ms Leader 0 SENDING AppendEntries to vehicle 5 (n_entries=6, leader_commit=2)
256126.4ms Leader 0 SENDING AppendEntries to vehicle 6 (n_entries=6, leader_commit=2)
256266.4ms Leader 0 SENDING AppendEntries to vehicle 1 (n_entries=4, leader_commit=2)
256266.4ms Leader 0 SENDING AppendEntries to vehicle 4 (n_entries=6, leader_commit=2)
256266.4ms Leader 0 SENDING AppendEntries to vehicle 5 (n_entries=6, leader_commit=2)
256266.4ms Leader 0 SENDING AppendEntries to vehicle 6 (n_entries=6, leader_commit=2)
256406.4ms Leader 0 SENDING AppendEntries to vehicle 1 (n_entries=4, leader_commit=2)
256406.4ms Leader 0 SENDING AppendEntries to vehicle 4 (n_entries=6, leader_commit=2)
256406.4ms Leader 0 SENDING AppendEntries to vehicle 5 (n_entries=6, leader_commit=2)
256406.4ms Leader 0 SENDING AppendEntries to vehicle 6 (n_entries=6, leader_commit=2)
256546.4ms Leader 0 SENDING AppendEntries to vehicle 1 (n_entries=4, leader_commit=2)
256546.4ms Leader 0 SENDING AppendEntries to vehicle 4 (n_entries=6, leader_commit=2)
256546.4ms Leader 0 SENDING AppendEntries to vehicle 5 (n_entries=6, leader_commit=2)
256546.4ms Leader 0 SENDING AppendEntries to vehicle 6 (n_entries=6, leader_commit=2)
256686.4ms Leader 0 SENDING AppendEntries to vehicle 1 (n_entries=4, leader_commit=2)
256686.4ms Leader 0 SENDING AppendEntries to vehicle 4 (n_entries=6, leader_commit=2)
256686.4ms Leader 0 SENDING AppendEntries to vehicle 5 (n_entries=6, leader_commit=2)
256686.4ms Leader 0 SENDING AppendEntries to vehicle 6 (n_entries=6, leader_commit=2)
256826.4ms Leader 0 SENDING AppendEntries to vehicle 1 (n_entries=4, leader_commit=2)
256826.4ms Leader 0 SENDING AppendEntries to vehicle 4 (n_entries=6, leader_commit=2)
256826.4ms Leader 0 SENDING AppendEntries to vehicle 5 (n_entries=6, leader_commit=2)
256826.4ms Leader 0 SENDING AppendEntries to vehicle 6 (n_entries=6, leader_commit=2)
256966.4ms Leader 0 SENDING AppendEntries to vehicle 1 (n_entries=4, leader_commit=2)
256966.4ms Leader 0 SENDING AppendEntries to vehicle 4 (n_entries=6, leader_commit=2)
256966.4ms Leader 0 SENDING AppendEntries to vehicle 5 (n_entries=6, leader_commit=2)
256966.4ms Leader 0 SENDING AppendEntries to vehicle 6 (n_entries=6, leader_commit=2)
257106.4ms Leader 0 SENDING AppendEntries to vehicle 1 (n_entries=4, leader_commit=2)
257106.4ms Leader 0 SENDING AppendEntries to vehicle 4 (n_entries=6, leader_commit=2)
257106.4ms Leader 0 SENDING AppendEntries to vehicle 5 (n_entries=6, leader_commit=2)
257106.4ms Leader 0 SENDING AppendEntries to vehicle 6 (n_entries=6, leader_commit=2)
257246.4ms Leader 0 SENDING AppendEntries to vehicle 1 (n_entries=4, leader_commit=2)
257246.4ms Leader 0 SENDING AppendEntries to vehicle 4 (n_entries=6, leader_commit=2)
257246.4ms Leader 0 SENDING AppendEntries to vehicle 5 (n_entries=6, leader_commit=2)
257246.4ms Leader 0 SENDING AppendEntries to vehicle 6 (n_entries=6, leader_commit=2)
257386.4ms Leader 0 SENDING AppendEntries to vehicle 1 (n_entries=4, leader_commit=2)
257386.4ms Leader 0 SENDING AppendEntries to vehicle 4 (n_entries=6, leader_commit=2)
257386.4ms Leader 0 SENDING AppendEntries to vehicle 5 (n_entries=6, leader_commit=2)
257386.4ms Leader 0 SENDING AppendEntries to vehicle 6 (n_entries=6, leader_commit=2)
257526.4ms Leader 0 SENDING AppendEntries to vehicle 1 (n_entries=4, leader_commit=2)
257526.4ms Leader 0 SENDING AppendEntries to vehicle 4 (n_entries=6, leader_commit=2)
257526.4ms Leader 0 SENDING AppendEntries to vehicle 5 (n_entries=6, leader_commit=2)
257526.4ms Leader 0 SENDING AppendEntries to vehicle 6 (n_entries=6, leader_commit=2)
257666.4ms Leader 0 SENDING AppendEntries to vehicle 1 (n_entries=4, leader_commit=2)
257666.4ms Leader 0 SENDING AppendEntries to vehicle 4 (n_entries=6, leader_commit=2)
257666.4ms Leader 0 SENDING AppendEntries to vehicle 5 (n_entries=6, leader_commit=2)
257666.4ms Leader 0 SENDING AppendEntries to vehicle 6 (n_entries=6, leader_commit=2)
257806.4ms Leader 0 SENDING AppendEntries to vehicle 1 (n_entries=4, leader_commit=2)
257806.4ms Leader 0 SENDING AppendEntries to vehicle 4 (n_entries=6, leader_commit=2)
257806.4ms Leader 0 SENDING AppendEntries to vehicle 5 (n_entries=6, leader_commit=2)
257806.4ms Leader 0 SENDING AppendEntries to vehicle 6 (n_entries=6, leader_commit=2)
257946.4ms Leader 0 SENDING AppendEntries to vehicle 1 (n_entries=4, leader_commit=2)
257946.4ms Leader 0 SENDING AppendEntries to vehicle 4 (n_entries=6, leader_commit=2)
257946.4ms Leader 0 SENDING AppendEntries to vehicle 5 (n_entries=6, leader_commit=2)
257946.4ms Leader 0 SENDING AppendEntries to vehicle 6 (n_entries=6, leader_commit=2)
258086.4ms Leader 0 SENDING AppendEntries to vehicle 1 (n_entries=4, leader_commit=2)
258086.4ms Leader 0 SENDING AppendEntries to vehicle 4 (n_entries=6, leader_commit=2)
258086.4ms Leader 0 SENDING AppendEntries to vehicle 5 (n_entries=6, leader_commit=2)
258086.4ms Leader 0 SENDING AppendEntries to vehicle 6 (n_entries=6, leader_commit=2)
258226.4ms Leader 0 SENDING AppendEntries to vehicle 1 (n_entries=4, leader_commit=2)
258226.4ms Leader 0 SENDING AppendEntries to vehicle 4 (n_entries=6, leader_commit=2)
258226.4ms Leader 0 SENDING AppendEntries to vehicle 5 (n_entries=6, leader_commit=2)
258226.4ms Leader 0 SENDING AppendEntries to vehicle 6 (n_entries=6, leader_commit=2)
258366.4ms Leader 0 SENDING AppendEntries to vehicle 1 (n_entries=4, leader_commit=2)
258366.4ms Leader 0 SENDING AppendEntries to vehicle 4 (n_entries=6, leader_commit=2)
258366.4ms Leader 0 SENDING AppendEntries to vehicle 5 (n_entries=6, leader_commit=2)
258366.4ms Leader 0 SENDING AppendEntries to vehicle 6 (n_entries=6, leader_commit=2)
258506.4ms Leader 0 SENDING AppendEntries to vehicle 1 (n_entries=4, leader_commit=2)
258506.4ms Leader 0 SENDING AppendEntries to vehicle 4 (n_entries=6, leader_commit=2)
258506.4ms Leader 0 SENDING AppendEntries to vehicle 5 (n_entries=6, leader_commit=2)
258506.4ms Leader 0 SENDING AppendEntries to vehicle 6 (n_entries=6, leader_commit=2)
258646.4ms Leader 0 SENDING AppendEntries to vehicle 1 (n_entries=4, leader_commit=2)
258646.4ms Leader 0 SENDING AppendEntries to vehicle 4 (n_entries=6, leader_commit=2)
258646.4ms Leader 0 SENDING AppendEntries to vehicle 5 (n_entries=6, leader_commit=2)
258646.4ms Leader 0 SENDING AppendEntries to vehicle 6 (n_entries=6, leader_commit=2)
258786.4ms Leader 0 SENDING AppendEntries to vehicle 1 (n_entries=4, leader_commit=2)
258786.4ms Leader 0 SENDING AppendEntries to vehicle 4 (n_entries=6, leader_commit=2)
258786.4ms Leader 0 SENDING AppendEntries to vehicle 5 (n_entries=6, leader_commit=2)
258786.4ms Leader 0 SENDING AppendEntries to vehicle 6 (n_entries=6, leader_commit=2)
258926.4ms Leader 0 SENDING AppendEntries to vehicle 1 (n_entries=4, leader_commit=2)
258926.4ms Leader 0 SENDING AppendEntries to vehicle 4 (n_entries=6, leader_commit=2)
258926.4ms Leader 0 SENDING AppendEntries to vehicle 5 (n_entries=6, leader_commit=2)
258926.4ms Leader 0 SENDING AppendEntries to vehicle 6 (n_entries=6, leader_commit=2)
259066.4ms Leader 0 SENDING AppendEntries to vehicle 1 (n_entries=4, leader_commit=2)
259066.4ms Leader 0 SENDING AppendEntries to vehicle 4 (n_entries=6, leader_commit=2)
259066.4ms Leader 0 SENDING AppendEntries to vehicle 5 (n_entries=6, leader_commit=2)
259066.4ms Leader 0 SENDING AppendEntries to vehicle 6 (n_entries=6, leader_commit=2)
259206.4ms Leader 0 SENDING AppendEntries to vehicle 1 (n_entries=4, leader_commit=2)
259206.4ms Leader 0 SENDING AppendEntries to vehicle 4 (n_entries=6, leader_commit=2)
259206.4ms Leader 0 SENDING AppendEntries to vehicle 5 (n_entries=6, leader_commit=2)
259206.4ms Leader 0 SENDING AppendEntries to vehicle 6 (n_entries=6, leader_commit=2)
259346.4ms Leader 0 SENDING AppendEntries to vehicle 1 (n_entries=4, leader_commit=2)
259346.4ms Leader 0 SENDING AppendEntries to vehicle 4 (n_entries=6, leader_commit=2)
259346.4ms Leader 0 SENDING AppendEntries to vehicle 5 (n_entries=6, leader_commit=2)
259346.4ms Leader 0 SENDING AppendEntries to vehicle 6 (n_entries=6, leader_commit=2)
259486.4ms Leader 0 SENDING AppendEntries to vehicle 1 (n_entries=4, leader_commit=2)
259486.4ms Leader 0 SENDING AppendEntries to vehicle 4 (n_entries=6, leader_commit=2)
259486.4ms Leader 0 SENDING AppendEntries to vehicle 5 (n_entries=6, leader_commit=2)
259486.4ms Leader 0 SENDING AppendEntries to vehicle 6 (n_entries=6, leader_commit=2)
259626.4ms Leader 0 SENDING AppendEntries to vehicle 1 (n_entries=4, leader_commit=2)
259626.4ms Leader 0 SENDING AppendEntries to vehicle 4 (n_entries=6, leader_commit=2)
259626.4ms Leader 0 SENDING AppendEntries to vehicle 5 (n_entries=6, leader_commit=2)
259626.4ms Leader 0 SENDING AppendEntries to vehicle 6 (n_entries=6, leader_commit=2)
259766.4ms Leader 0 SENDING AppendEntries to vehicle 1 (n_entries=4, leader_commit=2)
259766.4ms Leader 0 SENDING AppendEntries to vehicle 4 (n_entries=6, leader_commit=2)
259766.4ms Leader 0 SENDING AppendEntries to vehicle 5 (n_entries=6, leader_commit=2)
259766.4ms Leader 0 SENDING AppendEntries to vehicle 6 (n_entries=6, leader_commit=2)
259906.4ms Leader 0 SENDING AppendEntries to vehicle 1 (n_entries=4, leader_commit=2)
259906.4ms Leader 0 SENDING AppendEntries to vehicle 4 (n_entries=6, leader_commit=2)
259906.4ms Leader 0 SENDING AppendEntries to vehicle 5 (n_entries=6, leader_commit=2)
259906.4ms Leader 0 SENDING AppendEntries to vehicle 6 (n_entries=6, leader_commit=2)
260046.4ms Leader 0 SENDING AppendEntries to vehicle 1 (n_entries=4, leader_commit=2)
260046.4ms Leader 0 SENDING AppendEntries to vehicle 4 (n_entries=6, leader_commit=2)
260046.4ms Leader 0 SENDING AppendEntries to vehicle 5 (n_entries=6, leader_commit=2)
260046.4ms Leader 0 SENDING AppendEntries to vehicle 6 (n_entries=6, leader_commit=2)
260186.4ms Leader 0 SENDING AppendEntries to vehicle 1 (n_entries=4, leader_commit=2)
260186.4ms Leader 0 SENDING AppendEntries to vehicle 4 (n_entries=6, leader_commit=2)
260186.4ms Leader 0 SENDING AppendEntries to vehicle 5 (n_entries=6, leader_commit=2)
260186.4ms Leader 0 SENDING AppendEntries to vehicle 6 (n_entries=6, leader_commit=2)
260326.4ms Leader 0 SENDING AppendEntries to vehicle 1 (n_entries=4, leader_commit=2)
260326.4ms Leader 0 SENDING AppendEntries to vehicle 4 (n_entries=6, leader_commit=2)
260326.4ms Leader 0 SENDING AppendEntries to vehicle 5 (n_entries=6, leader_commit=2)
260326.4ms Leader 0 SENDING AppendEntries to vehicle 6 (n_entries=6, leader_commit=2)
260466.4ms Leader 0 SENDING AppendEntries to vehicle 1 (n_entries=4, leader_commit=2)
260466.4ms Leader 0 SENDING AppendEntries to vehicle 4 (n_entries=6, leader_commit=2)
260466.4ms Leader 0 SENDING AppendEntries to vehicle 5 (n_entries=6, leader_commit=2)
260466.4ms Leader 0 SENDING AppendEntries to vehicle 6 (n_entries=6, leader_commit=2)
260606.4ms Leader 0 SENDING AppendEntries to vehicle 1 (n_entries=4, leader_commit=2)
260606.4ms Leader 0 SENDING AppendEntries to vehicle 4 (n_entries=6, leader_commit=2)
260606.4ms Leader 0 SENDING AppendEntries to vehicle 5 (n_entries=6, leader_commit=2)
260606.4ms Leader 0 SENDING AppendEntries to vehicle 6 (n_entries=6, leader_commit=2)
260746.4ms Leader 0 SENDING AppendEntries to vehicle 1 (n_entries=4, leader_commit=2)
260746.4ms Leader 0 SENDING AppendEntries to vehicle 4 (n_entries=6, leader_commit=2)
260746.4ms Leader 0 SENDING AppendEntries to vehicle 5 (n_entries=6, leader_commit=2)
260746.4ms Leader 0 SENDING AppendEntries to vehicle 6 (n_entries=6, leader_commit=2)
260886.4ms Leader 0 SENDING AppendEntries to vehicle 1 (n_entries=4, leader_commit=2)
260886.4ms Leader 0 SENDING AppendEntries to vehicle 4 (n_entries=6, leader_commit=2)
260886.4ms Leader 0 SENDING AppendEntries to vehicle 5 (n_entries=6, leader_commit=2)
260886.4ms Leader 0 SENDING AppendEntries to vehicle 6 (n_entries=6, leader_commit=2)
261026.4ms Leader 0 SENDING AppendEntries to vehicle 1 (n_entries=4, leader_commit=2)
261026.4ms Leader 0 SENDING AppendEntries to vehicle 4 (n_entries=6, leader_commit=2)
261026.4ms Leader 0 SENDING AppendEntries to vehicle 5 (n_entries=6, leader_commit=2)
261026.4ms Leader 0 SENDING AppendEntries to vehicle 6 (n_entries=6, leader_commit=2)
261166.4ms Leader 0 SENDING AppendEntries to vehicle 1 (n_entries=4, leader_commit=2)
261166.4ms Leader 0 SENDING AppendEntries to vehicle 4 (n_entries=6, leader_commit=2)
261166.4ms Leader 0 SENDING AppendEntries to vehicle 5 (n_entries=6, leader_commit=2)
261166.4ms Leader 0 SENDING AppendEntries to vehicle 6 (n_entries=6, leader_commit=2)
261306.4ms Leader 0 SENDING AppendEntries to vehicle 1 (n_entries=4, leader_commit=2)
261306.4ms Leader 0 SENDING AppendEntries to vehicle 4 (n_entries=6, leader_commit=2)
261306.4ms Leader 0 SENDING AppendEntries to vehicle 5 (n_entries=6, leader_commit=2)
261306.4ms Leader 0 SENDING AppendEntries to vehicle 6 (n_entries=6, leader_commit=2)
261446.4ms Leader 0 SENDING AppendEntries to vehicle 1 (n_entries=4, leader_commit=2)
261446.4ms Leader 0 SENDING AppendEntries to vehicle 4 (n_entries=6, leader_commit=2)
261446.4ms Leader 0 SENDING AppendEntries to vehicle 5 (n_entries=6, leader_commit=2)
261446.4ms Leader 0 SENDING AppendEntries to vehicle 6 (n_entries=6, leader_commit=2)
261586.4ms Leader 0 SENDING AppendEntries to vehicle 1 (n_entries=4, leader_commit=2)
261586.4ms Leader 0 SENDING AppendEntries to vehicle 4 (n_entries=6, leader_commit=2)
261586.4ms Leader 0 SENDING AppendEntries to vehicle 5 (n_entries=6, leader_commit=2)
261586.4ms Leader 0 SENDING AppendEntries to vehicle 6 (n_entries=6, leader_commit=2)
261726.4ms Leader 0 SENDING AppendEntries to vehicle 1 (n_entries=4, leader_commit=2)
261726.4ms Leader 0 SENDING AppendEntries to vehicle 4 (n_entries=6, leader_commit=2)
261726.4ms Leader 0 SENDING AppendEntries to vehicle 5 (n_entries=6, leader_commit=2)
261726.4ms Leader 0 SENDING AppendEntries to vehicle 6 (n_entries=6, leader_commit=2)
261866.4ms Leader 0 SENDING AppendEntries to vehicle 1 (n_entries=4, leader_commit=2)
261866.4ms Leader 0 SENDING AppendEntries to vehicle 4 (n_entries=6, leader_commit=2)
261866.4ms Leader 0 SENDING AppendEntries to vehicle 5 (n_entries=6, leader_commit=2)
261866.4ms Leader 0 SENDING AppendEntries to vehicle 6 (n_entries=6, leader_commit=2)
262006.4ms Leader 0 SENDING AppendEntries to vehicle 1 (n_entries=4, leader_commit=2)
262006.4ms Leader 0 SENDING AppendEntries to vehicle 4 (n_entries=6, leader_commit=2)
262006.4ms Leader 0 SENDING AppendEntries to vehicle 5 (n_entries=6, leader_commit=2)
262006.4ms Leader 0 SENDING AppendEntries to vehicle 6 (n_entries=6, leader_commit=2)
262146.4ms Leader 0 SENDING AppendEntries to vehicle 1 (n_entries=4, leader_commit=2)
262146.4ms Leader 0 SENDING AppendEntries to vehicle 4 (n_entries=6, leader_commit=2)
262146.4ms Leader 0 SENDING AppendEntries to vehicle 5 (n_entries=6, leader_commit=2)
262146.4ms Leader 0 SENDING AppendEntries to vehicle 6 (n_entries=6, leader_commit=2)
262286.4ms Leader 0 SENDING AppendEntries to vehicle 1 (n_entries=4, leader_commit=2)
262286.4ms Leader 0 SENDING AppendEntries to vehicle 4 (n_entries=6, leader_commit=2)
262286.4ms Leader 0 SENDING AppendEntries to vehicle 5 (n_entries=6, leader_commit=2)
262286.4ms Leader 0 SENDING AppendEntries to vehicle 6 (n_entries=6, leader_commit=2)
262426.4ms Leader 0 SENDING AppendEntries to vehicle 1 (n_entries=4, leader_commit=2)
262426.4ms Leader 0 SENDING AppendEntries to vehicle 4 (n_entries=6, leader_commit=2)
262426.4ms Leader 0 SENDING AppendEntries to vehicle 5 (n_entries=6, leader_commit=2)
262426.4ms Leader 0 SENDING AppendEntries to vehicle 6 (n_entries=6, leader_commit=2)
262566.4ms Leader 0 SENDING AppendEntries to vehicle 1 (n_entries=4, leader_commit=2)
262566.4ms Leader 0 SENDING AppendEntries to vehicle 4 (n_entries=6, leader_commit=2)
262566.4ms Leader 0 SENDING AppendEntries to vehicle 5 (n_entries=6, leader_commit=2)
262566.4ms Leader 0 SENDING AppendEntries to vehicle 6 (n_entries=6, leader_commit=2)
262706.4ms Leader 0 SENDING AppendEntries to vehicle 1 (n_entries=4, leader_commit=2)
262706.4ms Leader 0 SENDING AppendEntries to vehicle 4 (n_entries=6, leader_commit=2)
262706.4ms Leader 0 SENDING AppendEntries to vehicle 5 (n_entries=6, leader_commit=2)
262706.4ms Leader 0 SENDING AppendEntries to vehicle 6 (n_entries=6, leader_commit=2)
262846.4ms Leader 0 SENDING AppendEntries to vehicle 1 (n_entries=4, leader_commit=2)
262846.4ms Leader 0 SENDING AppendEntries to vehicle 4 (n_entries=6, leader_commit=2)
262846.4ms Leader 0 SENDING AppendEntries to vehicle 5 (n_entries=6, leader_commit=2)
262846.4ms Leader 0 SENDING AppendEntries to vehicle 6 (n_entries=6, leader_commit=2)
262986.4ms Leader 0 SENDING AppendEntries to vehicle 1 (n_entries=4, leader_commit=2)
262986.4ms Leader 0 SENDING AppendEntries to vehicle 4 (n_entries=6, leader_commit=2)
262986.4ms Leader 0 SENDING AppendEntries to vehicle 5 (n_entries=6, leader_commit=2)
262986.4ms Leader 0 SENDING AppendEntries to vehicle 6 (n_entries=6, leader_commit=2)
263126.4ms Leader 0 SENDING AppendEntries to vehicle 1 (n_entries=4, leader_commit=2)
263126.4ms Leader 0 SENDING AppendEntries to vehicle 4 (n_entries=6, leader_commit=2)
263126.4ms Leader 0 SENDING AppendEntries to vehicle 5 (n_entries=6, leader_commit=2)
263126.4ms Leader 0 SENDING AppendEntries to vehicle 6 (n_entries=6, leader_commit=2)
263266.4ms Leader 0 SENDING AppendEntries to vehicle 1 (n_entries=4, leader_commit=2)
263266.4ms Leader 0 SENDING AppendEntries to vehicle 4 (n_entries=6, leader_commit=2)
263266.4ms Leader 0 SENDING AppendEntries to vehicle 5 (n_entries=6, leader_commit=2)
263266.4ms Leader 0 SENDING AppendEntries to vehicle 6 (n_entries=6, leader_commit=2)
263406.4ms Leader 0 SENDING AppendEntries to vehicle 1 (n_entries=4, leader_commit=2)
263406.4ms Leader 0 SENDING AppendEntries to vehicle 4 (n_entries=6, leader_commit=2)
263406.4ms Leader 0 SENDING AppendEntries to vehicle 5 (n_entries=6, leader_commit=2)
263406.4ms Leader 0 SENDING AppendEntries to vehicle 6 (n_entries=6, leader_commit=2)
263546.4ms Leader 0 SENDING AppendEntries to vehicle 1 (n_entries=4, leader_commit=2)
263546.4ms Leader 0 SENDING AppendEntries to vehicle 4 (n_entries=6, leader_commit=2)
263546.4ms Leader 0 SENDING AppendEntries to vehicle 5 (n_entries=6, leader_commit=2)
263546.4ms Leader 0 SENDING AppendEntries to vehicle 6 (n_entries=6, leader_commit=2)
263686.4ms Leader 0 SENDING AppendEntries to vehicle 1 (n_entries=4, leader_commit=2)
263686.4ms Leader 0 SENDING AppendEntries to vehicle 4 (n_entries=6, leader_commit=2)
263686.4ms Leader 0 SENDING AppendEntries to vehicle 5 (n_entries=6, leader_commit=2)
263686.4ms Leader 0 SENDING AppendEntries to vehicle 6 (n_entries=6, leader_commit=2)
263826.4ms Leader 0 SENDING AppendEntries to vehicle 1 (n_entries=4, leader_commit=2)
263826.4ms Leader 0 SENDING AppendEntries to vehicle 4 (n_entries=6, leader_commit=2)
263826.4ms Leader 0 SENDING AppendEntries to vehicle 5 (n_entries=6, leader_commit=2)
263826.4ms Leader 0 SENDING AppendEntries to vehicle 6 (n_entries=6, leader_commit=2)
263966.4ms Leader 0 SENDING AppendEntries to vehicle 1 (n_entries=4, leader_commit=2)
263966.4ms Leader 0 SENDING AppendEntries to vehicle 4 (n_entries=6, leader_commit=2)
263966.4ms Leader 0 SENDING AppendEntries to vehicle 5 (n_entries=6, leader_commit=2)
263966.4ms Leader 0 SENDING AppendEntries to vehicle 6 (n_entries=6, leader_commit=2)
264106.4ms Leader 0 SENDING AppendEntries to vehicle 1 (n_entries=4, leader_commit=2)
264106.4ms Leader 0 SENDING AppendEntries to vehicle 4 (n_entries=6, leader_commit=2)
264106.4ms Leader 0 SENDING AppendEntries to vehicle 5 (n_entries=6, leader_commit=2)
264106.4ms Leader 0 SENDING AppendEntries to vehicle 6 (n_entries=6, leader_commit=2)
264246.4ms Leader 0 SENDING AppendEntries to vehicle 1 (n_entries=4, leader_commit=2)
264246.4ms Leader 0 SENDING AppendEntries to vehicle 4 (n_entries=6, leader_commit=2)
264246.4ms Leader 0 SENDING AppendEntries to vehicle 5 (n_entries=6, leader_commit=2)
264246.4ms Leader 0 SENDING AppendEntries to vehicle 6 (n_entries=6, leader_commit=2)
264386.4ms Leader 0 SENDING AppendEntries to vehicle 1 (n_entries=4, leader_commit=2)
264386.4ms Leader 0 SENDING AppendEntries to vehicle 4 (n_entries=6, leader_commit=2)
264386.4ms Leader 0 SENDING AppendEntries to vehicle 5 (n_entries=6, leader_commit=2)
264386.4ms Leader 0 SENDING AppendEntries to vehicle 6 (n_entries=6, leader_commit=2)
264526.4ms Leader 0 SENDING AppendEntries to vehicle 1 (n_entries=4, leader_commit=2)
264526.4ms Leader 0 SENDING AppendEntries to vehicle 4 (n_entries=6, leader_commit=2)
264526.4ms Leader 0 SENDING AppendEntries to vehicle 5 (n_entries=6, leader_commit=2)
264526.4ms Leader 0 SENDING AppendEntries to vehicle 6 (n_entries=6, leader_commit=2)
264666.4ms Leader 0 SENDING AppendEntries to vehicle 1 (n_entries=4, leader_commit=2)
264666.4ms Leader 0 SENDING AppendEntries to vehicle 4 (n_entries=6, leader_commit=2)
264666.4ms Leader 0 SENDING AppendEntries to vehicle 5 (n_entries=6, leader_commit=2)
264666.4ms Leader 0 SENDING AppendEntries to vehicle 6 (n_entries=6, leader_commit=2)
264806.4ms Leader 0 SENDING AppendEntries to vehicle 1 (n_entries=4, leader_commit=2)
264806.4ms Leader 0 SENDING AppendEntries to vehicle 4 (n_entries=6, leader_commit=2)
264806.4ms Leader 0 SENDING AppendEntries to vehicle 5 (n_entries=6, leader_commit=2)
264806.4ms Leader 0 SENDING AppendEntries to vehicle 6 (n_entries=6, leader_commit=2)
264946.4ms Leader 0 SENDING AppendEntries to vehicle 1 (n_entries=4, leader_commit=2)
264946.4ms Leader 0 SENDING AppendEntries to vehicle 4 (n_entries=6, leader_commit=2)
264946.4ms Leader 0 SENDING AppendEntries to vehicle 5 (n_entries=6, leader_commit=2)
264946.4ms Leader 0 SENDING AppendEntries to vehicle 6 (n_entries=6, leader_commit=2)
265086.4ms Leader 0 SENDING AppendEntries to vehicle 1 (n_entries=4, leader_commit=2)
265086.4ms Leader 0 SENDING AppendEntries to vehicle 4 (n_entries=6, leader_commit=2)
265086.4ms Leader 0 SENDING AppendEntries to vehicle 5 (n_entries=6, leader_commit=2)
265086.4ms Leader 0 SENDING AppendEntries to vehicle 6 (n_entries=6, leader_commit=2)
265226.4ms Leader 0 SENDING AppendEntries to vehicle 1 (n_entries=4, leader_commit=2)
265226.4ms Leader 0 SENDING AppendEntries to vehicle 4 (n_entries=6, leader_commit=2)
265226.4ms Leader 0 SENDING AppendEntries to vehicle 5 (n_entries=6, leader_commit=2)
265226.4ms Leader 0 SENDING AppendEntries to vehicle 6 (n_entries=6, leader_commit=2)
265366.4ms Leader 0 SENDING AppendEntries to vehicle 1 (n_entries=4, leader_commit=2)
265366.4ms Leader 0 SENDING AppendEntries to vehicle 4 (n_entries=6, leader_commit=2)
265366.4ms Leader 0 SENDING AppendEntries to vehicle 5 (n_entries=6, leader_commit=2)
265366.4ms Leader 0 SENDING AppendEntries to vehicle 6 (n_entries=6, leader_commit=2)
265506.4ms Leader 0 SENDING AppendEntries to vehicle 1 (n_entries=4, leader_commit=2)
265506.4ms Leader 0 SENDING AppendEntries to vehicle 4 (n_entries=6, leader_commit=2)
265506.4ms Leader 0 SENDING AppendEntries to vehicle 5 (n_entries=6, leader_commit=2)
265506.4ms Leader 0 SENDING AppendEntries to vehicle 6 (n_entries=6, leader_commit=2)
265646.4ms Leader 0 SENDING AppendEntries to vehicle 1 (n_entries=4, leader_commit=2)
265646.4ms Leader 0 SENDING AppendEntries to vehicle 4 (n_entries=6, leader_commit=2)
265646.4ms Leader 0 SENDING AppendEntries to vehicle 5 (n_entries=6, leader_commit=2)
265646.4ms Leader 0 SENDING AppendEntries to vehicle 6 (n_entries=6, leader_commit=2)
265786.4ms Leader 0 SENDING AppendEntries to vehicle 1 (n_entries=4, leader_commit=2)
265786.4ms Leader 0 SENDING AppendEntries to vehicle 4 (n_entries=6, leader_commit=2)
265786.4ms Leader 0 SENDING AppendEntries to vehicle 5 (n_entries=6, leader_commit=2)
265786.4ms Leader 0 SENDING AppendEntries to vehicle 6 (n_entries=6, leader_commit=2)
265926.4ms Leader 0 SENDING AppendEntries to vehicle 1 (n_entries=4, leader_commit=2)
265926.4ms Leader 0 SENDING AppendEntries to vehicle 4 (n_entries=6, leader_commit=2)
265926.4ms Leader 0 SENDING AppendEntries to vehicle 5 (n_entries=6, leader_commit=2)
265926.4ms Leader 0 SENDING AppendEntries to vehicle 6 (n_entries=6, leader_commit=2)
266066.4ms Leader 0 SENDING AppendEntries to vehicle 1 (n_entries=4, leader_commit=2)
266066.4ms Leader 0 SENDING AppendEntries to vehicle 4 (n_entries=6, leader_commit=2)
266066.4ms Leader 0 SENDING AppendEntries to vehicle 5 (n_entries=6, leader_commit=2)
266066.4ms Leader 0 SENDING AppendEntries to vehicle 6 (n_entries=6, leader_commit=2)
266206.4ms Leader 0 SENDING AppendEntries to vehicle 1 (n_entries=4, leader_commit=2)
266206.4ms Leader 0 SENDING AppendEntries to vehicle 4 (n_entries=6, leader_commit=2)
266206.4ms Leader 0 SENDING AppendEntries to vehicle 5 (n_entries=6, leader_commit=2)
266206.4ms Leader 0 SENDING AppendEntries to vehicle 6 (n_entries=6, leader_commit=2)
266346.4ms Leader 0 SENDING AppendEntries to vehicle 1 (n_entries=4, leader_commit=2)
266346.4ms Leader 0 SENDING AppendEntries to vehicle 4 (n_entries=6, leader_commit=2)
266346.4ms Leader 0 SENDING AppendEntries to vehicle 5 (n_entries=6, leader_commit=2)
266346.4ms Leader 0 SENDING AppendEntries to vehicle 6 (n_entries=6, leader_commit=2)
266486.4ms Leader 0 SENDING AppendEntries to vehicle 1 (n_entries=4, leader_commit=2)
266486.4ms Leader 0 SENDING AppendEntries to vehicle 4 (n_entries=6, leader_commit=2)
266486.4ms Leader 0 SENDING AppendEntries to vehicle 5 (n_entries=6, leader_commit=2)
266486.4ms Leader 0 SENDING AppendEntries to vehicle 6 (n_entries=6, leader_commit=2)
266626.4ms Leader 0 SENDING AppendEntries to vehicle 1 (n_entries=4, leader_commit=2)
266626.4ms Leader 0 SENDING AppendEntries to vehicle 4 (n_entries=6, leader_commit=2)
266626.4ms Leader 0 SENDING AppendEntries to vehicle 5 (n_entries=6, leader_commit=2)
266626.4ms Leader 0 SENDING AppendEntries to vehicle 6 (n_entries=6, leader_commit=2)
266766.4ms Leader 0 SENDING AppendEntries to vehicle 1 (n_entries=4, leader_commit=2)
266766.4ms Leader 0 SENDING AppendEntries to vehicle 4 (n_entries=6, leader_commit=2)
266766.4ms Leader 0 SENDING AppendEntries to vehicle 5 (n_entries=6, leader_commit=2)
266766.4ms Leader 0 SENDING AppendEntries to vehicle 6 (n_entries=6, leader_commit=2)
266906.4ms Leader 0 SENDING AppendEntries to vehicle 1 (n_entries=4, leader_commit=2)
266906.4ms Leader 0 SENDING AppendEntries to vehicle 4 (n_entries=6, leader_commit=2)
266906.4ms Leader 0 SENDING AppendEntries to vehicle 5 (n_entries=6, leader_commit=2)
266906.4ms Leader 0 SENDING AppendEntries to vehicle 6 (n_entries=6, leader_commit=2)
267046.4ms Leader 0 SENDING AppendEntries to vehicle 1 (n_entries=4, leader_commit=2)
267046.4ms Leader 0 SENDING AppendEntries to vehicle 4 (n_entries=6, leader_commit=2)
267046.4ms Leader 0 SENDING AppendEntries to vehicle 5 (n_entries=6, leader_commit=2)
267046.4ms Leader 0 SENDING AppendEntries to vehicle 6 (n_entries=6, leader_commit=2)
267186.4ms Leader 0 SENDING AppendEntries to vehicle 1 (n_entries=4, leader_commit=2)
267186.4ms Leader 0 SENDING AppendEntries to vehicle 4 (n_entries=6, leader_commit=2)
267186.4ms Leader 0 SENDING AppendEntries to vehicle 5 (n_entries=6, leader_commit=2)
267186.4ms Leader 0 SENDING AppendEntries to vehicle 6 (n_entries=6, leader_commit=2)
267326.4ms Leader 0 SENDING AppendEntries to vehicle 1 (n_entries=4, leader_commit=2)
267326.4ms Leader 0 SENDING AppendEntries to vehicle 4 (n_entries=6, leader_commit=2)
267326.4ms Leader 0 SENDING AppendEntries to vehicle 5 (n_entries=6, leader_commit=2)
267326.4ms Leader 0 SENDING AppendEntries to vehicle 6 (n_entries=6, leader_commit=2)
267466.4ms Leader 0 SENDING AppendEntries to vehicle 1 (n_entries=4, leader_commit=2)
267466.4ms Leader 0 SENDING AppendEntries to vehicle 4 (n_entries=6, leader_commit=2)
267466.4ms Leader 0 SENDING AppendEntries to vehicle 5 (n_entries=6, leader_commit=2)
267466.4ms Leader 0 SENDING AppendEntries to vehicle 6 (n_entries=6, leader_commit=2)
267606.4ms Leader 0 SENDING AppendEntries to vehicle 1 (n_entries=4, leader_commit=2)
267606.4ms Leader 0 SENDING AppendEntries to vehicle 4 (n_entries=6, leader_commit=2)
267606.4ms Leader 0 SENDING AppendEntries to vehicle 5 (n_entries=6, leader_commit=2)
267606.4ms Leader 0 SENDING AppendEntries to vehicle 6 (n_entries=6, leader_commit=2)
267746.4ms Leader 0 SENDING AppendEntries to vehicle 1 (n_entries=4, leader_commit=2)
267746.4ms Leader 0 SENDING AppendEntries to vehicle 4 (n_entries=6, leader_commit=2)
267746.4ms Leader 0 SENDING AppendEntries to vehicle 5 (n_entries=6, leader_commit=2)
267746.4ms Leader 0 SENDING AppendEntries to vehicle 6 (n_entries=6, leader_commit=2)
267886.4ms Leader 0 SENDING AppendEntries to vehicle 1 (n_entries=4, leader_commit=2)
267886.4ms Leader 0 SENDING AppendEntries to vehicle 4 (n_entries=6, leader_commit=2)
267886.4ms Leader 0 SENDING AppendEntries to vehicle 5 (n_entries=6, leader_commit=2)
267886.4ms Leader 0 SENDING AppendEntries to vehicle 6 (n_entries=6, leader_commit=2)
268026.4ms Leader 0 SENDING AppendEntries to vehicle 1 (n_entries=4, leader_commit=2)
268026.4ms Leader 0 SENDING AppendEntries to vehicle 4 (n_entries=6, leader_commit=2)
268026.4ms Leader 0 SENDING AppendEntries to vehicle 5 (n_entries=6, leader_commit=2)
268026.4ms Leader 0 SENDING AppendEntries to vehicle 6 (n_entries=6, leader_commit=2)
268166.4ms Leader 0 SENDING AppendEntries to vehicle 1 (n_entries=4, leader_commit=2)
268166.4ms Leader 0 SENDING AppendEntries to vehicle 4 (n_entries=6, leader_commit=2)
268166.4ms Leader 0 SENDING AppendEntries to vehicle 5 (n_entries=6, leader_commit=2)
268166.4ms Leader 0 SENDING AppendEntries to vehicle 6 (n_entries=6, leader_commit=2)
268306.4ms Leader 0 SENDING AppendEntries to vehicle 1 (n_entries=4, leader_commit=2)
268306.4ms Leader 0 SENDING AppendEntries to vehicle 4 (n_entries=6, leader_commit=2)
268306.4ms Leader 0 SENDING AppendEntries to vehicle 5 (n_entries=6, leader_commit=2)
268306.4ms Leader 0 SENDING AppendEntries to vehicle 6 (n_entries=6, leader_commit=2)
268446.4ms Leader 0 SENDING AppendEntries to vehicle 1 (n_entries=4, leader_commit=2)
268446.4ms Leader 0 SENDING AppendEntries to vehicle 4 (n_entries=6, leader_commit=2)
268446.4ms Leader 0 SENDING AppendEntries to vehicle 5 (n_entries=6, leader_commit=2)
268446.4ms Leader 0 SENDING AppendEntries to vehicle 6 (n_entries=6, leader_commit=2)
268586.4ms Leader 0 SENDING AppendEntries to vehicle 1 (n_entries=4, leader_commit=2)
268586.4ms Leader 0 SENDING AppendEntries to vehicle 4 (n_entries=6, leader_commit=2)
268586.4ms Leader 0 SENDING AppendEntries to vehicle 5 (n_entries=6, leader_commit=2)
268586.4ms Leader 0 SENDING AppendEntries to vehicle 6 (n_entries=6, leader_commit=2)
268726.4ms Leader 0 SENDING AppendEntries to vehicle 1 (n_entries=4, leader_commit=2)
268726.4ms Leader 0 SENDING AppendEntries to vehicle 4 (n_entries=6, leader_commit=2)
268726.4ms Leader 0 SENDING AppendEntries to vehicle 5 (n_entries=6, leader_commit=2)
268726.4ms Leader 0 SENDING AppendEntries to vehicle 6 (n_entries=6, leader_commit=2)
268866.4ms Leader 0 SENDING AppendEntries to vehicle 1 (n_entries=4, leader_commit=2)
268866.4ms Leader 0 SENDING AppendEntries to vehicle 4 (n_entries=6, leader_commit=2)
268866.4ms Leader 0 SENDING AppendEntries to vehicle 5 (n_entries=6, leader_commit=2)
268866.4ms Leader 0 SENDING AppendEntries to vehicle 6 (n_entries=6, leader_commit=2)
269006.4ms Leader 0 SENDING AppendEntries to vehicle 1 (n_entries=4, leader_commit=2)
269006.4ms Leader 0 SENDING AppendEntries to vehicle 4 (n_entries=6, leader_commit=2)
269006.4ms Leader 0 SENDING AppendEntries to vehicle 5 (n_entries=6, leader_commit=2)
269006.4ms Leader 0 SENDING AppendEntries to vehicle 6 (n_entries=6, leader_commit=2)
269146.4ms Leader 0 SENDING AppendEntries to vehicle 1 (n_entries=4, leader_commit=2)
269146.4ms Leader 0 SENDING AppendEntries to vehicle 4 (n_entries=6, leader_commit=2)
269146.4ms Leader 0 SENDING AppendEntries to vehicle 5 (n_entries=6, leader_commit=2)
269146.4ms Leader 0 SENDING AppendEntries to vehicle 6 (n_entries=6, leader_commit=2)
269286.4ms Leader 0 SENDING AppendEntries to vehicle 1 (n_entries=4, leader_commit=2)
269286.4ms Leader 0 SENDING AppendEntries to vehicle 4 (n_entries=6, leader_commit=2)
269286.4ms Leader 0 SENDING AppendEntries to vehicle 5 (n_entries=6, leader_commit=2)
269286.4ms Leader 0 SENDING AppendEntries to vehicle 6 (n_entries=6, leader_commit=2)
269426.4ms Leader 0 SENDING AppendEntries to vehicle 1 (n_entries=4, leader_commit=2)
269426.4ms Leader 0 SENDING AppendEntries to vehicle 4 (n_entries=6, leader_commit=2)
269426.4ms Leader 0 SENDING AppendEntries to vehicle 5 (n_entries=6, leader_commit=2)
269426.4ms Leader 0 SENDING AppendEntries to vehicle 6 (n_entries=6, leader_commit=2)
269566.4ms Leader 0 SENDING AppendEntries to vehicle 1 (n_entries=4, leader_commit=2)
269566.4ms Leader 0 SENDING AppendEntries to vehicle 4 (n_entries=6, leader_commit=2)
269566.4ms Leader 0 SENDING AppendEntries to vehicle 5 (n_entries=6, leader_commit=2)
269566.4ms Leader 0 SENDING AppendEntries to vehicle 6 (n_entries=6, leader_commit=2)
269706.4ms Leader 0 SENDING AppendEntries to vehicle 1 (n_entries=4, leader_commit=2)
269706.4ms Leader 0 SENDING AppendEntries to vehicle 4 (n_entries=6, leader_commit=2)
269706.4ms Leader 0 SENDING AppendEntries to vehicle 5 (n_entries=6, leader_commit=2)
269706.4ms Leader 0 SENDING AppendEntries to vehicle 6 (n_entries=6, leader_commit=2)
269846.4ms Leader 0 SENDING AppendEntries to vehicle 1 (n_entries=4, leader_commit=2)
269846.4ms Leader 0 SENDING AppendEntries to vehicle 4 (n_entries=6, leader_commit=2)
269846.4ms Leader 0 SENDING AppendEntries to vehicle 5 (n_entries=6, leader_commit=2)
269846.4ms Leader 0 SENDING AppendEntries to vehicle 6 (n_entries=6, leader_commit=2)
269986.4ms Leader 0 SENDING AppendEntries to vehicle 1 (n_entries=4, leader_commit=2)
269986.4ms Leader 0 SENDING AppendEntries to vehicle 4 (n_entries=6, leader_commit=2)
269986.4ms Leader 0 SENDING AppendEntries to vehicle 5 (n_entries=6, leader_commit=2)
269986.4ms Leader 0 SENDING AppendEntries to vehicle 6 (n_entries=6, leader_commit=2)
270126.4ms Leader 0 SENDING AppendEntries to vehicle 1 (n_entries=4, leader_commit=2)
270126.4ms Leader 0 SENDING AppendEntries to vehicle 4 (n_entries=6, leader_commit=2)
270126.4ms Leader 0 SENDING AppendEntries to vehicle 5 (n_entries=6, leader_commit=2)
270126.4ms Leader 0 SENDING AppendEntries to vehicle 6 (n_entries=6, leader_commit=2)
270266.4ms Leader 0 SENDING AppendEntries to vehicle 1 (n_entries=4, leader_commit=2)
270266.4ms Leader 0 SENDING AppendEntries to vehicle 4 (n_entries=6, leader_commit=2)
270266.4ms Leader 0 SENDING AppendEntries to vehicle 5 (n_entries=6, leader_commit=2)
270266.4ms Leader 0 SENDING AppendEntries to vehicle 6 (n_entries=6, leader_commit=2)
270406.4ms Leader 0 SENDING AppendEntries to vehicle 1 (n_entries=4, leader_commit=2)
270406.4ms Leader 0 SENDING AppendEntries to vehicle 4 (n_entries=6, leader_commit=2)
270406.4ms Leader 0 SENDING AppendEntries to vehicle 5 (n_entries=6, leader_commit=2)
270406.4ms Leader 0 SENDING AppendEntries to vehicle 6 (n_entries=6, leader_commit=2)
270546.4ms Leader 0 SENDING AppendEntries to vehicle 1 (n_entries=4, leader_commit=2)
270546.4ms Leader 0 SENDING AppendEntries to vehicle 4 (n_entries=6, leader_commit=2)
270546.4ms Leader 0 SENDING AppendEntries to vehicle 5 (n_entries=6, leader_commit=2)
270546.4ms Leader 0 SENDING AppendEntries to vehicle 6 (n_entries=6, leader_commit=2)
270686.4ms Leader 0 SENDING AppendEntries to vehicle 1 (n_entries=4, leader_commit=2)
270686.4ms Leader 0 SENDING AppendEntries to vehicle 4 (n_entries=6, leader_commit=2)
270686.4ms Leader 0 SENDING AppendEntries to vehicle 5 (n_entries=6, leader_commit=2)
270686.4ms Leader 0 SENDING AppendEntries to vehicle 6 (n_entries=6, leader_commit=2)
270826.4ms Leader 0 SENDING AppendEntries to vehicle 1 (n_entries=4, leader_commit=2)
270826.4ms Leader 0 SENDING AppendEntries to vehicle 4 (n_entries=6, leader_commit=2)
270826.4ms Leader 0 SENDING AppendEntries to vehicle 5 (n_entries=6, leader_commit=2)
270826.4ms Leader 0 SENDING AppendEntries to vehicle 6 (n_entries=6, leader_commit=2)
270966.4ms Leader 0 SENDING AppendEntries to vehicle 1 (n_entries=4, leader_commit=2)
270966.4ms Leader 0 SENDING AppendEntries to vehicle 4 (n_entries=6, leader_commit=2)
270966.4ms Leader 0 SENDING AppendEntries to vehicle 5 (n_entries=6, leader_commit=2)
270966.4ms Leader 0 SENDING AppendEntries to vehicle 6 (n_entries=6, leader_commit=2)
271106.4ms Leader 0 SENDING AppendEntries to vehicle 1 (n_entries=4, leader_commit=2)
271106.4ms Leader 0 SENDING AppendEntries to vehicle 4 (n_entries=6, leader_commit=2)
271106.4ms Leader 0 SENDING AppendEntries to vehicle 5 (n_entries=6, leader_commit=2)
271106.4ms Leader 0 SENDING AppendEntries to vehicle 6 (n_entries=6, leader_commit=2)
271246.4ms Leader 0 SENDING AppendEntries to vehicle 1 (n_entries=4, leader_commit=2)
271246.4ms Leader 0 SENDING AppendEntries to vehicle 4 (n_entries=6, leader_commit=2)
271246.4ms Leader 0 SENDING AppendEntries to vehicle 5 (n_entries=6, leader_commit=2)
271246.4ms Leader 0 SENDING AppendEntries to vehicle 6 (n_entries=6, leader_commit=2)
271386.4ms Leader 0 SENDING AppendEntries to vehicle 1 (n_entries=4, leader_commit=2)
271386.4ms Leader 0 SENDING AppendEntries to vehicle 4 (n_entries=6, leader_commit=2)
271386.4ms Leader 0 SENDING AppendEntries to vehicle 5 (n_entries=6, leader_commit=2)
271386.4ms Leader 0 SENDING AppendEntries to vehicle 6 (n_entries=6, leader_commit=2)
271526.4ms Leader 0 SENDING AppendEntries to vehicle 1 (n_entries=4, leader_commit=2)
271526.4ms Leader 0 SENDING AppendEntries to vehicle 4 (n_entries=6, leader_commit=2)
271526.4ms Leader 0 SENDING AppendEntries to vehicle 5 (n_entries=6, leader_commit=2)
271526.4ms Leader 0 SENDING AppendEntries to vehicle 6 (n_entries=6, leader_commit=2)
271666.4ms Leader 0 SENDING AppendEntries to vehicle 1 (n_entries=4, leader_commit=2)
271666.4ms Leader 0 SENDING AppendEntries to vehicle 4 (n_entries=6, leader_commit=2)
271666.4ms Leader 0 SENDING AppendEntries to vehicle 5 (n_entries=6, leader_commit=2)
271666.4ms Leader 0 SENDING AppendEntries to vehicle 6 (n_entries=6, leader_commit=2)
271806.4ms Leader 0 SENDING AppendEntries to vehicle 1 (n_entries=4, leader_commit=2)
271806.4ms Leader 0 SENDING AppendEntries to vehicle 4 (n_entries=6, leader_commit=2)
271806.4ms Leader 0 SENDING AppendEntries to vehicle 5 (n_entries=6, leader_commit=2)
271806.4ms Leader 0 SENDING AppendEntries to vehicle 6 (n_entries=6, leader_commit=2)
271946.4ms Leader 0 SENDING AppendEntries to vehicle 1 (n_entries=4, leader_commit=2)
271946.4ms Leader 0 SENDING AppendEntries to vehicle 4 (n_entries=6, leader_commit=2)
271946.4ms Leader 0 SENDING AppendEntries to vehicle 5 (n_entries=6, leader_commit=2)
271946.4ms Leader 0 SENDING AppendEntries to vehicle 6 (n_entries=6, leader_commit=2)
272086.4ms Leader 0 SENDING AppendEntries to vehicle 1 (n_entries=4, leader_commit=2)
272086.4ms Leader 0 SENDING AppendEntries to vehicle 4 (n_entries=6, leader_commit=2)
272086.4ms Leader 0 SENDING AppendEntries to vehicle 5 (n_entries=6, leader_commit=2)
272086.4ms Leader 0 SENDING AppendEntries to vehicle 6 (n_entries=6, leader_commit=2)
272226.4ms Leader 0 SENDING AppendEntries to vehicle 1 (n_entries=4, leader_commit=2)
272226.4ms Leader 0 SENDING AppendEntries to vehicle 4 (n_entries=6, leader_commit=2)
272226.4ms Leader 0 SENDING AppendEntries to vehicle 5 (n_entries=6, leader_commit=2)
272226.4ms Leader 0 SENDING AppendEntries to vehicle 6 (n_entries=6, leader_commit=2)
272366.4ms Leader 0 SENDING AppendEntries to vehicle 1 (n_entries=4, leader_commit=2)
272366.4ms Leader 0 SENDING AppendEntries to vehicle 4 (n_entries=6, leader_commit=2)
272366.4ms Leader 0 SENDING AppendEntries to vehicle 5 (n_entries=6, leader_commit=2)
272366.4ms Leader 0 SENDING AppendEntries to vehicle 6 (n_entries=6, leader_commit=2)
272506.4ms Leader 0 SENDING AppendEntries to vehicle 1 (n_entries=4, leader_commit=2)
272506.4ms Leader 0 SENDING AppendEntries to vehicle 4 (n_entries=6, leader_commit=2)
272506.4ms Leader 0 SENDING AppendEntries to vehicle 5 (n_entries=6, leader_commit=2)
272506.4ms Leader 0 SENDING AppendEntries to vehicle 6 (n_entries=6, leader_commit=2)
272646.4ms Leader 0 SENDING AppendEntries to vehicle 1 (n_entries=4, leader_commit=2)
272646.4ms Leader 0 SENDING AppendEntries to vehicle 4 (n_entries=6, leader_commit=2)
272646.4ms Leader 0 SENDING AppendEntries to vehicle 5 (n_entries=6, leader_commit=2)
272646.4ms Leader 0 SENDING AppendEntries to vehicle 6 (n_entries=6, leader_commit=2)
272786.4ms Leader 0 SENDING AppendEntries to vehicle 1 (n_entries=4, leader_commit=2)
272786.4ms Leader 0 SENDING AppendEntries to vehicle 4 (n_entries=6, leader_commit=2)
272786.4ms Leader 0 SENDING AppendEntries to vehicle 5 (n_entries=6, leader_commit=2)
272786.4ms Leader 0 SENDING AppendEntries to vehicle 6 (n_entries=6, leader_commit=2)
272926.4ms Leader 0 SENDING AppendEntries to vehicle 1 (n_entries=4, leader_commit=2)
272926.4ms Leader 0 SENDING AppendEntries to vehicle 4 (n_entries=6, leader_commit=2)
272926.4ms Leader 0 SENDING AppendEntries to vehicle 5 (n_entries=6, leader_commit=2)
272926.4ms Leader 0 SENDING AppendEntries to vehicle 6 (n_entries=6, leader_commit=2)
273066.4ms Leader 0 SENDING AppendEntries to vehicle 1 (n_entries=4, leader_commit=2)
273066.4ms Leader 0 SENDING AppendEntries to vehicle 4 (n_entries=6, leader_commit=2)
273066.4ms Leader 0 SENDING AppendEntries to vehicle 5 (n_entries=6, leader_commit=2)
273066.4ms Leader 0 SENDING AppendEntries to vehicle 6 (n_entries=6, leader_commit=2)
273206.4ms Leader 0 SENDING AppendEntries to vehicle 1 (n_entries=4, leader_commit=2)
273206.4ms Leader 0 SENDING AppendEntries to vehicle 4 (n_entries=6, leader_commit=2)
273206.4ms Leader 0 SENDING AppendEntries to vehicle 5 (n_entries=6, leader_commit=2)
273206.4ms Leader 0 SENDING AppendEntries to vehicle 6 (n_entries=6, leader_commit=2)
273346.4ms Leader 0 SENDING AppendEntries to vehicle 1 (n_entries=4, leader_commit=2)
273346.4ms Leader 0 SENDING AppendEntries to vehicle 4 (n_entries=6, leader_commit=2)
273346.4ms Leader 0 SENDING AppendEntries to vehicle 5 (n_entries=6, leader_commit=2)
273346.4ms Leader 0 SENDING AppendEntries to vehicle 6 (n_entries=6, leader_commit=2)
273486.4ms Leader 0 SENDING AppendEntries to vehicle 1 (n_entries=4, leader_commit=2)
273486.4ms Leader 0 SENDING AppendEntries to vehicle 4 (n_entries=6, leader_commit=2)
273486.4ms Leader 0 SENDING AppendEntries to vehicle 5 (n_entries=6, leader_commit=2)
273486.4ms Leader 0 SENDING AppendEntries to vehicle 6 (n_entries=6, leader_commit=2)
273626.4ms Leader 0 SENDING AppendEntries to vehicle 1 (n_entries=4, leader_commit=2)
273626.4ms Leader 0 SENDING AppendEntries to vehicle 4 (n_entries=6, leader_commit=2)
273626.4ms Leader 0 SENDING AppendEntries to vehicle 5 (n_entries=6, leader_commit=2)
273626.4ms Leader 0 SENDING AppendEntries to vehicle 6 (n_entries=6, leader_commit=2)
273766.4ms Leader 0 SENDING AppendEntries to vehicle 1 (n_entries=4, leader_commit=2)
273766.4ms Leader 0 SENDING AppendEntries to vehicle 4 (n_entries=6, leader_commit=2)
273766.4ms Leader 0 SENDING AppendEntries to vehicle 5 (n_entries=6, leader_commit=2)
273766.4ms Leader 0 SENDING AppendEntries to vehicle 6 (n_entries=6, leader_commit=2)
273906.4ms Leader 0 SENDING AppendEntries to vehicle 1 (n_entries=4, leader_commit=2)
273906.4ms Leader 0 SENDING AppendEntries to vehicle 4 (n_entries=6, leader_commit=2)
273906.4ms Leader 0 SENDING AppendEntries to vehicle 5 (n_entries=6, leader_commit=2)
273906.4ms Leader 0 SENDING AppendEntries to vehicle 6 (n_entries=6, leader_commit=2)
274046.4ms Leader 0 SENDING AppendEntries to vehicle 1 (n_entries=4, leader_commit=2)
274046.4ms Leader 0 SENDING AppendEntries to vehicle 4 (n_entries=6, leader_commit=2)
274046.4ms Leader 0 SENDING AppendEntries to vehicle 5 (n_entries=6, leader_commit=2)
274046.4ms Leader 0 SENDING AppendEntries to vehicle 6 (n_entries=6, leader_commit=2)
274186.4ms Leader 0 SENDING AppendEntries to vehicle 1 (n_entries=4, leader_commit=2)
274186.4ms Leader 0 SENDING AppendEntries to vehicle 4 (n_entries=6, leader_commit=2)
274186.4ms Leader 0 SENDING AppendEntries to vehicle 5 (n_entries=6, leader_commit=2)
274186.4ms Leader 0 SENDING AppendEntries to vehicle 6 (n_entries=6, leader_commit=2)
274326.4ms Leader 0 SENDING AppendEntries to vehicle 1 (n_entries=4, leader_commit=2)
274326.4ms Leader 0 SENDING AppendEntries to vehicle 4 (n_entries=6, leader_commit=2)
274326.4ms Leader 0 SENDING AppendEntries to vehicle 5 (n_entries=6, leader_commit=2)
274326.4ms Leader 0 SENDING AppendEntries to vehicle 6 (n_entries=6, leader_commit=2)
274466.4ms Leader 0 SENDING AppendEntries to vehicle 1 (n_entries=4, leader_commit=2)
274466.4ms Leader 0 SENDING AppendEntries to vehicle 4 (n_entries=6, leader_commit=2)
274466.4ms Leader 0 SENDING AppendEntries to vehicle 5 (n_entries=6, leader_commit=2)
274466.4ms Leader 0 SENDING AppendEntries to vehicle 6 (n_entries=6, leader_commit=2)
274606.4ms Leader 0 SENDING AppendEntries to vehicle 1 (n_entries=4, leader_commit=2)
274606.4ms Leader 0 SENDING AppendEntries to vehicle 4 (n_entries=6, leader_commit=2)
274606.4ms Leader 0 SENDING AppendEntries to vehicle 5 (n_entries=6, leader_commit=2)
274606.4ms Leader 0 SENDING AppendEntries to vehicle 6 (n_entries=6, leader_commit=2)
274746.4ms Leader 0 SENDING AppendEntries to vehicle 1 (n_entries=4, leader_commit=2)
274746.4ms Leader 0 SENDING AppendEntries to vehicle 4 (n_entries=6, leader_commit=2)
274746.4ms Leader 0 SENDING AppendEntries to vehicle 5 (n_entries=6, leader_commit=2)
274746.4ms Leader 0 SENDING AppendEntries to vehicle 6 (n_entries=6, leader_commit=2)
274886.4ms Leader 0 SENDING AppendEntries to vehicle 1 (n_entries=4, leader_commit=2)
274886.4ms Leader 0 SENDING AppendEntries to vehicle 4 (n_entries=6, leader_commit=2)
274886.4ms Leader 0 SENDING AppendEntries to vehicle 5 (n_entries=6, leader_commit=2)
274886.4ms Leader 0 SENDING AppendEntries to vehicle 6 (n_entries=6, leader_commit=2)
275026.4ms Leader 0 SENDING AppendEntries to vehicle 1 (n_entries=4, leader_commit=2)
275026.4ms Leader 0 SENDING AppendEntries to vehicle 4 (n_entries=6, leader_commit=2)
275026.4ms Leader 0 SENDING AppendEntries to vehicle 5 (n_entries=6, leader_commit=2)
275026.4ms Leader 0 SENDING AppendEntries to vehicle 6 (n_entries=6, leader_commit=2)
275166.4ms Leader 0 SENDING AppendEntries to vehicle 1 (n_entries=4, leader_commit=2)
275166.4ms Leader 0 SENDING AppendEntries to vehicle 4 (n_entries=6, leader_commit=2)
275166.4ms Leader 0 SENDING AppendEntries to vehicle 5 (n_entries=6, leader_commit=2)
275166.4ms Leader 0 SENDING AppendEntries to vehicle 6 (n_entries=6, leader_commit=2)
275306.4ms Leader 0 SENDING AppendEntries to vehicle 1 (n_entries=4, leader_commit=2)
275306.4ms Leader 0 SENDING AppendEntries to vehicle 4 (n_entries=6, leader_commit=2)
275306.4ms Leader 0 SENDING AppendEntries to vehicle 5 (n_entries=6, leader_commit=2)
275306.4ms Leader 0 SENDING AppendEntries to vehicle 6 (n_entries=6, leader_commit=2)
275446.4ms Leader 0 SENDING AppendEntries to vehicle 1 (n_entries=4, leader_commit=2)
275446.4ms Leader 0 SENDING AppendEntries to vehicle 4 (n_entries=6, leader_commit=2)
275446.4ms Leader 0 SENDING AppendEntries to vehicle 5 (n_entries=6, leader_commit=2)
275446.4ms Leader 0 SENDING AppendEntries to vehicle 6 (n_entries=6, leader_commit=2)
275586.4ms Leader 0 SENDING AppendEntries to vehicle 1 (n_entries=4, leader_commit=2)
275586.4ms Leader 0 SENDING AppendEntries to vehicle 4 (n_entries=6, leader_commit=2)
275586.4ms Leader 0 SENDING AppendEntries to vehicle 5 (n_entries=6, leader_commit=2)
275586.4ms Leader 0 SENDING AppendEntries to vehicle 6 (n_entries=6, leader_commit=2)
275726.4ms Leader 0 SENDING AppendEntries to vehicle 1 (n_entries=4, leader_commit=2)
275726.4ms Leader 0 SENDING AppendEntries to vehicle 4 (n_entries=6, leader_commit=2)
275726.4ms Leader 0 SENDING AppendEntries to vehicle 5 (n_entries=6, leader_commit=2)
275726.4ms Leader 0 SENDING AppendEntries to vehicle 6 (n_entries=6, leader_commit=2)
275866.4ms Leader 0 SENDING AppendEntries to vehicle 1 (n_entries=4, leader_commit=2)
275866.4ms Leader 0 SENDING AppendEntries to vehicle 4 (n_entries=6, leader_commit=2)
275866.4ms Leader 0 SENDING AppendEntries to vehicle 5 (n_entries=6, leader_commit=2)
275866.4ms Leader 0 SENDING AppendEntries to vehicle 6 (n_entries=6, leader_commit=2)
276006.4ms Leader 0 SENDING AppendEntries to vehicle 1 (n_entries=4, leader_commit=2)
276006.4ms Leader 0 SENDING AppendEntries to vehicle 4 (n_entries=6, leader_commit=2)
276006.4ms Leader 0 SENDING AppendEntries to vehicle 5 (n_entries=6, leader_commit=2)
276006.4ms Leader 0 SENDING AppendEntries to vehicle 6 (n_entries=6, leader_commit=2)
276146.4ms Leader 0 SENDING AppendEntries to vehicle 1 (n_entries=4, leader_commit=2)
276146.4ms Leader 0 SENDING AppendEntries to vehicle 4 (n_entries=6, leader_commit=2)
276146.4ms Leader 0 SENDING AppendEntries to vehicle 5 (n_entries=6, leader_commit=2)
276146.4ms Leader 0 SENDING AppendEntries to vehicle 6 (n_entries=6, leader_commit=2)
276286.4ms Leader 0 SENDING AppendEntries to vehicle 1 (n_entries=4, leader_commit=2)
276286.4ms Leader 0 SENDING AppendEntries to vehicle 4 (n_entries=6, leader_commit=2)
276286.4ms Leader 0 SENDING AppendEntries to vehicle 5 (n_entries=6, leader_commit=2)
276286.4ms Leader 0 SENDING AppendEntries to vehicle 6 (n_entries=6, leader_commit=2)
276426.4ms Leader 0 SENDING AppendEntries to vehicle 1 (n_entries=4, leader_commit=2)
276426.4ms Leader 0 SENDING AppendEntries to vehicle 4 (n_entries=6, leader_commit=2)
276426.4ms Leader 0 SENDING AppendEntries to vehicle 5 (n_entries=6, leader_commit=2)
276426.4ms Leader 0 SENDING AppendEntries to vehicle 6 (n_entries=6, leader_commit=2)
276566.4ms Leader 0 SENDING AppendEntries to vehicle 1 (n_entries=4, leader_commit=2)
276566.4ms Leader 0 SENDING AppendEntries to vehicle 4 (n_entries=6, leader_commit=2)
276566.4ms Leader 0 SENDING AppendEntries to vehicle 5 (n_entries=6, leader_commit=2)
276566.4ms Leader 0 SENDING AppendEntries to vehicle 6 (n_entries=6, leader_commit=2)
276706.4ms Leader 0 SENDING AppendEntries to vehicle 1 (n_entries=4, leader_commit=2)
276706.4ms Leader 0 SENDING AppendEntries to vehicle 4 (n_entries=6, leader_commit=2)
276706.4ms Leader 0 SENDING AppendEntries to vehicle 5 (n_entries=6, leader_commit=2)
276706.4ms Leader 0 SENDING AppendEntries to vehicle 6 (n_entries=6, leader_commit=2)
276846.4ms Leader 0 SENDING AppendEntries to vehicle 1 (n_entries=4, leader_commit=2)
276846.4ms Leader 0 SENDING AppendEntries to vehicle 4 (n_entries=6, leader_commit=2)
276846.4ms Leader 0 SENDING AppendEntries to vehicle 5 (n_entries=6, leader_commit=2)
276846.4ms Leader 0 SENDING AppendEntries to vehicle 6 (n_entries=6, leader_commit=2)
276986.4ms Leader 0 SENDING AppendEntries to vehicle 1 (n_entries=4, leader_commit=2)
276986.4ms Leader 0 SENDING AppendEntries to vehicle 4 (n_entries=6, leader_commit=2)
276986.4ms Leader 0 SENDING AppendEntries to vehicle 5 (n_entries=6, leader_commit=2)
276986.4ms Leader 0 SENDING AppendEntries to vehicle 6 (n_entries=6, leader_commit=2)
277126.4ms Leader 0 SENDING AppendEntries to vehicle 1 (n_entries=4, leader_commit=2)
277126.4ms Leader 0 SENDING AppendEntries to vehicle 4 (n_entries=6, leader_commit=2)
277126.4ms Leader 0 SENDING AppendEntries to vehicle 5 (n_entries=6, leader_commit=2)
277126.4ms Leader 0 SENDING AppendEntries to vehicle 6 (n_entries=6, leader_commit=2)
277266.4ms Leader 0 SENDING AppendEntries to vehicle 1 (n_entries=4, leader_commit=2)
277266.4ms Leader 0 SENDING AppendEntries to vehicle 4 (n_entries=6, leader_commit=2)
277266.4ms Leader 0 SENDING AppendEntries to vehicle 5 (n_entries=6, leader_commit=2)
277266.4ms Leader 0 SENDING AppendEntries to vehicle 6 (n_entries=6, leader_commit=2)
277406.4ms Leader 0 SENDING AppendEntries to vehicle 1 (n_entries=4, leader_commit=2)
277406.4ms Leader 0 SENDING AppendEntries to vehicle 4 (n_entries=6, leader_commit=2)
277406.4ms Leader 0 SENDING AppendEntries to vehicle 5 (n_entries=6, leader_commit=2)
277406.4ms Leader 0 SENDING AppendEntries to vehicle 6 (n_entries=6, leader_commit=2)
277546.4ms Leader 0 SENDING AppendEntries to vehicle 1 (n_entries=4, leader_commit=2)
277546.4ms Leader 0 SENDING AppendEntries to vehicle 4 (n_entries=6, leader_commit=2)
277546.4ms Leader 0 SENDING AppendEntries to vehicle 5 (n_entries=6, leader_commit=2)
277546.4ms Leader 0 SENDING AppendEntries to vehicle 6 (n_entries=6, leader_commit=2)
277686.4ms Leader 0 SENDING AppendEntries to vehicle 1 (n_entries=4, leader_commit=2)
277686.4ms Leader 0 SENDING AppendEntries to vehicle 4 (n_entries=6, leader_commit=2)
277686.4ms Leader 0 SENDING AppendEntries to vehicle 5 (n_entries=6, leader_commit=2)
277686.4ms Leader 0 SENDING AppendEntries to vehicle 6 (n_entries=6, leader_commit=2)
277826.4ms Leader 0 SENDING AppendEntries to vehicle 1 (n_entries=4, leader_commit=2)
277826.4ms Leader 0 SENDING AppendEntries to vehicle 4 (n_entries=6, leader_commit=2)
277826.4ms Leader 0 SENDING AppendEntries to vehicle 5 (n_entries=6, leader_commit=2)
277826.4ms Leader 0 SENDING AppendEntries to vehicle 6 (n_entries=6, leader_commit=2)
277966.4ms Leader 0 SENDING AppendEntries to vehicle 1 (n_entries=4, leader_commit=2)
277966.4ms Leader 0 SENDING AppendEntries to vehicle 4 (n_entries=6, leader_commit=2)
277966.4ms Leader 0 SENDING AppendEntries to vehicle 5 (n_entries=6, leader_commit=2)
277966.4ms Leader 0 SENDING AppendEntries to vehicle 6 (n_entries=6, leader_commit=2)
278106.4ms Leader 0 SENDING AppendEntries to vehicle 1 (n_entries=4, leader_commit=2)
278106.4ms Leader 0 SENDING AppendEntries to vehicle 4 (n_entries=6, leader_commit=2)
278106.4ms Leader 0 SENDING AppendEntries to vehicle 5 (n_entries=6, leader_commit=2)
278106.4ms Leader 0 SENDING AppendEntries to vehicle 6 (n_entries=6, leader_commit=2)
278246.4ms Leader 0 SENDING AppendEntries to vehicle 1 (n_entries=4, leader_commit=2)
278246.4ms Leader 0 SENDING AppendEntries to vehicle 4 (n_entries=6, leader_commit=2)
278246.4ms Leader 0 SENDING AppendEntries to vehicle 5 (n_entries=6, leader_commit=2)
278246.4ms Leader 0 SENDING AppendEntries to vehicle 6 (n_entries=6, leader_commit=2)
278386.4ms Leader 0 SENDING AppendEntries to vehicle 1 (n_entries=4, leader_commit=2)
278386.4ms Leader 0 SENDING AppendEntries to vehicle 4 (n_entries=6, leader_commit=2)
278386.4ms Leader 0 SENDING AppendEntries to vehicle 5 (n_entries=6, leader_commit=2)
278386.4ms Leader 0 SENDING AppendEntries to vehicle 6 (n_entries=6, leader_commit=2)
278526.4ms Leader 0 SENDING AppendEntries to vehicle 1 (n_entries=4, leader_commit=2)
278526.4ms Leader 0 SENDING AppendEntries to vehicle 4 (n_entries=6, leader_commit=2)
278526.4ms Leader 0 SENDING AppendEntries to vehicle 5 (n_entries=6, leader_commit=2)
278526.4ms Leader 0 SENDING AppendEntries to vehicle 6 (n_entries=6, leader_commit=2)
278666.4ms Leader 0 SENDING AppendEntries to vehicle 1 (n_entries=4, leader_commit=2)
278666.4ms Leader 0 SENDING AppendEntries to vehicle 4 (n_entries=6, leader_commit=2)
278666.4ms Leader 0 SENDING AppendEntries to vehicle 5 (n_entries=6, leader_commit=2)
278666.4ms Leader 0 SENDING AppendEntries to vehicle 6 (n_entries=6, leader_commit=2)
278806.4ms Leader 0 SENDING AppendEntries to vehicle 1 (n_entries=4, leader_commit=2)
278806.4ms Leader 0 SENDING AppendEntries to vehicle 4 (n_entries=6, leader_commit=2)
278806.4ms Leader 0 SENDING AppendEntries to vehicle 5 (n_entries=6, leader_commit=2)
278806.4ms Leader 0 SENDING AppendEntries to vehicle 6 (n_entries=6, leader_commit=2)
278946.4ms Leader 0 SENDING AppendEntries to vehicle 1 (n_entries=4, leader_commit=2)
278946.4ms Leader 0 SENDING AppendEntries to vehicle 4 (n_entries=6, leader_commit=2)
278946.4ms Leader 0 SENDING AppendEntries to vehicle 5 (n_entries=6, leader_commit=2)
278946.4ms Leader 0 SENDING AppendEntries to vehicle 6 (n_entries=6, leader_commit=2)
279086.4ms Leader 0 SENDING AppendEntries to vehicle 1 (n_entries=4, leader_commit=2)
279086.4ms Leader 0 SENDING AppendEntries to vehicle 4 (n_entries=6, leader_commit=2)
279086.4ms Leader 0 SENDING AppendEntries to vehicle 5 (n_entries=6, leader_commit=2)
279086.4ms Leader 0 SENDING AppendEntries to vehicle 6 (n_entries=6, leader_commit=2)
279226.4ms Leader 0 SENDING AppendEntries to vehicle 1 (n_entries=4, leader_commit=2)
279226.4ms Leader 0 SENDING AppendEntries to vehicle 4 (n_entries=6, leader_commit=2)
279226.4ms Leader 0 SENDING AppendEntries to vehicle 5 (n_entries=6, leader_commit=2)
279226.4ms Leader 0 SENDING AppendEntries to vehicle 6 (n_entries=6, leader_commit=2)
279366.4ms Leader 0 SENDING AppendEntries to vehicle 1 (n_entries=4, leader_commit=2)
279366.4ms Leader 0 SENDING AppendEntries to vehicle 4 (n_entries=6, leader_commit=2)
279366.4ms Leader 0 SENDING AppendEntries to vehicle 5 (n_entries=6, leader_commit=2)
279366.4ms Leader 0 SENDING AppendEntries to vehicle 6 (n_entries=6, leader_commit=2)
279506.4ms Leader 0 SENDING AppendEntries to vehicle 1 (n_entries=4, leader_commit=2)
279506.4ms Leader 0 SENDING AppendEntries to vehicle 4 (n_entries=6, leader_commit=2)
279506.4ms Leader 0 SENDING AppendEntries to vehicle 5 (n_entries=6, leader_commit=2)
279506.4ms Leader 0 SENDING AppendEntries to vehicle 6 (n_entries=6, leader_commit=2)
279646.4ms Leader 0 SENDING AppendEntries to vehicle 1 (n_entries=4, leader_commit=2)
279646.4ms Leader 0 SENDING AppendEntries to vehicle 4 (n_entries=6, leader_commit=2)
279646.4ms Leader 0 SENDING AppendEntries to vehicle 5 (n_entries=6, leader_commit=2)
279646.4ms Leader 0 SENDING AppendEntries to vehicle 6 (n_entries=6, leader_commit=2)
279786.4ms Leader 0 SENDING AppendEntries to vehicle 1 (n_entries=4, leader_commit=2)
279786.4ms Leader 0 SENDING AppendEntries to vehicle 4 (n_entries=6, leader_commit=2)
279786.4ms Leader 0 SENDING AppendEntries to vehicle 5 (n_entries=6, leader_commit=2)
279786.4ms Leader 0 SENDING AppendEntries to vehicle 6 (n_entries=6, leader_commit=2)
279926.4ms Leader 0 SENDING AppendEntries to vehicle 1 (n_entries=4, leader_commit=2)
279926.4ms Leader 0 SENDING AppendEntries to vehicle 4 (n_entries=6, leader_commit=2)
279926.4ms Leader 0 SENDING AppendEntries to vehicle 5 (n_entries=6, leader_commit=2)
279926.4ms Leader 0 SENDING AppendEntries to vehicle 6 (n_entries=6, leader_commit=2)
280066.4ms Leader 0 SENDING AppendEntries to vehicle 1 (n_entries=4, leader_commit=2)
280066.4ms Leader 0 SENDING AppendEntries to vehicle 4 (n_entries=6, leader_commit=2)
280066.4ms Leader 0 SENDING AppendEntries to vehicle 5 (n_entries=6, leader_commit=2)
280066.4ms Leader 0 SENDING AppendEntries to vehicle 6 (n_entries=6, leader_commit=2)
280206.4ms Leader 0 SENDING AppendEntries to vehicle 1 (n_entries=4, leader_commit=2)
280206.4ms Leader 0 SENDING AppendEntries to vehicle 4 (n_entries=6, leader_commit=2)
280206.4ms Leader 0 SENDING AppendEntries to vehicle 5 (n_entries=6, leader_commit=2)
280206.4ms Leader 0 SENDING AppendEntries to vehicle 6 (n_entries=6, leader_commit=2)
280346.4ms Leader 0 SENDING AppendEntries to vehicle 1 (n_entries=4, leader_commit=2)
280346.4ms Leader 0 SENDING AppendEntries to vehicle 4 (n_entries=6, leader_commit=2)
280346.4ms Leader 0 SENDING AppendEntries to vehicle 5 (n_entries=6, leader_commit=2)
280346.4ms Leader 0 SENDING AppendEntries to vehicle 6 (n_entries=6, leader_commit=2)
280486.4ms Leader 0 SENDING AppendEntries to vehicle 1 (n_entries=4, leader_commit=2)
280486.4ms Leader 0 SENDING AppendEntries to vehicle 4 (n_entries=6, leader_commit=2)
280486.4ms Leader 0 SENDING AppendEntries to vehicle 5 (n_entries=6, leader_commit=2)
280486.4ms Leader 0 SENDING AppendEntries to vehicle 6 (n_entries=6, leader_commit=2)
280626.4ms Leader 0 SENDING AppendEntries to vehicle 1 (n_entries=4, leader_commit=2)
280626.4ms Leader 0 SENDING AppendEntries to vehicle 4 (n_entries=6, leader_commit=2)
280626.4ms Leader 0 SENDING AppendEntries to vehicle 5 (n_entries=6, leader_commit=2)
280626.4ms Leader 0 SENDING AppendEntries to vehicle 6 (n_entries=6, leader_commit=2)
280766.4ms Leader 0 SENDING AppendEntries to vehicle 1 (n_entries=4, leader_commit=2)
280766.4ms Leader 0 SENDING AppendEntries to vehicle 4 (n_entries=6, leader_commit=2)
280766.4ms Leader 0 SENDING AppendEntries to vehicle 5 (n_entries=6, leader_commit=2)
280766.4ms Leader 0 SENDING AppendEntries to vehicle 6 (n_entries=6, leader_commit=2)
280906.4ms Leader 0 SENDING AppendEntries to vehicle 1 (n_entries=4, leader_commit=2)
280906.4ms Leader 0 SENDING AppendEntries to vehicle 4 (n_entries=6, leader_commit=2)
280906.4ms Leader 0 SENDING AppendEntries to vehicle 5 (n_entries=6, leader_commit=2)
280906.4ms Leader 0 SENDING AppendEntries to vehicle 6 (n_entries=6, leader_commit=2)
281046.4ms Leader 0 SENDING AppendEntries to vehicle 1 (n_entries=4, leader_commit=2)
281046.4ms Leader 0 SENDING AppendEntries to vehicle 4 (n_entries=6, leader_commit=2)
281046.4ms Leader 0 SENDING AppendEntries to vehicle 5 (n_entries=6, leader_commit=2)
281046.4ms Leader 0 SENDING AppendEntries to vehicle 6 (n_entries=6, leader_commit=2)
281186.4ms Leader 0 SENDING AppendEntries to vehicle 1 (n_entries=4, leader_commit=2)
281186.4ms Leader 0 SENDING AppendEntries to vehicle 4 (n_entries=6, leader_commit=2)
281186.4ms Leader 0 SENDING AppendEntries to vehicle 5 (n_entries=6, leader_commit=2)
281186.4ms Leader 0 SENDING AppendEntries to vehicle 6 (n_entries=6, leader_commit=2)
281326.4ms Leader 0 SENDING AppendEntries to vehicle 1 (n_entries=4, leader_commit=2)
281326.4ms Leader 0 SENDING AppendEntries to vehicle 4 (n_entries=6, leader_commit=2)
281326.4ms Leader 0 SENDING AppendEntries to vehicle 5 (n_entries=6, leader_commit=2)
281326.4ms Leader 0 SENDING AppendEntries to vehicle 6 (n_entries=6, leader_commit=2)
281466.4ms Leader 0 SENDING AppendEntries to vehicle 1 (n_entries=4, leader_commit=2)
281466.4ms Leader 0 SENDING AppendEntries to vehicle 4 (n_entries=6, leader_commit=2)
281466.4ms Leader 0 SENDING AppendEntries to vehicle 5 (n_entries=6, leader_commit=2)
281466.4ms Leader 0 SENDING AppendEntries to vehicle 6 (n_entries=6, leader_commit=2)
281606.4ms Leader 0 SENDING AppendEntries to vehicle 1 (n_entries=4, leader_commit=2)
281606.4ms Leader 0 SENDING AppendEntries to vehicle 4 (n_entries=6, leader_commit=2)
281606.4ms Leader 0 SENDING AppendEntries to vehicle 5 (n_entries=6, leader_commit=2)
281606.4ms Leader 0 SENDING AppendEntries to vehicle 6 (n_entries=6, leader_commit=2)
281746.4ms Leader 0 SENDING AppendEntries to vehicle 1 (n_entries=4, leader_commit=2)
281746.4ms Leader 0 SENDING AppendEntries to vehicle 4 (n_entries=6, leader_commit=2)
281746.4ms Leader 0 SENDING AppendEntries to vehicle 5 (n_entries=6, leader_commit=2)
281746.4ms Leader 0 SENDING AppendEntries to vehicle 6 (n_entries=6, leader_commit=2)
281886.4ms Leader 0 SENDING AppendEntries to vehicle 1 (n_entries=4, leader_commit=2)
281886.4ms Leader 0 SENDING AppendEntries to vehicle 4 (n_entries=6, leader_commit=2)
281886.4ms Leader 0 SENDING AppendEntries to vehicle 5 (n_entries=6, leader_commit=2)
281886.4ms Leader 0 SENDING AppendEntries to vehicle 6 (n_entries=6, leader_commit=2)
282026.4ms Leader 0 SENDING AppendEntries to vehicle 1 (n_entries=4, leader_commit=2)
282026.4ms Leader 0 SENDING AppendEntries to vehicle 4 (n_entries=6, leader_commit=2)
282026.4ms Leader 0 SENDING AppendEntries to vehicle 5 (n_entries=6, leader_commit=2)
282026.4ms Leader 0 SENDING AppendEntries to vehicle 6 (n_entries=6, leader_commit=2)
282166.4ms Leader 0 SENDING AppendEntries to vehicle 1 (n_entries=4, leader_commit=2)
282166.4ms Leader 0 SENDING AppendEntries to vehicle 4 (n_entries=6, leader_commit=2)
282166.4ms Leader 0 SENDING AppendEntries to vehicle 5 (n_entries=6, leader_commit=2)
282166.4ms Leader 0 SENDING AppendEntries to vehicle 6 (n_entries=6, leader_commit=2)
282306.4ms Leader 0 SENDING AppendEntries to vehicle 1 (n_entries=4, leader_commit=2)
282306.4ms Leader 0 SENDING AppendEntries to vehicle 4 (n_entries=6, leader_commit=2)
282306.4ms Leader 0 SENDING AppendEntries to vehicle 5 (n_entries=6, leader_commit=2)
282306.4ms Leader 0 SENDING AppendEntries to vehicle 6 (n_entries=6, leader_commit=2)
282446.4ms Leader 0 SENDING AppendEntries to vehicle 1 (n_entries=4, leader_commit=2)
282446.4ms Leader 0 SENDING AppendEntries to vehicle 4 (n_entries=6, leader_commit=2)
282446.4ms Leader 0 SENDING AppendEntries to vehicle 5 (n_entries=6, leader_commit=2)
282446.4ms Leader 0 SENDING AppendEntries to vehicle 6 (n_entries=6, leader_commit=2)
282586.4ms Leader 0 SENDING AppendEntries to vehicle 1 (n_entries=4, leader_commit=2)
282586.4ms Leader 0 SENDING AppendEntries to vehicle 4 (n_entries=6, leader_commit=2)
282586.4ms Leader 0 SENDING AppendEntries to vehicle 5 (n_entries=6, leader_commit=2)
282586.4ms Leader 0 SENDING AppendEntries to vehicle 6 (n_entries=6, leader_commit=2)
282726.4ms Leader 0 SENDING AppendEntries to vehicle 1 (n_entries=4, leader_commit=2)
282726.4ms Leader 0 SENDING AppendEntries to vehicle 4 (n_entries=6, leader_commit=2)
282726.4ms Leader 0 SENDING AppendEntries to vehicle 5 (n_entries=6, leader_commit=2)
282726.4ms Leader 0 SENDING AppendEntries to vehicle 6 (n_entries=6, leader_commit=2)
282866.4ms Leader 0 SENDING AppendEntries to vehicle 1 (n_entries=4, leader_commit=2)
282866.4ms Leader 0 SENDING AppendEntries to vehicle 4 (n_entries=6, leader_commit=2)
282866.4ms Leader 0 SENDING AppendEntries to vehicle 5 (n_entries=6, leader_commit=2)
282866.4ms Leader 0 SENDING AppendEntries to vehicle 6 (n_entries=6, leader_commit=2)
283006.4ms Leader 0 SENDING AppendEntries to vehicle 1 (n_entries=4, leader_commit=2)
283006.4ms Leader 0 SENDING AppendEntries to vehicle 4 (n_entries=6, leader_commit=2)
283006.4ms Leader 0 SENDING AppendEntries to vehicle 5 (n_entries=6, leader_commit=2)
283006.4ms Leader 0 SENDING AppendEntries to vehicle 6 (n_entries=6, leader_commit=2)
283146.4ms Leader 0 SENDING AppendEntries to vehicle 1 (n_entries=4, leader_commit=2)
283146.4ms Leader 0 SENDING AppendEntries to vehicle 4 (n_entries=6, leader_commit=2)
283146.4ms Leader 0 SENDING AppendEntries to vehicle 5 (n_entries=6, leader_commit=2)
283146.4ms Leader 0 SENDING AppendEntries to vehicle 6 (n_entries=6, leader_commit=2)
283286.4ms Leader 0 SENDING AppendEntries to vehicle 1 (n_entries=4, leader_commit=2)
283286.4ms Leader 0 SENDING AppendEntries to vehicle 4 (n_entries=6, leader_commit=2)
283286.4ms Leader 0 SENDING AppendEntries to vehicle 5 (n_entries=6, leader_commit=2)
283286.4ms Leader 0 SENDING AppendEntries to vehicle 6 (n_entries=6, leader_commit=2)
283426.4ms Leader 0 SENDING AppendEntries to vehicle 1 (n_entries=4, leader_commit=2)
283426.4ms Leader 0 SENDING AppendEntries to vehicle 4 (n_entries=6, leader_commit=2)
283426.4ms Leader 0 SENDING AppendEntries to vehicle 5 (n_entries=6, leader_commit=2)
283426.4ms Leader 0 SENDING AppendEntries to vehicle 6 (n_entries=6, leader_commit=2)
283566.4ms Leader 0 SENDING AppendEntries to vehicle 1 (n_entries=4, leader_commit=2)
283566.4ms Leader 0 SENDING AppendEntries to vehicle 4 (n_entries=6, leader_commit=2)
283566.4ms Leader 0 SENDING AppendEntries to vehicle 5 (n_entries=6, leader_commit=2)
283566.4ms Leader 0 SENDING AppendEntries to vehicle 6 (n_entries=6, leader_commit=2)
283706.4ms Leader 0 SENDING AppendEntries to vehicle 1 (n_entries=4, leader_commit=2)
283706.4ms Leader 0 SENDING AppendEntries to vehicle 4 (n_entries=6, leader_commit=2)
283706.4ms Leader 0 SENDING AppendEntries to vehicle 5 (n_entries=6, leader_commit=2)
283706.4ms Leader 0 SENDING AppendEntries to vehicle 6 (n_entries=6, leader_commit=2)
283846.4ms Leader 0 SENDING AppendEntries to vehicle 1 (n_entries=4, leader_commit=2)
283846.4ms Leader 0 SENDING AppendEntries to vehicle 4 (n_entries=6, leader_commit=2)
283846.4ms Leader 0 SENDING AppendEntries to vehicle 5 (n_entries=6, leader_commit=2)
283846.4ms Leader 0 SENDING AppendEntries to vehicle 6 (n_entries=6, leader_commit=2)
283986.4ms Leader 0 SENDING AppendEntries to vehicle 1 (n_entries=4, leader_commit=2)
283986.4ms Leader 0 SENDING AppendEntries to vehicle 4 (n_entries=6, leader_commit=2)
283986.4ms Leader 0 SENDING AppendEntries to vehicle 5 (n_entries=6, leader_commit=2)
283986.4ms Leader 0 SENDING AppendEntries to vehicle 6 (n_entries=6, leader_commit=2)
284126.4ms Leader 0 SENDING AppendEntries to vehicle 1 (n_entries=4, leader_commit=2)
284126.4ms Leader 0 SENDING AppendEntries to vehicle 4 (n_entries=6, leader_commit=2)
284126.4ms Leader 0 SENDING AppendEntries to vehicle 5 (n_entries=6, leader_commit=2)
284126.4ms Leader 0 SENDING AppendEntries to vehicle 6 (n_entries=6, leader_commit=2)
284266.4ms Leader 0 SENDING AppendEntries to vehicle 1 (n_entries=4, leader_commit=2)
284266.4ms Leader 0 SENDING AppendEntries to vehicle 4 (n_entries=6, leader_commit=2)
284266.4ms Leader 0 SENDING AppendEntries to vehicle 5 (n_entries=6, leader_commit=2)
284266.4ms Leader 0 SENDING AppendEntries to vehicle 6 (n_entries=6, leader_commit=2)
284406.4ms Leader 0 SENDING AppendEntries to vehicle 1 (n_entries=4, leader_commit=2)
284406.4ms Leader 0 SENDING AppendEntries to vehicle 4 (n_entries=6, leader_commit=2)
284406.4ms Leader 0 SENDING AppendEntries to vehicle 5 (n_entries=6, leader_commit=2)
284406.4ms Leader 0 SENDING AppendEntries to vehicle 6 (n_entries=6, leader_commit=2)
284546.4ms Leader 0 SENDING AppendEntries to vehicle 1 (n_entries=4, leader_commit=2)
284546.4ms Leader 0 SENDING AppendEntries to vehicle 4 (n_entries=6, leader_commit=2)
284546.4ms Leader 0 SENDING AppendEntries to vehicle 5 (n_entries=6, leader_commit=2)
284546.4ms Leader 0 SENDING AppendEntries to vehicle 6 (n_entries=6, leader_commit=2)
284686.4ms Leader 0 SENDING AppendEntries to vehicle 1 (n_entries=4, leader_commit=2)
284686.4ms Leader 0 SENDING AppendEntries to vehicle 4 (n_entries=6, leader_commit=2)
284686.4ms Leader 0 SENDING AppendEntries to vehicle 5 (n_entries=6, leader_commit=2)
284686.4ms Leader 0 SENDING AppendEntries to vehicle 6 (n_entries=6, leader_commit=2)
284826.4ms Leader 0 SENDING AppendEntries to vehicle 1 (n_entries=4, leader_commit=2)
284826.4ms Leader 0 SENDING AppendEntries to vehicle 4 (n_entries=6, leader_commit=2)
284826.4ms Leader 0 SENDING AppendEntries to vehicle 5 (n_entries=6, leader_commit=2)
284826.4ms Leader 0 SENDING AppendEntries to vehicle 6 (n_entries=6, leader_commit=2)
284966.4ms Leader 0 SENDING AppendEntries to vehicle 1 (n_entries=4, leader_commit=2)
284966.4ms Leader 0 SENDING AppendEntries to vehicle 4 (n_entries=6, leader_commit=2)
284966.4ms Leader 0 SENDING AppendEntries to vehicle 5 (n_entries=6, leader_commit=2)
284966.4ms Leader 0 SENDING AppendEntries to vehicle 6 (n_entries=6, leader_commit=2)
285106.4ms Leader 0 SENDING AppendEntries to vehicle 1 (n_entries=4, leader_commit=2)
285106.4ms Leader 0 SENDING AppendEntries to vehicle 4 (n_entries=6, leader_commit=2)
285106.4ms Leader 0 SENDING AppendEntries to vehicle 5 (n_entries=6, leader_commit=2)
285106.4ms Leader 0 SENDING AppendEntries to vehicle 6 (n_entries=6, leader_commit=2)
285246.4ms Leader 0 SENDING AppendEntries to vehicle 1 (n_entries=4, leader_commit=2)
285246.4ms Leader 0 SENDING AppendEntries to vehicle 4 (n_entries=6, leader_commit=2)
285246.4ms Leader 0 SENDING AppendEntries to vehicle 5 (n_entries=6, leader_commit=2)
285246.4ms Leader 0 SENDING AppendEntries to vehicle 6 (n_entries=6, leader_commit=2)
285386.4ms Leader 0 SENDING AppendEntries to vehicle 1 (n_entries=4, leader_commit=2)
285386.4ms Leader 0 SENDING AppendEntries to vehicle 4 (n_entries=6, leader_commit=2)
285386.4ms Leader 0 SENDING AppendEntries to vehicle 5 (n_entries=6, leader_commit=2)
285386.4ms Leader 0 SENDING AppendEntries to vehicle 6 (n_entries=6, leader_commit=2)
285526.4ms Leader 0 SENDING AppendEntries to vehicle 1 (n_entries=4, leader_commit=2)
285526.4ms Leader 0 SENDING AppendEntries to vehicle 4 (n_entries=6, leader_commit=2)
285526.4ms Leader 0 SENDING AppendEntries to vehicle 5 (n_entries=6, leader_commit=2)
285526.4ms Leader 0 SENDING AppendEntries to vehicle 6 (n_entries=6, leader_commit=2)
285666.4ms Leader 0 SENDING AppendEntries to vehicle 1 (n_entries=4, leader_commit=2)
285666.4ms Leader 0 SENDING AppendEntries to vehicle 4 (n_entries=6, leader_commit=2)
285666.4ms Leader 0 SENDING AppendEntries to vehicle 5 (n_entries=6, leader_commit=2)
285666.4ms Leader 0 SENDING AppendEntries to vehicle 6 (n_entries=6, leader_commit=2)
285806.4ms Leader 0 SENDING AppendEntries to vehicle 1 (n_entries=4, leader_commit=2)
285806.4ms Leader 0 SENDING AppendEntries to vehicle 4 (n_entries=6, leader_commit=2)
285806.4ms Leader 0 SENDING AppendEntries to vehicle 5 (n_entries=6, leader_commit=2)
285806.4ms Leader 0 SENDING AppendEntries to vehicle 6 (n_entries=6, leader_commit=2)
285946.4ms Leader 0 SENDING AppendEntries to vehicle 1 (n_entries=4, leader_commit=2)
285946.4ms Leader 0 SENDING AppendEntries to vehicle 4 (n_entries=6, leader_commit=2)
285946.4ms Leader 0 SENDING AppendEntries to vehicle 5 (n_entries=6, leader_commit=2)
285946.4ms Leader 0 SENDING AppendEntries to vehicle 6 (n_entries=6, leader_commit=2)
286086.4ms Leader 0 SENDING AppendEntries to vehicle 1 (n_entries=4, leader_commit=2)
286086.4ms Leader 0 SENDING AppendEntries to vehicle 4 (n_entries=6, leader_commit=2)
286086.4ms Leader 0 SENDING AppendEntries to vehicle 5 (n_entries=6, leader_commit=2)
286086.4ms Leader 0 SENDING AppendEntries to vehicle 6 (n_entries=6, leader_commit=2)
286226.4ms Leader 0 SENDING AppendEntries to vehicle 1 (n_entries=4, leader_commit=2)
286226.4ms Leader 0 SENDING AppendEntries to vehicle 4 (n_entries=6, leader_commit=2)
286226.4ms Leader 0 SENDING AppendEntries to vehicle 5 (n_entries=6, leader_commit=2)
286226.4ms Leader 0 SENDING AppendEntries to vehicle 6 (n_entries=6, leader_commit=2)
286366.4ms Leader 0 SENDING AppendEntries to vehicle 1 (n_entries=4, leader_commit=2)
286366.4ms Leader 0 SENDING AppendEntries to vehicle 4 (n_entries=6, leader_commit=2)
286366.4ms Leader 0 SENDING AppendEntries to vehicle 5 (n_entries=6, leader_commit=2)
286366.4ms Leader 0 SENDING AppendEntries to vehicle 6 (n_entries=6, leader_commit=2)
286506.4ms Leader 0 SENDING AppendEntries to vehicle 1 (n_entries=4, leader_commit=2)
286506.4ms Leader 0 SENDING AppendEntries to vehicle 4 (n_entries=6, leader_commit=2)
286506.4ms Leader 0 SENDING AppendEntries to vehicle 5 (n_entries=6, leader_commit=2)
286506.4ms Leader 0 SENDING AppendEntries to vehicle 6 (n_entries=6, leader_commit=2)
286646.4ms Leader 0 SENDING AppendEntries to vehicle 1 (n_entries=4, leader_commit=2)
286646.4ms Leader 0 SENDING AppendEntries to vehicle 4 (n_entries=6, leader_commit=2)
286646.4ms Leader 0 SENDING AppendEntries to vehicle 5 (n_entries=6, leader_commit=2)
286646.4ms Leader 0 SENDING AppendEntries to vehicle 6 (n_entries=6, leader_commit=2)
286786.4ms Leader 0 SENDING AppendEntries to vehicle 1 (n_entries=4, leader_commit=2)
286786.4ms Leader 0 SENDING AppendEntries to vehicle 4 (n_entries=6, leader_commit=2)
286786.4ms Leader 0 SENDING AppendEntries to vehicle 5 (n_entries=6, leader_commit=2)
286786.4ms Leader 0 SENDING AppendEntries to vehicle 6 (n_entries=6, leader_commit=2)
286926.4ms Leader 0 SENDING AppendEntries to vehicle 1 (n_entries=4, leader_commit=2)
286926.4ms Leader 0 SENDING AppendEntries to vehicle 4 (n_entries=6, leader_commit=2)
286926.4ms Leader 0 SENDING AppendEntries to vehicle 5 (n_entries=6, leader_commit=2)
286926.4ms Leader 0 SENDING AppendEntries to vehicle 6 (n_entries=6, leader_commit=2)
287066.4ms Leader 0 SENDING AppendEntries to vehicle 1 (n_entries=4, leader_commit=2)
287066.4ms Leader 0 SENDING AppendEntries to vehicle 4 (n_entries=6, leader_commit=2)
287066.4ms Leader 0 SENDING AppendEntries to vehicle 5 (n_entries=6, leader_commit=2)
287066.4ms Leader 0 SENDING AppendEntries to vehicle 6 (n_entries=6, leader_commit=2)
287206.4ms Leader 0 SENDING AppendEntries to vehicle 1 (n_entries=4, leader_commit=2)
287206.4ms Leader 0 SENDING AppendEntries to vehicle 4 (n_entries=6, leader_commit=2)
287206.4ms Leader 0 SENDING AppendEntries to vehicle 5 (n_entries=6, leader_commit=2)
287206.4ms Leader 0 SENDING AppendEntries to vehicle 6 (n_entries=6, leader_commit=2)
287346.4ms Leader 0 SENDING AppendEntries to vehicle 1 (n_entries=4, leader_commit=2)
287346.4ms Leader 0 SENDING AppendEntries to vehicle 4 (n_entries=6, leader_commit=2)
287346.4ms Leader 0 SENDING AppendEntries to vehicle 5 (n_entries=6, leader_commit=2)
287346.4ms Leader 0 SENDING AppendEntries to vehicle 6 (n_entries=6, leader_commit=2)
287486.4ms Leader 0 SENDING AppendEntries to vehicle 1 (n_entries=4, leader_commit=2)
287486.4ms Leader 0 SENDING AppendEntries to vehicle 4 (n_entries=6, leader_commit=2)
287486.4ms Leader 0 SENDING AppendEntries to vehicle 5 (n_entries=6, leader_commit=2)
287486.4ms Leader 0 SENDING AppendEntries to vehicle 6 (n_entries=6, leader_commit=2)
287626.4ms Leader 0 SENDING AppendEntries to vehicle 1 (n_entries=4, leader_commit=2)
287626.4ms Leader 0 SENDING AppendEntries to vehicle 4 (n_entries=6, leader_commit=2)
287626.4ms Leader 0 SENDING AppendEntries to vehicle 5 (n_entries=6, leader_commit=2)
287626.4ms Leader 0 SENDING AppendEntries to vehicle 6 (n_entries=6, leader_commit=2)
287766.4ms Leader 0 SENDING AppendEntries to vehicle 1 (n_entries=4, leader_commit=2)
287766.4ms Leader 0 SENDING AppendEntries to vehicle 4 (n_entries=6, leader_commit=2)
287766.4ms Leader 0 SENDING AppendEntries to vehicle 5 (n_entries=6, leader_commit=2)
287766.4ms Leader 0 SENDING AppendEntries to vehicle 6 (n_entries=6, leader_commit=2)
287906.4ms Leader 0 SENDING AppendEntries to vehicle 1 (n_entries=4, leader_commit=2)
287906.4ms Leader 0 SENDING AppendEntries to vehicle 4 (n_entries=6, leader_commit=2)
287906.4ms Leader 0 SENDING AppendEntries to vehicle 5 (n_entries=6, leader_commit=2)
287906.4ms Leader 0 SENDING AppendEntries to vehicle 6 (n_entries=6, leader_commit=2)
288046.4ms Leader 0 SENDING AppendEntries to vehicle 1 (n_entries=4, leader_commit=2)
288046.4ms Leader 0 SENDING AppendEntries to vehicle 4 (n_entries=6, leader_commit=2)
288046.4ms Leader 0 SENDING AppendEntries to vehicle 5 (n_entries=6, leader_commit=2)
288046.4ms Leader 0 SENDING AppendEntries to vehicle 6 (n_entries=6, leader_commit=2)
288186.4ms Leader 0 SENDING AppendEntries to vehicle 1 (n_entries=4, leader_commit=2)
288186.4ms Leader 0 SENDING AppendEntries to vehicle 4 (n_entries=6, leader_commit=2)
288186.4ms Leader 0 SENDING AppendEntries to vehicle 5 (n_entries=6, leader_commit=2)
288186.4ms Leader 0 SENDING AppendEntries to vehicle 6 (n_entries=6, leader_commit=2)
288326.4ms Leader 0 SENDING AppendEntries to vehicle 1 (n_entries=4, leader_commit=2)
288326.4ms Leader 0 SENDING AppendEntries to vehicle 4 (n_entries=6, leader_commit=2)
288326.4ms Leader 0 SENDING AppendEntries to vehicle 5 (n_entries=6, leader_commit=2)
288326.4ms Leader 0 SENDING AppendEntries to vehicle 6 (n_entries=6, leader_commit=2)
288466.4ms Leader 0 SENDING AppendEntries to vehicle 1 (n_entries=4, leader_commit=2)
288466.4ms Leader 0 SENDING AppendEntries to vehicle 4 (n_entries=6, leader_commit=2)
288466.4ms Leader 0 SENDING AppendEntries to vehicle 5 (n_entries=6, leader_commit=2)
288466.4ms Leader 0 SENDING AppendEntries to vehicle 6 (n_entries=6, leader_commit=2)
288606.4ms Leader 0 SENDING AppendEntries to vehicle 1 (n_entries=4, leader_commit=2)
288606.4ms Leader 0 SENDING AppendEntries to vehicle 4 (n_entries=6, leader_commit=2)
288606.4ms Leader 0 SENDING AppendEntries to vehicle 5 (n_entries=6, leader_commit=2)
288606.4ms Leader 0 SENDING AppendEntries to vehicle 6 (n_entries=6, leader_commit=2)
288746.4ms Leader 0 SENDING AppendEntries to vehicle 1 (n_entries=4, leader_commit=2)
288746.4ms Leader 0 SENDING AppendEntries to vehicle 4 (n_entries=6, leader_commit=2)
288746.4ms Leader 0 SENDING AppendEntries to vehicle 5 (n_entries=6, leader_commit=2)
288746.4ms Leader 0 SENDING AppendEntries to vehicle 6 (n_entries=6, leader_commit=2)
288886.4ms Leader 0 SENDING AppendEntries to vehicle 1 (n_entries=4, leader_commit=2)
288886.4ms Leader 0 SENDING AppendEntries to vehicle 4 (n_entries=6, leader_commit=2)
288886.4ms Leader 0 SENDING AppendEntries to vehicle 5 (n_entries=6, leader_commit=2)
288886.4ms Leader 0 SENDING AppendEntries to vehicle 6 (n_entries=6, leader_commit=2)
289026.4ms Leader 0 SENDING AppendEntries to vehicle 1 (n_entries=4, leader_commit=2)
289026.4ms Leader 0 SENDING AppendEntries to vehicle 4 (n_entries=6, leader_commit=2)
289026.4ms Leader 0 SENDING AppendEntries to vehicle 5 (n_entries=6, leader_commit=2)
289026.4ms Leader 0 SENDING AppendEntries to vehicle 6 (n_entries=6, leader_commit=2)
289166.4ms Leader 0 SENDING AppendEntries to vehicle 1 (n_entries=4, leader_commit=2)
289166.4ms Leader 0 SENDING AppendEntries to vehicle 4 (n_entries=6, leader_commit=2)
289166.4ms Leader 0 SENDING AppendEntries to vehicle 5 (n_entries=6, leader_commit=2)
289166.4ms Leader 0 SENDING AppendEntries to vehicle 6 (n_entries=6, leader_commit=2)
289306.4ms Leader 0 SENDING AppendEntries to vehicle 1 (n_entries=4, leader_commit=2)
289306.4ms Leader 0 SENDING AppendEntries to vehicle 4 (n_entries=6, leader_commit=2)
289306.4ms Leader 0 SENDING AppendEntries to vehicle 5 (n_entries=6, leader_commit=2)
289306.4ms Leader 0 SENDING AppendEntries to vehicle 6 (n_entries=6, leader_commit=2)
289446.4ms Leader 0 SENDING AppendEntries to vehicle 1 (n_entries=4, leader_commit=2)
289446.4ms Leader 0 SENDING AppendEntries to vehicle 4 (n_entries=6, leader_commit=2)
289446.4ms Leader 0 SENDING AppendEntries to vehicle 5 (n_entries=6, leader_commit=2)
289446.4ms Leader 0 SENDING AppendEntries to vehicle 6 (n_entries=6, leader_commit=2)
289586.4ms Leader 0 SENDING AppendEntries to vehicle 1 (n_entries=4, leader_commit=2)
289586.4ms Leader 0 SENDING AppendEntries to vehicle 4 (n_entries=6, leader_commit=2)
289586.4ms Leader 0 SENDING AppendEntries to vehicle 5 (n_entries=6, leader_commit=2)
289586.4ms Leader 0 SENDING AppendEntries to vehicle 6 (n_entries=6, leader_commit=2)
289726.4ms Leader 0 SENDING AppendEntries to vehicle 1 (n_entries=4, leader_commit=2)
289726.4ms Leader 0 SENDING AppendEntries to vehicle 4 (n_entries=6, leader_commit=2)
289726.4ms Leader 0 SENDING AppendEntries to vehicle 5 (n_entries=6, leader_commit=2)
289726.4ms Leader 0 SENDING AppendEntries to vehicle 6 (n_entries=6, leader_commit=2)
289866.4ms Leader 0 SENDING AppendEntries to vehicle 1 (n_entries=4, leader_commit=2)
289866.4ms Leader 0 SENDING AppendEntries to vehicle 4 (n_entries=6, leader_commit=2)
289866.4ms Leader 0 SENDING AppendEntries to vehicle 5 (n_entries=6, leader_commit=2)
289866.4ms Leader 0 SENDING AppendEntries to vehicle 6 (n_entries=6, leader_commit=2)
290006.4ms Leader 0 SENDING AppendEntries to vehicle 1 (n_entries=4, leader_commit=2)
290006.4ms Leader 0 SENDING AppendEntries to vehicle 4 (n_entries=6, leader_commit=2)
290006.4ms Leader 0 SENDING AppendEntries to vehicle 5 (n_entries=6, leader_commit=2)
290006.4ms Leader 0 SENDING AppendEntries to vehicle 6 (n_entries=6, leader_commit=2)
290146.4ms Leader 0 SENDING AppendEntries to vehicle 1 (n_entries=4, leader_commit=2)
290146.4ms Leader 0 SENDING AppendEntries to vehicle 4 (n_entries=6, leader_commit=2)
290146.4ms Leader 0 SENDING AppendEntries to vehicle 5 (n_entries=6, leader_commit=2)
290146.4ms Leader 0 SENDING AppendEntries to vehicle 6 (n_entries=6, leader_commit=2)
290286.4ms Leader 0 SENDING AppendEntries to vehicle 1 (n_entries=4, leader_commit=2)
290286.4ms Leader 0 SENDING AppendEntries to vehicle 4 (n_entries=6, leader_commit=2)
290286.4ms Leader 0 SENDING AppendEntries to vehicle 5 (n_entries=6, leader_commit=2)
290286.4ms Leader 0 SENDING AppendEntries to vehicle 6 (n_entries=6, leader_commit=2)
290426.4ms Leader 0 SENDING AppendEntries to vehicle 1 (n_entries=4, leader_commit=2)
290426.4ms Leader 0 SENDING AppendEntries to vehicle 4 (n_entries=6, leader_commit=2)
290426.4ms Leader 0 SENDING AppendEntries to vehicle 5 (n_entries=6, leader_commit=2)
290426.4ms Leader 0 SENDING AppendEntries to vehicle 6 (n_entries=6, leader_commit=2)
290566.4ms Leader 0 SENDING AppendEntries to vehicle 1 (n_entries=4, leader_commit=2)
290566.4ms Leader 0 SENDING AppendEntries to vehicle 4 (n_entries=6, leader_commit=2)
290566.4ms Leader 0 SENDING AppendEntries to vehicle 5 (n_entries=6, leader_commit=2)
290566.4ms Leader 0 SENDING AppendEntries to vehicle 6 (n_entries=6, leader_commit=2)
290706.4ms Leader 0 SENDING AppendEntries to vehicle 1 (n_entries=4, leader_commit=2)
290706.4ms Leader 0 SENDING AppendEntries to vehicle 4 (n_entries=6, leader_commit=2)
290706.4ms Leader 0 SENDING AppendEntries to vehicle 5 (n_entries=6, leader_commit=2)
290706.4ms Leader 0 SENDING AppendEntries to vehicle 6 (n_entries=6, leader_commit=2)
290846.4ms Leader 0 SENDING AppendEntries to vehicle 1 (n_entries=4, leader_commit=2)
290846.4ms Leader 0 SENDING AppendEntries to vehicle 4 (n_entries=6, leader_commit=2)
290846.4ms Leader 0 SENDING AppendEntries to vehicle 5 (n_entries=6, leader_commit=2)
290846.4ms Leader 0 SENDING AppendEntries to vehicle 6 (n_entries=6, leader_commit=2)
290986.4ms Leader 0 SENDING AppendEntries to vehicle 1 (n_entries=4, leader_commit=2)
290986.4ms Leader 0 SENDING AppendEntries to vehicle 4 (n_entries=6, leader_commit=2)
290986.4ms Leader 0 SENDING AppendEntries to vehicle 5 (n_entries=6, leader_commit=2)
290986.4ms Leader 0 SENDING AppendEntries to vehicle 6 (n_entries=6, leader_commit=2)
291126.4ms Leader 0 SENDING AppendEntries to vehicle 1 (n_entries=4, leader_commit=2)
291126.4ms Leader 0 SENDING AppendEntries to vehicle 4 (n_entries=6, leader_commit=2)
291126.4ms Leader 0 SENDING AppendEntries to vehicle 5 (n_entries=6, leader_commit=2)
291126.4ms Leader 0 SENDING AppendEntries to vehicle 6 (n_entries=6, leader_commit=2)
291266.4ms Leader 0 SENDING AppendEntries to vehicle 1 (n_entries=4, leader_commit=2)
291266.4ms Leader 0 SENDING AppendEntries to vehicle 4 (n_entries=6, leader_commit=2)
291266.4ms Leader 0 SENDING AppendEntries to vehicle 5 (n_entries=6, leader_commit=2)
291266.4ms Leader 0 SENDING AppendEntries to vehicle 6 (n_entries=6, leader_commit=2)
291406.4ms Leader 0 SENDING AppendEntries to vehicle 1 (n_entries=4, leader_commit=2)
291406.4ms Leader 0 SENDING AppendEntries to vehicle 4 (n_entries=6, leader_commit=2)
291406.4ms Leader 0 SENDING AppendEntries to vehicle 5 (n_entries=6, leader_commit=2)
291406.4ms Leader 0 SENDING AppendEntries to vehicle 6 (n_entries=6, leader_commit=2)
291546.4ms Leader 0 SENDING AppendEntries to vehicle 1 (n_entries=4, leader_commit=2)
291546.4ms Leader 0 SENDING AppendEntries to vehicle 4 (n_entries=6, leader_commit=2)
291546.4ms Leader 0 SENDING AppendEntries to vehicle 5 (n_entries=6, leader_commit=2)
291546.4ms Leader 0 SENDING AppendEntries to vehicle 6 (n_entries=6, leader_commit=2)
291686.4ms Leader 0 SENDING AppendEntries to vehicle 1 (n_entries=4, leader_commit=2)
291686.4ms Leader 0 SENDING AppendEntries to vehicle 4 (n_entries=6, leader_commit=2)
291686.4ms Leader 0 SENDING AppendEntries to vehicle 5 (n_entries=6, leader_commit=2)
291686.4ms Leader 0 SENDING AppendEntries to vehicle 6 (n_entries=6, leader_commit=2)
291826.4ms Leader 0 SENDING AppendEntries to vehicle 1 (n_entries=4, leader_commit=2)
291826.4ms Leader 0 SENDING AppendEntries to vehicle 4 (n_entries=6, leader_commit=2)
291826.4ms Leader 0 SENDING AppendEntries to vehicle 5 (n_entries=6, leader_commit=2)
291826.4ms Leader 0 SENDING AppendEntries to vehicle 6 (n_entries=6, leader_commit=2)
291966.4ms Leader 0 SENDING AppendEntries to vehicle 1 (n_entries=4, leader_commit=2)
291966.4ms Leader 0 SENDING AppendEntries to vehicle 4 (n_entries=6, leader_commit=2)
291966.4ms Leader 0 SENDING AppendEntries to vehicle 5 (n_entries=6, leader_commit=2)
291966.4ms Leader 0 SENDING AppendEntries to vehicle 6 (n_entries=6, leader_commit=2)
292106.4ms Leader 0 SENDING AppendEntries to vehicle 1 (n_entries=4, leader_commit=2)
292106.4ms Leader 0 SENDING AppendEntries to vehicle 4 (n_entries=6, leader_commit=2)
292106.4ms Leader 0 SENDING AppendEntries to vehicle 5 (n_entries=6, leader_commit=2)
292106.4ms Leader 0 SENDING AppendEntries to vehicle 6 (n_entries=6, leader_commit=2)
292246.4ms Leader 0 SENDING AppendEntries to vehicle 1 (n_entries=4, leader_commit=2)
292246.4ms Leader 0 SENDING AppendEntries to vehicle 4 (n_entries=6, leader_commit=2)
292246.4ms Leader 0 SENDING AppendEntries to vehicle 5 (n_entries=6, leader_commit=2)
292246.4ms Leader 0 SENDING AppendEntries to vehicle 6 (n_entries=6, leader_commit=2)
292386.4ms Leader 0 SENDING AppendEntries to vehicle 1 (n_entries=4, leader_commit=2)
292386.4ms Leader 0 SENDING AppendEntries to vehicle 4 (n_entries=6, leader_commit=2)
292386.4ms Leader 0 SENDING AppendEntries to vehicle 5 (n_entries=6, leader_commit=2)
292386.4ms Leader 0 SENDING AppendEntries to vehicle 6 (n_entries=6, leader_commit=2)
292526.4ms Leader 0 SENDING AppendEntries to vehicle 1 (n_entries=4, leader_commit=2)
292526.4ms Leader 0 SENDING AppendEntries to vehicle 4 (n_entries=6, leader_commit=2)
292526.4ms Leader 0 SENDING AppendEntries to vehicle 5 (n_entries=6, leader_commit=2)
292526.4ms Leader 0 SENDING AppendEntries to vehicle 6 (n_entries=6, leader_commit=2)
292666.4ms Leader 0 SENDING AppendEntries to vehicle 1 (n_entries=4, leader_commit=2)
292666.4ms Leader 0 SENDING AppendEntries to vehicle 4 (n_entries=6, leader_commit=2)
292666.4ms Leader 0 SENDING AppendEntries to vehicle 5 (n_entries=6, leader_commit=2)
292666.4ms Leader 0 SENDING AppendEntries to vehicle 6 (n_entries=6, leader_commit=2)
292806.4ms Leader 0 SENDING AppendEntries to vehicle 1 (n_entries=4, leader_commit=2)
292806.4ms Leader 0 SENDING AppendEntries to vehicle 4 (n_entries=6, leader_commit=2)
292806.4ms Leader 0 SENDING AppendEntries to vehicle 5 (n_entries=6, leader_commit=2)
292806.4ms Leader 0 SENDING AppendEntries to vehicle 6 (n_entries=6, leader_commit=2)
292946.4ms Leader 0 SENDING AppendEntries to vehicle 1 (n_entries=4, leader_commit=2)
292946.4ms Leader 0 SENDING AppendEntries to vehicle 4 (n_entries=6, leader_commit=2)
292946.4ms Leader 0 SENDING AppendEntries to vehicle 5 (n_entries=6, leader_commit=2)
292946.4ms Leader 0 SENDING AppendEntries to vehicle 6 (n_entries=6, leader_commit=2)
293086.4ms Leader 0 SENDING AppendEntries to vehicle 1 (n_entries=4, leader_commit=2)
293086.4ms Leader 0 SENDING AppendEntries to vehicle 4 (n_entries=6, leader_commit=2)
293086.4ms Leader 0 SENDING AppendEntries to vehicle 5 (n_entries=6, leader_commit=2)
293086.4ms Leader 0 SENDING AppendEntries to vehicle 6 (n_entries=6, leader_commit=2)
293226.4ms Leader 0 SENDING AppendEntries to vehicle 1 (n_entries=4, leader_commit=2)
293226.4ms Leader 0 SENDING AppendEntries to vehicle 4 (n_entries=6, leader_commit=2)
293226.4ms Leader 0 SENDING AppendEntries to vehicle 5 (n_entries=6, leader_commit=2)
293226.4ms Leader 0 SENDING AppendEntries to vehicle 6 (n_entries=6, leader_commit=2)
293366.4ms Leader 0 SENDING AppendEntries to vehicle 1 (n_entries=4, leader_commit=2)
293366.4ms Leader 0 SENDING AppendEntries to vehicle 4 (n_entries=6, leader_commit=2)
293366.4ms Leader 0 SENDING AppendEntries to vehicle 5 (n_entries=6, leader_commit=2)
293366.4ms Leader 0 SENDING AppendEntries to vehicle 6 (n_entries=6, leader_commit=2)
293506.4ms Leader 0 SENDING AppendEntries to vehicle 1 (n_entries=4, leader_commit=2)
293506.4ms Leader 0 SENDING AppendEntries to vehicle 4 (n_entries=6, leader_commit=2)
293506.4ms Leader 0 SENDING AppendEntries to vehicle 5 (n_entries=6, leader_commit=2)
293506.4ms Leader 0 SENDING AppendEntries to vehicle 6 (n_entries=6, leader_commit=2)
293646.4ms Leader 0 SENDING AppendEntries to vehicle 1 (n_entries=4, leader_commit=2)
293646.4ms Leader 0 SENDING AppendEntries to vehicle 4 (n_entries=6, leader_commit=2)
293646.4ms Leader 0 SENDING AppendEntries to vehicle 5 (n_entries=6, leader_commit=2)
293646.4ms Leader 0 SENDING AppendEntries to vehicle 6 (n_entries=6, leader_commit=2)
293786.4ms Leader 0 SENDING AppendEntries to vehicle 1 (n_entries=4, leader_commit=2)
293786.4ms Leader 0 SENDING AppendEntries to vehicle 4 (n_entries=6, leader_commit=2)
293786.4ms Leader 0 SENDING AppendEntries to vehicle 5 (n_entries=6, leader_commit=2)
293786.4ms Leader 0 SENDING AppendEntries to vehicle 6 (n_entries=6, leader_commit=2)
293926.4ms Leader 0 SENDING AppendEntries to vehicle 1 (n_entries=4, leader_commit=2)
293926.4ms Leader 0 SENDING AppendEntries to vehicle 4 (n_entries=6, leader_commit=2)
293926.4ms Leader 0 SENDING AppendEntries to vehicle 5 (n_entries=6, leader_commit=2)
293926.4ms Leader 0 SENDING AppendEntries to vehicle 6 (n_entries=6, leader_commit=2)
294066.4ms Leader 0 SENDING AppendEntries to vehicle 1 (n_entries=4, leader_commit=2)
294066.4ms Leader 0 SENDING AppendEntries to vehicle 4 (n_entries=6, leader_commit=2)
294066.4ms Leader 0 SENDING AppendEntries to vehicle 5 (n_entries=6, leader_commit=2)
294066.4ms Leader 0 SENDING AppendEntries to vehicle 6 (n_entries=6, leader_commit=2)
294206.4ms Leader 0 SENDING AppendEntries to vehicle 1 (n_entries=4, leader_commit=2)
294206.4ms Leader 0 SENDING AppendEntries to vehicle 4 (n_entries=6, leader_commit=2)
294206.4ms Leader 0 SENDING AppendEntries to vehicle 5 (n_entries=6, leader_commit=2)
294206.4ms Leader 0 SENDING AppendEntries to vehicle 6 (n_entries=6, leader_commit=2)
294346.4ms Leader 0 SENDING AppendEntries to vehicle 1 (n_entries=4, leader_commit=2)
294346.4ms Leader 0 SENDING AppendEntries to vehicle 4 (n_entries=6, leader_commit=2)
294346.4ms Leader 0 SENDING AppendEntries to vehicle 5 (n_entries=6, leader_commit=2)
294346.4ms Leader 0 SENDING AppendEntries to vehicle 6 (n_entries=6, leader_commit=2)
294486.4ms Leader 0 SENDING AppendEntries to vehicle 1 (n_entries=4, leader_commit=2)
294486.4ms Leader 0 SENDING AppendEntries to vehicle 4 (n_entries=6, leader_commit=2)
294486.4ms Leader 0 SENDING AppendEntries to vehicle 5 (n_entries=6, leader_commit=2)
294486.4ms Leader 0 SENDING AppendEntries to vehicle 6 (n_entries=6, leader_commit=2)
294626.4ms Leader 0 SENDING AppendEntries to vehicle 1 (n_entries=4, leader_commit=2)
294626.4ms Leader 0 SENDING AppendEntries to vehicle 4 (n_entries=6, leader_commit=2)
294626.4ms Leader 0 SENDING AppendEntries to vehicle 5 (n_entries=6, leader_commit=2)
294626.4ms Leader 0 SENDING AppendEntries to vehicle 6 (n_entries=6, leader_commit=2)
294766.4ms Leader 0 SENDING AppendEntries to vehicle 1 (n_entries=4, leader_commit=2)
294766.4ms Leader 0 SENDING AppendEntries to vehicle 4 (n_entries=6, leader_commit=2)
294766.4ms Leader 0 SENDING AppendEntries to vehicle 5 (n_entries=6, leader_commit=2)
294766.4ms Leader 0 SENDING AppendEntries to vehicle 6 (n_entries=6, leader_commit=2)
294906.4ms Leader 0 SENDING AppendEntries to vehicle 1 (n_entries=4, leader_commit=2)
294906.4ms Leader 0 SENDING AppendEntries to vehicle 4 (n_entries=6, leader_commit=2)
294906.4ms Leader 0 SENDING AppendEntries to vehicle 5 (n_entries=6, leader_commit=2)
294906.4ms Leader 0 SENDING AppendEntries to vehicle 6 (n_entries=6, leader_commit=2)
295046.4ms Leader 0 SENDING AppendEntries to vehicle 1 (n_entries=4, leader_commit=2)
295046.4ms Leader 0 SENDING AppendEntries to vehicle 4 (n_entries=6, leader_commit=2)
295046.4ms Leader 0 SENDING AppendEntries to vehicle 5 (n_entries=6, leader_commit=2)
295046.4ms Leader 0 SENDING AppendEntries to vehicle 6 (n_entries=6, leader_commit=2)
295186.4ms Leader 0 SENDING AppendEntries to vehicle 1 (n_entries=4, leader_commit=2)
295186.4ms Leader 0 SENDING AppendEntries to vehicle 4 (n_entries=6, leader_commit=2)
295186.4ms Leader 0 SENDING AppendEntries to vehicle 5 (n_entries=6, leader_commit=2)
295186.4ms Leader 0 SENDING AppendEntries to vehicle 6 (n_entries=6, leader_commit=2)
295326.4ms Leader 0 SENDING AppendEntries to vehicle 1 (n_entries=4, leader_commit=2)
295326.4ms Leader 0 SENDING AppendEntries to vehicle 4 (n_entries=6, leader_commit=2)
295326.4ms Leader 0 SENDING AppendEntries to vehicle 5 (n_entries=6, leader_commit=2)
295326.4ms Leader 0 SENDING AppendEntries to vehicle 6 (n_entries=6, leader_commit=2)
295466.4ms Leader 0 SENDING AppendEntries to vehicle 1 (n_entries=4, leader_commit=2)
295466.4ms Leader 0 SENDING AppendEntries to vehicle 4 (n_entries=6, leader_commit=2)
295466.4ms Leader 0 SENDING AppendEntries to vehicle 5 (n_entries=6, leader_commit=2)
295466.4ms Leader 0 SENDING AppendEntries to vehicle 6 (n_entries=6, leader_commit=2)
295606.4ms Leader 0 SENDING AppendEntries to vehicle 1 (n_entries=4, leader_commit=2)
295606.4ms Leader 0 SENDING AppendEntries to vehicle 4 (n_entries=6, leader_commit=2)
295606.4ms Leader 0 SENDING AppendEntries to vehicle 5 (n_entries=6, leader_commit=2)
295606.4ms Leader 0 SENDING AppendEntries to vehicle 6 (n_entries=6, leader_commit=2)
295746.4ms Leader 0 SENDING AppendEntries to vehicle 1 (n_entries=4, leader_commit=2)
295746.4ms Leader 0 SENDING AppendEntries to vehicle 4 (n_entries=6, leader_commit=2)
295746.4ms Leader 0 SENDING AppendEntries to vehicle 5 (n_entries=6, leader_commit=2)
295746.4ms Leader 0 SENDING AppendEntries to vehicle 6 (n_entries=6, leader_commit=2)
295886.4ms Leader 0 SENDING AppendEntries to vehicle 1 (n_entries=4, leader_commit=2)
295886.4ms Leader 0 SENDING AppendEntries to vehicle 4 (n_entries=6, leader_commit=2)
295886.4ms Leader 0 SENDING AppendEntries to vehicle 5 (n_entries=6, leader_commit=2)
295886.4ms Leader 0 SENDING AppendEntries to vehicle 6 (n_entries=6, leader_commit=2)
296026.4ms Leader 0 SENDING AppendEntries to vehicle 1 (n_entries=4, leader_commit=2)
296026.4ms Leader 0 SENDING AppendEntries to vehicle 4 (n_entries=6, leader_commit=2)
296026.4ms Leader 0 SENDING AppendEntries to vehicle 5 (n_entries=6, leader_commit=2)
296026.4ms Leader 0 SENDING AppendEntries to vehicle 6 (n_entries=6, leader_commit=2)
296166.4ms Leader 0 SENDING AppendEntries to vehicle 1 (n_entries=4, leader_commit=2)
296166.4ms Leader 0 SENDING AppendEntries to vehicle 4 (n_entries=6, leader_commit=2)
296166.4ms Leader 0 SENDING AppendEntries to vehicle 5 (n_entries=6, leader_commit=2)
296166.4ms Leader 0 SENDING AppendEntries to vehicle 6 (n_entries=6, leader_commit=2)
296306.4ms Leader 0 SENDING AppendEntries to vehicle 1 (n_entries=4, leader_commit=2)
296306.4ms Leader 0 SENDING AppendEntries to vehicle 4 (n_entries=6, leader_commit=2)
296306.4ms Leader 0 SENDING AppendEntries to vehicle 5 (n_entries=6, leader_commit=2)
296306.4ms Leader 0 SENDING AppendEntries to vehicle 6 (n_entries=6, leader_commit=2)
296446.4ms Leader 0 SENDING AppendEntries to vehicle 1 (n_entries=4, leader_commit=2)
296446.4ms Leader 0 SENDING AppendEntries to vehicle 4 (n_entries=6, leader_commit=2)
296446.4ms Leader 0 SENDING AppendEntries to vehicle 5 (n_entries=6, leader_commit=2)
296446.4ms Leader 0 SENDING AppendEntries to vehicle 6 (n_entries=6, leader_commit=2)
296586.4ms Leader 0 SENDING AppendEntries to vehicle 1 (n_entries=4, leader_commit=2)
296586.4ms Leader 0 SENDING AppendEntries to vehicle 4 (n_entries=6, leader_commit=2)
296586.4ms Leader 0 SENDING AppendEntries to vehicle 5 (n_entries=6, leader_commit=2)
296586.4ms Leader 0 SENDING AppendEntries to vehicle 6 (n_entries=6, leader_commit=2)
296726.4ms Leader 0 SENDING AppendEntries to vehicle 1 (n_entries=4, leader_commit=2)
296726.4ms Leader 0 SENDING AppendEntries to vehicle 4 (n_entries=6, leader_commit=2)
296726.4ms Leader 0 SENDING AppendEntries to vehicle 5 (n_entries=6, leader_commit=2)
296726.4ms Leader 0 SENDING AppendEntries to vehicle 6 (n_entries=6, leader_commit=2)
296866.4ms Leader 0 SENDING AppendEntries to vehicle 1 (n_entries=4, leader_commit=2)
296866.4ms Leader 0 SENDING AppendEntries to vehicle 4 (n_entries=6, leader_commit=2)
296866.4ms Leader 0 SENDING AppendEntries to vehicle 5 (n_entries=6, leader_commit=2)
296866.4ms Leader 0 SENDING AppendEntries to vehicle 6 (n_entries=6, leader_commit=2)
297006.4ms Leader 0 SENDING AppendEntries to vehicle 1 (n_entries=4, leader_commit=2)
297006.4ms Leader 0 SENDING AppendEntries to vehicle 4 (n_entries=6, leader_commit=2)
297006.4ms Leader 0 SENDING AppendEntries to vehicle 5 (n_entries=6, leader_commit=2)
297006.4ms Leader 0 SENDING AppendEntries to vehicle 6 (n_entries=6, leader_commit=2)
297146.4ms Leader 0 SENDING AppendEntries to vehicle 1 (n_entries=4, leader_commit=2)
297146.4ms Leader 0 SENDING AppendEntries to vehicle 4 (n_entries=6, leader_commit=2)
297146.4ms Leader 0 SENDING AppendEntries to vehicle 5 (n_entries=6, leader_commit=2)
297146.4ms Leader 0 SENDING AppendEntries to vehicle 6 (n_entries=6, leader_commit=2)
297286.4ms Leader 0 SENDING AppendEntries to vehicle 1 (n_entries=4, leader_commit=2)
297286.4ms Leader 0 SENDING AppendEntries to vehicle 4 (n_entries=6, leader_commit=2)
297286.4ms Leader 0 SENDING AppendEntries to vehicle 5 (n_entries=6, leader_commit=2)
297286.4ms Leader 0 SENDING AppendEntries to vehicle 6 (n_entries=6, leader_commit=2)
297426.4ms Leader 0 SENDING AppendEntries to vehicle 1 (n_entries=4, leader_commit=2)
297426.4ms Leader 0 SENDING AppendEntries to vehicle 4 (n_entries=6, leader_commit=2)
297426.4ms Leader 0 SENDING AppendEntries to vehicle 5 (n_entries=6, leader_commit=2)
297426.4ms Leader 0 SENDING AppendEntries to vehicle 6 (n_entries=6, leader_commit=2)
297566.4ms Leader 0 SENDING AppendEntries to vehicle 1 (n_entries=4, leader_commit=2)
297566.4ms Leader 0 SENDING AppendEntries to vehicle 4 (n_entries=6, leader_commit=2)
297566.4ms Leader 0 SENDING AppendEntries to vehicle 5 (n_entries=6, leader_commit=2)
297566.4ms Leader 0 SENDING AppendEntries to vehicle 6 (n_entries=6, leader_commit=2)
297706.4ms Leader 0 SENDING AppendEntries to vehicle 1 (n_entries=4, leader_commit=2)
297706.4ms Leader 0 SENDING AppendEntries to vehicle 4 (n_entries=6, leader_commit=2)
297706.4ms Leader 0 SENDING AppendEntries to vehicle 5 (n_entries=6, leader_commit=2)
297706.4ms Leader 0 SENDING AppendEntries to vehicle 6 (n_entries=6, leader_commit=2)
297846.4ms Leader 0 SENDING AppendEntries to vehicle 1 (n_entries=4, leader_commit=2)
297846.4ms Leader 0 SENDING AppendEntries to vehicle 4 (n_entries=6, leader_commit=2)
297846.4ms Leader 0 SENDING AppendEntries to vehicle 5 (n_entries=6, leader_commit=2)
297846.4ms Leader 0 SENDING AppendEntries to vehicle 6 (n_entries=6, leader_commit=2)
297986.4ms Leader 0 SENDING AppendEntries to vehicle 1 (n_entries=4, leader_commit=2)
297986.4ms Leader 0 SENDING AppendEntries to vehicle 4 (n_entries=6, leader_commit=2)
297986.4ms Leader 0 SENDING AppendEntries to vehicle 5 (n_entries=6, leader_commit=2)
297986.4ms Leader 0 SENDING AppendEntries to vehicle 6 (n_entries=6, leader_commit=2)
298126.4ms Leader 0 SENDING AppendEntries to vehicle 1 (n_entries=4, leader_commit=2)
298126.4ms Leader 0 SENDING AppendEntries to vehicle 4 (n_entries=6, leader_commit=2)
298126.4ms Leader 0 SENDING AppendEntries to vehicle 5 (n_entries=6, leader_commit=2)
298126.4ms Leader 0 SENDING AppendEntries to vehicle 6 (n_entries=6, leader_commit=2)
298266.4ms Leader 0 SENDING AppendEntries to vehicle 1 (n_entries=4, leader_commit=2)
298266.4ms Leader 0 SENDING AppendEntries to vehicle 4 (n_entries=6, leader_commit=2)
298266.4ms Leader 0 SENDING AppendEntries to vehicle 5 (n_entries=6, leader_commit=2)
298266.4ms Leader 0 SENDING AppendEntries to vehicle 6 (n_entries=6, leader_commit=2)
298406.4ms Leader 0 SENDING AppendEntries to vehicle 1 (n_entries=4, leader_commit=2)
298406.4ms Leader 0 SENDING AppendEntries to vehicle 4 (n_entries=6, leader_commit=2)
298406.4ms Leader 0 SENDING AppendEntries to vehicle 5 (n_entries=6, leader_commit=2)
298406.4ms Leader 0 SENDING AppendEntries to vehicle 6 (n_entries=6, leader_commit=2)
298546.4ms Leader 0 SENDING AppendEntries to vehicle 1 (n_entries=4, leader_commit=2)
298546.4ms Leader 0 SENDING AppendEntries to vehicle 4 (n_entries=6, leader_commit=2)
298546.4ms Leader 0 SENDING AppendEntries to vehicle 5 (n_entries=6, leader_commit=2)
298546.4ms Leader 0 SENDING AppendEntries to vehicle 6 (n_entries=6, leader_commit=2)
298686.4ms Leader 0 SENDING AppendEntries to vehicle 1 (n_entries=4, leader_commit=2)
298686.4ms Leader 0 SENDING AppendEntries to vehicle 4 (n_entries=6, leader_commit=2)
298686.4ms Leader 0 SENDING AppendEntries to vehicle 5 (n_entries=6, leader_commit=2)
298686.4ms Leader 0 SENDING AppendEntries to vehicle 6 (n_entries=6, leader_commit=2)
298826.4ms Leader 0 SENDING AppendEntries to vehicle 1 (n_entries=4, leader_commit=2)
298826.4ms Leader 0 SENDING AppendEntries to vehicle 4 (n_entries=6, leader_commit=2)
298826.4ms Leader 0 SENDING AppendEntries to vehicle 5 (n_entries=6, leader_commit=2)
298826.4ms Leader 0 SENDING AppendEntries to vehicle 6 (n_entries=6, leader_commit=2)
298966.4ms Leader 0 SENDING AppendEntries to vehicle 1 (n_entries=4, leader_commit=2)
298966.4ms Leader 0 SENDING AppendEntries to vehicle 4 (n_entries=6, leader_commit=2)
298966.4ms Leader 0 SENDING AppendEntries to vehicle 5 (n_entries=6, leader_commit=2)
298966.4ms Leader 0 SENDING AppendEntries to vehicle 6 (n_entries=6, leader_commit=2)
299106.4ms Leader 0 SENDING AppendEntries to vehicle 1 (n_entries=4, leader_commit=2)
299106.4ms Leader 0 SENDING AppendEntries to vehicle 4 (n_entries=6, leader_commit=2)
299106.4ms Leader 0 SENDING AppendEntries to vehicle 5 (n_entries=6, leader_commit=2)
299106.4ms Leader 0 SENDING AppendEntries to vehicle 6 (n_entries=6, leader_commit=2)
299246.4ms Leader 0 SENDING AppendEntries to vehicle 1 (n_entries=4, leader_commit=2)
299246.4ms Leader 0 SENDING AppendEntries to vehicle 4 (n_entries=6, leader_commit=2)
299246.4ms Leader 0 SENDING AppendEntries to vehicle 5 (n_entries=6, leader_commit=2)
299246.4ms Leader 0 SENDING AppendEntries to vehicle 6 (n_entries=6, leader_commit=2)
299386.4ms Leader 0 SENDING AppendEntries to vehicle 1 (n_entries=4, leader_commit=2)
299386.4ms Leader 0 SENDING AppendEntries to vehicle 4 (n_entries=6, leader_commit=2)
299386.4ms Leader 0 SENDING AppendEntries to vehicle 5 (n_entries=6, leader_commit=2)
299386.4ms Leader 0 SENDING AppendEntries to vehicle 6 (n_entries=6, leader_commit=2)
299526.4ms Leader 0 SENDING AppendEntries to vehicle 1 (n_entries=4, leader_commit=2)
299526.4ms Leader 0 SENDING AppendEntries to vehicle 4 (n_entries=6, leader_commit=2)
299526.4ms Leader 0 SENDING AppendEntries to vehicle 5 (n_entries=6, leader_commit=2)
299526.4ms Leader 0 SENDING AppendEntries to vehicle 6 (n_entries=6, leader_commit=2)
299666.4ms Leader 0 SENDING AppendEntries to vehicle 1 (n_entries=4, leader_commit=2)
299666.4ms Leader 0 SENDING AppendEntries to vehicle 4 (n_entries=6, leader_commit=2)
299666.4ms Leader 0 SENDING AppendEntries to vehicle 5 (n_entries=6, leader_commit=2)
299666.4ms Leader 0 SENDING AppendEntries to vehicle 6 (n_entries=6, leader_commit=2)
299806.4ms Leader 0 SENDING AppendEntries to vehicle 1 (n_entries=4, leader_commit=2)
299806.4ms Leader 0 SENDING AppendEntries to vehicle 4 (n_entries=6, leader_commit=2)
299806.4ms Leader 0 SENDING AppendEntries to vehicle 5 (n_entries=6, leader_commit=2)
299806.4ms Leader 0 SENDING AppendEntries to vehicle 6 (n_entries=6, leader_commit=2)
299946.4ms Leader 0 SENDING AppendEntries to vehicle 1 (n_entries=4, leader_commit=2)
299946.4ms Leader 0 SENDING AppendEntries to vehicle 4 (n_entries=6, leader_commit=2)
299946.4ms Leader 0 SENDING AppendEntries to vehicle 5 (n_entries=6, leader_commit=2)
299946.4ms Leader 0 SENDING AppendEntries to vehicle 6 (n_entries=6, leader_commit=2)
** Event #716069   t=300   Elapsed: 5.75207s (0m 05s)  100% completed  (100% total)
     Speed:     ev/sec=186070   simsec/sec=128.714   ev/simsec=1445.61
     Messages:  created: 518374   present: 2383   in FES: 5

<!> Simulation time limit reached -- at t=300s, event #716069

Calling finish() at end of Run #0...
[INFO]	Radio signal arrival computation count = 57080
[INFO]	Transmission count = 30224
[INFO]	Signal send count = 57074
[INFO]	Reception computation count = 57074
[INFO]	Interference computation count = 200970
[INFO]	Reception decision computation count = 45760
[INFO]	Listening decision computation count = 98271
[INFO]	Reception cache hit = 84.4068 %
[INFO]	Interference cache hit = 66.6667 %
[INFO]	Noise cache hit = 0 %
[INFO]	SNIR cache hit = 50 %
[INFO]	Reception decision cache hit = 50 %
[INFO]	Reception result cache hit = 0 %
[INFO]	IntersectionScenarioInet.node[0].tcp: finishing with 0 connections open.
[INFO]	IntersectionScenarioInet.node[7].tcp: finishing with 0 connections open.
[INFO]	Clear all sockets
[INFO]	Clear all sockets

End.
