OMNeT++ Discrete Event Simulation  (C) 1992-2019 Andras Varga, OpenSim Ltd.
Version: 5.6.2, build: 200518-aa79d0918f, edition: Academic Public License -- NOT FOR COMMERCIAL USE
See the license for distribution terms and warranty disclaimer

Setting up Cmdenv...

Loading NED files from ..:  9
Loading NED files from ../../src:  11
Loading NED files from ../../../inet/src:  831
Loading NED files from ../../../inet/examples:  174
Loading NED files from ../../../inet/tutorials:  10
Loading NED files from ../../../inet/showcases:  46
Loading NED files from ../../../../veins/examples/veins:  1
Loading NED files from ../../../../veins/src/veins:  44

Preparing for running configuration General, run #0...
Assigned runID=General-0-20260225-00:19:17-465602
Setting up network "IntersectionScenarioWave"...
Initializing...

Running simulation...
** Event #0   t=0   Elapsed: 9e-06s (0m 00s)  0% completed  (0% total)
     Speed:     ev/sec=0   simsec/sec=0   ev/simsec=0
     Messages:  created: 2   present: 2   in FES: 3
Vehicle 0 edge config: 4 approach, 4 exit edges
Opened results file: /home/mathesh/omnetpp-workspace/benchmark/results/raftwave_8veh_report/run_3/raft_results.json
Vehicle 1 edge config: 4 approach, 4 exit edges
Vehicle 2 edge config: 4 approach, 4 exit edges
Vehicle 3 edge config: 4 approach, 4 exit edges
Vehicle 4 edge config: 4 approach, 4 exit edges
Vehicle 5 edge config: 4 approach, 4 exit edges
Vehicle 6 edge config: 4 approach, 4 exit edges
Vehicle 7 edge config: 4 approach, 4 exit edges
2300.0ms Vehicle 2 STOPPED (front) at dist=24.9m
Vehicle 8 edge config: 4 approach, 4 exit edges
3500.0ms Vehicle 1 STOPPED (front) at dist=24.9m
Vehicle 9 edge config: 4 approach, 4 exit edges
5600.0ms Vehicle 3 STOPPED (front) at dist=24.5m
7800.0ms Vehicle 7 QUEUED at dist=33.0m speed=1.4m/s
9224.2ms Vehicle 2 CLUSTER FORMATION (all 8 vehicles discovered)
9224.2ms Vehicle 2 FORMING CLUSTER with 8 members: [
0 1 2 3 4 5 6 7 ]
9224.2ms Vehicle 2 scheduling oneshot IN 300.0ms
9224.2ms Vehicle 2 scheduling oneshot IN 700.0ms
9224.2ms Vehicle 2 scheduling oneshot IN 1200.0ms
9224.2ms Vehicle 2 scheduling oneshot IN 1800.0ms
9228.9ms Vehicle 1 FORMING CLUSTER with 8 members: [
0 1 2 3 4 5 6 7 ]
9228.9ms Vehicle 1 scheduling oneshot IN 300.0ms
9228.9ms Vehicle 1 scheduling oneshot IN 700.0ms
9228.9ms Vehicle 1 scheduling oneshot IN 1200.0ms
9228.9ms Vehicle 1 scheduling oneshot IN 1800.0ms
9228.9ms Vehicle 0 FORMING CLUSTER with 8 members: [
0 1 2 3 4 5 6 7 ]
9228.9ms Vehicle 0 scheduling oneshot IN 300.0ms
9228.9ms Vehicle 0 scheduling oneshot IN 700.0ms
9228.9ms Vehicle 0 scheduling oneshot IN 1200.0ms
9228.9ms Vehicle 0 scheduling oneshot IN 1800.0ms
9228.9ms Vehicle 3 FORMING CLUSTER with 8 members: [
0 1 2 3 4 5 6 7 ]
9228.9ms Vehicle 3 scheduling oneshot IN 300.0ms
9228.9ms Vehicle 3 scheduling oneshot IN 700.0ms
9228.9ms Vehicle 3 scheduling oneshot IN 1200.0ms
9228.9ms Vehicle 3 scheduling oneshot IN 1800.0ms
9228.9ms Vehicle 7 FORMING CLUSTER with 8 members: [
0 1 2 3 4 5 6 7 ]
9228.9ms Vehicle 7 scheduling oneshot IN 300.0ms
9228.9ms Vehicle 7 scheduling oneshot IN 700.0ms
9228.9ms Vehicle 7 scheduling oneshot IN 1200.0ms
9228.9ms Vehicle 7 scheduling oneshot IN 1800.0ms
9228.9ms Vehicle 9 FORMING CLUSTER with 9 members: [
0 1 2 3 4 5 6 7 9 ]
9228.9ms Vehicle 9 scheduling oneshot IN 300.0ms
9228.9ms Vehicle 9 scheduling oneshot IN 700.0ms
9228.9ms Vehicle 9 scheduling oneshot IN 1200.0ms
9228.9ms Vehicle 9 scheduling oneshot IN 1800.0ms
9228.9ms Vehicle 4 FORMING CLUSTER with 8 members: [
0 1 2 3 4 5 6 7 ]
9228.9ms Vehicle 4 scheduling oneshot IN 300.0ms
9228.9ms Vehicle 4 scheduling oneshot IN 700.0ms
9228.9ms Vehicle 4 scheduling oneshot IN 1200.0ms
9228.9ms Vehicle 4 scheduling oneshot IN 1800.0ms
9264.2ms Vehicle 2 processRaftPeriodic executes! delta=0.02, msecElapsed=20
9268.9ms Vehicle 1 processRaftPeriodic executes! delta=0.02, msecElapsed=20
9268.9ms Vehicle 0 processRaftPeriodic executes! delta=0.02, msecElapsed=20
9268.9ms Vehicle 3 processRaftPeriodic executes! delta=0.02, msecElapsed=20
9268.9ms Vehicle 7 processRaftPeriodic executes! delta=0.02, msecElapsed=20
9268.9ms Vehicle 9 processRaftPeriodic executes! delta=0.02, msecElapsed=20
9268.9ms Vehicle 4 processRaftPeriodic executes! delta=0.02, msecElapsed=20
9284.2ms Vehicle 2 processRaftPeriodic executes! delta=0.02, msecElapsed=20
9288.9ms Vehicle 1 processRaftPeriodic executes! delta=0.02, msecElapsed=20
9288.9ms Vehicle 0 processRaftPeriodic executes! delta=0.02, msecElapsed=20
9524.2ms Vehicle 2 EXECUTING oneshot cb
9528.9ms Vehicle 1 EXECUTING oneshot cb
9528.9ms Vehicle 0 EXECUTING oneshot cb
9528.9ms Vehicle 3 EXECUTING oneshot cb
9528.9ms Vehicle 7 EXECUTING oneshot cb
9528.9ms Vehicle 9 EXECUTING oneshot cb
9528.9ms Vehicle 4 EXECUTING oneshot cb
9864.2ms Vehicle 2 sendRequestVote called for node 1
9864.2ms Vehicle 2 sendRequestVote called for node 2
9864.2ms Vehicle 2 sendRequestVote called for node 4
9864.2ms Vehicle 2 sendRequestVote called for node 5
9864.2ms Vehicle 2 sendRequestVote called for node 6
9864.2ms Vehicle 2 sendRequestVote called for node 7
9864.2ms Vehicle 2 sendRequestVote called for node 8
9864.2ms Vehicle 2 RAFT STATE CHANGED from 1 to 2
9864.2ms Vehicle 2 I am a candidate now! Starting election...
9872.2ms Leader 2 SENDING AppendEntries to vehicle 0 (n_entries=0, leader_commit=0)
9872.2ms Leader 2 SENDING AppendEntries to vehicle 1 (n_entries=0, leader_commit=0)
9872.2ms Leader 2 SENDING AppendEntries to vehicle 3 (n_entries=0, leader_commit=0)
9872.2ms Leader 2 SENDING AppendEntries to vehicle 4 (n_entries=0, leader_commit=0)
9872.2ms Leader 2 SENDING AppendEntries to vehicle 5 (n_entries=0, leader_commit=0)
9872.2ms Leader 2 SENDING AppendEntries to vehicle 6 (n_entries=0, leader_commit=0)
9872.2ms Leader 2 SENDING AppendEntries to vehicle 7 (n_entries=0, leader_commit=0)
9873.8ms Vehicle 7 RECEIVED AppendEntries from 2 (n_entries=0, leader_commit=0)
9874.1ms Vehicle 4 RECEIVED AppendEntries from 2 (n_entries=0, leader_commit=0)
9874.4ms Vehicle 1 RECEIVED AppendEntries from 2 (n_entries=0, leader_commit=0)
9875.6ms Vehicle 0 RECEIVED AppendEntries from 2 (n_entries=0, leader_commit=0)
9876.5ms Vehicle 3 RECEIVED AppendEntries from 2 (n_entries=0, leader_commit=0)
9884.2ms Vehicle 2 BECAME LEADER (term=1)
9884.2ms Leader 2 sending STATUS_REQUEST (timeout=1700ms)
9884.2ms Vehicle 2 scheduling oneshot IN 1700.0ms
9900.0ms Vehicle 0 STOPPED (front) at dist=23.9m
9924.2ms Vehicle 2 EXECUTING oneshot cb
9928.9ms Vehicle 1 EXECUTING oneshot cb
9928.9ms Vehicle 0 EXECUTING oneshot cb
9928.9ms Vehicle 3 EXECUTING oneshot cb
9928.9ms Vehicle 7 EXECUTING oneshot cb
9928.9ms Vehicle 9 EXECUTING oneshot cb
9928.9ms Vehicle 4 EXECUTING oneshot cb
10004.2ms Leader 2 SENDING AppendEntries to vehicle 0 (n_entries=0, leader_commit=0)
10004.2ms Leader 2 SENDING AppendEntries to vehicle 1 (n_entries=0, leader_commit=0)
10004.2ms Leader 2 SENDING AppendEntries to vehicle 3 (n_entries=0, leader_commit=0)
10004.2ms Leader 2 SENDING AppendEntries to vehicle 4 (n_entries=0, leader_commit=0)
10004.2ms Leader 2 SENDING AppendEntries to vehicle 5 (n_entries=0, leader_commit=0)
10004.2ms Leader 2 SENDING AppendEntries to vehicle 6 (n_entries=0, leader_commit=0)
10004.2ms Leader 2 SENDING AppendEntries to vehicle 7 (n_entries=0, leader_commit=0)
10006.2ms Vehicle 4 RECEIVED AppendEntries from 2 (n_entries=0, leader_commit=0)
10008.0ms Vehicle 7 RECEIVED AppendEntries from 2 (n_entries=0, leader_commit=0)
10008.9ms Vehicle 1 RECEIVED AppendEntries from 2 (n_entries=0, leader_commit=0)
10009.2ms Vehicle 0 RECEIVED AppendEntries from 2 (n_entries=0, leader_commit=0)
10009.5ms Vehicle 3 RECEIVED AppendEntries from 2 (n_entries=0, leader_commit=0)
10144.2ms Leader 2 SENDING AppendEntries to vehicle 0 (n_entries=0, leader_commit=0)
10144.2ms Leader 2 SENDING AppendEntries to vehicle 1 (n_entries=0, leader_commit=0)
10144.2ms Leader 2 SENDING AppendEntries to vehicle 3 (n_entries=0, leader_commit=0)
10144.2ms Leader 2 SENDING AppendEntries to vehicle 4 (n_entries=0, leader_commit=0)
10144.2ms Leader 2 SENDING AppendEntries to vehicle 5 (n_entries=0, leader_commit=0)
10144.2ms Leader 2 SENDING AppendEntries to vehicle 6 (n_entries=0, leader_commit=0)
10144.2ms Leader 2 SENDING AppendEntries to vehicle 7 (n_entries=0, leader_commit=0)
10146.5ms Vehicle 0 RECEIVED AppendEntries from 2 (n_entries=0, leader_commit=0)
10147.5ms Vehicle 4 RECEIVED AppendEntries from 2 (n_entries=0, leader_commit=0)
10148.0ms Vehicle 1 RECEIVED AppendEntries from 2 (n_entries=0, leader_commit=0)
10148.3ms Vehicle 7 RECEIVED AppendEntries from 2 (n_entries=0, leader_commit=0)
10148.7ms Vehicle 3 RECEIVED AppendEntries from 2 (n_entries=0, leader_commit=0)
10188.9ms Vehicle 9 sendRequestVote called for node 1
10188.9ms Vehicle 9 sendRequestVote called for node 2
10188.9ms Vehicle 9 sendRequestVote called for node 3
10188.9ms Vehicle 9 sendRequestVote called for node 4
10188.9ms Vehicle 9 sendRequestVote called for node 5
10188.9ms Vehicle 9 sendRequestVote called for node 6
10188.9ms Vehicle 9 sendRequestVote called for node 7
10188.9ms Vehicle 9 sendRequestVote called for node 8
10188.9ms Vehicle 9 RAFT STATE CHANGED from 1 to 2
10188.9ms Vehicle 9 I am a candidate now! Starting election...
10284.2ms Leader 2 SENDING AppendEntries to vehicle 0 (n_entries=0, leader_commit=0)
10284.2ms Leader 2 SENDING AppendEntries to vehicle 1 (n_entries=0, leader_commit=0)
10284.2ms Leader 2 SENDING AppendEntries to vehicle 3 (n_entries=0, leader_commit=0)
10284.2ms Leader 2 SENDING AppendEntries to vehicle 4 (n_entries=0, leader_commit=0)
10284.2ms Leader 2 SENDING AppendEntries to vehicle 5 (n_entries=0, leader_commit=0)
10284.2ms Leader 2 SENDING AppendEntries to vehicle 6 (n_entries=0, leader_commit=0)
10284.2ms Leader 2 SENDING AppendEntries to vehicle 7 (n_entries=0, leader_commit=0)
10285.5ms Vehicle 1 RECEIVED AppendEntries from 2 (n_entries=0, leader_commit=0)
10286.1ms Vehicle 7 RECEIVED AppendEntries from 2 (n_entries=0, leader_commit=0)
10287.9ms Vehicle 0 RECEIVED AppendEntries from 2 (n_entries=0, leader_commit=0)
10288.5ms Vehicle 3 RECEIVED AppendEntries from 2 (n_entries=0, leader_commit=0)
10288.8ms Vehicle 4 RECEIVED AppendEntries from 2 (n_entries=0, leader_commit=0)
10424.2ms Vehicle 2 EXECUTING oneshot cb
10424.2ms Leader 2 SENDING AppendEntries to vehicle 0 (n_entries=0, leader_commit=0)
10424.2ms Leader 2 SENDING AppendEntries to vehicle 1 (n_entries=0, leader_commit=0)
10424.2ms Leader 2 SENDING AppendEntries to vehicle 3 (n_entries=0, leader_commit=0)
10424.2ms Leader 2 SENDING AppendEntries to vehicle 4 (n_entries=0, leader_commit=0)
10424.2ms Leader 2 SENDING AppendEntries to vehicle 5 (n_entries=0, leader_commit=0)
10424.2ms Leader 2 SENDING AppendEntries to vehicle 6 (n_entries=0, leader_commit=0)
10424.2ms Leader 2 SENDING AppendEntries to vehicle 7 (n_entries=0, leader_commit=0)
10428.0ms Vehicle 4 RECEIVED AppendEntries from 2 (n_entries=0, leader_commit=0)
10428.4ms Vehicle 1 RECEIVED AppendEntries from 2 (n_entries=0, leader_commit=0)
10428.9ms Vehicle 1 EXECUTING oneshot cb
10428.9ms Vehicle 0 EXECUTING oneshot cb
10428.9ms Vehicle 3 EXECUTING oneshot cb
10428.9ms Vehicle 7 EXECUTING oneshot cb
10428.9ms Vehicle 9 EXECUTING oneshot cb
10428.9ms Vehicle 4 EXECUTING oneshot cb
10429.4ms Vehicle 7 RECEIVED AppendEntries from 2 (n_entries=0, leader_commit=0)
10429.7ms Vehicle 0 RECEIVED AppendEntries from 2 (n_entries=0, leader_commit=0)
10430.0ms Vehicle 3 RECEIVED AppendEntries from 2 (n_entries=0, leader_commit=0)
10564.2ms Leader 2 SENDING AppendEntries to vehicle 0 (n_entries=0, leader_commit=0)
10564.2ms Leader 2 SENDING AppendEntries to vehicle 1 (n_entries=0, leader_commit=0)
10564.2ms Leader 2 SENDING AppendEntries to vehicle 3 (n_entries=0, leader_commit=0)
10564.2ms Leader 2 SENDING AppendEntries to vehicle 4 (n_entries=0, leader_commit=0)
10564.2ms Leader 2 SENDING AppendEntries to vehicle 5 (n_entries=0, leader_commit=0)
10564.2ms Leader 2 SENDING AppendEntries to vehicle 6 (n_entries=0, leader_commit=0)
10564.2ms Leader 2 SENDING AppendEntries to vehicle 7 (n_entries=0, leader_commit=0)
10566.0ms Vehicle 7 RECEIVED AppendEntries from 2 (n_entries=0, leader_commit=0)
10567.2ms Vehicle 0 RECEIVED AppendEntries from 2 (n_entries=0, leader_commit=0)
10568.0ms Vehicle 4 RECEIVED AppendEntries from 2 (n_entries=0, leader_commit=0)
10568.3ms Vehicle 1 RECEIVED AppendEntries from 2 (n_entries=0, leader_commit=0)
10569.2ms Vehicle 3 RECEIVED AppendEntries from 2 (n_entries=0, leader_commit=0)
10704.2ms Leader 2 SENDING AppendEntries to vehicle 0 (n_entries=0, leader_commit=0)
10704.2ms Leader 2 SENDING AppendEntries to vehicle 1 (n_entries=0, leader_commit=0)
10704.2ms Leader 2 SENDING AppendEntries to vehicle 3 (n_entries=0, leader_commit=0)
10704.2ms Leader 2 SENDING AppendEntries to vehicle 4 (n_entries=0, leader_commit=0)
10704.2ms Leader 2 SENDING AppendEntries to vehicle 5 (n_entries=0, leader_commit=0)
10704.2ms Leader 2 SENDING AppendEntries to vehicle 6 (n_entries=0, leader_commit=0)
10704.2ms Leader 2 SENDING AppendEntries to vehicle 7 (n_entries=0, leader_commit=0)
10705.8ms Vehicle 1 RECEIVED AppendEntries from 2 (n_entries=0, leader_commit=0)
10706.7ms Vehicle 3 RECEIVED AppendEntries from 2 (n_entries=0, leader_commit=0)
10708.0ms Vehicle 4 RECEIVED AppendEntries from 2 (n_entries=0, leader_commit=0)
10708.4ms Vehicle 0 RECEIVED AppendEntries from 2 (n_entries=0, leader_commit=0)
10708.7ms Vehicle 7 RECEIVED AppendEntries from 2 (n_entries=0, leader_commit=0)
10844.2ms Leader 2 SENDING AppendEntries to vehicle 0 (n_entries=0, leader_commit=0)
10844.2ms Leader 2 SENDING AppendEntries to vehicle 1 (n_entries=0, leader_commit=0)
10844.2ms Leader 2 SENDING AppendEntries to vehicle 3 (n_entries=0, leader_commit=0)
10844.2ms Leader 2 SENDING AppendEntries to vehicle 4 (n_entries=0, leader_commit=0)
10844.2ms Leader 2 SENDING AppendEntries to vehicle 5 (n_entries=0, leader_commit=0)
10844.2ms Leader 2 SENDING AppendEntries to vehicle 6 (n_entries=0, leader_commit=0)
10844.2ms Leader 2 SENDING AppendEntries to vehicle 7 (n_entries=0, leader_commit=0)
10847.3ms Vehicle 1 RECEIVED AppendEntries from 2 (n_entries=0, leader_commit=0)
10847.8ms Vehicle 0 RECEIVED AppendEntries from 2 (n_entries=0, leader_commit=0)
10848.1ms Vehicle 4 RECEIVED AppendEntries from 2 (n_entries=0, leader_commit=0)
10848.4ms Vehicle 7 RECEIVED AppendEntries from 2 (n_entries=0, leader_commit=0)
10849.7ms Vehicle 3 RECEIVED AppendEntries from 2 (n_entries=0, leader_commit=0)
10984.2ms Leader 2 SENDING AppendEntries to vehicle 0 (n_entries=0, leader_commit=0)
10984.2ms Leader 2 SENDING AppendEntries to vehicle 1 (n_entries=0, leader_commit=0)
10984.2ms Leader 2 SENDING AppendEntries to vehicle 3 (n_entries=0, leader_commit=0)
10984.2ms Leader 2 SENDING AppendEntries to vehicle 4 (n_entries=0, leader_commit=0)
10984.2ms Leader 2 SENDING AppendEntries to vehicle 5 (n_entries=0, leader_commit=0)
10984.2ms Leader 2 SENDING AppendEntries to vehicle 6 (n_entries=0, leader_commit=0)
10984.2ms Leader 2 SENDING AppendEntries to vehicle 7 (n_entries=0, leader_commit=0)
10985.4ms Vehicle 1 RECEIVED AppendEntries from 2 (n_entries=0, leader_commit=0)
10986.0ms Vehicle 7 RECEIVED AppendEntries from 2 (n_entries=0, leader_commit=0)
10987.5ms Vehicle 0 RECEIVED AppendEntries from 2 (n_entries=0, leader_commit=0)
10987.8ms Vehicle 3 RECEIVED AppendEntries from 2 (n_entries=0, leader_commit=0)
10988.1ms Vehicle 4 RECEIVED AppendEntries from 2 (n_entries=0, leader_commit=0)
Vehicle 10 edge config: 4 approach, 4 exit edges
11024.2ms Vehicle 2 EXECUTING oneshot cb
11025.4ms Vehicle 10 FORMING CLUSTER with 9 members: [
0 1 2 3 4 5 6 7 10 ]
11025.4ms Vehicle 10 scheduling oneshot IN 300.0ms
11025.4ms Vehicle 10 scheduling oneshot IN 700.0ms
11025.4ms Vehicle 10 scheduling oneshot IN 1200.0ms
11025.4ms Vehicle 10 scheduling oneshot IN 1800.0ms
11028.9ms Vehicle 1 EXECUTING oneshot cb
11028.9ms Vehicle 0 EXECUTING oneshot cb
11028.9ms Vehicle 3 EXECUTING oneshot cb
11028.9ms Vehicle 7 EXECUTING oneshot cb
11028.9ms Vehicle 9 EXECUTING oneshot cb
11124.2ms Leader 2 SENDING AppendEntries to vehicle 0 (n_entries=0, leader_commit=0)
11124.2ms Leader 2 SENDING AppendEntries to vehicle 1 (n_entries=0, leader_commit=0)
11124.2ms Leader 2 SENDING AppendEntries to vehicle 3 (n_entries=0, leader_commit=0)
11124.2ms Leader 2 SENDING AppendEntries to vehicle 4 (n_entries=0, leader_commit=0)
11124.2ms Leader 2 SENDING AppendEntries to vehicle 5 (n_entries=0, leader_commit=0)
11124.2ms Leader 2 SENDING AppendEntries to vehicle 6 (n_entries=0, leader_commit=0)
11124.2ms Leader 2 SENDING AppendEntries to vehicle 7 (n_entries=0, leader_commit=0)
11125.4ms Vehicle 0 RECEIVED AppendEntries from 2 (n_entries=0, leader_commit=0)
11126.2ms Vehicle 1 RECEIVED AppendEntries from 2 (n_entries=0, leader_commit=0)
11128.4ms Vehicle 3 RECEIVED AppendEntries from 2 (n_entries=0, leader_commit=0)
11129.0ms Vehicle 7 RECEIVED AppendEntries from 2 (n_entries=0, leader_commit=0)
11264.2ms Leader 2 SENDING AppendEntries to vehicle 0 (n_entries=0, leader_commit=0)
11264.2ms Leader 2 SENDING AppendEntries to vehicle 1 (n_entries=0, leader_commit=0)
11264.2ms Leader 2 SENDING AppendEntries to vehicle 3 (n_entries=0, leader_commit=0)
11264.2ms Leader 2 SENDING AppendEntries to vehicle 4 (n_entries=0, leader_commit=0)
11264.2ms Leader 2 SENDING AppendEntries to vehicle 5 (n_entries=0, leader_commit=0)
11264.2ms Leader 2 SENDING AppendEntries to vehicle 6 (n_entries=0, leader_commit=0)
11264.2ms Leader 2 SENDING AppendEntries to vehicle 7 (n_entries=0, leader_commit=0)
11267.0ms Vehicle 0 RECEIVED AppendEntries from 2 (n_entries=0, leader_commit=0)
11267.7ms Vehicle 3 RECEIVED AppendEntries from 2 (n_entries=0, leader_commit=0)
11268.2ms Vehicle 1 RECEIVED AppendEntries from 2 (n_entries=0, leader_commit=0)
11269.2ms Vehicle 7 RECEIVED AppendEntries from 2 (n_entries=0, leader_commit=0)
11325.4ms Vehicle 10 EXECUTING oneshot cb
11404.2ms Leader 2 SENDING AppendEntries to vehicle 0 (n_entries=0, leader_commit=0)
11404.2ms Leader 2 SENDING AppendEntries to vehicle 1 (n_entries=0, leader_commit=0)
11404.2ms Leader 2 SENDING AppendEntries to vehicle 3 (n_entries=0, leader_commit=0)
11404.2ms Leader 2 SENDING AppendEntries to vehicle 4 (n_entries=0, leader_commit=0)
11404.2ms Leader 2 SENDING AppendEntries to vehicle 5 (n_entries=0, leader_commit=0)
11404.2ms Leader 2 SENDING AppendEntries to vehicle 6 (n_entries=0, leader_commit=0)
11404.2ms Leader 2 SENDING AppendEntries to vehicle 7 (n_entries=0, leader_commit=0)
11405.4ms Vehicle 0 RECEIVED AppendEntries from 2 (n_entries=0, leader_commit=0)
11406.1ms Vehicle 7 RECEIVED AppendEntries from 2 (n_entries=0, leader_commit=0)
11407.1ms Vehicle 1 RECEIVED AppendEntries from 2 (n_entries=0, leader_commit=0)
11408.3ms Vehicle 3 RECEIVED AppendEntries from 2 (n_entries=0, leader_commit=0)
11488.9ms Vehicle 9 sendRequestVote called for node 1
11488.9ms Vehicle 9 sendRequestVote called for node 2
11488.9ms Vehicle 9 sendRequestVote called for node 3
11488.9ms Vehicle 9 sendRequestVote called for node 4
11488.9ms Vehicle 9 sendRequestVote called for node 5
11488.9ms Vehicle 9 sendRequestVote called for node 6
11488.9ms Vehicle 9 sendRequestVote called for node 7
11488.9ms Vehicle 9 sendRequestVote called for node 8
11544.2ms Leader 2 SENDING AppendEntries to vehicle 0 (n_entries=0, leader_commit=0)
11544.2ms Leader 2 SENDING AppendEntries to vehicle 1 (n_entries=0, leader_commit=0)
11544.2ms Leader 2 SENDING AppendEntries to vehicle 3 (n_entries=0, leader_commit=0)
11544.2ms Leader 2 SENDING AppendEntries to vehicle 4 (n_entries=0, leader_commit=0)
11544.2ms Leader 2 SENDING AppendEntries to vehicle 5 (n_entries=0, leader_commit=0)
11544.2ms Leader 2 SENDING AppendEntries to vehicle 6 (n_entries=0, leader_commit=0)
11544.2ms Leader 2 SENDING AppendEntries to vehicle 7 (n_entries=0, leader_commit=0)
11545.7ms Vehicle 3 RECEIVED AppendEntries from 2 (n_entries=0, leader_commit=0)
11546.1ms Vehicle 7 RECEIVED AppendEntries from 2 (n_entries=0, leader_commit=0)
11546.4ms Vehicle 1 RECEIVED AppendEntries from 2 (n_entries=0, leader_commit=0)
11547.0ms Vehicle 0 RECEIVED AppendEntries from 2 (n_entries=0, leader_commit=0)
11584.2ms Vehicle 2 EXECUTING oneshot cb
11584.2ms Leader 2 collected status from 5 vehicles
11584.2ms Leader 2 PROPOSING STATUS_REPORT to quorum
11584.2ms Vehicle 2 doLogOffer entry #1 (len=2565)
11584.2ms Leader 2 SENDING AppendEntries to vehicle 0 (n_entries=1, leader_commit=0)
11584.2ms Leader 2 SENDING AppendEntries to vehicle 1 (n_entries=1, leader_commit=0)
11584.2ms Leader 2 SENDING AppendEntries to vehicle 3 (n_entries=1, leader_commit=0)
11584.2ms Leader 2 SENDING AppendEntries to vehicle 4 (n_entries=1, leader_commit=0)
11584.2ms Leader 2 SENDING AppendEntries to vehicle 5 (n_entries=1, leader_commit=0)
11584.2ms Leader 2 SENDING AppendEntries to vehicle 6 (n_entries=1, leader_commit=0)
11584.2ms Leader 2 SENDING AppendEntries to vehicle 7 (n_entries=1, leader_commit=0)
11584.2ms Leader 2 submitted STATUS_REPORT entry #1
11584.2ms Vehicle 2 scheduling oneshot IN 100.0ms
11586.6ms Vehicle 3 RECEIVED AppendEntries from 2 (n_entries=1, leader_commit=0)
11586.6ms Vehicle 3 doLogOffer entry #1 (len=2565)
11588.1ms Vehicle 7 RECEIVED AppendEntries from 2 (n_entries=1, leader_commit=0)
11588.1ms Vehicle 7 doLogOffer entry #1 (len=2565)
11588.8ms Vehicle 1 RECEIVED AppendEntries from 2 (n_entries=1, leader_commit=0)
11588.8ms Vehicle 1 doLogOffer entry #1 (len=2565)
11589.1ms Vehicle 0 RECEIVED AppendEntries from 2 (n_entries=1, leader_commit=0)
11589.1ms Vehicle 0 doLogOffer entry #1 (len=2565)
11604.2ms Vehicle 2 doApplyLog entry #1 (lastApplied=0, len=2565)
11684.2ms Vehicle 2 EXECUTING oneshot cb
11684.2ms Leader 2 vehicle 3 response lost — using default proposal
11684.2ms Leader 2 vehicle 4 response lost — using default proposal
11684.2ms Leader 2 vehicle 5 response lost — using default proposal
11684.2ms Leader 2 vehicle 6 response lost — using default proposal
11684.2ms Leader 2 PROPOSING PASS_SCHEDULE with 5 batches:
  Batch 0: [3,6]
  Batch 1: [4,9]
  Batch 2: [5,0]
  Batch 3: [2,7]
  Batch 4: [1]
11684.2ms Vehicle 2 doLogOffer entry #2 (len=581)
11684.2ms Leader 2 SENDING AppendEntries to vehicle 0 (n_entries=1, leader_commit=1)
11684.2ms Leader 2 SENDING AppendEntries to vehicle 1 (n_entries=1, leader_commit=1)
11684.2ms Leader 2 SENDING AppendEntries to vehicle 3 (n_entries=1, leader_commit=1)
11684.2ms Leader 2 SENDING AppendEntries to vehicle 7 (n_entries=1, leader_commit=1)
11684.2ms Leader 2 submitted PASS_SCHEDULE entry #2
11684.2ms Vehicle 2 scheduling oneshot IN 100.0ms
11684.2ms Leader 2 SENDING AppendEntries to vehicle 0 (n_entries=1, leader_commit=1)
11684.2ms Leader 2 SENDING AppendEntries to vehicle 1 (n_entries=1, leader_commit=1)
11684.2ms Leader 2 SENDING AppendEntries to vehicle 3 (n_entries=1, leader_commit=1)
11684.2ms Leader 2 SENDING AppendEntries to vehicle 4 (n_entries=2, leader_commit=1)
11684.2ms Leader 2 SENDING AppendEntries to vehicle 5 (n_entries=2, leader_commit=1)
11684.2ms Leader 2 SENDING AppendEntries to vehicle 6 (n_entries=2, leader_commit=1)
11684.2ms Leader 2 SENDING AppendEntries to vehicle 7 (n_entries=1, leader_commit=1)
11685.6ms Vehicle 1 RECEIVED AppendEntries from 2 (n_entries=1, leader_commit=1)
11685.6ms Vehicle 1 doLogOffer entry #2 (len=581)
11685.9ms Vehicle 3 RECEIVED AppendEntries from 2 (n_entries=1, leader_commit=1)
11685.9ms Vehicle 3 doLogOffer entry #2 (len=581)
11686.2ms Vehicle 0 RECEIVED AppendEntries from 2 (n_entries=1, leader_commit=1)
11686.2ms Vehicle 0 doLogOffer entry #2 (len=581)
11686.9ms Vehicle 7 RECEIVED AppendEntries from 2 (n_entries=1, leader_commit=1)
11686.9ms Vehicle 7 doLogOffer entry #2 (len=581)
11687.5ms Vehicle 3 RECEIVED AppendEntries from 2 (n_entries=1, leader_commit=1)
11687.8ms Vehicle 1 RECEIVED AppendEntries from 2 (n_entries=1, leader_commit=1)
11688.1ms Vehicle 7 RECEIVED AppendEntries from 2 (n_entries=1, leader_commit=1)
11688.6ms Vehicle 0 RECEIVED AppendEntries from 2 (n_entries=1, leader_commit=1)
11688.9ms Vehicle 1 doApplyLog entry #1 (lastApplied=0, len=2565)
11688.9ms Vehicle 1 APPLYING STATUS_REPORT entry #1 (8 vehicles)
11688.9ms Vehicle 0 doApplyLog entry #1 (lastApplied=0, len=2565)
11688.9ms Vehicle 0 APPLYING STATUS_REPORT entry #1 (8 vehicles)
11688.9ms Vehicle 3 doApplyLog entry #1 (lastApplied=0, len=2565)
11688.9ms Vehicle 3 APPLYING STATUS_REPORT entry #1 (8 vehicles)
11688.9ms Vehicle 7 doApplyLog entry #1 (lastApplied=0, len=2565)
11688.9ms Vehicle 7 APPLYING STATUS_REPORT entry #1 (8 vehicles)
11725.4ms Vehicle 10 EXECUTING oneshot cb
11784.2ms Vehicle 2 EXECUTING oneshot cb
11824.2ms Leader 2 SENDING AppendEntries to vehicle 0 (n_entries=0, leader_commit=1)
11824.2ms Leader 2 SENDING AppendEntries to vehicle 1 (n_entries=0, leader_commit=1)
11824.2ms Leader 2 SENDING AppendEntries to vehicle 3 (n_entries=1, leader_commit=1)
11824.2ms Leader 2 SENDING AppendEntries to vehicle 4 (n_entries=2, leader_commit=1)
11824.2ms Leader 2 SENDING AppendEntries to vehicle 5 (n_entries=2, leader_commit=1)
11824.2ms Leader 2 SENDING AppendEntries to vehicle 6 (n_entries=2, leader_commit=1)
11824.2ms Leader 2 SENDING AppendEntries to vehicle 7 (n_entries=1, leader_commit=1)
11825.9ms Vehicle 7 RECEIVED AppendEntries from 2 (n_entries=1, leader_commit=1)
11826.9ms Vehicle 0 RECEIVED AppendEntries from 2 (n_entries=0, leader_commit=1)
11827.8ms Vehicle 1 RECEIVED AppendEntries from 2 (n_entries=0, leader_commit=1)
11828.3ms Vehicle 3 RECEIVED AppendEntries from 2 (n_entries=1, leader_commit=1)
11844.2ms Vehicle 2 doApplyLog entry #2 (lastApplied=0, len=581)
11844.2ms Vehicle 2 APPLYING PASS_ORDER entry #2 (5 batches)
11844.2ms Vehicle 2 assigned to batch 3 (current batch: 0)
11844.2ms Vehicle 2 scheduling oneshot IN 90000.0ms
11844.2ms Vehicle 2 waiting for batch 3 via checkBatchAdvance
11964.2ms Leader 2 SENDING AppendEntries to vehicle 0 (n_entries=0, leader_commit=2)
11964.2ms Leader 2 SENDING AppendEntries to vehicle 1 (n_entries=0, leader_commit=2)
11964.2ms Leader 2 SENDING AppendEntries to vehicle 3 (n_entries=0, leader_commit=2)
11964.2ms Leader 2 SENDING AppendEntries to vehicle 4 (n_entries=2, leader_commit=2)
11964.2ms Leader 2 SENDING AppendEntries to vehicle 5 (n_entries=2, leader_commit=2)
11964.2ms Leader 2 SENDING AppendEntries to vehicle 6 (n_entries=2, leader_commit=2)
11964.2ms Leader 2 SENDING AppendEntries to vehicle 7 (n_entries=0, leader_commit=2)
11966.1ms Vehicle 1 RECEIVED AppendEntries from 2 (n_entries=0, leader_commit=2)
11966.8ms Vehicle 3 RECEIVED AppendEntries from 2 (n_entries=0, leader_commit=2)
11968.0ms Vehicle 0 RECEIVED AppendEntries from 2 (n_entries=0, leader_commit=2)
11968.6ms Vehicle 7 RECEIVED AppendEntries from 2 (n_entries=0, leader_commit=2)
11968.9ms Vehicle 1 doApplyLog entry #2 (lastApplied=1, len=581)
11968.9ms Vehicle 1 APPLYING PASS_ORDER entry #2 (5 batches)
11968.9ms Vehicle 1 assigned to batch 4 (current batch: 0)
11968.9ms Vehicle 1 scheduling oneshot IN 120000.0ms
11968.9ms Vehicle 1 waiting for batch 4 via checkBatchAdvance
11968.9ms Vehicle 0 doApplyLog entry #2 (lastApplied=1, len=581)
11968.9ms Vehicle 0 APPLYING PASS_ORDER entry #2 (5 batches)
11968.9ms Vehicle 0 assigned to batch 2 (current batch: 0)
11968.9ms Vehicle 0 scheduling oneshot IN 60000.0ms
11968.9ms Vehicle 0 waiting for batch 2 via checkBatchAdvance
11968.9ms Vehicle 3 doApplyLog entry #2 (lastApplied=1, len=581)
11968.9ms Vehicle 3 APPLYING PASS_ORDER entry #2 (5 batches)
11968.9ms Vehicle 3 assigned to batch 0 (current batch: 0)
11968.9ms Vehicle 3 RESUMING movement
11968.9ms Vehicle 7 doApplyLog entry #2 (lastApplied=1, len=581)
11968.9ms Vehicle 7 APPLYING PASS_ORDER entry #2 (5 batches)
11968.9ms Vehicle 7 assigned to batch 3 (current batch: 0)
11968.9ms Vehicle 7 scheduling oneshot IN 90000.0ms
11968.9ms Vehicle 7 waiting for batch 3 via checkBatchAdvance
12085.4ms Vehicle 10 sendRequestVote called for node 1
12085.4ms Vehicle 10 sendRequestVote called for node 2
12085.4ms Vehicle 10 sendRequestVote called for node 3
12085.4ms Vehicle 10 sendRequestVote called for node 4
12085.4ms Vehicle 10 sendRequestVote called for node 5
12085.4ms Vehicle 10 sendRequestVote called for node 6
12085.4ms Vehicle 10 sendRequestVote called for node 7
12085.4ms Vehicle 10 sendRequestVote called for node 8
12085.4ms Vehicle 10 RAFT STATE CHANGED from 1 to 2
12085.4ms Vehicle 10 I am a candidate now! Starting election...
12104.2ms Leader 2 SENDING AppendEntries to vehicle 0 (n_entries=0, leader_commit=2)
12104.2ms Leader 2 SENDING AppendEntries to vehicle 1 (n_entries=0, leader_commit=2)
12104.2ms Leader 2 SENDING AppendEntries to vehicle 3 (n_entries=0, leader_commit=2)
12104.2ms Leader 2 SENDING AppendEntries to vehicle 4 (n_entries=2, leader_commit=2)
12104.2ms Leader 2 SENDING AppendEntries to vehicle 5 (n_entries=2, leader_commit=2)
12104.2ms Leader 2 SENDING AppendEntries to vehicle 6 (n_entries=2, leader_commit=2)
12104.2ms Leader 2 SENDING AppendEntries to vehicle 7 (n_entries=0, leader_commit=2)
12106.0ms Vehicle 0 RECEIVED AppendEntries from 2 (n_entries=0, leader_commit=2)
12107.0ms Vehicle 3 RECEIVED AppendEntries from 2 (n_entries=0, leader_commit=2)
12108.0ms Vehicle 1 RECEIVED AppendEntries from 2 (n_entries=0, leader_commit=2)
12108.6ms Vehicle 7 RECEIVED AppendEntries from 2 (n_entries=0, leader_commit=2)
12225.4ms Vehicle 10 EXECUTING oneshot cb
12228.9ms Vehicle 9 sendRequestVote called for node 1
12228.9ms Vehicle 9 sendRequestVote called for node 2
12228.9ms Vehicle 9 sendRequestVote called for node 3
12228.9ms Vehicle 9 sendRequestVote called for node 4
12228.9ms Vehicle 9 sendRequestVote called for node 5
12228.9ms Vehicle 9 sendRequestVote called for node 6
12228.9ms Vehicle 9 sendRequestVote called for node 7
12228.9ms Vehicle 9 sendRequestVote called for node 8
12244.2ms Leader 2 SENDING AppendEntries to vehicle 0 (n_entries=0, leader_commit=2)
12244.2ms Leader 2 SENDING AppendEntries to vehicle 1 (n_entries=0, leader_commit=2)
12244.2ms Leader 2 SENDING AppendEntries to vehicle 3 (n_entries=0, leader_commit=2)
12244.2ms Leader 2 SENDING AppendEntries to vehicle 4 (n_entries=2, leader_commit=2)
12244.2ms Leader 2 SENDING AppendEntries to vehicle 5 (n_entries=2, leader_commit=2)
12244.2ms Leader 2 SENDING AppendEntries to vehicle 6 (n_entries=2, leader_commit=2)
12244.2ms Leader 2 SENDING AppendEntries to vehicle 7 (n_entries=0, leader_commit=2)
12247.0ms Vehicle 1 RECEIVED AppendEntries from 2 (n_entries=0, leader_commit=2)
12247.3ms Vehicle 3 RECEIVED AppendEntries from 2 (n_entries=0, leader_commit=2)
12248.0ms Vehicle 0 RECEIVED AppendEntries from 2 (n_entries=0, leader_commit=2)
12248.5ms Vehicle 7 RECEIVED AppendEntries from 2 (n_entries=0, leader_commit=2)
12384.2ms Leader 2 SENDING AppendEntries to vehicle 0 (n_entries=0, leader_commit=2)
12384.2ms Leader 2 SENDING AppendEntries to vehicle 1 (n_entries=0, leader_commit=2)
12384.2ms Leader 2 SENDING AppendEntries to vehicle 3 (n_entries=0, leader_commit=2)
12384.2ms Leader 2 SENDING AppendEntries to vehicle 4 (n_entries=2, leader_commit=2)
12384.2ms Leader 2 SENDING AppendEntries to vehicle 5 (n_entries=2, leader_commit=2)
12384.2ms Leader 2 SENDING AppendEntries to vehicle 6 (n_entries=2, leader_commit=2)
12384.2ms Leader 2 SENDING AppendEntries to vehicle 7 (n_entries=0, leader_commit=2)
12385.6ms Vehicle 7 RECEIVED AppendEntries from 2 (n_entries=0, leader_commit=2)
12385.9ms Vehicle 3 RECEIVED AppendEntries from 2 (n_entries=0, leader_commit=2)
12389.4ms Vehicle 0 RECEIVED AppendEntries from 2 (n_entries=0, leader_commit=2)
12389.7ms Vehicle 1 RECEIVED AppendEntries from 2 (n_entries=0, leader_commit=2)
12524.2ms Leader 2 SENDING AppendEntries to vehicle 0 (n_entries=0, leader_commit=2)
12524.2ms Leader 2 SENDING AppendEntries to vehicle 1 (n_entries=0, leader_commit=2)
12524.2ms Leader 2 SENDING AppendEntries to vehicle 3 (n_entries=0, leader_commit=2)
12524.2ms Leader 2 SENDING AppendEntries to vehicle 4 (n_entries=2, leader_commit=2)
12524.2ms Leader 2 SENDING AppendEntries to vehicle 5 (n_entries=2, leader_commit=2)
12524.2ms Leader 2 SENDING AppendEntries to vehicle 6 (n_entries=2, leader_commit=2)
12524.2ms Leader 2 SENDING AppendEntries to vehicle 7 (n_entries=0, leader_commit=2)
12526.6ms Vehicle 7 RECEIVED AppendEntries from 2 (n_entries=0, leader_commit=2)
12527.9ms Vehicle 3 RECEIVED AppendEntries from 2 (n_entries=0, leader_commit=2)
12528.2ms Vehicle 0 RECEIVED AppendEntries from 2 (n_entries=0, leader_commit=2)
12528.5ms Vehicle 1 RECEIVED AppendEntries from 2 (n_entries=0, leader_commit=2)
12664.2ms Leader 2 SENDING AppendEntries to vehicle 0 (n_entries=0, leader_commit=2)
12664.2ms Leader 2 SENDING AppendEntries to vehicle 1 (n_entries=0, leader_commit=2)
12664.2ms Leader 2 SENDING AppendEntries to vehicle 3 (n_entries=0, leader_commit=2)
12664.2ms Leader 2 SENDING AppendEntries to vehicle 4 (n_entries=2, leader_commit=2)
12664.2ms Leader 2 SENDING AppendEntries to vehicle 5 (n_entries=2, leader_commit=2)
12664.2ms Leader 2 SENDING AppendEntries to vehicle 6 (n_entries=2, leader_commit=2)
12664.2ms Leader 2 SENDING AppendEntries to vehicle 7 (n_entries=0, leader_commit=2)
12666.5ms Vehicle 3 RECEIVED AppendEntries from 2 (n_entries=0, leader_commit=2)
12667.1ms Vehicle 0 RECEIVED AppendEntries from 2 (n_entries=0, leader_commit=2)
12667.5ms Vehicle 7 RECEIVED AppendEntries from 2 (n_entries=0, leader_commit=2)
12668.1ms Vehicle 1 RECEIVED AppendEntries from 2 (n_entries=0, leader_commit=2)
12804.2ms Leader 2 SENDING AppendEntries to vehicle 0 (n_entries=0, leader_commit=2)
12804.2ms Leader 2 SENDING AppendEntries to vehicle 1 (n_entries=0, leader_commit=2)
12804.2ms Leader 2 SENDING AppendEntries to vehicle 3 (n_entries=0, leader_commit=2)
12804.2ms Leader 2 SENDING AppendEntries to vehicle 4 (n_entries=2, leader_commit=2)
12804.2ms Leader 2 SENDING AppendEntries to vehicle 5 (n_entries=2, leader_commit=2)
12804.2ms Leader 2 SENDING AppendEntries to vehicle 6 (n_entries=2, leader_commit=2)
12804.2ms Leader 2 SENDING AppendEntries to vehicle 7 (n_entries=0, leader_commit=2)
12805.8ms Vehicle 7 RECEIVED AppendEntries from 2 (n_entries=0, leader_commit=2)
12807.6ms Vehicle 0 RECEIVED AppendEntries from 2 (n_entries=0, leader_commit=2)
12808.0ms Vehicle 1 RECEIVED AppendEntries from 2 (n_entries=0, leader_commit=2)
12809.0ms Vehicle 3 RECEIVED AppendEntries from 2 (n_entries=0, leader_commit=2)
12825.4ms Vehicle 10 EXECUTING oneshot cb
12925.4ms Vehicle 10 sendRequestVote called for node 1
12925.4ms Vehicle 10 sendRequestVote called for node 2
12925.4ms Vehicle 10 sendRequestVote called for node 3
12925.4ms Vehicle 10 sendRequestVote called for node 4
12925.4ms Vehicle 10 sendRequestVote called for node 5
12925.4ms Vehicle 10 sendRequestVote called for node 6
12925.4ms Vehicle 10 sendRequestVote called for node 7
12925.4ms Vehicle 10 sendRequestVote called for node 8
12944.2ms Leader 2 SENDING AppendEntries to vehicle 0 (n_entries=0, leader_commit=2)
12944.2ms Leader 2 SENDING AppendEntries to vehicle 1 (n_entries=0, leader_commit=2)
12944.2ms Leader 2 SENDING AppendEntries to vehicle 3 (n_entries=0, leader_commit=2)
12944.2ms Leader 2 SENDING AppendEntries to vehicle 4 (n_entries=2, leader_commit=2)
12944.2ms Leader 2 SENDING AppendEntries to vehicle 5 (n_entries=2, leader_commit=2)
12944.2ms Leader 2 SENDING AppendEntries to vehicle 6 (n_entries=2, leader_commit=2)
12944.2ms Leader 2 SENDING AppendEntries to vehicle 7 (n_entries=0, leader_commit=2)
12946.5ms Vehicle 1 RECEIVED AppendEntries from 2 (n_entries=0, leader_commit=2)
12947.4ms Vehicle 3 RECEIVED AppendEntries from 2 (n_entries=0, leader_commit=2)
12948.0ms Vehicle 0 RECEIVED AppendEntries from 2 (n_entries=0, leader_commit=2)
12949.6ms Vehicle 7 RECEIVED AppendEntries from 2 (n_entries=0, leader_commit=2)
13084.2ms Leader 2 SENDING AppendEntries to vehicle 0 (n_entries=0, leader_commit=2)
13084.2ms Leader 2 SENDING AppendEntries to vehicle 1 (n_entries=0, leader_commit=2)
13084.2ms Leader 2 SENDING AppendEntries to vehicle 3 (n_entries=0, leader_commit=2)
13084.2ms Leader 2 SENDING AppendEntries to vehicle 4 (n_entries=2, leader_commit=2)
13084.2ms Leader 2 SENDING AppendEntries to vehicle 5 (n_entries=2, leader_commit=2)
13084.2ms Leader 2 SENDING AppendEntries to vehicle 6 (n_entries=2, leader_commit=2)
13084.2ms Leader 2 SENDING AppendEntries to vehicle 7 (n_entries=0, leader_commit=2)
13087.8ms Vehicle 7 RECEIVED AppendEntries from 2 (n_entries=0, leader_commit=2)
13088.2ms Vehicle 3 RECEIVED AppendEntries from 2 (n_entries=0, leader_commit=2)
13088.5ms Vehicle 1 RECEIVED AppendEntries from 2 (n_entries=0, leader_commit=2)
13088.9ms Vehicle 0 RECEIVED AppendEntries from 2 (n_entries=0, leader_commit=2)
13188.9ms Vehicle 9 sendRequestVote called for node 1
13188.9ms Vehicle 9 sendRequestVote called for node 2
13188.9ms Vehicle 9 sendRequestVote called for node 3
13188.9ms Vehicle 9 sendRequestVote called for node 4
13188.9ms Vehicle 9 sendRequestVote called for node 5
13188.9ms Vehicle 9 sendRequestVote called for node 6
13188.9ms Vehicle 9 sendRequestVote called for node 7
13188.9ms Vehicle 9 sendRequestVote called for node 8
13224.2ms Leader 2 SENDING AppendEntries to vehicle 0 (n_entries=0, leader_commit=2)
13224.2ms Leader 2 SENDING AppendEntries to vehicle 1 (n_entries=0, leader_commit=2)
13224.2ms Leader 2 SENDING AppendEntries to vehicle 3 (n_entries=0, leader_commit=2)
13224.2ms Leader 2 SENDING AppendEntries to vehicle 4 (n_entries=2, leader_commit=2)
13224.2ms Leader 2 SENDING AppendEntries to vehicle 5 (n_entries=2, leader_commit=2)
13224.2ms Leader 2 SENDING AppendEntries to vehicle 6 (n_entries=2, leader_commit=2)
13224.2ms Leader 2 SENDING AppendEntries to vehicle 7 (n_entries=0, leader_commit=2)
13225.8ms Vehicle 7 RECEIVED AppendEntries from 2 (n_entries=0, leader_commit=2)
13226.6ms Vehicle 1 RECEIVED AppendEntries from 2 (n_entries=0, leader_commit=2)
13228.7ms Vehicle 0 RECEIVED AppendEntries from 2 (n_entries=0, leader_commit=2)
13364.2ms Leader 2 SENDING AppendEntries to vehicle 0 (n_entries=0, leader_commit=2)
13364.2ms Leader 2 SENDING AppendEntries to vehicle 1 (n_entries=0, leader_commit=2)
13364.2ms Leader 2 SENDING AppendEntries to vehicle 3 (n_entries=0, leader_commit=2)
13364.2ms Leader 2 SENDING AppendEntries to vehicle 4 (n_entries=2, leader_commit=2)
13364.2ms Leader 2 SENDING AppendEntries to vehicle 5 (n_entries=2, leader_commit=2)
13364.2ms Leader 2 SENDING AppendEntries to vehicle 6 (n_entries=2, leader_commit=2)
13364.2ms Leader 2 SENDING AppendEntries to vehicle 7 (n_entries=0, leader_commit=2)
13366.2ms Vehicle 1 RECEIVED AppendEntries from 2 (n_entries=0, leader_commit=2)
13367.6ms Vehicle 0 RECEIVED AppendEntries from 2 (n_entries=0, leader_commit=2)
13367.9ms Vehicle 3 RECEIVED AppendEntries from 2 (n_entries=0, leader_commit=2)
13369.1ms Vehicle 7 RECEIVED AppendEntries from 2 (n_entries=0, leader_commit=2)
13504.2ms Leader 2 SENDING AppendEntries to vehicle 0 (n_entries=0, leader_commit=2)
13504.2ms Leader 2 SENDING AppendEntries to vehicle 1 (n_entries=0, leader_commit=2)
13504.2ms Leader 2 SENDING AppendEntries to vehicle 3 (n_entries=0, leader_commit=2)
13504.2ms Leader 2 SENDING AppendEntries to vehicle 4 (n_entries=2, leader_commit=2)
13504.2ms Leader 2 SENDING AppendEntries to vehicle 5 (n_entries=2, leader_commit=2)
13504.2ms Leader 2 SENDING AppendEntries to vehicle 6 (n_entries=2, leader_commit=2)
13504.2ms Leader 2 SENDING AppendEntries to vehicle 7 (n_entries=0, leader_commit=2)
13505.9ms Vehicle 0 RECEIVED AppendEntries from 2 (n_entries=0, leader_commit=2)
13506.4ms Vehicle 3 RECEIVED AppendEntries from 2 (n_entries=0, leader_commit=2)
13507.5ms Vehicle 1 RECEIVED AppendEntries from 2 (n_entries=0, leader_commit=2)
13508.9ms Vehicle 7 RECEIVED AppendEntries from 2 (n_entries=0, leader_commit=2)
13644.2ms Leader 2 SENDING AppendEntries to vehicle 0 (n_entries=0, leader_commit=2)
13644.2ms Leader 2 SENDING AppendEntries to vehicle 1 (n_entries=0, leader_commit=2)
13644.2ms Leader 2 SENDING AppendEntries to vehicle 3 (n_entries=0, leader_commit=2)
13644.2ms Leader 2 SENDING AppendEntries to vehicle 4 (n_entries=2, leader_commit=2)
13644.2ms Leader 2 SENDING AppendEntries to vehicle 5 (n_entries=2, leader_commit=2)
13644.2ms Leader 2 SENDING AppendEntries to vehicle 6 (n_entries=2, leader_commit=2)
13644.2ms Leader 2 SENDING AppendEntries to vehicle 7 (n_entries=0, leader_commit=2)
13646.7ms Vehicle 3 RECEIVED AppendEntries from 2 (n_entries=0, leader_commit=2)
13648.6ms Vehicle 0 RECEIVED AppendEntries from 2 (n_entries=0, leader_commit=2)
13649.3ms Vehicle 7 RECEIVED AppendEntries from 2 (n_entries=0, leader_commit=2)
13784.2ms Leader 2 SENDING AppendEntries to vehicle 0 (n_entries=0, leader_commit=2)
13784.2ms Leader 2 SENDING AppendEntries to vehicle 1 (n_entries=0, leader_commit=2)
13784.2ms Leader 2 SENDING AppendEntries to vehicle 3 (n_entries=0, leader_commit=2)
13784.2ms Leader 2 SENDING AppendEntries to vehicle 4 (n_entries=2, leader_commit=2)
13784.2ms Leader 2 SENDING AppendEntries to vehicle 5 (n_entries=2, leader_commit=2)
13784.2ms Leader 2 SENDING AppendEntries to vehicle 6 (n_entries=2, leader_commit=2)
13784.2ms Leader 2 SENDING AppendEntries to vehicle 7 (n_entries=0, leader_commit=2)
13786.0ms Vehicle 1 RECEIVED AppendEntries from 2 (n_entries=0, leader_commit=2)
13787.9ms Vehicle 7 RECEIVED AppendEntries from 2 (n_entries=0, leader_commit=2)
13788.3ms Vehicle 3 RECEIVED AppendEntries from 2 (n_entries=0, leader_commit=2)
13789.3ms Vehicle 0 RECEIVED AppendEntries from 2 (n_entries=0, leader_commit=2)
13924.2ms Leader 2 SENDING AppendEntries to vehicle 0 (n_entries=0, leader_commit=2)
13924.2ms Leader 2 SENDING AppendEntries to vehicle 1 (n_entries=0, leader_commit=2)
13924.2ms Leader 2 SENDING AppendEntries to vehicle 3 (n_entries=0, leader_commit=2)
13924.2ms Leader 2 SENDING AppendEntries to vehicle 4 (n_entries=2, leader_commit=2)
13924.2ms Leader 2 SENDING AppendEntries to vehicle 5 (n_entries=2, leader_commit=2)
13924.2ms Leader 2 SENDING AppendEntries to vehicle 6 (n_entries=2, leader_commit=2)
13924.2ms Leader 2 SENDING AppendEntries to vehicle 7 (n_entries=0, leader_commit=2)
13925.9ms Vehicle 7 RECEIVED AppendEntries from 2 (n_entries=0, leader_commit=2)
13926.3ms Vehicle 0 RECEIVED AppendEntries from 2 (n_entries=0, leader_commit=2)
13926.9ms Vehicle 3 RECEIVED AppendEntries from 2 (n_entries=0, leader_commit=2)
14 Vehicle 3 hasPassed=true (on exit edge -36905242#11)
14000.0ms Vehicle 3 LEFT intersection
14000.0ms Vehicle 3 BROADCASTING vehicle-passed
14000.0ms Vehicle 3 sending vehicle-left (isLeader=0, myBatch=0)
14003.7ms Vehicle 2 RECEIVED vehicle-left from vehicle 3
14003.7ms Leader 2 proposing VEHICLE_LEFT for vehicle 3 (batch=0)
14003.7ms Vehicle 2 doLogOffer entry #3 (len=9)
14003.7ms Leader 2 SENDING AppendEntries to vehicle 0 (n_entries=1, leader_commit=2)
14003.7ms Leader 2 SENDING AppendEntries to vehicle 1 (n_entries=1, leader_commit=2)
14003.7ms Leader 2 SENDING AppendEntries to vehicle 3 (n_entries=1, leader_commit=2)
14003.7ms Leader 2 SENDING AppendEntries to vehicle 7 (n_entries=1, leader_commit=2)
14003.7ms Vehicle 1 RECEIVED vehicle-left from vehicle 3
14003.7ms Vehicle 0 RECEIVED vehicle-left from vehicle 3
14003.7ms Vehicle 7 RECEIVED vehicle-left from vehicle 3
14003.7ms Vehicle 9 RECEIVED vehicle-left from vehicle 3
14003.7ms Vehicle 10 RECEIVED vehicle-left from vehicle 3
14004.9ms Vehicle 2 RECEIVED vehicle-passed from vehicle 3
14004.9ms Vehicle 1 RECEIVED vehicle-passed from vehicle 3
14004.9ms Vehicle 0 RECEIVED vehicle-passed from vehicle 3
14004.9ms Vehicle 7 RECEIVED vehicle-passed from vehicle 3
14004.9ms Vehicle 9 RECEIVED vehicle-passed from vehicle 3
14004.9ms Vehicle 10 RECEIVED vehicle-passed from vehicle 3
14007.6ms Vehicle 0 RECEIVED AppendEntries from 2 (n_entries=1, leader_commit=2)
14007.6ms Vehicle 0 doLogOffer entry #3 (len=9)
14008.1ms Vehicle 7 RECEIVED AppendEntries from 2 (n_entries=1, leader_commit=2)
14008.1ms Vehicle 7 doLogOffer entry #3 (len=9)
14008.4ms Vehicle 1 RECEIVED AppendEntries from 2 (n_entries=1, leader_commit=2)
14008.4ms Vehicle 1 doLogOffer entry #3 (len=9)
14064.2ms Leader 2 SENDING AppendEntries to vehicle 0 (n_entries=0, leader_commit=2)
14064.2ms Leader 2 SENDING AppendEntries to vehicle 1 (n_entries=0, leader_commit=2)
14064.2ms Leader 2 SENDING AppendEntries to vehicle 4 (n_entries=3, leader_commit=2)
14064.2ms Leader 2 SENDING AppendEntries to vehicle 5 (n_entries=3, leader_commit=2)
14064.2ms Leader 2 SENDING AppendEntries to vehicle 6 (n_entries=3, leader_commit=2)
14064.2ms Leader 2 SENDING AppendEntries to vehicle 7 (n_entries=0, leader_commit=2)
14068.0ms Vehicle 0 RECEIVED AppendEntries from 2 (n_entries=0, leader_commit=2)
14068.3ms Vehicle 7 RECEIVED AppendEntries from 2 (n_entries=0, leader_commit=2)
14068.6ms Vehicle 1 RECEIVED AppendEntries from 2 (n_entries=0, leader_commit=2)
14145.4ms Vehicle 10 sendRequestVote called for node 1
14145.4ms Vehicle 10 sendRequestVote called for node 2
14145.4ms Vehicle 10 sendRequestVote called for node 3
14145.4ms Vehicle 10 sendRequestVote called for node 4
14145.4ms Vehicle 10 sendRequestVote called for node 5
14145.4ms Vehicle 10 sendRequestVote called for node 6
14145.4ms Vehicle 10 sendRequestVote called for node 7
14145.4ms Vehicle 10 sendRequestVote called for node 8
14168.9ms Vehicle 9 sendRequestVote called for node 1
14168.9ms Vehicle 9 sendRequestVote called for node 2
14168.9ms Vehicle 9 sendRequestVote called for node 3
14168.9ms Vehicle 9 sendRequestVote called for node 4
14168.9ms Vehicle 9 sendRequestVote called for node 5
14168.9ms Vehicle 9 sendRequestVote called for node 6
14168.9ms Vehicle 9 sendRequestVote called for node 7
14168.9ms Vehicle 9 sendRequestVote called for node 8
14204.2ms Leader 2 SENDING AppendEntries to vehicle 0 (n_entries=0, leader_commit=2)
14204.2ms Leader 2 SENDING AppendEntries to vehicle 1 (n_entries=0, leader_commit=2)
14204.2ms Leader 2 SENDING AppendEntries to vehicle 4 (n_entries=3, leader_commit=2)
14204.2ms Leader 2 SENDING AppendEntries to vehicle 5 (n_entries=3, leader_commit=2)
14204.2ms Leader 2 SENDING AppendEntries to vehicle 6 (n_entries=3, leader_commit=2)
14204.2ms Leader 2 SENDING AppendEntries to vehicle 7 (n_entries=0, leader_commit=2)
14207.3ms Vehicle 0 RECEIVED AppendEntries from 2 (n_entries=0, leader_commit=2)
14209.4ms Vehicle 7 RECEIVED AppendEntries from 2 (n_entries=0, leader_commit=2)
14209.7ms Vehicle 1 RECEIVED AppendEntries from 2 (n_entries=0, leader_commit=2)
14344.2ms Leader 2 SENDING AppendEntries to vehicle 0 (n_entries=0, leader_commit=2)
14344.2ms Leader 2 SENDING AppendEntries to vehicle 1 (n_entries=0, leader_commit=2)
14344.2ms Leader 2 SENDING AppendEntries to vehicle 4 (n_entries=3, leader_commit=2)
14344.2ms Leader 2 SENDING AppendEntries to vehicle 5 (n_entries=3, leader_commit=2)
14344.2ms Leader 2 SENDING AppendEntries to vehicle 6 (n_entries=3, leader_commit=2)
14344.2ms Leader 2 SENDING AppendEntries to vehicle 7 (n_entries=0, leader_commit=2)
14345.8ms Vehicle 7 RECEIVED AppendEntries from 2 (n_entries=0, leader_commit=2)
14347.0ms Vehicle 0 RECEIVED AppendEntries from 2 (n_entries=0, leader_commit=2)
14347.7ms Vehicle 1 RECEIVED AppendEntries from 2 (n_entries=0, leader_commit=2)
14484.2ms Leader 2 SENDING AppendEntries to vehicle 0 (n_entries=0, leader_commit=2)
14484.2ms Leader 2 SENDING AppendEntries to vehicle 1 (n_entries=0, leader_commit=2)
14484.2ms Leader 2 SENDING AppendEntries to vehicle 4 (n_entries=3, leader_commit=2)
14484.2ms Leader 2 SENDING AppendEntries to vehicle 5 (n_entries=3, leader_commit=2)
14484.2ms Leader 2 SENDING AppendEntries to vehicle 6 (n_entries=3, leader_commit=2)
14484.2ms Leader 2 SENDING AppendEntries to vehicle 7 (n_entries=0, leader_commit=2)
14487.1ms Vehicle 1 RECEIVED AppendEntries from 2 (n_entries=0, leader_commit=2)
14487.8ms Vehicle 7 RECEIVED AppendEntries from 2 (n_entries=0, leader_commit=2)
14489.2ms Vehicle 0 RECEIVED AppendEntries from 2 (n_entries=0, leader_commit=2)
14624.2ms Leader 2 SENDING AppendEntries to vehicle 0 (n_entries=0, leader_commit=2)
14624.2ms Leader 2 SENDING AppendEntries to vehicle 1 (n_entries=0, leader_commit=2)
14624.2ms Leader 2 SENDING AppendEntries to vehicle 4 (n_entries=3, leader_commit=2)
14624.2ms Leader 2 SENDING AppendEntries to vehicle 5 (n_entries=3, leader_commit=2)
14624.2ms Leader 2 SENDING AppendEntries to vehicle 6 (n_entries=3, leader_commit=2)
14624.2ms Leader 2 SENDING AppendEntries to vehicle 7 (n_entries=0, leader_commit=2)
14626.4ms Vehicle 0 RECEIVED AppendEntries from 2 (n_entries=0, leader_commit=2)
14626.8ms Vehicle 7 RECEIVED AppendEntries from 2 (n_entries=0, leader_commit=2)
14627.1ms Vehicle 1 RECEIVED AppendEntries from 2 (n_entries=0, leader_commit=2)
14764.2ms Leader 2 SENDING AppendEntries to vehicle 0 (n_entries=0, leader_commit=2)
14764.2ms Leader 2 SENDING AppendEntries to vehicle 1 (n_entries=0, leader_commit=2)
14764.2ms Leader 2 SENDING AppendEntries to vehicle 4 (n_entries=3, leader_commit=2)
14764.2ms Leader 2 SENDING AppendEntries to vehicle 5 (n_entries=3, leader_commit=2)
14764.2ms Leader 2 SENDING AppendEntries to vehicle 6 (n_entries=3, leader_commit=2)
14764.2ms Leader 2 SENDING AppendEntries to vehicle 7 (n_entries=0, leader_commit=2)
14766.2ms Vehicle 0 RECEIVED AppendEntries from 2 (n_entries=0, leader_commit=2)
14767.3ms Vehicle 7 RECEIVED AppendEntries from 2 (n_entries=0, leader_commit=2)
14768.6ms Vehicle 1 RECEIVED AppendEntries from 2 (n_entries=0, leader_commit=2)
14904.2ms Leader 2 SENDING AppendEntries to vehicle 0 (n_entries=0, leader_commit=2)
14904.2ms Leader 2 SENDING AppendEntries to vehicle 1 (n_entries=0, leader_commit=2)
14904.2ms Leader 2 SENDING AppendEntries to vehicle 4 (n_entries=3, leader_commit=2)
14904.2ms Leader 2 SENDING AppendEntries to vehicle 5 (n_entries=3, leader_commit=2)
14904.2ms Leader 2 SENDING AppendEntries to vehicle 6 (n_entries=3, leader_commit=2)
14904.2ms Leader 2 SENDING AppendEntries to vehicle 7 (n_entries=0, leader_commit=2)
14909.2ms Vehicle 0 RECEIVED AppendEntries from 2 (n_entries=0, leader_commit=2)
14909.5ms Vehicle 7 RECEIVED AppendEntries from 2 (n_entries=0, leader_commit=2)
14909.8ms Vehicle 1 RECEIVED AppendEntries from 2 (n_entries=0, leader_commit=2)
15025.4ms Vehicle 10 sendRequestVote called for node 1
15025.4ms Vehicle 10 sendRequestVote called for node 2
15025.4ms Vehicle 10 sendRequestVote called for node 3
15025.4ms Vehicle 10 sendRequestVote called for node 4
15025.4ms Vehicle 10 sendRequestVote called for node 5
15025.4ms Vehicle 10 sendRequestVote called for node 6
15025.4ms Vehicle 10 sendRequestVote called for node 7
15025.4ms Vehicle 10 sendRequestVote called for node 8
15044.2ms Leader 2 SENDING AppendEntries to vehicle 0 (n_entries=0, leader_commit=2)
15044.2ms Leader 2 SENDING AppendEntries to vehicle 1 (n_entries=0, leader_commit=2)
15044.2ms Leader 2 SENDING AppendEntries to vehicle 4 (n_entries=3, leader_commit=2)
15044.2ms Leader 2 SENDING AppendEntries to vehicle 5 (n_entries=3, leader_commit=2)
15044.2ms Leader 2 SENDING AppendEntries to vehicle 6 (n_entries=3, leader_commit=2)
15044.2ms Leader 2 SENDING AppendEntries to vehicle 7 (n_entries=0, leader_commit=2)
15046.2ms Vehicle 7 RECEIVED AppendEntries from 2 (n_entries=0, leader_commit=2)
15048.9ms Vehicle 1 RECEIVED AppendEntries from 2 (n_entries=0, leader_commit=2)
15050.1ms Vehicle 0 RECEIVED AppendEntries from 2 (n_entries=0, leader_commit=2)
15184.2ms Leader 2 SENDING AppendEntries to vehicle 0 (n_entries=0, leader_commit=2)
15184.2ms Leader 2 SENDING AppendEntries to vehicle 1 (n_entries=0, leader_commit=2)
15184.2ms Leader 2 SENDING AppendEntries to vehicle 4 (n_entries=3, leader_commit=2)
15184.2ms Leader 2 SENDING AppendEntries to vehicle 5 (n_entries=3, leader_commit=2)
15184.2ms Leader 2 SENDING AppendEntries to vehicle 6 (n_entries=3, leader_commit=2)
15184.2ms Leader 2 SENDING AppendEntries to vehicle 7 (n_entries=0, leader_commit=2)
15187.0ms Vehicle 0 RECEIVED AppendEntries from 2 (n_entries=0, leader_commit=2)
15187.3ms Vehicle 1 RECEIVED AppendEntries from 2 (n_entries=0, leader_commit=2)
15324.2ms Leader 2 SENDING AppendEntries to vehicle 0 (n_entries=0, leader_commit=2)
15324.2ms Leader 2 SENDING AppendEntries to vehicle 1 (n_entries=0, leader_commit=2)
15324.2ms Leader 2 SENDING AppendEntries to vehicle 4 (n_entries=3, leader_commit=2)
15324.2ms Leader 2 SENDING AppendEntries to vehicle 5 (n_entries=3, leader_commit=2)
15324.2ms Leader 2 SENDING AppendEntries to vehicle 6 (n_entries=3, leader_commit=2)
15324.2ms Leader 2 SENDING AppendEntries to vehicle 7 (n_entries=0, leader_commit=2)
15326.9ms Vehicle 7 RECEIVED AppendEntries from 2 (n_entries=0, leader_commit=2)
15327.2ms Vehicle 1 RECEIVED AppendEntries from 2 (n_entries=0, leader_commit=2)
15329.4ms Vehicle 0 RECEIVED AppendEntries from 2 (n_entries=0, leader_commit=2)
15428.9ms Vehicle 9 sendRequestVote called for node 1
15428.9ms Vehicle 9 sendRequestVote called for node 2
15428.9ms Vehicle 9 sendRequestVote called for node 3
15428.9ms Vehicle 9 sendRequestVote called for node 4
15428.9ms Vehicle 9 sendRequestVote called for node 5
15428.9ms Vehicle 9 sendRequestVote called for node 6
15428.9ms Vehicle 9 sendRequestVote called for node 7
15428.9ms Vehicle 9 sendRequestVote called for node 8
15464.2ms Leader 2 SENDING AppendEntries to vehicle 0 (n_entries=0, leader_commit=2)
15464.2ms Leader 2 SENDING AppendEntries to vehicle 1 (n_entries=0, leader_commit=2)
15464.2ms Leader 2 SENDING AppendEntries to vehicle 4 (n_entries=3, leader_commit=2)
15464.2ms Leader 2 SENDING AppendEntries to vehicle 5 (n_entries=3, leader_commit=2)
15464.2ms Leader 2 SENDING AppendEntries to vehicle 6 (n_entries=3, leader_commit=2)
15464.2ms Leader 2 SENDING AppendEntries to vehicle 7 (n_entries=0, leader_commit=2)
15465.4ms Vehicle 1 RECEIVED AppendEntries from 2 (n_entries=0, leader_commit=2)
15466.3ms Vehicle 7 RECEIVED AppendEntries from 2 (n_entries=0, leader_commit=2)
15468.0ms Vehicle 0 RECEIVED AppendEntries from 2 (n_entries=0, leader_commit=2)
15604.2ms Leader 2 SENDING AppendEntries to vehicle 0 (n_entries=0, leader_commit=2)
15604.2ms Leader 2 SENDING AppendEntries to vehicle 1 (n_entries=0, leader_commit=2)
15604.2ms Leader 2 SENDING AppendEntries to vehicle 4 (n_entries=3, leader_commit=2)
15604.2ms Leader 2 SENDING AppendEntries to vehicle 5 (n_entries=3, leader_commit=2)
15604.2ms Leader 2 SENDING AppendEntries to vehicle 6 (n_entries=3, leader_commit=2)
15604.2ms Leader 2 SENDING AppendEntries to vehicle 7 (n_entries=0, leader_commit=2)
15606.8ms Vehicle 1 RECEIVED AppendEntries from 2 (n_entries=0, leader_commit=2)
15608.3ms Vehicle 7 RECEIVED AppendEntries from 2 (n_entries=0, leader_commit=2)
15609.1ms Vehicle 0 RECEIVED AppendEntries from 2 (n_entries=0, leader_commit=2)
15744.2ms Leader 2 SENDING AppendEntries to vehicle 0 (n_entries=0, leader_commit=2)
15744.2ms Leader 2 SENDING AppendEntries to vehicle 1 (n_entries=0, leader_commit=2)
15744.2ms Leader 2 SENDING AppendEntries to vehicle 4 (n_entries=3, leader_commit=2)
15744.2ms Leader 2 SENDING AppendEntries to vehicle 5 (n_entries=3, leader_commit=2)
15744.2ms Leader 2 SENDING AppendEntries to vehicle 6 (n_entries=3, leader_commit=2)
15744.2ms Leader 2 SENDING AppendEntries to vehicle 7 (n_entries=0, leader_commit=2)
15747.1ms Vehicle 7 RECEIVED AppendEntries from 2 (n_entries=0, leader_commit=2)
15749.6ms Vehicle 1 RECEIVED AppendEntries from 2 (n_entries=0, leader_commit=2)
15750.0ms Vehicle 0 RECEIVED AppendEntries from 2 (n_entries=0, leader_commit=2)
15785.4ms Vehicle 10 sendRequestVote called for node 1
15785.4ms Vehicle 10 sendRequestVote called for node 2
15785.4ms Vehicle 10 sendRequestVote called for node 3
15785.4ms Vehicle 10 sendRequestVote called for node 4
15785.4ms Vehicle 10 sendRequestVote called for node 5
15785.4ms Vehicle 10 sendRequestVote called for node 6
15785.4ms Vehicle 10 sendRequestVote called for node 7
15785.4ms Vehicle 10 sendRequestVote called for node 8
15884.2ms Leader 2 SENDING AppendEntries to vehicle 0 (n_entries=0, leader_commit=2)
15884.2ms Leader 2 SENDING AppendEntries to vehicle 1 (n_entries=0, leader_commit=2)
15884.2ms Leader 2 SENDING AppendEntries to vehicle 4 (n_entries=3, leader_commit=2)
15884.2ms Leader 2 SENDING AppendEntries to vehicle 5 (n_entries=3, leader_commit=2)
15884.2ms Leader 2 SENDING AppendEntries to vehicle 6 (n_entries=3, leader_commit=2)
15884.2ms Leader 2 SENDING AppendEntries to vehicle 7 (n_entries=0, leader_commit=2)
15885.4ms Vehicle 7 RECEIVED AppendEntries from 2 (n_entries=0, leader_commit=2)
15887.4ms Vehicle 0 RECEIVED AppendEntries from 2 (n_entries=0, leader_commit=2)
15889.6ms Vehicle 1 RECEIVED AppendEntries from 2 (n_entries=0, leader_commit=2)
16024.2ms Leader 2 SENDING AppendEntries to vehicle 0 (n_entries=0, leader_commit=2)
16024.2ms Leader 2 SENDING AppendEntries to vehicle 1 (n_entries=0, leader_commit=2)
16024.2ms Leader 2 SENDING AppendEntries to vehicle 4 (n_entries=3, leader_commit=2)
16024.2ms Leader 2 SENDING AppendEntries to vehicle 5 (n_entries=3, leader_commit=2)
16024.2ms Leader 2 SENDING AppendEntries to vehicle 6 (n_entries=3, leader_commit=2)
16024.2ms Leader 2 SENDING AppendEntries to vehicle 7 (n_entries=0, leader_commit=2)
16026.8ms Vehicle 1 RECEIVED AppendEntries from 2 (n_entries=0, leader_commit=2)
16028.7ms Vehicle 7 RECEIVED AppendEntries from 2 (n_entries=0, leader_commit=2)
16029.1ms Vehicle 0 RECEIVED AppendEntries from 2 (n_entries=0, leader_commit=2)
16164.2ms Leader 2 SENDING AppendEntries to vehicle 0 (n_entries=0, leader_commit=2)
16164.2ms Leader 2 SENDING AppendEntries to vehicle 1 (n_entries=0, leader_commit=2)
16164.2ms Leader 2 SENDING AppendEntries to vehicle 4 (n_entries=3, leader_commit=2)
16164.2ms Leader 2 SENDING AppendEntries to vehicle 5 (n_entries=3, leader_commit=2)
16164.2ms Leader 2 SENDING AppendEntries to vehicle 6 (n_entries=3, leader_commit=2)
16164.2ms Leader 2 SENDING AppendEntries to vehicle 7 (n_entries=0, leader_commit=2)
16166.3ms Vehicle 1 RECEIVED AppendEntries from 2 (n_entries=0, leader_commit=2)
16169.2ms Vehicle 7 RECEIVED AppendEntries from 2 (n_entries=0, leader_commit=2)
16169.5ms Vehicle 0 RECEIVED AppendEntries from 2 (n_entries=0, leader_commit=2)
16304.2ms Leader 2 SENDING AppendEntries to vehicle 0 (n_entries=0, leader_commit=2)
16304.2ms Leader 2 SENDING AppendEntries to vehicle 1 (n_entries=0, leader_commit=2)
16304.2ms Leader 2 SENDING AppendEntries to vehicle 4 (n_entries=3, leader_commit=2)
16304.2ms Leader 2 SENDING AppendEntries to vehicle 5 (n_entries=3, leader_commit=2)
16304.2ms Leader 2 SENDING AppendEntries to vehicle 6 (n_entries=3, leader_commit=2)
16304.2ms Leader 2 SENDING AppendEntries to vehicle 7 (n_entries=0, leader_commit=2)
16306.8ms Vehicle 1 RECEIVED AppendEntries from 2 (n_entries=0, leader_commit=2)
16307.2ms Vehicle 7 RECEIVED AppendEntries from 2 (n_entries=0, leader_commit=2)
16308.4ms Vehicle 0 RECEIVED AppendEntries from 2 (n_entries=0, leader_commit=2)
16444.2ms Leader 2 SENDING AppendEntries to vehicle 0 (n_entries=0, leader_commit=2)
16444.2ms Leader 2 SENDING AppendEntries to vehicle 1 (n_entries=0, leader_commit=2)
16444.2ms Leader 2 SENDING AppendEntries to vehicle 4 (n_entries=3, leader_commit=2)
16444.2ms Leader 2 SENDING AppendEntries to vehicle 5 (n_entries=3, leader_commit=2)
16444.2ms Leader 2 SENDING AppendEntries to vehicle 6 (n_entries=3, leader_commit=2)
16444.2ms Leader 2 SENDING AppendEntries to vehicle 7 (n_entries=0, leader_commit=2)
16446.1ms Vehicle 0 RECEIVED AppendEntries from 2 (n_entries=0, leader_commit=2)
16447.0ms Vehicle 1 RECEIVED AppendEntries from 2 (n_entries=0, leader_commit=2)
16447.3ms Vehicle 7 RECEIVED AppendEntries from 2 (n_entries=0, leader_commit=2)
16584.2ms Leader 2 SENDING AppendEntries to vehicle 0 (n_entries=0, leader_commit=2)
16584.2ms Leader 2 SENDING AppendEntries to vehicle 1 (n_entries=0, leader_commit=2)
16584.2ms Leader 2 SENDING AppendEntries to vehicle 4 (n_entries=3, leader_commit=2)
16584.2ms Leader 2 SENDING AppendEntries to vehicle 5 (n_entries=3, leader_commit=2)
16584.2ms Leader 2 SENDING AppendEntries to vehicle 6 (n_entries=3, leader_commit=2)
16584.2ms Leader 2 SENDING AppendEntries to vehicle 7 (n_entries=0, leader_commit=2)
16587.2ms Vehicle 7 RECEIVED AppendEntries from 2 (n_entries=0, leader_commit=2)
16589.3ms Vehicle 1 RECEIVED AppendEntries from 2 (n_entries=0, leader_commit=2)
16589.6ms Vehicle 0 RECEIVED AppendEntries from 2 (n_entries=0, leader_commit=2)
16708.9ms Vehicle 9 sendRequestVote called for node 1
16708.9ms Vehicle 9 sendRequestVote called for node 2
16708.9ms Vehicle 9 sendRequestVote called for node 3
16708.9ms Vehicle 9 sendRequestVote called for node 4
16708.9ms Vehicle 9 sendRequestVote called for node 5
16708.9ms Vehicle 9 sendRequestVote called for node 6
16708.9ms Vehicle 9 sendRequestVote called for node 7
16708.9ms Vehicle 9 sendRequestVote called for node 8
16724.2ms Leader 2 SENDING AppendEntries to vehicle 0 (n_entries=0, leader_commit=2)
16724.2ms Leader 2 SENDING AppendEntries to vehicle 1 (n_entries=0, leader_commit=2)
16724.2ms Leader 2 SENDING AppendEntries to vehicle 4 (n_entries=3, leader_commit=2)
16724.2ms Leader 2 SENDING AppendEntries to vehicle 5 (n_entries=3, leader_commit=2)
16724.2ms Leader 2 SENDING AppendEntries to vehicle 6 (n_entries=3, leader_commit=2)
16724.2ms Leader 2 SENDING AppendEntries to vehicle 7 (n_entries=0, leader_commit=2)
16725.4ms Vehicle 7 RECEIVED AppendEntries from 2 (n_entries=0, leader_commit=2)
16726.8ms Vehicle 1 RECEIVED AppendEntries from 2 (n_entries=0, leader_commit=2)
16728.9ms Vehicle 0 RECEIVED AppendEntries from 2 (n_entries=0, leader_commit=2)
16800.0ms Vehicle 9 QUEUED at dist=32.4m speed=1.5m/s
16864.2ms Leader 2 SENDING AppendEntries to vehicle 0 (n_entries=0, leader_commit=2)
16864.2ms Leader 2 SENDING AppendEntries to vehicle 1 (n_entries=0, leader_commit=2)
16864.2ms Leader 2 SENDING AppendEntries to vehicle 4 (n_entries=3, leader_commit=2)
16864.2ms Leader 2 SENDING AppendEntries to vehicle 5 (n_entries=3, leader_commit=2)
16864.2ms Leader 2 SENDING AppendEntries to vehicle 6 (n_entries=3, leader_commit=2)
16864.2ms Leader 2 SENDING AppendEntries to vehicle 7 (n_entries=0, leader_commit=2)
16865.9ms Vehicle 1 RECEIVED AppendEntries from 2 (n_entries=0, leader_commit=2)
16866.8ms Vehicle 7 RECEIVED AppendEntries from 2 (n_entries=0, leader_commit=2)
16868.3ms Vehicle 0 RECEIVED AppendEntries from 2 (n_entries=0, leader_commit=2)
17004.2ms Leader 2 SENDING AppendEntries to vehicle 0 (n_entries=0, leader_commit=2)
17004.2ms Leader 2 SENDING AppendEntries to vehicle 1 (n_entries=0, leader_commit=2)
17004.2ms Leader 2 SENDING AppendEntries to vehicle 4 (n_entries=3, leader_commit=2)
17004.2ms Leader 2 SENDING AppendEntries to vehicle 5 (n_entries=3, leader_commit=2)
17004.2ms Leader 2 SENDING AppendEntries to vehicle 6 (n_entries=3, leader_commit=2)
17004.2ms Leader 2 SENDING AppendEntries to vehicle 7 (n_entries=0, leader_commit=2)
17007.1ms Vehicle 1 RECEIVED AppendEntries from 2 (n_entries=0, leader_commit=2)
17008.0ms Vehicle 0 RECEIVED AppendEntries from 2 (n_entries=0, leader_commit=2)
17008.3ms Vehicle 7 RECEIVED AppendEntries from 2 (n_entries=0, leader_commit=2)
17144.2ms Leader 2 SENDING AppendEntries to vehicle 0 (n_entries=0, leader_commit=2)
17144.2ms Leader 2 SENDING AppendEntries to vehicle 1 (n_entries=0, leader_commit=2)
17144.2ms Leader 2 SENDING AppendEntries to vehicle 4 (n_entries=3, leader_commit=2)
17144.2ms Leader 2 SENDING AppendEntries to vehicle 5 (n_entries=3, leader_commit=2)
17144.2ms Leader 2 SENDING AppendEntries to vehicle 6 (n_entries=3, leader_commit=2)
17144.2ms Leader 2 SENDING AppendEntries to vehicle 7 (n_entries=0, leader_commit=2)
17147.2ms Vehicle 1 RECEIVED AppendEntries from 2 (n_entries=0, leader_commit=2)
17147.8ms Vehicle 0 RECEIVED AppendEntries from 2 (n_entries=0, leader_commit=2)
17149.1ms Vehicle 7 RECEIVED AppendEntries from 2 (n_entries=0, leader_commit=2)
17284.2ms Leader 2 SENDING AppendEntries to vehicle 0 (n_entries=0, leader_commit=2)
17284.2ms Leader 2 SENDING AppendEntries to vehicle 1 (n_entries=0, leader_commit=2)
17284.2ms Leader 2 SENDING AppendEntries to vehicle 4 (n_entries=3, leader_commit=2)
17284.2ms Leader 2 SENDING AppendEntries to vehicle 5 (n_entries=3, leader_commit=2)
17284.2ms Leader 2 SENDING AppendEntries to vehicle 6 (n_entries=3, leader_commit=2)
17284.2ms Leader 2 SENDING AppendEntries to vehicle 7 (n_entries=0, leader_commit=2)
17286.4ms Vehicle 0 RECEIVED AppendEntries from 2 (n_entries=0, leader_commit=2)
17287.7ms Vehicle 1 RECEIVED AppendEntries from 2 (n_entries=0, leader_commit=2)
17288.1ms Vehicle 7 RECEIVED AppendEntries from 2 (n_entries=0, leader_commit=2)
17424.2ms Leader 2 SENDING AppendEntries to vehicle 0 (n_entries=0, leader_commit=2)
17424.2ms Leader 2 SENDING AppendEntries to vehicle 1 (n_entries=0, leader_commit=2)
17424.2ms Leader 2 SENDING AppendEntries to vehicle 4 (n_entries=3, leader_commit=2)
17424.2ms Leader 2 SENDING AppendEntries to vehicle 5 (n_entries=3, leader_commit=2)
17424.2ms Leader 2 SENDING AppendEntries to vehicle 6 (n_entries=3, leader_commit=2)
17424.2ms Leader 2 SENDING AppendEntries to vehicle 7 (n_entries=0, leader_commit=2)
17427.7ms Vehicle 7 RECEIVED AppendEntries from 2 (n_entries=0, leader_commit=2)
17428.4ms Vehicle 1 RECEIVED AppendEntries from 2 (n_entries=0, leader_commit=2)
17429.0ms Vehicle 0 RECEIVED AppendEntries from 2 (n_entries=0, leader_commit=2)
17564.2ms Leader 2 SENDING AppendEntries to vehicle 0 (n_entries=0, leader_commit=2)
17564.2ms Leader 2 SENDING AppendEntries to vehicle 1 (n_entries=0, leader_commit=2)
17564.2ms Leader 2 SENDING AppendEntries to vehicle 4 (n_entries=3, leader_commit=2)
17564.2ms Leader 2 SENDING AppendEntries to vehicle 5 (n_entries=3, leader_commit=2)
17564.2ms Leader 2 SENDING AppendEntries to vehicle 6 (n_entries=3, leader_commit=2)
17564.2ms Leader 2 SENDING AppendEntries to vehicle 7 (n_entries=0, leader_commit=2)
17568.4ms Vehicle 7 RECEIVED AppendEntries from 2 (n_entries=0, leader_commit=2)
17568.7ms Vehicle 0 RECEIVED AppendEntries from 2 (n_entries=0, leader_commit=2)
17569.1ms Vehicle 1 RECEIVED AppendEntries from 2 (n_entries=0, leader_commit=2)
17704.2ms Leader 2 SENDING AppendEntries to vehicle 0 (n_entries=0, leader_commit=2)
17704.2ms Leader 2 SENDING AppendEntries to vehicle 1 (n_entries=0, leader_commit=2)
17704.2ms Leader 2 SENDING AppendEntries to vehicle 4 (n_entries=3, leader_commit=2)
17704.2ms Leader 2 SENDING AppendEntries to vehicle 5 (n_entries=3, leader_commit=2)
17704.2ms Leader 2 SENDING AppendEntries to vehicle 6 (n_entries=3, leader_commit=2)
17704.2ms Leader 2 SENDING AppendEntries to vehicle 7 (n_entries=0, leader_commit=2)
17705.8ms Vehicle 0 RECEIVED AppendEntries from 2 (n_entries=0, leader_commit=2)
17706.8ms Vehicle 1 RECEIVED AppendEntries from 2 (n_entries=0, leader_commit=2)
17708.7ms Vehicle 7 RECEIVED AppendEntries from 2 (n_entries=0, leader_commit=2)
17728.9ms Vehicle 9 sendRequestVote called for node 1
17728.9ms Vehicle 9 sendRequestVote called for node 2
17728.9ms Vehicle 9 sendRequestVote called for node 3
17728.9ms Vehicle 9 sendRequestVote called for node 4
17728.9ms Vehicle 9 sendRequestVote called for node 5
17728.9ms Vehicle 9 sendRequestVote called for node 6
17728.9ms Vehicle 9 sendRequestVote called for node 7
17728.9ms Vehicle 9 sendRequestVote called for node 8
17844.2ms Leader 2 SENDING AppendEntries to vehicle 0 (n_entries=0, leader_commit=2)
17844.2ms Leader 2 SENDING AppendEntries to vehicle 1 (n_entries=0, leader_commit=2)
17844.2ms Leader 2 SENDING AppendEntries to vehicle 4 (n_entries=3, leader_commit=2)
17844.2ms Leader 2 SENDING AppendEntries to vehicle 5 (n_entries=3, leader_commit=2)
17844.2ms Leader 2 SENDING AppendEntries to vehicle 6 (n_entries=3, leader_commit=2)
17844.2ms Leader 2 SENDING AppendEntries to vehicle 7 (n_entries=0, leader_commit=2)
17846.0ms Vehicle 0 RECEIVED AppendEntries from 2 (n_entries=0, leader_commit=2)
17847.8ms Vehicle 7 RECEIVED AppendEntries from 2 (n_entries=0, leader_commit=2)
17848.9ms Vehicle 1 RECEIVED AppendEntries from 2 (n_entries=0, leader_commit=2)
17948.9ms Vehicle 9 RAFT TIMEOUT: 8720.0ms since cluster formed (threshold=8700.0ms)
17948.9ms Vehicle 9 FALLBACK MODE activated
17948.9ms Vehicle 9 RESUMING movement
17984.2ms Leader 2 SENDING AppendEntries to vehicle 0 (n_entries=0, leader_commit=2)
17984.2ms Leader 2 SENDING AppendEntries to vehicle 1 (n_entries=0, leader_commit=2)
17984.2ms Leader 2 SENDING AppendEntries to vehicle 4 (n_entries=3, leader_commit=2)
17984.2ms Leader 2 SENDING AppendEntries to vehicle 5 (n_entries=3, leader_commit=2)
17984.2ms Leader 2 SENDING AppendEntries to vehicle 6 (n_entries=3, leader_commit=2)
17984.2ms Leader 2 SENDING AppendEntries to vehicle 7 (n_entries=0, leader_commit=2)
17986.0ms Vehicle 7 RECEIVED AppendEntries from 2 (n_entries=0, leader_commit=2)
17988.3ms Vehicle 0 RECEIVED AppendEntries from 2 (n_entries=0, leader_commit=2)
17988.6ms Vehicle 1 RECEIVED AppendEntries from 2 (n_entries=0, leader_commit=2)
18124.2ms Leader 2 SENDING AppendEntries to vehicle 0 (n_entries=0, leader_commit=2)
18124.2ms Leader 2 SENDING AppendEntries to vehicle 1 (n_entries=0, leader_commit=2)
18124.2ms Leader 2 SENDING AppendEntries to vehicle 4 (n_entries=3, leader_commit=2)
18124.2ms Leader 2 SENDING AppendEntries to vehicle 5 (n_entries=3, leader_commit=2)
18124.2ms Leader 2 SENDING AppendEntries to vehicle 6 (n_entries=3, leader_commit=2)
18124.2ms Leader 2 SENDING AppendEntries to vehicle 7 (n_entries=0, leader_commit=2)
18125.7ms Vehicle 7 RECEIVED AppendEntries from 2 (n_entries=0, leader_commit=2)
18126.8ms Vehicle 0 RECEIVED AppendEntries from 2 (n_entries=0, leader_commit=2)
18127.9ms Vehicle 1 RECEIVED AppendEntries from 2 (n_entries=0, leader_commit=2)
18264.2ms Leader 2 SENDING AppendEntries to vehicle 0 (n_entries=0, leader_commit=2)
18264.2ms Leader 2 SENDING AppendEntries to vehicle 1 (n_entries=0, leader_commit=2)
18264.2ms Leader 2 SENDING AppendEntries to vehicle 4 (n_entries=3, leader_commit=2)
18264.2ms Leader 2 SENDING AppendEntries to vehicle 5 (n_entries=3, leader_commit=2)
18264.2ms Leader 2 SENDING AppendEntries to vehicle 6 (n_entries=3, leader_commit=2)
18264.2ms Leader 2 SENDING AppendEntries to vehicle 7 (n_entries=0, leader_commit=2)
18265.8ms Vehicle 7 RECEIVED AppendEntries from 2 (n_entries=0, leader_commit=2)
18268.0ms Vehicle 1 RECEIVED AppendEntries from 2 (n_entries=0, leader_commit=2)
18268.7ms Vehicle 0 RECEIVED AppendEntries from 2 (n_entries=0, leader_commit=2)
18404.2ms Leader 2 SENDING AppendEntries to vehicle 0 (n_entries=0, leader_commit=2)
18404.2ms Leader 2 SENDING AppendEntries to vehicle 1 (n_entries=0, leader_commit=2)
18404.2ms Leader 2 SENDING AppendEntries to vehicle 4 (n_entries=3, leader_commit=2)
18404.2ms Leader 2 SENDING AppendEntries to vehicle 5 (n_entries=3, leader_commit=2)
18404.2ms Leader 2 SENDING AppendEntries to vehicle 6 (n_entries=3, leader_commit=2)
18404.2ms Leader 2 SENDING AppendEntries to vehicle 7 (n_entries=0, leader_commit=2)
18406.5ms Vehicle 0 RECEIVED AppendEntries from 2 (n_entries=0, leader_commit=2)
18407.6ms Vehicle 1 RECEIVED AppendEntries from 2 (n_entries=0, leader_commit=2)
18409.2ms Vehicle 7 RECEIVED AppendEntries from 2 (n_entries=0, leader_commit=2)
18544.2ms Leader 2 SENDING AppendEntries to vehicle 0 (n_entries=0, leader_commit=2)
18544.2ms Leader 2 SENDING AppendEntries to vehicle 1 (n_entries=0, leader_commit=2)
18544.2ms Leader 2 SENDING AppendEntries to vehicle 4 (n_entries=3, leader_commit=2)
18544.2ms Leader 2 SENDING AppendEntries to vehicle 5 (n_entries=3, leader_commit=2)
18544.2ms Leader 2 SENDING AppendEntries to vehicle 6 (n_entries=3, leader_commit=2)
18544.2ms Leader 2 SENDING AppendEntries to vehicle 7 (n_entries=0, leader_commit=2)
18548.9ms Vehicle 0 RECEIVED AppendEntries from 2 (n_entries=0, leader_commit=2)
18549.3ms Vehicle 7 RECEIVED AppendEntries from 2 (n_entries=0, leader_commit=2)
18549.6ms Vehicle 1 RECEIVED AppendEntries from 2 (n_entries=0, leader_commit=2)
18684.2ms Leader 2 SENDING AppendEntries to vehicle 0 (n_entries=0, leader_commit=2)
18684.2ms Leader 2 SENDING AppendEntries to vehicle 1 (n_entries=0, leader_commit=2)
18684.2ms Leader 2 SENDING AppendEntries to vehicle 4 (n_entries=3, leader_commit=2)
18684.2ms Leader 2 SENDING AppendEntries to vehicle 5 (n_entries=3, leader_commit=2)
18684.2ms Leader 2 SENDING AppendEntries to vehicle 6 (n_entries=3, leader_commit=2)
18684.2ms Leader 2 SENDING AppendEntries to vehicle 7 (n_entries=0, leader_commit=2)
18685.6ms Vehicle 0 RECEIVED AppendEntries from 2 (n_entries=0, leader_commit=2)
18686.9ms Vehicle 1 RECEIVED AppendEntries from 2 (n_entries=0, leader_commit=2)
18689.4ms Vehicle 7 RECEIVED AppendEntries from 2 (n_entries=0, leader_commit=2)
18824.2ms Leader 2 SENDING AppendEntries to vehicle 0 (n_entries=0, leader_commit=2)
18824.2ms Leader 2 SENDING AppendEntries to vehicle 1 (n_entries=0, leader_commit=2)
18824.2ms Leader 2 SENDING AppendEntries to vehicle 4 (n_entries=3, leader_commit=2)
18824.2ms Leader 2 SENDING AppendEntries to vehicle 5 (n_entries=3, leader_commit=2)
18824.2ms Leader 2 SENDING AppendEntries to vehicle 6 (n_entries=3, leader_commit=2)
18824.2ms Leader 2 SENDING AppendEntries to vehicle 7 (n_entries=0, leader_commit=2)
18825.5ms Vehicle 7 RECEIVED AppendEntries from 2 (n_entries=0, leader_commit=2)
18825.8ms Vehicle 0 RECEIVED AppendEntries from 2 (n_entries=0, leader_commit=2)
18828.0ms Vehicle 1 RECEIVED AppendEntries from 2 (n_entries=0, leader_commit=2)
18964.2ms Leader 2 SENDING AppendEntries to vehicle 0 (n_entries=0, leader_commit=2)
18964.2ms Leader 2 SENDING AppendEntries to vehicle 1 (n_entries=0, leader_commit=2)
18964.2ms Leader 2 SENDING AppendEntries to vehicle 4 (n_entries=3, leader_commit=2)
18964.2ms Leader 2 SENDING AppendEntries to vehicle 5 (n_entries=3, leader_commit=2)
18964.2ms Leader 2 SENDING AppendEntries to vehicle 6 (n_entries=3, leader_commit=2)
18964.2ms Leader 2 SENDING AppendEntries to vehicle 7 (n_entries=0, leader_commit=2)
18965.5ms Vehicle 1 RECEIVED AppendEntries from 2 (n_entries=0, leader_commit=2)
18966.9ms Vehicle 7 RECEIVED AppendEntries from 2 (n_entries=0, leader_commit=2)
18968.2ms Vehicle 0 RECEIVED AppendEntries from 2 (n_entries=0, leader_commit=2)
19104.2ms Leader 2 SENDING AppendEntries to vehicle 0 (n_entries=0, leader_commit=2)
19104.2ms Leader 2 SENDING AppendEntries to vehicle 1 (n_entries=0, leader_commit=2)
19104.2ms Leader 2 SENDING AppendEntries to vehicle 4 (n_entries=3, leader_commit=2)
19104.2ms Leader 2 SENDING AppendEntries to vehicle 5 (n_entries=3, leader_commit=2)
19104.2ms Leader 2 SENDING AppendEntries to vehicle 6 (n_entries=3, leader_commit=2)
19104.2ms Leader 2 SENDING AppendEntries to vehicle 7 (n_entries=0, leader_commit=2)
19105.7ms Vehicle 1 RECEIVED AppendEntries from 2 (n_entries=0, leader_commit=2)
19106.6ms Vehicle 0 RECEIVED AppendEntries from 2 (n_entries=0, leader_commit=2)
19108.5ms Vehicle 7 RECEIVED AppendEntries from 2 (n_entries=0, leader_commit=2)
19244.2ms Leader 2 SENDING AppendEntries to vehicle 0 (n_entries=0, leader_commit=2)
19244.2ms Leader 2 SENDING AppendEntries to vehicle 1 (n_entries=0, leader_commit=2)
19244.2ms Leader 2 SENDING AppendEntries to vehicle 4 (n_entries=3, leader_commit=2)
19244.2ms Leader 2 SENDING AppendEntries to vehicle 5 (n_entries=3, leader_commit=2)
19244.2ms Leader 2 SENDING AppendEntries to vehicle 6 (n_entries=3, leader_commit=2)
19244.2ms Leader 2 SENDING AppendEntries to vehicle 7 (n_entries=0, leader_commit=2)
19245.8ms Vehicle 7 RECEIVED AppendEntries from 2 (n_entries=0, leader_commit=2)
19247.9ms Vehicle 1 RECEIVED AppendEntries from 2 (n_entries=0, leader_commit=2)
19248.3ms Vehicle 0 RECEIVED AppendEntries from 2 (n_entries=0, leader_commit=2)
19384.2ms Leader 2 SENDING AppendEntries to vehicle 0 (n_entries=0, leader_commit=2)
19384.2ms Leader 2 SENDING AppendEntries to vehicle 1 (n_entries=0, leader_commit=2)
19384.2ms Leader 2 SENDING AppendEntries to vehicle 4 (n_entries=3, leader_commit=2)
19384.2ms Leader 2 SENDING AppendEntries to vehicle 5 (n_entries=3, leader_commit=2)
19384.2ms Leader 2 SENDING AppendEntries to vehicle 6 (n_entries=3, leader_commit=2)
19384.2ms Leader 2 SENDING AppendEntries to vehicle 7 (n_entries=0, leader_commit=2)
19385.7ms Vehicle 0 RECEIVED AppendEntries from 2 (n_entries=0, leader_commit=2)
19387.1ms Vehicle 1 RECEIVED AppendEntries from 2 (n_entries=0, leader_commit=2)
19389.0ms Vehicle 7 RECEIVED AppendEntries from 2 (n_entries=0, leader_commit=2)
19524.2ms Leader 2 SENDING AppendEntries to vehicle 0 (n_entries=0, leader_commit=2)
19524.2ms Leader 2 SENDING AppendEntries to vehicle 1 (n_entries=0, leader_commit=2)
19524.2ms Leader 2 SENDING AppendEntries to vehicle 4 (n_entries=3, leader_commit=2)
19524.2ms Leader 2 SENDING AppendEntries to vehicle 5 (n_entries=3, leader_commit=2)
19524.2ms Leader 2 SENDING AppendEntries to vehicle 6 (n_entries=3, leader_commit=2)
19524.2ms Leader 2 SENDING AppendEntries to vehicle 7 (n_entries=0, leader_commit=2)
19525.5ms Vehicle 1 RECEIVED AppendEntries from 2 (n_entries=0, leader_commit=2)
19527.0ms Vehicle 0 RECEIVED AppendEntries from 2 (n_entries=0, leader_commit=2)
19527.6ms Vehicle 7 RECEIVED AppendEntries from 2 (n_entries=0, leader_commit=2)
19664.2ms Leader 2 SENDING AppendEntries to vehicle 0 (n_entries=0, leader_commit=2)
19664.2ms Leader 2 SENDING AppendEntries to vehicle 1 (n_entries=0, leader_commit=2)
19664.2ms Leader 2 SENDING AppendEntries to vehicle 4 (n_entries=3, leader_commit=2)
19664.2ms Leader 2 SENDING AppendEntries to vehicle 5 (n_entries=3, leader_commit=2)
19664.2ms Leader 2 SENDING AppendEntries to vehicle 6 (n_entries=3, leader_commit=2)
19664.2ms Leader 2 SENDING AppendEntries to vehicle 7 (n_entries=0, leader_commit=2)
19665.9ms Vehicle 1 RECEIVED AppendEntries from 2 (n_entries=0, leader_commit=2)
19666.6ms Vehicle 7 RECEIVED AppendEntries from 2 (n_entries=0, leader_commit=2)
19667.0ms Vehicle 0 RECEIVED AppendEntries from 2 (n_entries=0, leader_commit=2)
19804.2ms Leader 2 SENDING AppendEntries to vehicle 0 (n_entries=0, leader_commit=2)
19804.2ms Leader 2 SENDING AppendEntries to vehicle 1 (n_entries=0, leader_commit=2)
19804.2ms Leader 2 SENDING AppendEntries to vehicle 4 (n_entries=3, leader_commit=2)
19804.2ms Leader 2 SENDING AppendEntries to vehicle 5 (n_entries=3, leader_commit=2)
19804.2ms Leader 2 SENDING AppendEntries to vehicle 6 (n_entries=3, leader_commit=2)
19804.2ms Leader 2 SENDING AppendEntries to vehicle 7 (n_entries=0, leader_commit=2)
19807.5ms Vehicle 1 RECEIVED AppendEntries from 2 (n_entries=0, leader_commit=2)
19807.8ms Vehicle 7 RECEIVED AppendEntries from 2 (n_entries=0, leader_commit=2)
19808.2ms Vehicle 0 RECEIVED AppendEntries from 2 (n_entries=0, leader_commit=2)
19944.2ms Leader 2 SENDING AppendEntries to vehicle 0 (n_entries=0, leader_commit=2)
19944.2ms Leader 2 SENDING AppendEntries to vehicle 1 (n_entries=0, leader_commit=2)
19944.2ms Leader 2 SENDING AppendEntries to vehicle 4 (n_entries=3, leader_commit=2)
19944.2ms Leader 2 SENDING AppendEntries to vehicle 5 (n_entries=3, leader_commit=2)
19944.2ms Leader 2 SENDING AppendEntries to vehicle 6 (n_entries=3, leader_commit=2)
19944.2ms Leader 2 SENDING AppendEntries to vehicle 7 (n_entries=0, leader_commit=2)
19946.1ms Vehicle 0 RECEIVED AppendEntries from 2 (n_entries=0, leader_commit=2)
19948.6ms Vehicle 1 RECEIVED AppendEntries from 2 (n_entries=0, leader_commit=2)
19949.0ms Vehicle 7 RECEIVED AppendEntries from 2 (n_entries=0, leader_commit=2)
20084.2ms Leader 2 SENDING AppendEntries to vehicle 0 (n_entries=0, leader_commit=2)
20084.2ms Leader 2 SENDING AppendEntries to vehicle 1 (n_entries=0, leader_commit=2)
20084.2ms Leader 2 SENDING AppendEntries to vehicle 4 (n_entries=3, leader_commit=2)
20084.2ms Leader 2 SENDING AppendEntries to vehicle 5 (n_entries=3, leader_commit=2)
20084.2ms Leader 2 SENDING AppendEntries to vehicle 6 (n_entries=3, leader_commit=2)
20084.2ms Leader 2 SENDING AppendEntries to vehicle 7 (n_entries=0, leader_commit=2)
20086.8ms Vehicle 1 RECEIVED AppendEntries from 2 (n_entries=0, leader_commit=2)
20087.1ms Vehicle 0 RECEIVED AppendEntries from 2 (n_entries=0, leader_commit=2)
20088.0ms Vehicle 7 RECEIVED AppendEntries from 2 (n_entries=0, leader_commit=2)
20224.2ms Leader 2 SENDING AppendEntries to vehicle 0 (n_entries=0, leader_commit=2)
20224.2ms Leader 2 SENDING AppendEntries to vehicle 1 (n_entries=0, leader_commit=2)
20224.2ms Leader 2 SENDING AppendEntries to vehicle 4 (n_entries=3, leader_commit=2)
20224.2ms Leader 2 SENDING AppendEntries to vehicle 5 (n_entries=3, leader_commit=2)
20224.2ms Leader 2 SENDING AppendEntries to vehicle 6 (n_entries=3, leader_commit=2)
20224.2ms Leader 2 SENDING AppendEntries to vehicle 7 (n_entries=0, leader_commit=2)
20226.1ms Vehicle 0 RECEIVED AppendEntries from 2 (n_entries=0, leader_commit=2)
20226.4ms Vehicle 1 RECEIVED AppendEntries from 2 (n_entries=0, leader_commit=2)
20226.7ms Vehicle 7 RECEIVED AppendEntries from 2 (n_entries=0, leader_commit=2)
20364.2ms Leader 2 SENDING AppendEntries to vehicle 0 (n_entries=0, leader_commit=2)
20364.2ms Leader 2 SENDING AppendEntries to vehicle 1 (n_entries=0, leader_commit=2)
20364.2ms Leader 2 SENDING AppendEntries to vehicle 4 (n_entries=3, leader_commit=2)
20364.2ms Leader 2 SENDING AppendEntries to vehicle 5 (n_entries=3, leader_commit=2)
20364.2ms Leader 2 SENDING AppendEntries to vehicle 6 (n_entries=3, leader_commit=2)
20364.2ms Leader 2 SENDING AppendEntries to vehicle 7 (n_entries=0, leader_commit=2)
20366.7ms Vehicle 1 RECEIVED AppendEntries from 2 (n_entries=0, leader_commit=2)
20367.1ms Vehicle 7 RECEIVED AppendEntries from 2 (n_entries=0, leader_commit=2)
20367.4ms Vehicle 0 RECEIVED AppendEntries from 2 (n_entries=0, leader_commit=2)
20504.2ms Leader 2 SENDING AppendEntries to vehicle 0 (n_entries=0, leader_commit=2)
20504.2ms Leader 2 SENDING AppendEntries to vehicle 1 (n_entries=0, leader_commit=2)
20504.2ms Leader 2 SENDING AppendEntries to vehicle 4 (n_entries=3, leader_commit=2)
20504.2ms Leader 2 SENDING AppendEntries to vehicle 5 (n_entries=3, leader_commit=2)
20504.2ms Leader 2 SENDING AppendEntries to vehicle 6 (n_entries=3, leader_commit=2)
20504.2ms Leader 2 SENDING AppendEntries to vehicle 7 (n_entries=0, leader_commit=2)
20507.7ms Vehicle 7 RECEIVED AppendEntries from 2 (n_entries=0, leader_commit=2)
20508.0ms Vehicle 1 RECEIVED AppendEntries from 2 (n_entries=0, leader_commit=2)
20508.3ms Vehicle 0 RECEIVED AppendEntries from 2 (n_entries=0, leader_commit=2)
20644.2ms Leader 2 SENDING AppendEntries to vehicle 0 (n_entries=0, leader_commit=2)
20644.2ms Leader 2 SENDING AppendEntries to vehicle 1 (n_entries=0, leader_commit=2)
20644.2ms Leader 2 SENDING AppendEntries to vehicle 4 (n_entries=3, leader_commit=2)
20644.2ms Leader 2 SENDING AppendEntries to vehicle 5 (n_entries=3, leader_commit=2)
20644.2ms Leader 2 SENDING AppendEntries to vehicle 6 (n_entries=3, leader_commit=2)
20644.2ms Leader 2 SENDING AppendEntries to vehicle 7 (n_entries=0, leader_commit=2)
20646.3ms Vehicle 1 RECEIVED AppendEntries from 2 (n_entries=0, leader_commit=2)
20647.9ms Vehicle 7 RECEIVED AppendEntries from 2 (n_entries=0, leader_commit=2)
20648.2ms Vehicle 0 RECEIVED AppendEntries from 2 (n_entries=0, leader_commit=2)
20784.2ms Leader 2 SENDING AppendEntries to vehicle 0 (n_entries=0, leader_commit=2)
20784.2ms Leader 2 SENDING AppendEntries to vehicle 1 (n_entries=0, leader_commit=2)
20784.2ms Leader 2 SENDING AppendEntries to vehicle 4 (n_entries=3, leader_commit=2)
20784.2ms Leader 2 SENDING AppendEntries to vehicle 5 (n_entries=3, leader_commit=2)
20784.2ms Leader 2 SENDING AppendEntries to vehicle 6 (n_entries=3, leader_commit=2)
20784.2ms Leader 2 SENDING AppendEntries to vehicle 7 (n_entries=0, leader_commit=2)
20786.2ms Vehicle 1 RECEIVED AppendEntries from 2 (n_entries=0, leader_commit=2)
20786.8ms Vehicle 7 RECEIVED AppendEntries from 2 (n_entries=0, leader_commit=2)
20787.6ms Vehicle 0 RECEIVED AppendEntries from 2 (n_entries=0, leader_commit=2)
20924.2ms Leader 2 SENDING AppendEntries to vehicle 0 (n_entries=0, leader_commit=2)
20924.2ms Leader 2 SENDING AppendEntries to vehicle 1 (n_entries=0, leader_commit=2)
20924.2ms Leader 2 SENDING AppendEntries to vehicle 4 (n_entries=3, leader_commit=2)
20924.2ms Leader 2 SENDING AppendEntries to vehicle 5 (n_entries=3, leader_commit=2)
20924.2ms Leader 2 SENDING AppendEntries to vehicle 6 (n_entries=3, leader_commit=2)
20924.2ms Leader 2 SENDING AppendEntries to vehicle 7 (n_entries=0, leader_commit=2)
20926.1ms Vehicle 1 RECEIVED AppendEntries from 2 (n_entries=0, leader_commit=2)
20926.9ms Vehicle 7 RECEIVED AppendEntries from 2 (n_entries=0, leader_commit=2)
20927.5ms Vehicle 0 RECEIVED AppendEntries from 2 (n_entries=0, leader_commit=2)
21064.2ms Leader 2 SENDING AppendEntries to vehicle 0 (n_entries=0, leader_commit=2)
21064.2ms Leader 2 SENDING AppendEntries to vehicle 1 (n_entries=0, leader_commit=2)
21064.2ms Leader 2 SENDING AppendEntries to vehicle 4 (n_entries=3, leader_commit=2)
21064.2ms Leader 2 SENDING AppendEntries to vehicle 5 (n_entries=3, leader_commit=2)
21064.2ms Leader 2 SENDING AppendEntries to vehicle 6 (n_entries=3, leader_commit=2)
21064.2ms Leader 2 SENDING AppendEntries to vehicle 7 (n_entries=0, leader_commit=2)
21065.9ms Vehicle 0 RECEIVED AppendEntries from 2 (n_entries=0, leader_commit=2)
21066.2ms Vehicle 7 RECEIVED AppendEntries from 2 (n_entries=0, leader_commit=2)
21067.9ms Vehicle 1 RECEIVED AppendEntries from 2 (n_entries=0, leader_commit=2)
21204.2ms Leader 2 SENDING AppendEntries to vehicle 0 (n_entries=0, leader_commit=2)
21204.2ms Leader 2 SENDING AppendEntries to vehicle 1 (n_entries=0, leader_commit=2)
21204.2ms Leader 2 SENDING AppendEntries to vehicle 4 (n_entries=3, leader_commit=2)
21204.2ms Leader 2 SENDING AppendEntries to vehicle 5 (n_entries=3, leader_commit=2)
21204.2ms Leader 2 SENDING AppendEntries to vehicle 6 (n_entries=3, leader_commit=2)
21204.2ms Leader 2 SENDING AppendEntries to vehicle 7 (n_entries=0, leader_commit=2)
21206.8ms Vehicle 0 RECEIVED AppendEntries from 2 (n_entries=0, leader_commit=2)
21207.4ms Vehicle 1 RECEIVED AppendEntries from 2 (n_entries=0, leader_commit=2)
21207.7ms Vehicle 7 RECEIVED AppendEntries from 2 (n_entries=0, leader_commit=2)
21344.2ms Leader 2 SENDING AppendEntries to vehicle 0 (n_entries=0, leader_commit=2)
21344.2ms Leader 2 SENDING AppendEntries to vehicle 1 (n_entries=0, leader_commit=2)
21344.2ms Leader 2 SENDING AppendEntries to vehicle 4 (n_entries=3, leader_commit=2)
21344.2ms Leader 2 SENDING AppendEntries to vehicle 5 (n_entries=3, leader_commit=2)
21344.2ms Leader 2 SENDING AppendEntries to vehicle 6 (n_entries=3, leader_commit=2)
21344.2ms Leader 2 SENDING AppendEntries to vehicle 7 (n_entries=0, leader_commit=2)
21347.6ms Vehicle 1 RECEIVED AppendEntries from 2 (n_entries=0, leader_commit=2)
21348.4ms Vehicle 7 RECEIVED AppendEntries from 2 (n_entries=0, leader_commit=2)
21348.9ms Vehicle 0 RECEIVED AppendEntries from 2 (n_entries=0, leader_commit=2)
21484.2ms Leader 2 SENDING AppendEntries to vehicle 0 (n_entries=0, leader_commit=2)
21484.2ms Leader 2 SENDING AppendEntries to vehicle 1 (n_entries=0, leader_commit=2)
21484.2ms Leader 2 SENDING AppendEntries to vehicle 4 (n_entries=3, leader_commit=2)
21484.2ms Leader 2 SENDING AppendEntries to vehicle 5 (n_entries=3, leader_commit=2)
21484.2ms Leader 2 SENDING AppendEntries to vehicle 6 (n_entries=3, leader_commit=2)
21484.2ms Leader 2 SENDING AppendEntries to vehicle 7 (n_entries=0, leader_commit=2)
21487.1ms Vehicle 0 RECEIVED AppendEntries from 2 (n_entries=0, leader_commit=2)
21489.0ms Vehicle 1 RECEIVED AppendEntries from 2 (n_entries=0, leader_commit=2)
21489.3ms Vehicle 7 RECEIVED AppendEntries from 2 (n_entries=0, leader_commit=2)
21624.2ms Leader 2 SENDING AppendEntries to vehicle 0 (n_entries=0, leader_commit=2)
21624.2ms Leader 2 SENDING AppendEntries to vehicle 1 (n_entries=0, leader_commit=2)
21624.2ms Leader 2 SENDING AppendEntries to vehicle 4 (n_entries=3, leader_commit=2)
21624.2ms Leader 2 SENDING AppendEntries to vehicle 5 (n_entries=3, leader_commit=2)
21624.2ms Leader 2 SENDING AppendEntries to vehicle 6 (n_entries=3, leader_commit=2)
21624.2ms Leader 2 SENDING AppendEntries to vehicle 7 (n_entries=0, leader_commit=2)
21625.4ms Vehicle 7 RECEIVED AppendEntries from 2 (n_entries=0, leader_commit=2)
21625.7ms Vehicle 0 RECEIVED AppendEntries from 2 (n_entries=0, leader_commit=2)
21629.3ms Vehicle 1 RECEIVED AppendEntries from 2 (n_entries=0, leader_commit=2)
21764.2ms Leader 2 SENDING AppendEntries to vehicle 0 (n_entries=0, leader_commit=2)
21764.2ms Leader 2 SENDING AppendEntries to vehicle 1 (n_entries=0, leader_commit=2)
21764.2ms Leader 2 SENDING AppendEntries to vehicle 4 (n_entries=3, leader_commit=2)
21764.2ms Leader 2 SENDING AppendEntries to vehicle 5 (n_entries=3, leader_commit=2)
21764.2ms Leader 2 SENDING AppendEntries to vehicle 6 (n_entries=3, leader_commit=2)
21764.2ms Leader 2 SENDING AppendEntries to vehicle 7 (n_entries=0, leader_commit=2)
21766.1ms Vehicle 1 RECEIVED AppendEntries from 2 (n_entries=0, leader_commit=2)
21766.4ms Vehicle 0 RECEIVED AppendEntries from 2 (n_entries=0, leader_commit=2)
21767.3ms Vehicle 7 RECEIVED AppendEntries from 2 (n_entries=0, leader_commit=2)
21904.2ms Leader 2 SENDING AppendEntries to vehicle 0 (n_entries=0, leader_commit=2)
21904.2ms Leader 2 SENDING AppendEntries to vehicle 1 (n_entries=0, leader_commit=2)
21904.2ms Leader 2 SENDING AppendEntries to vehicle 4 (n_entries=3, leader_commit=2)
21904.2ms Leader 2 SENDING AppendEntries to vehicle 5 (n_entries=3, leader_commit=2)
21904.2ms Leader 2 SENDING AppendEntries to vehicle 6 (n_entries=3, leader_commit=2)
21904.2ms Leader 2 SENDING AppendEntries to vehicle 7 (n_entries=0, leader_commit=2)
21906.1ms Vehicle 7 RECEIVED AppendEntries from 2 (n_entries=0, leader_commit=2)
21906.7ms Vehicle 0 RECEIVED AppendEntries from 2 (n_entries=0, leader_commit=2)
21908.2ms Vehicle 1 RECEIVED AppendEntries from 2 (n_entries=0, leader_commit=2)
22044.2ms Leader 2 SENDING AppendEntries to vehicle 0 (n_entries=0, leader_commit=2)
22044.2ms Leader 2 SENDING AppendEntries to vehicle 1 (n_entries=0, leader_commit=2)
22044.2ms Leader 2 SENDING AppendEntries to vehicle 4 (n_entries=3, leader_commit=2)
22044.2ms Leader 2 SENDING AppendEntries to vehicle 5 (n_entries=3, leader_commit=2)
22044.2ms Leader 2 SENDING AppendEntries to vehicle 6 (n_entries=3, leader_commit=2)
22044.2ms Leader 2 SENDING AppendEntries to vehicle 7 (n_entries=0, leader_commit=2)
22045.6ms Vehicle 0 RECEIVED AppendEntries from 2 (n_entries=0, leader_commit=2)
22046.3ms Vehicle 7 RECEIVED AppendEntries from 2 (n_entries=0, leader_commit=2)
22047.0ms Vehicle 1 RECEIVED AppendEntries from 2 (n_entries=0, leader_commit=2)
22184.2ms Leader 2 SENDING AppendEntries to vehicle 0 (n_entries=0, leader_commit=2)
22184.2ms Leader 2 SENDING AppendEntries to vehicle 1 (n_entries=0, leader_commit=2)
22184.2ms Leader 2 SENDING AppendEntries to vehicle 4 (n_entries=3, leader_commit=2)
22184.2ms Leader 2 SENDING AppendEntries to vehicle 5 (n_entries=3, leader_commit=2)
22184.2ms Leader 2 SENDING AppendEntries to vehicle 6 (n_entries=3, leader_commit=2)
22184.2ms Leader 2 SENDING AppendEntries to vehicle 7 (n_entries=0, leader_commit=2)
22187.6ms Vehicle 1 RECEIVED AppendEntries from 2 (n_entries=0, leader_commit=2)
22187.9ms Vehicle 7 RECEIVED AppendEntries from 2 (n_entries=0, leader_commit=2)
22324.2ms Leader 2 SENDING AppendEntries to vehicle 0 (n_entries=0, leader_commit=2)
22324.2ms Leader 2 SENDING AppendEntries to vehicle 1 (n_entries=0, leader_commit=2)
22324.2ms Leader 2 SENDING AppendEntries to vehicle 4 (n_entries=3, leader_commit=2)
22324.2ms Leader 2 SENDING AppendEntries to vehicle 5 (n_entries=3, leader_commit=2)
22324.2ms Leader 2 SENDING AppendEntries to vehicle 6 (n_entries=3, leader_commit=2)
22324.2ms Leader 2 SENDING AppendEntries to vehicle 7 (n_entries=0, leader_commit=2)
22326.1ms Vehicle 0 RECEIVED AppendEntries from 2 (n_entries=0, leader_commit=2)
22326.4ms Vehicle 1 RECEIVED AppendEntries from 2 (n_entries=0, leader_commit=2)
22328.3ms Vehicle 7 RECEIVED AppendEntries from 2 (n_entries=0, leader_commit=2)
22464.2ms Leader 2 SENDING AppendEntries to vehicle 0 (n_entries=0, leader_commit=2)
22464.2ms Leader 2 SENDING AppendEntries to vehicle 1 (n_entries=0, leader_commit=2)
22464.2ms Leader 2 SENDING AppendEntries to vehicle 4 (n_entries=3, leader_commit=2)
22464.2ms Leader 2 SENDING AppendEntries to vehicle 5 (n_entries=3, leader_commit=2)
22464.2ms Leader 2 SENDING AppendEntries to vehicle 6 (n_entries=3, leader_commit=2)
22464.2ms Leader 2 SENDING AppendEntries to vehicle 7 (n_entries=0, leader_commit=2)
22465.8ms Vehicle 1 RECEIVED AppendEntries from 2 (n_entries=0, leader_commit=2)
22466.1ms Vehicle 0 RECEIVED AppendEntries from 2 (n_entries=0, leader_commit=2)
22469.3ms Vehicle 7 RECEIVED AppendEntries from 2 (n_entries=0, leader_commit=2)
22604.2ms Leader 2 SENDING AppendEntries to vehicle 0 (n_entries=0, leader_commit=2)
22604.2ms Leader 2 SENDING AppendEntries to vehicle 1 (n_entries=0, leader_commit=2)
22604.2ms Leader 2 SENDING AppendEntries to vehicle 4 (n_entries=3, leader_commit=2)
22604.2ms Leader 2 SENDING AppendEntries to vehicle 5 (n_entries=3, leader_commit=2)
22604.2ms Leader 2 SENDING AppendEntries to vehicle 6 (n_entries=3, leader_commit=2)
22604.2ms Leader 2 SENDING AppendEntries to vehicle 7 (n_entries=0, leader_commit=2)
22607.6ms Vehicle 7 RECEIVED AppendEntries from 2 (n_entries=0, leader_commit=2)
22608.0ms Vehicle 1 RECEIVED AppendEntries from 2 (n_entries=0, leader_commit=2)
22608.4ms Vehicle 0 RECEIVED AppendEntries from 2 (n_entries=0, leader_commit=2)
22744.2ms Leader 2 SENDING AppendEntries to vehicle 0 (n_entries=0, leader_commit=2)
22744.2ms Leader 2 SENDING AppendEntries to vehicle 1 (n_entries=0, leader_commit=2)
22744.2ms Leader 2 SENDING AppendEntries to vehicle 4 (n_entries=3, leader_commit=2)
22744.2ms Leader 2 SENDING AppendEntries to vehicle 5 (n_entries=3, leader_commit=2)
22744.2ms Leader 2 SENDING AppendEntries to vehicle 6 (n_entries=3, leader_commit=2)
22744.2ms Leader 2 SENDING AppendEntries to vehicle 7 (n_entries=0, leader_commit=2)
22747.8ms Vehicle 0 RECEIVED AppendEntries from 2 (n_entries=0, leader_commit=2)
22748.8ms Vehicle 7 RECEIVED AppendEntries from 2 (n_entries=0, leader_commit=2)
22749.2ms Vehicle 1 RECEIVED AppendEntries from 2 (n_entries=0, leader_commit=2)
22884.2ms Leader 2 SENDING AppendEntries to vehicle 0 (n_entries=0, leader_commit=2)
22884.2ms Leader 2 SENDING AppendEntries to vehicle 1 (n_entries=0, leader_commit=2)
22884.2ms Leader 2 SENDING AppendEntries to vehicle 4 (n_entries=3, leader_commit=2)
22884.2ms Leader 2 SENDING AppendEntries to vehicle 5 (n_entries=3, leader_commit=2)
22884.2ms Leader 2 SENDING AppendEntries to vehicle 6 (n_entries=3, leader_commit=2)
22884.2ms Leader 2 SENDING AppendEntries to vehicle 7 (n_entries=0, leader_commit=2)
22886.7ms Vehicle 0 RECEIVED AppendEntries from 2 (n_entries=0, leader_commit=2)
22887.6ms Vehicle 7 RECEIVED AppendEntries from 2 (n_entries=0, leader_commit=2)
22888.6ms Vehicle 1 RECEIVED AppendEntries from 2 (n_entries=0, leader_commit=2)
23024.2ms Leader 2 SENDING AppendEntries to vehicle 0 (n_entries=0, leader_commit=2)
23024.2ms Leader 2 SENDING AppendEntries to vehicle 1 (n_entries=0, leader_commit=2)
23024.2ms Leader 2 SENDING AppendEntries to vehicle 4 (n_entries=3, leader_commit=2)
23024.2ms Leader 2 SENDING AppendEntries to vehicle 5 (n_entries=3, leader_commit=2)
23024.2ms Leader 2 SENDING AppendEntries to vehicle 6 (n_entries=3, leader_commit=2)
23024.2ms Leader 2 SENDING AppendEntries to vehicle 7 (n_entries=0, leader_commit=2)
23025.6ms Vehicle 1 RECEIVED AppendEntries from 2 (n_entries=0, leader_commit=2)
23027.9ms Vehicle 7 RECEIVED AppendEntries from 2 (n_entries=0, leader_commit=2)
23029.4ms Vehicle 0 RECEIVED AppendEntries from 2 (n_entries=0, leader_commit=2)
23164.2ms Leader 2 SENDING AppendEntries to vehicle 0 (n_entries=0, leader_commit=2)
23164.2ms Leader 2 SENDING AppendEntries to vehicle 1 (n_entries=0, leader_commit=2)
23164.2ms Leader 2 SENDING AppendEntries to vehicle 4 (n_entries=3, leader_commit=2)
23164.2ms Leader 2 SENDING AppendEntries to vehicle 5 (n_entries=3, leader_commit=2)
23164.2ms Leader 2 SENDING AppendEntries to vehicle 6 (n_entries=3, leader_commit=2)
23164.2ms Leader 2 SENDING AppendEntries to vehicle 7 (n_entries=0, leader_commit=2)
23165.7ms Vehicle 1 RECEIVED AppendEntries from 2 (n_entries=0, leader_commit=2)
23166.7ms Vehicle 0 RECEIVED AppendEntries from 2 (n_entries=0, leader_commit=2)
23167.3ms Vehicle 7 RECEIVED AppendEntries from 2 (n_entries=0, leader_commit=2)
23304.2ms Leader 2 SENDING AppendEntries to vehicle 0 (n_entries=0, leader_commit=2)
23304.2ms Leader 2 SENDING AppendEntries to vehicle 1 (n_entries=0, leader_commit=2)
23304.2ms Leader 2 SENDING AppendEntries to vehicle 4 (n_entries=3, leader_commit=2)
23304.2ms Leader 2 SENDING AppendEntries to vehicle 5 (n_entries=3, leader_commit=2)
23304.2ms Leader 2 SENDING AppendEntries to vehicle 6 (n_entries=3, leader_commit=2)
23304.2ms Leader 2 SENDING AppendEntries to vehicle 7 (n_entries=0, leader_commit=2)
23306.3ms Vehicle 7 RECEIVED AppendEntries from 2 (n_entries=0, leader_commit=2)
23308.9ms Vehicle 1 RECEIVED AppendEntries from 2 (n_entries=0, leader_commit=2)
23309.2ms Vehicle 0 RECEIVED AppendEntries from 2 (n_entries=0, leader_commit=2)
23444.2ms Leader 2 SENDING AppendEntries to vehicle 0 (n_entries=0, leader_commit=2)
23444.2ms Leader 2 SENDING AppendEntries to vehicle 1 (n_entries=0, leader_commit=2)
23444.2ms Leader 2 SENDING AppendEntries to vehicle 4 (n_entries=3, leader_commit=2)
23444.2ms Leader 2 SENDING AppendEntries to vehicle 5 (n_entries=3, leader_commit=2)
23444.2ms Leader 2 SENDING AppendEntries to vehicle 6 (n_entries=3, leader_commit=2)
23444.2ms Leader 2 SENDING AppendEntries to vehicle 7 (n_entries=0, leader_commit=2)
23448.1ms Vehicle 0 RECEIVED AppendEntries from 2 (n_entries=0, leader_commit=2)
23448.4ms Vehicle 1 RECEIVED AppendEntries from 2 (n_entries=0, leader_commit=2)
23449.0ms Vehicle 7 RECEIVED AppendEntries from 2 (n_entries=0, leader_commit=2)
23584.2ms Leader 2 SENDING AppendEntries to vehicle 0 (n_entries=0, leader_commit=2)
23584.2ms Leader 2 SENDING AppendEntries to vehicle 1 (n_entries=0, leader_commit=2)
23584.2ms Leader 2 SENDING AppendEntries to vehicle 4 (n_entries=3, leader_commit=2)
23584.2ms Leader 2 SENDING AppendEntries to vehicle 5 (n_entries=3, leader_commit=2)
23584.2ms Leader 2 SENDING AppendEntries to vehicle 6 (n_entries=3, leader_commit=2)
23584.2ms Leader 2 SENDING AppendEntries to vehicle 7 (n_entries=0, leader_commit=2)
23585.5ms Vehicle 7 RECEIVED AppendEntries from 2 (n_entries=0, leader_commit=2)
23588.7ms Vehicle 0 RECEIVED AppendEntries from 2 (n_entries=0, leader_commit=2)
23724.2ms Leader 2 SENDING AppendEntries to vehicle 0 (n_entries=0, leader_commit=2)
23724.2ms Leader 2 SENDING AppendEntries to vehicle 1 (n_entries=0, leader_commit=2)
23724.2ms Leader 2 SENDING AppendEntries to vehicle 4 (n_entries=3, leader_commit=2)
23724.2ms Leader 2 SENDING AppendEntries to vehicle 5 (n_entries=3, leader_commit=2)
23724.2ms Leader 2 SENDING AppendEntries to vehicle 6 (n_entries=3, leader_commit=2)
23724.2ms Leader 2 SENDING AppendEntries to vehicle 7 (n_entries=0, leader_commit=2)
23726.4ms Vehicle 7 RECEIVED AppendEntries from 2 (n_entries=0, leader_commit=2)
23728.9ms Vehicle 1 RECEIVED AppendEntries from 2 (n_entries=0, leader_commit=2)
23729.6ms Vehicle 0 RECEIVED AppendEntries from 2 (n_entries=0, leader_commit=2)
23864.2ms Leader 2 SENDING AppendEntries to vehicle 0 (n_entries=0, leader_commit=2)
23864.2ms Leader 2 SENDING AppendEntries to vehicle 1 (n_entries=0, leader_commit=2)
23864.2ms Leader 2 SENDING AppendEntries to vehicle 4 (n_entries=3, leader_commit=2)
23864.2ms Leader 2 SENDING AppendEntries to vehicle 5 (n_entries=3, leader_commit=2)
23864.2ms Leader 2 SENDING AppendEntries to vehicle 6 (n_entries=3, leader_commit=2)
23864.2ms Leader 2 SENDING AppendEntries to vehicle 7 (n_entries=0, leader_commit=2)
23865.8ms Vehicle 7 RECEIVED AppendEntries from 2 (n_entries=0, leader_commit=2)
23866.9ms Vehicle 1 RECEIVED AppendEntries from 2 (n_entries=0, leader_commit=2)
23867.8ms Vehicle 0 RECEIVED AppendEntries from 2 (n_entries=0, leader_commit=2)
24004.2ms Leader 2 SENDING AppendEntries to vehicle 0 (n_entries=0, leader_commit=2)
24004.2ms Leader 2 SENDING AppendEntries to vehicle 1 (n_entries=0, leader_commit=2)
24004.2ms Leader 2 SENDING AppendEntries to vehicle 4 (n_entries=3, leader_commit=2)
24004.2ms Leader 2 SENDING AppendEntries to vehicle 5 (n_entries=3, leader_commit=2)
24004.2ms Leader 2 SENDING AppendEntries to vehicle 6 (n_entries=3, leader_commit=2)
24004.2ms Leader 2 SENDING AppendEntries to vehicle 7 (n_entries=0, leader_commit=2)
24006.5ms Vehicle 0 RECEIVED AppendEntries from 2 (n_entries=0, leader_commit=2)
24007.6ms Vehicle 1 RECEIVED AppendEntries from 2 (n_entries=0, leader_commit=2)
24008.5ms Vehicle 7 RECEIVED AppendEntries from 2 (n_entries=0, leader_commit=2)
24144.2ms Leader 2 SENDING AppendEntries to vehicle 0 (n_entries=0, leader_commit=2)
24144.2ms Leader 2 SENDING AppendEntries to vehicle 1 (n_entries=0, leader_commit=2)
24144.2ms Leader 2 SENDING AppendEntries to vehicle 4 (n_entries=3, leader_commit=2)
24144.2ms Leader 2 SENDING AppendEntries to vehicle 5 (n_entries=3, leader_commit=2)
24144.2ms Leader 2 SENDING AppendEntries to vehicle 6 (n_entries=3, leader_commit=2)
24144.2ms Leader 2 SENDING AppendEntries to vehicle 7 (n_entries=0, leader_commit=2)
24145.4ms Vehicle 7 RECEIVED AppendEntries from 2 (n_entries=0, leader_commit=2)
24146.2ms Vehicle 1 RECEIVED AppendEntries from 2 (n_entries=0, leader_commit=2)
24147.6ms Vehicle 0 RECEIVED AppendEntries from 2 (n_entries=0, leader_commit=2)
24284.2ms Leader 2 SENDING AppendEntries to vehicle 0 (n_entries=0, leader_commit=2)
24284.2ms Leader 2 SENDING AppendEntries to vehicle 1 (n_entries=0, leader_commit=2)
24284.2ms Leader 2 SENDING AppendEntries to vehicle 4 (n_entries=3, leader_commit=2)
24284.2ms Leader 2 SENDING AppendEntries to vehicle 5 (n_entries=3, leader_commit=2)
24284.2ms Leader 2 SENDING AppendEntries to vehicle 6 (n_entries=3, leader_commit=2)
24284.2ms Leader 2 SENDING AppendEntries to vehicle 7 (n_entries=0, leader_commit=2)
24285.5ms Vehicle 7 RECEIVED AppendEntries from 2 (n_entries=0, leader_commit=2)
24286.1ms Vehicle 1 RECEIVED AppendEntries from 2 (n_entries=0, leader_commit=2)
24286.5ms Vehicle 0 RECEIVED AppendEntries from 2 (n_entries=0, leader_commit=2)
24424.2ms Leader 2 SENDING AppendEntries to vehicle 0 (n_entries=0, leader_commit=2)
24424.2ms Leader 2 SENDING AppendEntries to vehicle 1 (n_entries=0, leader_commit=2)
24424.2ms Leader 2 SENDING AppendEntries to vehicle 4 (n_entries=3, leader_commit=2)
24424.2ms Leader 2 SENDING AppendEntries to vehicle 5 (n_entries=3, leader_commit=2)
24424.2ms Leader 2 SENDING AppendEntries to vehicle 6 (n_entries=3, leader_commit=2)
24424.2ms Leader 2 SENDING AppendEntries to vehicle 7 (n_entries=0, leader_commit=2)
24426.1ms Vehicle 1 RECEIVED AppendEntries from 2 (n_entries=0, leader_commit=2)
24429.0ms Vehicle 7 RECEIVED AppendEntries from 2 (n_entries=0, leader_commit=2)
24429.2ms Vehicle 0 RECEIVED AppendEntries from 2 (n_entries=0, leader_commit=2)
24564.2ms Leader 2 SENDING AppendEntries to vehicle 0 (n_entries=0, leader_commit=2)
24564.2ms Leader 2 SENDING AppendEntries to vehicle 1 (n_entries=0, leader_commit=2)
24564.2ms Leader 2 SENDING AppendEntries to vehicle 4 (n_entries=3, leader_commit=2)
24564.2ms Leader 2 SENDING AppendEntries to vehicle 5 (n_entries=3, leader_commit=2)
24564.2ms Leader 2 SENDING AppendEntries to vehicle 6 (n_entries=3, leader_commit=2)
24564.2ms Leader 2 SENDING AppendEntries to vehicle 7 (n_entries=0, leader_commit=2)
24565.6ms Vehicle 7 RECEIVED AppendEntries from 2 (n_entries=0, leader_commit=2)
24567.4ms Vehicle 0 RECEIVED AppendEntries from 2 (n_entries=0, leader_commit=2)
24568.0ms Vehicle 1 RECEIVED AppendEntries from 2 (n_entries=0, leader_commit=2)
24704.2ms Leader 2 SENDING AppendEntries to vehicle 0 (n_entries=0, leader_commit=2)
24704.2ms Leader 2 SENDING AppendEntries to vehicle 1 (n_entries=0, leader_commit=2)
24704.2ms Leader 2 SENDING AppendEntries to vehicle 4 (n_entries=3, leader_commit=2)
24704.2ms Leader 2 SENDING AppendEntries to vehicle 5 (n_entries=3, leader_commit=2)
24704.2ms Leader 2 SENDING AppendEntries to vehicle 6 (n_entries=3, leader_commit=2)
24704.2ms Leader 2 SENDING AppendEntries to vehicle 7 (n_entries=0, leader_commit=2)
24705.7ms Vehicle 1 RECEIVED AppendEntries from 2 (n_entries=0, leader_commit=2)
24707.6ms Vehicle 7 RECEIVED AppendEntries from 2 (n_entries=0, leader_commit=2)
24708.3ms Vehicle 0 RECEIVED AppendEntries from 2 (n_entries=0, leader_commit=2)
24844.2ms Leader 2 SENDING AppendEntries to vehicle 0 (n_entries=0, leader_commit=2)
24844.2ms Leader 2 SENDING AppendEntries to vehicle 1 (n_entries=0, leader_commit=2)
24844.2ms Leader 2 SENDING AppendEntries to vehicle 4 (n_entries=3, leader_commit=2)
24844.2ms Leader 2 SENDING AppendEntries to vehicle 5 (n_entries=3, leader_commit=2)
24844.2ms Leader 2 SENDING AppendEntries to vehicle 6 (n_entries=3, leader_commit=2)
24844.2ms Leader 2 SENDING AppendEntries to vehicle 7 (n_entries=0, leader_commit=2)
24845.8ms Vehicle 7 RECEIVED AppendEntries from 2 (n_entries=0, leader_commit=2)
24848.2ms Vehicle 0 RECEIVED AppendEntries from 2 (n_entries=0, leader_commit=2)
24848.8ms Vehicle 1 RECEIVED AppendEntries from 2 (n_entries=0, leader_commit=2)
24984.2ms Leader 2 SENDING AppendEntries to vehicle 0 (n_entries=0, leader_commit=2)
24984.2ms Leader 2 SENDING AppendEntries to vehicle 1 (n_entries=0, leader_commit=2)
24984.2ms Leader 2 SENDING AppendEntries to vehicle 4 (n_entries=3, leader_commit=2)
24984.2ms Leader 2 SENDING AppendEntries to vehicle 5 (n_entries=3, leader_commit=2)
24984.2ms Leader 2 SENDING AppendEntries to vehicle 6 (n_entries=3, leader_commit=2)
24984.2ms Leader 2 SENDING AppendEntries to vehicle 7 (n_entries=0, leader_commit=2)
24986.7ms Vehicle 1 RECEIVED AppendEntries from 2 (n_entries=0, leader_commit=2)
24987.4ms Vehicle 0 RECEIVED AppendEntries from 2 (n_entries=0, leader_commit=2)
24988.9ms Vehicle 7 RECEIVED AppendEntries from 2 (n_entries=0, leader_commit=2)
25124.2ms Leader 2 SENDING AppendEntries to vehicle 0 (n_entries=0, leader_commit=2)
25124.2ms Leader 2 SENDING AppendEntries to vehicle 1 (n_entries=0, leader_commit=2)
25124.2ms Leader 2 SENDING AppendEntries to vehicle 4 (n_entries=3, leader_commit=2)
25124.2ms Leader 2 SENDING AppendEntries to vehicle 5 (n_entries=3, leader_commit=2)
25124.2ms Leader 2 SENDING AppendEntries to vehicle 6 (n_entries=3, leader_commit=2)
25124.2ms Leader 2 SENDING AppendEntries to vehicle 7 (n_entries=0, leader_commit=2)
25126.5ms Vehicle 7 RECEIVED AppendEntries from 2 (n_entries=0, leader_commit=2)
25127.5ms Vehicle 0 RECEIVED AppendEntries from 2 (n_entries=0, leader_commit=2)
25129.0ms Vehicle 1 RECEIVED AppendEntries from 2 (n_entries=0, leader_commit=2)
25264.2ms Leader 2 SENDING AppendEntries to vehicle 0 (n_entries=0, leader_commit=2)
25264.2ms Leader 2 SENDING AppendEntries to vehicle 1 (n_entries=0, leader_commit=2)
25264.2ms Leader 2 SENDING AppendEntries to vehicle 4 (n_entries=3, leader_commit=2)
25264.2ms Leader 2 SENDING AppendEntries to vehicle 5 (n_entries=3, leader_commit=2)
25264.2ms Leader 2 SENDING AppendEntries to vehicle 6 (n_entries=3, leader_commit=2)
25264.2ms Leader 2 SENDING AppendEntries to vehicle 7 (n_entries=0, leader_commit=2)
25267.4ms Vehicle 1 RECEIVED AppendEntries from 2 (n_entries=0, leader_commit=2)
25268.2ms Vehicle 7 RECEIVED AppendEntries from 2 (n_entries=0, leader_commit=2)
25268.8ms Vehicle 0 RECEIVED AppendEntries from 2 (n_entries=0, leader_commit=2)
25404.2ms Leader 2 SENDING AppendEntries to vehicle 0 (n_entries=0, leader_commit=2)
25404.2ms Leader 2 SENDING AppendEntries to vehicle 1 (n_entries=0, leader_commit=2)
25404.2ms Leader 2 SENDING AppendEntries to vehicle 4 (n_entries=3, leader_commit=2)
25404.2ms Leader 2 SENDING AppendEntries to vehicle 5 (n_entries=3, leader_commit=2)
25404.2ms Leader 2 SENDING AppendEntries to vehicle 6 (n_entries=3, leader_commit=2)
25404.2ms Leader 2 SENDING AppendEntries to vehicle 7 (n_entries=0, leader_commit=2)
25407.7ms Vehicle 1 RECEIVED AppendEntries from 2 (n_entries=0, leader_commit=2)
25408.5ms Vehicle 7 RECEIVED AppendEntries from 2 (n_entries=0, leader_commit=2)
25409.0ms Vehicle 0 RECEIVED AppendEntries from 2 (n_entries=0, leader_commit=2)
25544.2ms Leader 2 SENDING AppendEntries to vehicle 0 (n_entries=0, leader_commit=2)
25544.2ms Leader 2 SENDING AppendEntries to vehicle 1 (n_entries=0, leader_commit=2)
25544.2ms Leader 2 SENDING AppendEntries to vehicle 4 (n_entries=3, leader_commit=2)
25544.2ms Leader 2 SENDING AppendEntries to vehicle 5 (n_entries=3, leader_commit=2)
25544.2ms Leader 2 SENDING AppendEntries to vehicle 6 (n_entries=3, leader_commit=2)
25544.2ms Leader 2 SENDING AppendEntries to vehicle 7 (n_entries=0, leader_commit=2)
25547.4ms Vehicle 1 RECEIVED AppendEntries from 2 (n_entries=0, leader_commit=2)
25549.0ms Vehicle 7 RECEIVED AppendEntries from 2 (n_entries=0, leader_commit=2)
25549.3ms Vehicle 0 RECEIVED AppendEntries from 2 (n_entries=0, leader_commit=2)
25684.2ms Leader 2 SENDING AppendEntries to vehicle 0 (n_entries=0, leader_commit=2)
25684.2ms Leader 2 SENDING AppendEntries to vehicle 1 (n_entries=0, leader_commit=2)
25684.2ms Leader 2 SENDING AppendEntries to vehicle 4 (n_entries=3, leader_commit=2)
25684.2ms Leader 2 SENDING AppendEntries to vehicle 5 (n_entries=3, leader_commit=2)
25684.2ms Leader 2 SENDING AppendEntries to vehicle 6 (n_entries=3, leader_commit=2)
25684.2ms Leader 2 SENDING AppendEntries to vehicle 7 (n_entries=0, leader_commit=2)
25685.8ms Vehicle 7 RECEIVED AppendEntries from 2 (n_entries=0, leader_commit=2)
25687.6ms Vehicle 0 RECEIVED AppendEntries from 2 (n_entries=0, leader_commit=2)
25689.0ms Vehicle 1 RECEIVED AppendEntries from 2 (n_entries=0, leader_commit=2)
25824.2ms Leader 2 SENDING AppendEntries to vehicle 0 (n_entries=0, leader_commit=2)
25824.2ms Leader 2 SENDING AppendEntries to vehicle 1 (n_entries=0, leader_commit=2)
25824.2ms Leader 2 SENDING AppendEntries to vehicle 4 (n_entries=3, leader_commit=2)
25824.2ms Leader 2 SENDING AppendEntries to vehicle 5 (n_entries=3, leader_commit=2)
25824.2ms Leader 2 SENDING AppendEntries to vehicle 6 (n_entries=3, leader_commit=2)
25824.2ms Leader 2 SENDING AppendEntries to vehicle 7 (n_entries=0, leader_commit=2)
25825.5ms Vehicle 0 RECEIVED AppendEntries from 2 (n_entries=0, leader_commit=2)
25828.0ms Vehicle 7 RECEIVED AppendEntries from 2 (n_entries=0, leader_commit=2)
25829.2ms Vehicle 1 RECEIVED AppendEntries from 2 (n_entries=0, leader_commit=2)
25964.2ms Leader 2 SENDING AppendEntries to vehicle 0 (n_entries=0, leader_commit=2)
25964.2ms Leader 2 SENDING AppendEntries to vehicle 1 (n_entries=0, leader_commit=2)
25964.2ms Leader 2 SENDING AppendEntries to vehicle 4 (n_entries=3, leader_commit=2)
25964.2ms Leader 2 SENDING AppendEntries to vehicle 5 (n_entries=3, leader_commit=2)
25964.2ms Leader 2 SENDING AppendEntries to vehicle 6 (n_entries=3, leader_commit=2)
25964.2ms Leader 2 SENDING AppendEntries to vehicle 7 (n_entries=0, leader_commit=2)
25965.7ms Vehicle 1 RECEIVED AppendEntries from 2 (n_entries=0, leader_commit=2)
25966.6ms Vehicle 7 RECEIVED AppendEntries from 2 (n_entries=0, leader_commit=2)
25968.1ms Vehicle 0 RECEIVED AppendEntries from 2 (n_entries=0, leader_commit=2)
26104.2ms Leader 2 SENDING AppendEntries to vehicle 0 (n_entries=0, leader_commit=2)
26104.2ms Leader 2 SENDING AppendEntries to vehicle 1 (n_entries=0, leader_commit=2)
26104.2ms Leader 2 SENDING AppendEntries to vehicle 4 (n_entries=3, leader_commit=2)
26104.2ms Leader 2 SENDING AppendEntries to vehicle 5 (n_entries=3, leader_commit=2)
26104.2ms Leader 2 SENDING AppendEntries to vehicle 6 (n_entries=3, leader_commit=2)
26104.2ms Leader 2 SENDING AppendEntries to vehicle 7 (n_entries=0, leader_commit=2)
26106.3ms Vehicle 0 RECEIVED AppendEntries from 2 (n_entries=0, leader_commit=2)
26106.9ms Vehicle 1 RECEIVED AppendEntries from 2 (n_entries=0, leader_commit=2)
26107.2ms Vehicle 7 RECEIVED AppendEntries from 2 (n_entries=0, leader_commit=2)
26244.2ms Leader 2 SENDING AppendEntries to vehicle 0 (n_entries=0, leader_commit=2)
26244.2ms Leader 2 SENDING AppendEntries to vehicle 1 (n_entries=0, leader_commit=2)
26244.2ms Leader 2 SENDING AppendEntries to vehicle 4 (n_entries=3, leader_commit=2)
26244.2ms Leader 2 SENDING AppendEntries to vehicle 5 (n_entries=3, leader_commit=2)
26244.2ms Leader 2 SENDING AppendEntries to vehicle 6 (n_entries=3, leader_commit=2)
26244.2ms Leader 2 SENDING AppendEntries to vehicle 7 (n_entries=0, leader_commit=2)
26248.6ms Vehicle 1 RECEIVED AppendEntries from 2 (n_entries=0, leader_commit=2)
26248.9ms Vehicle 7 RECEIVED AppendEntries from 2 (n_entries=0, leader_commit=2)
26249.2ms Vehicle 0 RECEIVED AppendEntries from 2 (n_entries=0, leader_commit=2)
26384.2ms Leader 2 SENDING AppendEntries to vehicle 0 (n_entries=0, leader_commit=2)
26384.2ms Leader 2 SENDING AppendEntries to vehicle 1 (n_entries=0, leader_commit=2)
26384.2ms Leader 2 SENDING AppendEntries to vehicle 4 (n_entries=3, leader_commit=2)
26384.2ms Leader 2 SENDING AppendEntries to vehicle 5 (n_entries=3, leader_commit=2)
26384.2ms Leader 2 SENDING AppendEntries to vehicle 6 (n_entries=3, leader_commit=2)
26384.2ms Leader 2 SENDING AppendEntries to vehicle 7 (n_entries=0, leader_commit=2)
26388.0ms Vehicle 7 RECEIVED AppendEntries from 2 (n_entries=0, leader_commit=2)
26388.3ms Vehicle 1 RECEIVED AppendEntries from 2 (n_entries=0, leader_commit=2)
26389.1ms Vehicle 0 RECEIVED AppendEntries from 2 (n_entries=0, leader_commit=2)
26524.2ms Leader 2 SENDING AppendEntries to vehicle 0 (n_entries=0, leader_commit=2)
26524.2ms Leader 2 SENDING AppendEntries to vehicle 1 (n_entries=0, leader_commit=2)
26524.2ms Leader 2 SENDING AppendEntries to vehicle 4 (n_entries=3, leader_commit=2)
26524.2ms Leader 2 SENDING AppendEntries to vehicle 5 (n_entries=3, leader_commit=2)
26524.2ms Leader 2 SENDING AppendEntries to vehicle 6 (n_entries=3, leader_commit=2)
26524.2ms Leader 2 SENDING AppendEntries to vehicle 7 (n_entries=0, leader_commit=2)
26528.5ms Vehicle 7 RECEIVED AppendEntries from 2 (n_entries=0, leader_commit=2)
26528.8ms Vehicle 0 RECEIVED AppendEntries from 2 (n_entries=0, leader_commit=2)
26529.2ms Vehicle 1 RECEIVED AppendEntries from 2 (n_entries=0, leader_commit=2)
26664.2ms Leader 2 SENDING AppendEntries to vehicle 0 (n_entries=0, leader_commit=2)
26664.2ms Leader 2 SENDING AppendEntries to vehicle 1 (n_entries=0, leader_commit=2)
26664.2ms Leader 2 SENDING AppendEntries to vehicle 4 (n_entries=3, leader_commit=2)
26664.2ms Leader 2 SENDING AppendEntries to vehicle 5 (n_entries=3, leader_commit=2)
26664.2ms Leader 2 SENDING AppendEntries to vehicle 6 (n_entries=3, leader_commit=2)
26664.2ms Leader 2 SENDING AppendEntries to vehicle 7 (n_entries=0, leader_commit=2)
26665.6ms Vehicle 0 RECEIVED AppendEntries from 2 (n_entries=0, leader_commit=2)
26668.1ms Vehicle 1 RECEIVED AppendEntries from 2 (n_entries=0, leader_commit=2)
26669.2ms Vehicle 7 RECEIVED AppendEntries from 2 (n_entries=0, leader_commit=2)
26804.2ms Leader 2 SENDING AppendEntries to vehicle 0 (n_entries=0, leader_commit=2)
26804.2ms Leader 2 SENDING AppendEntries to vehicle 1 (n_entries=0, leader_commit=2)
26804.2ms Leader 2 SENDING AppendEntries to vehicle 4 (n_entries=3, leader_commit=2)
26804.2ms Leader 2 SENDING AppendEntries to vehicle 5 (n_entries=3, leader_commit=2)
26804.2ms Leader 2 SENDING AppendEntries to vehicle 6 (n_entries=3, leader_commit=2)
26804.2ms Leader 2 SENDING AppendEntries to vehicle 7 (n_entries=0, leader_commit=2)
26807.2ms Vehicle 0 RECEIVED AppendEntries from 2 (n_entries=0, leader_commit=2)
26807.9ms Vehicle 1 RECEIVED AppendEntries from 2 (n_entries=0, leader_commit=2)
26809.2ms Vehicle 7 RECEIVED AppendEntries from 2 (n_entries=0, leader_commit=2)
26944.2ms Leader 2 SENDING AppendEntries to vehicle 0 (n_entries=0, leader_commit=2)
26944.2ms Leader 2 SENDING AppendEntries to vehicle 1 (n_entries=0, leader_commit=2)
26944.2ms Leader 2 SENDING AppendEntries to vehicle 4 (n_entries=3, leader_commit=2)
26944.2ms Leader 2 SENDING AppendEntries to vehicle 5 (n_entries=3, leader_commit=2)
26944.2ms Leader 2 SENDING AppendEntries to vehicle 6 (n_entries=3, leader_commit=2)
26944.2ms Leader 2 SENDING AppendEntries to vehicle 7 (n_entries=0, leader_commit=2)
26946.3ms Vehicle 7 RECEIVED AppendEntries from 2 (n_entries=0, leader_commit=2)
26946.7ms Vehicle 1 RECEIVED AppendEntries from 2 (n_entries=0, leader_commit=2)
26948.3ms Vehicle 0 RECEIVED AppendEntries from 2 (n_entries=0, leader_commit=2)
27084.2ms Leader 2 SENDING AppendEntries to vehicle 0 (n_entries=0, leader_commit=2)
27084.2ms Leader 2 SENDING AppendEntries to vehicle 1 (n_entries=0, leader_commit=2)
27084.2ms Leader 2 SENDING AppendEntries to vehicle 4 (n_entries=3, leader_commit=2)
27084.2ms Leader 2 SENDING AppendEntries to vehicle 5 (n_entries=3, leader_commit=2)
27084.2ms Leader 2 SENDING AppendEntries to vehicle 6 (n_entries=3, leader_commit=2)
27084.2ms Leader 2 SENDING AppendEntries to vehicle 7 (n_entries=0, leader_commit=2)
27086.8ms Vehicle 0 RECEIVED AppendEntries from 2 (n_entries=0, leader_commit=2)
27088.2ms Vehicle 7 RECEIVED AppendEntries from 2 (n_entries=0, leader_commit=2)
27088.9ms Vehicle 1 RECEIVED AppendEntries from 2 (n_entries=0, leader_commit=2)
27224.2ms Leader 2 SENDING AppendEntries to vehicle 0 (n_entries=0, leader_commit=2)
27224.2ms Leader 2 SENDING AppendEntries to vehicle 1 (n_entries=0, leader_commit=2)
27224.2ms Leader 2 SENDING AppendEntries to vehicle 4 (n_entries=3, leader_commit=2)
27224.2ms Leader 2 SENDING AppendEntries to vehicle 5 (n_entries=3, leader_commit=2)
27224.2ms Leader 2 SENDING AppendEntries to vehicle 6 (n_entries=3, leader_commit=2)
27224.2ms Leader 2 SENDING AppendEntries to vehicle 7 (n_entries=0, leader_commit=2)
27226.8ms Vehicle 0 RECEIVED AppendEntries from 2 (n_entries=0, leader_commit=2)
27228.0ms Vehicle 1 RECEIVED AppendEntries from 2 (n_entries=0, leader_commit=2)
27229.0ms Vehicle 7 RECEIVED AppendEntries from 2 (n_entries=0, leader_commit=2)
27364.2ms Leader 2 SENDING AppendEntries to vehicle 0 (n_entries=0, leader_commit=2)
27364.2ms Leader 2 SENDING AppendEntries to vehicle 1 (n_entries=0, leader_commit=2)
27364.2ms Leader 2 SENDING AppendEntries to vehicle 4 (n_entries=3, leader_commit=2)
27364.2ms Leader 2 SENDING AppendEntries to vehicle 5 (n_entries=3, leader_commit=2)
27364.2ms Leader 2 SENDING AppendEntries to vehicle 6 (n_entries=3, leader_commit=2)
27364.2ms Leader 2 SENDING AppendEntries to vehicle 7 (n_entries=0, leader_commit=2)
27365.6ms Vehicle 1 RECEIVED AppendEntries from 2 (n_entries=0, leader_commit=2)
27366.7ms Vehicle 7 RECEIVED AppendEntries from 2 (n_entries=0, leader_commit=2)
27369.2ms Vehicle 0 RECEIVED AppendEntries from 2 (n_entries=0, leader_commit=2)
27504.2ms Leader 2 SENDING AppendEntries to vehicle 0 (n_entries=0, leader_commit=2)
27504.2ms Leader 2 SENDING AppendEntries to vehicle 1 (n_entries=0, leader_commit=2)
27504.2ms Leader 2 SENDING AppendEntries to vehicle 4 (n_entries=3, leader_commit=2)
27504.2ms Leader 2 SENDING AppendEntries to vehicle 5 (n_entries=3, leader_commit=2)
27504.2ms Leader 2 SENDING AppendEntries to vehicle 6 (n_entries=3, leader_commit=2)
27504.2ms Leader 2 SENDING AppendEntries to vehicle 7 (n_entries=0, leader_commit=2)
27506.0ms Vehicle 0 RECEIVED AppendEntries from 2 (n_entries=0, leader_commit=2)
27507.4ms Vehicle 7 RECEIVED AppendEntries from 2 (n_entries=0, leader_commit=2)
27507.7ms Vehicle 1 RECEIVED AppendEntries from 2 (n_entries=0, leader_commit=2)
27644.2ms Leader 2 SENDING AppendEntries to vehicle 0 (n_entries=0, leader_commit=2)
27644.2ms Leader 2 SENDING AppendEntries to vehicle 1 (n_entries=0, leader_commit=2)
27644.2ms Leader 2 SENDING AppendEntries to vehicle 4 (n_entries=3, leader_commit=2)
27644.2ms Leader 2 SENDING AppendEntries to vehicle 5 (n_entries=3, leader_commit=2)
27644.2ms Leader 2 SENDING AppendEntries to vehicle 6 (n_entries=3, leader_commit=2)
27644.2ms Leader 2 SENDING AppendEntries to vehicle 7 (n_entries=0, leader_commit=2)
27646.4ms Vehicle 1 RECEIVED AppendEntries from 2 (n_entries=0, leader_commit=2)
27648.4ms Vehicle 0 RECEIVED AppendEntries from 2 (n_entries=0, leader_commit=2)
27649.1ms Vehicle 7 RECEIVED AppendEntries from 2 (n_entries=0, leader_commit=2)
27784.2ms Leader 2 SENDING AppendEntries to vehicle 0 (n_entries=0, leader_commit=2)
27784.2ms Leader 2 SENDING AppendEntries to vehicle 1 (n_entries=0, leader_commit=2)
27784.2ms Leader 2 SENDING AppendEntries to vehicle 4 (n_entries=3, leader_commit=2)
27784.2ms Leader 2 SENDING AppendEntries to vehicle 5 (n_entries=3, leader_commit=2)
27784.2ms Leader 2 SENDING AppendEntries to vehicle 6 (n_entries=3, leader_commit=2)
27784.2ms Leader 2 SENDING AppendEntries to vehicle 7 (n_entries=0, leader_commit=2)
27787.0ms Vehicle 1 RECEIVED AppendEntries from 2 (n_entries=0, leader_commit=2)
27787.9ms Vehicle 7 RECEIVED AppendEntries from 2 (n_entries=0, leader_commit=2)
27788.3ms Vehicle 0 RECEIVED AppendEntries from 2 (n_entries=0, leader_commit=2)
27924.2ms Leader 2 SENDING AppendEntries to vehicle 0 (n_entries=0, leader_commit=2)
27924.2ms Leader 2 SENDING AppendEntries to vehicle 1 (n_entries=0, leader_commit=2)
27924.2ms Leader 2 SENDING AppendEntries to vehicle 4 (n_entries=3, leader_commit=2)
27924.2ms Leader 2 SENDING AppendEntries to vehicle 5 (n_entries=3, leader_commit=2)
27924.2ms Leader 2 SENDING AppendEntries to vehicle 6 (n_entries=3, leader_commit=2)
27924.2ms Leader 2 SENDING AppendEntries to vehicle 7 (n_entries=0, leader_commit=2)
27925.8ms Vehicle 7 RECEIVED AppendEntries from 2 (n_entries=0, leader_commit=2)
27928.3ms Vehicle 1 RECEIVED AppendEntries from 2 (n_entries=0, leader_commit=2)
27928.7ms Vehicle 0 RECEIVED AppendEntries from 2 (n_entries=0, leader_commit=2)
28064.2ms Leader 2 SENDING AppendEntries to vehicle 0 (n_entries=0, leader_commit=2)
28064.2ms Leader 2 SENDING AppendEntries to vehicle 1 (n_entries=0, leader_commit=2)
28064.2ms Leader 2 SENDING AppendEntries to vehicle 4 (n_entries=3, leader_commit=2)
28064.2ms Leader 2 SENDING AppendEntries to vehicle 5 (n_entries=3, leader_commit=2)
28064.2ms Leader 2 SENDING AppendEntries to vehicle 6 (n_entries=3, leader_commit=2)
28064.2ms Leader 2 SENDING AppendEntries to vehicle 7 (n_entries=0, leader_commit=2)
28065.4ms Vehicle 0 RECEIVED AppendEntries from 2 (n_entries=0, leader_commit=2)
28066.7ms Vehicle 1 RECEIVED AppendEntries from 2 (n_entries=0, leader_commit=2)
28068.2ms Vehicle 7 RECEIVED AppendEntries from 2 (n_entries=0, leader_commit=2)
28204.2ms Leader 2 SENDING AppendEntries to vehicle 0 (n_entries=0, leader_commit=2)
28204.2ms Leader 2 SENDING AppendEntries to vehicle 1 (n_entries=0, leader_commit=2)
28204.2ms Leader 2 SENDING AppendEntries to vehicle 4 (n_entries=3, leader_commit=2)
28204.2ms Leader 2 SENDING AppendEntries to vehicle 5 (n_entries=3, leader_commit=2)
28204.2ms Leader 2 SENDING AppendEntries to vehicle 6 (n_entries=3, leader_commit=2)
28204.2ms Leader 2 SENDING AppendEntries to vehicle 7 (n_entries=0, leader_commit=2)
28205.4ms Vehicle 7 RECEIVED AppendEntries from 2 (n_entries=0, leader_commit=2)
28207.2ms Vehicle 0 RECEIVED AppendEntries from 2 (n_entries=0, leader_commit=2)
28209.1ms Vehicle 1 RECEIVED AppendEntries from 2 (n_entries=0, leader_commit=2)
28344.2ms Leader 2 SENDING AppendEntries to vehicle 0 (n_entries=0, leader_commit=2)
28344.2ms Leader 2 SENDING AppendEntries to vehicle 1 (n_entries=0, leader_commit=2)
28344.2ms Leader 2 SENDING AppendEntries to vehicle 4 (n_entries=3, leader_commit=2)
28344.2ms Leader 2 SENDING AppendEntries to vehicle 5 (n_entries=3, leader_commit=2)
28344.2ms Leader 2 SENDING AppendEntries to vehicle 6 (n_entries=3, leader_commit=2)
28344.2ms Leader 2 SENDING AppendEntries to vehicle 7 (n_entries=0, leader_commit=2)
28346.9ms Vehicle 1 RECEIVED AppendEntries from 2 (n_entries=0, leader_commit=2)
28347.2ms Vehicle 0 RECEIVED AppendEntries from 2 (n_entries=0, leader_commit=2)
28347.8ms Vehicle 7 RECEIVED AppendEntries from 2 (n_entries=0, leader_commit=2)
28484.2ms Leader 2 SENDING AppendEntries to vehicle 0 (n_entries=0, leader_commit=2)
28484.2ms Leader 2 SENDING AppendEntries to vehicle 1 (n_entries=0, leader_commit=2)
28484.2ms Leader 2 SENDING AppendEntries to vehicle 4 (n_entries=3, leader_commit=2)
28484.2ms Leader 2 SENDING AppendEntries to vehicle 5 (n_entries=3, leader_commit=2)
28484.2ms Leader 2 SENDING AppendEntries to vehicle 6 (n_entries=3, leader_commit=2)
28484.2ms Leader 2 SENDING AppendEntries to vehicle 7 (n_entries=0, leader_commit=2)
28486.6ms Vehicle 1 RECEIVED AppendEntries from 2 (n_entries=0, leader_commit=2)
28487.8ms Vehicle 0 RECEIVED AppendEntries from 2 (n_entries=0, leader_commit=2)
28488.9ms Vehicle 7 RECEIVED AppendEntries from 2 (n_entries=0, leader_commit=2)
28624.2ms Leader 2 SENDING AppendEntries to vehicle 0 (n_entries=0, leader_commit=2)
28624.2ms Leader 2 SENDING AppendEntries to vehicle 1 (n_entries=0, leader_commit=2)
28624.2ms Leader 2 SENDING AppendEntries to vehicle 4 (n_entries=3, leader_commit=2)
28624.2ms Leader 2 SENDING AppendEntries to vehicle 5 (n_entries=3, leader_commit=2)
28624.2ms Leader 2 SENDING AppendEntries to vehicle 6 (n_entries=3, leader_commit=2)
28624.2ms Leader 2 SENDING AppendEntries to vehicle 7 (n_entries=0, leader_commit=2)
28626.0ms Vehicle 0 RECEIVED AppendEntries from 2 (n_entries=0, leader_commit=2)
28626.6ms Vehicle 1 RECEIVED AppendEntries from 2 (n_entries=0, leader_commit=2)
28628.3ms Vehicle 7 RECEIVED AppendEntries from 2 (n_entries=0, leader_commit=2)
28764.2ms Leader 2 SENDING AppendEntries to vehicle 0 (n_entries=0, leader_commit=2)
28764.2ms Leader 2 SENDING AppendEntries to vehicle 1 (n_entries=0, leader_commit=2)
28764.2ms Leader 2 SENDING AppendEntries to vehicle 4 (n_entries=3, leader_commit=2)
28764.2ms Leader 2 SENDING AppendEntries to vehicle 5 (n_entries=3, leader_commit=2)
28764.2ms Leader 2 SENDING AppendEntries to vehicle 6 (n_entries=3, leader_commit=2)
28764.2ms Leader 2 SENDING AppendEntries to vehicle 7 (n_entries=0, leader_commit=2)
28766.9ms Vehicle 0 RECEIVED AppendEntries from 2 (n_entries=0, leader_commit=2)
28768.8ms Vehicle 7 RECEIVED AppendEntries from 2 (n_entries=0, leader_commit=2)
28769.1ms Vehicle 1 RECEIVED AppendEntries from 2 (n_entries=0, leader_commit=2)
28904.2ms Leader 2 SENDING AppendEntries to vehicle 0 (n_entries=0, leader_commit=2)
28904.2ms Leader 2 SENDING AppendEntries to vehicle 1 (n_entries=0, leader_commit=2)
28904.2ms Leader 2 SENDING AppendEntries to vehicle 4 (n_entries=3, leader_commit=2)
28904.2ms Leader 2 SENDING AppendEntries to vehicle 5 (n_entries=3, leader_commit=2)
28904.2ms Leader 2 SENDING AppendEntries to vehicle 6 (n_entries=3, leader_commit=2)
28904.2ms Leader 2 SENDING AppendEntries to vehicle 7 (n_entries=0, leader_commit=2)
28907.0ms Vehicle 7 RECEIVED AppendEntries from 2 (n_entries=0, leader_commit=2)
28907.3ms Vehicle 1 RECEIVED AppendEntries from 2 (n_entries=0, leader_commit=2)
28908.7ms Vehicle 0 RECEIVED AppendEntries from 2 (n_entries=0, leader_commit=2)
29044.2ms Leader 2 SENDING AppendEntries to vehicle 0 (n_entries=0, leader_commit=2)
29044.2ms Leader 2 SENDING AppendEntries to vehicle 1 (n_entries=0, leader_commit=2)
29044.2ms Leader 2 SENDING AppendEntries to vehicle 4 (n_entries=3, leader_commit=2)
29044.2ms Leader 2 SENDING AppendEntries to vehicle 5 (n_entries=3, leader_commit=2)
29044.2ms Leader 2 SENDING AppendEntries to vehicle 6 (n_entries=3, leader_commit=2)
29044.2ms Leader 2 SENDING AppendEntries to vehicle 7 (n_entries=0, leader_commit=2)
29046.5ms Vehicle 7 RECEIVED AppendEntries from 2 (n_entries=0, leader_commit=2)
29046.9ms Vehicle 1 RECEIVED AppendEntries from 2 (n_entries=0, leader_commit=2)
29047.2ms Vehicle 0 RECEIVED AppendEntries from 2 (n_entries=0, leader_commit=2)
29184.2ms Leader 2 SENDING AppendEntries to vehicle 0 (n_entries=0, leader_commit=2)
29184.2ms Leader 2 SENDING AppendEntries to vehicle 1 (n_entries=0, leader_commit=2)
29184.2ms Leader 2 SENDING AppendEntries to vehicle 4 (n_entries=3, leader_commit=2)
29184.2ms Leader 2 SENDING AppendEntries to vehicle 5 (n_entries=3, leader_commit=2)
29184.2ms Leader 2 SENDING AppendEntries to vehicle 6 (n_entries=3, leader_commit=2)
29184.2ms Leader 2 SENDING AppendEntries to vehicle 7 (n_entries=0, leader_commit=2)
29187.1ms Vehicle 7 RECEIVED AppendEntries from 2 (n_entries=0, leader_commit=2)
29188.3ms Vehicle 1 RECEIVED AppendEntries from 2 (n_entries=0, leader_commit=2)
29188.9ms Vehicle 0 RECEIVED AppendEntries from 2 (n_entries=0, leader_commit=2)
29324.2ms Leader 2 SENDING AppendEntries to vehicle 0 (n_entries=0, leader_commit=2)
29324.2ms Leader 2 SENDING AppendEntries to vehicle 1 (n_entries=0, leader_commit=2)
29324.2ms Leader 2 SENDING AppendEntries to vehicle 4 (n_entries=3, leader_commit=2)
29324.2ms Leader 2 SENDING AppendEntries to vehicle 5 (n_entries=3, leader_commit=2)
29324.2ms Leader 2 SENDING AppendEntries to vehicle 6 (n_entries=3, leader_commit=2)
29324.2ms Leader 2 SENDING AppendEntries to vehicle 7 (n_entries=0, leader_commit=2)
29326.2ms Vehicle 0 RECEIVED AppendEntries from 2 (n_entries=0, leader_commit=2)
29326.9ms Vehicle 1 RECEIVED AppendEntries from 2 (n_entries=0, leader_commit=2)
29327.2ms Vehicle 7 RECEIVED AppendEntries from 2 (n_entries=0, leader_commit=2)
29464.2ms Leader 2 SENDING AppendEntries to vehicle 0 (n_entries=0, leader_commit=2)
29464.2ms Leader 2 SENDING AppendEntries to vehicle 1 (n_entries=0, leader_commit=2)
29464.2ms Leader 2 SENDING AppendEntries to vehicle 4 (n_entries=3, leader_commit=2)
29464.2ms Leader 2 SENDING AppendEntries to vehicle 5 (n_entries=3, leader_commit=2)
29464.2ms Leader 2 SENDING AppendEntries to vehicle 6 (n_entries=3, leader_commit=2)
29464.2ms Leader 2 SENDING AppendEntries to vehicle 7 (n_entries=0, leader_commit=2)
29468.0ms Vehicle 0 RECEIVED AppendEntries from 2 (n_entries=0, leader_commit=2)
29468.4ms Vehicle 1 RECEIVED AppendEntries from 2 (n_entries=0, leader_commit=2)
29468.7ms Vehicle 7 RECEIVED AppendEntries from 2 (n_entries=0, leader_commit=2)
29604.2ms Leader 2 SENDING AppendEntries to vehicle 0 (n_entries=0, leader_commit=2)
29604.2ms Leader 2 SENDING AppendEntries to vehicle 1 (n_entries=0, leader_commit=2)
29604.2ms Leader 2 SENDING AppendEntries to vehicle 4 (n_entries=3, leader_commit=2)
29604.2ms Leader 2 SENDING AppendEntries to vehicle 5 (n_entries=3, leader_commit=2)
29604.2ms Leader 2 SENDING AppendEntries to vehicle 6 (n_entries=3, leader_commit=2)
29604.2ms Leader 2 SENDING AppendEntries to vehicle 7 (n_entries=0, leader_commit=2)
29605.4ms Vehicle 0 RECEIVED AppendEntries from 2 (n_entries=0, leader_commit=2)
29606.4ms Vehicle 7 RECEIVED AppendEntries from 2 (n_entries=0, leader_commit=2)
29608.2ms Vehicle 1 RECEIVED AppendEntries from 2 (n_entries=0, leader_commit=2)
29744.2ms Leader 2 SENDING AppendEntries to vehicle 0 (n_entries=0, leader_commit=2)
29744.2ms Leader 2 SENDING AppendEntries to vehicle 1 (n_entries=0, leader_commit=2)
29744.2ms Leader 2 SENDING AppendEntries to vehicle 4 (n_entries=3, leader_commit=2)
29744.2ms Leader 2 SENDING AppendEntries to vehicle 5 (n_entries=3, leader_commit=2)
29744.2ms Leader 2 SENDING AppendEntries to vehicle 6 (n_entries=3, leader_commit=2)
29744.2ms Leader 2 SENDING AppendEntries to vehicle 7 (n_entries=0, leader_commit=2)
29747.3ms Vehicle 1 RECEIVED AppendEntries from 2 (n_entries=0, leader_commit=2)
29747.6ms Vehicle 0 RECEIVED AppendEntries from 2 (n_entries=0, leader_commit=2)
29749.7ms Vehicle 7 RECEIVED AppendEntries from 2 (n_entries=0, leader_commit=2)
29884.2ms Leader 2 SENDING AppendEntries to vehicle 0 (n_entries=0, leader_commit=2)
29884.2ms Leader 2 SENDING AppendEntries to vehicle 1 (n_entries=0, leader_commit=2)
29884.2ms Leader 2 SENDING AppendEntries to vehicle 4 (n_entries=3, leader_commit=2)
29884.2ms Leader 2 SENDING AppendEntries to vehicle 5 (n_entries=3, leader_commit=2)
29884.2ms Leader 2 SENDING AppendEntries to vehicle 6 (n_entries=3, leader_commit=2)
29884.2ms Leader 2 SENDING AppendEntries to vehicle 7 (n_entries=0, leader_commit=2)
29885.5ms Vehicle 7 RECEIVED AppendEntries from 2 (n_entries=0, leader_commit=2)
29887.2ms Vehicle 1 RECEIVED AppendEntries from 2 (n_entries=0, leader_commit=2)
29888.1ms Vehicle 0 RECEIVED AppendEntries from 2 (n_entries=0, leader_commit=2)
30024.2ms Leader 2 SENDING AppendEntries to vehicle 0 (n_entries=0, leader_commit=2)
30024.2ms Leader 2 SENDING AppendEntries to vehicle 1 (n_entries=0, leader_commit=2)
30024.2ms Leader 2 SENDING AppendEntries to vehicle 4 (n_entries=3, leader_commit=2)
30024.2ms Leader 2 SENDING AppendEntries to vehicle 5 (n_entries=3, leader_commit=2)
30024.2ms Leader 2 SENDING AppendEntries to vehicle 6 (n_entries=3, leader_commit=2)
30024.2ms Leader 2 SENDING AppendEntries to vehicle 7 (n_entries=0, leader_commit=2)
30025.8ms Vehicle 0 RECEIVED AppendEntries from 2 (n_entries=0, leader_commit=2)
30026.1ms Vehicle 1 RECEIVED AppendEntries from 2 (n_entries=0, leader_commit=2)
30027.7ms Vehicle 7 RECEIVED AppendEntries from 2 (n_entries=0, leader_commit=2)
30164.2ms Leader 2 SENDING AppendEntries to vehicle 0 (n_entries=0, leader_commit=2)
30164.2ms Leader 2 SENDING AppendEntries to vehicle 1 (n_entries=0, leader_commit=2)
30164.2ms Leader 2 SENDING AppendEntries to vehicle 4 (n_entries=3, leader_commit=2)
30164.2ms Leader 2 SENDING AppendEntries to vehicle 5 (n_entries=3, leader_commit=2)
30164.2ms Leader 2 SENDING AppendEntries to vehicle 6 (n_entries=3, leader_commit=2)
30164.2ms Leader 2 SENDING AppendEntries to vehicle 7 (n_entries=0, leader_commit=2)
30165.9ms Vehicle 1 RECEIVED AppendEntries from 2 (n_entries=0, leader_commit=2)
30166.6ms Vehicle 0 RECEIVED AppendEntries from 2 (n_entries=0, leader_commit=2)
30168.3ms Vehicle 7 RECEIVED AppendEntries from 2 (n_entries=0, leader_commit=2)
30304.2ms Leader 2 SENDING AppendEntries to vehicle 0 (n_entries=0, leader_commit=2)
30304.2ms Leader 2 SENDING AppendEntries to vehicle 1 (n_entries=0, leader_commit=2)
30304.2ms Leader 2 SENDING AppendEntries to vehicle 4 (n_entries=3, leader_commit=2)
30304.2ms Leader 2 SENDING AppendEntries to vehicle 5 (n_entries=3, leader_commit=2)
30304.2ms Leader 2 SENDING AppendEntries to vehicle 6 (n_entries=3, leader_commit=2)
30304.2ms Leader 2 SENDING AppendEntries to vehicle 7 (n_entries=0, leader_commit=2)
30307.9ms Vehicle 1 RECEIVED AppendEntries from 2 (n_entries=0, leader_commit=2)
30309.2ms Vehicle 0 RECEIVED AppendEntries from 2 (n_entries=0, leader_commit=2)
30309.5ms Vehicle 7 RECEIVED AppendEntries from 2 (n_entries=0, leader_commit=2)
30444.2ms Leader 2 SENDING AppendEntries to vehicle 0 (n_entries=0, leader_commit=2)
30444.2ms Leader 2 SENDING AppendEntries to vehicle 1 (n_entries=0, leader_commit=2)
30444.2ms Leader 2 SENDING AppendEntries to vehicle 4 (n_entries=3, leader_commit=2)
30444.2ms Leader 2 SENDING AppendEntries to vehicle 5 (n_entries=3, leader_commit=2)
30444.2ms Leader 2 SENDING AppendEntries to vehicle 6 (n_entries=3, leader_commit=2)
30444.2ms Leader 2 SENDING AppendEntries to vehicle 7 (n_entries=0, leader_commit=2)
30445.4ms Vehicle 1 RECEIVED AppendEntries from 2 (n_entries=0, leader_commit=2)
30446.4ms Vehicle 7 RECEIVED AppendEntries from 2 (n_entries=0, leader_commit=2)
30446.7ms Vehicle 0 RECEIVED AppendEntries from 2 (n_entries=0, leader_commit=2)
30584.2ms Leader 2 SENDING AppendEntries to vehicle 0 (n_entries=0, leader_commit=2)
30584.2ms Leader 2 SENDING AppendEntries to vehicle 1 (n_entries=0, leader_commit=2)
30584.2ms Leader 2 SENDING AppendEntries to vehicle 4 (n_entries=3, leader_commit=2)
30584.2ms Leader 2 SENDING AppendEntries to vehicle 5 (n_entries=3, leader_commit=2)
30584.2ms Leader 2 SENDING AppendEntries to vehicle 6 (n_entries=3, leader_commit=2)
30584.2ms Leader 2 SENDING AppendEntries to vehicle 7 (n_entries=0, leader_commit=2)
30585.6ms Vehicle 1 RECEIVED AppendEntries from 2 (n_entries=0, leader_commit=2)
30587.4ms Vehicle 0 RECEIVED AppendEntries from 2 (n_entries=0, leader_commit=2)
30589.1ms Vehicle 7 RECEIVED AppendEntries from 2 (n_entries=0, leader_commit=2)
30724.2ms Leader 2 SENDING AppendEntries to vehicle 0 (n_entries=0, leader_commit=2)
30724.2ms Leader 2 SENDING AppendEntries to vehicle 1 (n_entries=0, leader_commit=2)
30724.2ms Leader 2 SENDING AppendEntries to vehicle 4 (n_entries=3, leader_commit=2)
30724.2ms Leader 2 SENDING AppendEntries to vehicle 5 (n_entries=3, leader_commit=2)
30724.2ms Leader 2 SENDING AppendEntries to vehicle 6 (n_entries=3, leader_commit=2)
30724.2ms Leader 2 SENDING AppendEntries to vehicle 7 (n_entries=0, leader_commit=2)
30727.2ms Vehicle 1 RECEIVED AppendEntries from 2 (n_entries=0, leader_commit=2)
30727.9ms Vehicle 7 RECEIVED AppendEntries from 2 (n_entries=0, leader_commit=2)
30728.6ms Vehicle 0 RECEIVED AppendEntries from 2 (n_entries=0, leader_commit=2)
30864.2ms Leader 2 SENDING AppendEntries to vehicle 0 (n_entries=0, leader_commit=2)
30864.2ms Leader 2 SENDING AppendEntries to vehicle 1 (n_entries=0, leader_commit=2)
30864.2ms Leader 2 SENDING AppendEntries to vehicle 4 (n_entries=3, leader_commit=2)
30864.2ms Leader 2 SENDING AppendEntries to vehicle 5 (n_entries=3, leader_commit=2)
30864.2ms Leader 2 SENDING AppendEntries to vehicle 6 (n_entries=3, leader_commit=2)
30864.2ms Leader 2 SENDING AppendEntries to vehicle 7 (n_entries=0, leader_commit=2)
30866.8ms Vehicle 0 RECEIVED AppendEntries from 2 (n_entries=0, leader_commit=2)
30867.1ms Vehicle 7 RECEIVED AppendEntries from 2 (n_entries=0, leader_commit=2)
30868.0ms Vehicle 1 RECEIVED AppendEntries from 2 (n_entries=0, leader_commit=2)
31004.2ms Leader 2 SENDING AppendEntries to vehicle 0 (n_entries=0, leader_commit=2)
31004.2ms Leader 2 SENDING AppendEntries to vehicle 1 (n_entries=0, leader_commit=2)
31004.2ms Leader 2 SENDING AppendEntries to vehicle 4 (n_entries=3, leader_commit=2)
31004.2ms Leader 2 SENDING AppendEntries to vehicle 5 (n_entries=3, leader_commit=2)
31004.2ms Leader 2 SENDING AppendEntries to vehicle 6 (n_entries=3, leader_commit=2)
31004.2ms Leader 2 SENDING AppendEntries to vehicle 7 (n_entries=0, leader_commit=2)
31006.1ms Vehicle 1 RECEIVED AppendEntries from 2 (n_entries=0, leader_commit=2)
31007.1ms Vehicle 7 RECEIVED AppendEntries from 2 (n_entries=0, leader_commit=2)
31009.3ms Vehicle 0 RECEIVED AppendEntries from 2 (n_entries=0, leader_commit=2)
31144.2ms Leader 2 SENDING AppendEntries to vehicle 0 (n_entries=0, leader_commit=2)
31144.2ms Leader 2 SENDING AppendEntries to vehicle 1 (n_entries=0, leader_commit=2)
31144.2ms Leader 2 SENDING AppendEntries to vehicle 4 (n_entries=3, leader_commit=2)
31144.2ms Leader 2 SENDING AppendEntries to vehicle 5 (n_entries=3, leader_commit=2)
31144.2ms Leader 2 SENDING AppendEntries to vehicle 6 (n_entries=3, leader_commit=2)
31144.2ms Leader 2 SENDING AppendEntries to vehicle 7 (n_entries=0, leader_commit=2)
31147.0ms Vehicle 1 RECEIVED AppendEntries from 2 (n_entries=0, leader_commit=2)
31147.6ms Vehicle 0 RECEIVED AppendEntries from 2 (n_entries=0, leader_commit=2)
31149.3ms Vehicle 7 RECEIVED AppendEntries from 2 (n_entries=0, leader_commit=2)
31284.2ms Leader 2 SENDING AppendEntries to vehicle 0 (n_entries=0, leader_commit=2)
31284.2ms Leader 2 SENDING AppendEntries to vehicle 1 (n_entries=0, leader_commit=2)
31284.2ms Leader 2 SENDING AppendEntries to vehicle 4 (n_entries=3, leader_commit=2)
31284.2ms Leader 2 SENDING AppendEntries to vehicle 5 (n_entries=3, leader_commit=2)
31284.2ms Leader 2 SENDING AppendEntries to vehicle 6 (n_entries=3, leader_commit=2)
31284.2ms Leader 2 SENDING AppendEntries to vehicle 7 (n_entries=0, leader_commit=2)
31285.5ms Vehicle 0 RECEIVED AppendEntries from 2 (n_entries=0, leader_commit=2)
31285.8ms Vehicle 1 RECEIVED AppendEntries from 2 (n_entries=0, leader_commit=2)
31288.6ms Vehicle 7 RECEIVED AppendEntries from 2 (n_entries=0, leader_commit=2)
31424.2ms Leader 2 SENDING AppendEntries to vehicle 0 (n_entries=0, leader_commit=2)
31424.2ms Leader 2 SENDING AppendEntries to vehicle 1 (n_entries=0, leader_commit=2)
31424.2ms Leader 2 SENDING AppendEntries to vehicle 4 (n_entries=3, leader_commit=2)
31424.2ms Leader 2 SENDING AppendEntries to vehicle 5 (n_entries=3, leader_commit=2)
31424.2ms Leader 2 SENDING AppendEntries to vehicle 6 (n_entries=3, leader_commit=2)
31424.2ms Leader 2 SENDING AppendEntries to vehicle 7 (n_entries=0, leader_commit=2)
31427.1ms Vehicle 0 RECEIVED AppendEntries from 2 (n_entries=0, leader_commit=2)
31427.7ms Vehicle 7 RECEIVED AppendEntries from 2 (n_entries=0, leader_commit=2)
31428.4ms Vehicle 1 RECEIVED AppendEntries from 2 (n_entries=0, leader_commit=2)
31564.2ms Leader 2 SENDING AppendEntries to vehicle 0 (n_entries=0, leader_commit=2)
31564.2ms Leader 2 SENDING AppendEntries to vehicle 1 (n_entries=0, leader_commit=2)
31564.2ms Leader 2 SENDING AppendEntries to vehicle 4 (n_entries=3, leader_commit=2)
31564.2ms Leader 2 SENDING AppendEntries to vehicle 5 (n_entries=3, leader_commit=2)
31564.2ms Leader 2 SENDING AppendEntries to vehicle 6 (n_entries=3, leader_commit=2)
31564.2ms Leader 2 SENDING AppendEntries to vehicle 7 (n_entries=0, leader_commit=2)
31565.9ms Vehicle 0 RECEIVED AppendEntries from 2 (n_entries=0, leader_commit=2)
31566.2ms Vehicle 1 RECEIVED AppendEntries from 2 (n_entries=0, leader_commit=2)
31569.4ms Vehicle 7 RECEIVED AppendEntries from 2 (n_entries=0, leader_commit=2)
31704.2ms Leader 2 SENDING AppendEntries to vehicle 0 (n_entries=0, leader_commit=2)
31704.2ms Leader 2 SENDING AppendEntries to vehicle 1 (n_entries=0, leader_commit=2)
31704.2ms Leader 2 SENDING AppendEntries to vehicle 4 (n_entries=3, leader_commit=2)
31704.2ms Leader 2 SENDING AppendEntries to vehicle 5 (n_entries=3, leader_commit=2)
31704.2ms Leader 2 SENDING AppendEntries to vehicle 6 (n_entries=3, leader_commit=2)
31704.2ms Leader 2 SENDING AppendEntries to vehicle 7 (n_entries=0, leader_commit=2)
31705.5ms Vehicle 1 RECEIVED AppendEntries from 2 (n_entries=0, leader_commit=2)
31706.5ms Vehicle 0 RECEIVED AppendEntries from 2 (n_entries=0, leader_commit=2)
31708.5ms Vehicle 7 RECEIVED AppendEntries from 2 (n_entries=0, leader_commit=2)
31844.2ms Leader 2 SENDING AppendEntries to vehicle 0 (n_entries=0, leader_commit=2)
31844.2ms Leader 2 SENDING AppendEntries to vehicle 1 (n_entries=0, leader_commit=2)
31844.2ms Leader 2 SENDING AppendEntries to vehicle 4 (n_entries=3, leader_commit=2)
31844.2ms Leader 2 SENDING AppendEntries to vehicle 5 (n_entries=3, leader_commit=2)
31844.2ms Leader 2 SENDING AppendEntries to vehicle 6 (n_entries=3, leader_commit=2)
31844.2ms Leader 2 SENDING AppendEntries to vehicle 7 (n_entries=0, leader_commit=2)
31846.4ms Vehicle 0 RECEIVED AppendEntries from 2 (n_entries=0, leader_commit=2)
31848.5ms Vehicle 7 RECEIVED AppendEntries from 2 (n_entries=0, leader_commit=2)
31848.8ms Vehicle 1 RECEIVED AppendEntries from 2 (n_entries=0, leader_commit=2)
31984.2ms Leader 2 SENDING AppendEntries to vehicle 0 (n_entries=0, leader_commit=2)
31984.2ms Leader 2 SENDING AppendEntries to vehicle 1 (n_entries=0, leader_commit=2)
31984.2ms Leader 2 SENDING AppendEntries to vehicle 4 (n_entries=3, leader_commit=2)
31984.2ms Leader 2 SENDING AppendEntries to vehicle 5 (n_entries=3, leader_commit=2)
31984.2ms Leader 2 SENDING AppendEntries to vehicle 6 (n_entries=3, leader_commit=2)
31984.2ms Leader 2 SENDING AppendEntries to vehicle 7 (n_entries=0, leader_commit=2)
31986.9ms Vehicle 1 RECEIVED AppendEntries from 2 (n_entries=0, leader_commit=2)
31987.2ms Vehicle 7 RECEIVED AppendEntries from 2 (n_entries=0, leader_commit=2)
31987.5ms Vehicle 0 RECEIVED AppendEntries from 2 (n_entries=0, leader_commit=2)
32124.2ms Leader 2 SENDING AppendEntries to vehicle 0 (n_entries=0, leader_commit=2)
32124.2ms Leader 2 SENDING AppendEntries to vehicle 1 (n_entries=0, leader_commit=2)
32124.2ms Leader 2 SENDING AppendEntries to vehicle 4 (n_entries=3, leader_commit=2)
32124.2ms Leader 2 SENDING AppendEntries to vehicle 5 (n_entries=3, leader_commit=2)
32124.2ms Leader 2 SENDING AppendEntries to vehicle 6 (n_entries=3, leader_commit=2)
32124.2ms Leader 2 SENDING AppendEntries to vehicle 7 (n_entries=0, leader_commit=2)
32126.2ms Vehicle 1 RECEIVED AppendEntries from 2 (n_entries=0, leader_commit=2)
32126.5ms Vehicle 0 RECEIVED AppendEntries from 2 (n_entries=0, leader_commit=2)
32127.9ms Vehicle 7 RECEIVED AppendEntries from 2 (n_entries=0, leader_commit=2)
32264.2ms Leader 2 SENDING AppendEntries to vehicle 0 (n_entries=0, leader_commit=2)
32264.2ms Leader 2 SENDING AppendEntries to vehicle 1 (n_entries=0, leader_commit=2)
32264.2ms Leader 2 SENDING AppendEntries to vehicle 4 (n_entries=3, leader_commit=2)
32264.2ms Leader 2 SENDING AppendEntries to vehicle 5 (n_entries=3, leader_commit=2)
32264.2ms Leader 2 SENDING AppendEntries to vehicle 6 (n_entries=3, leader_commit=2)
32264.2ms Leader 2 SENDING AppendEntries to vehicle 7 (n_entries=0, leader_commit=2)
32267.4ms Vehicle 1 RECEIVED AppendEntries from 2 (n_entries=0, leader_commit=2)
32267.8ms Vehicle 7 RECEIVED AppendEntries from 2 (n_entries=0, leader_commit=2)
32269.5ms Vehicle 0 RECEIVED AppendEntries from 2 (n_entries=0, leader_commit=2)
32404.2ms Leader 2 SENDING AppendEntries to vehicle 0 (n_entries=0, leader_commit=2)
32404.2ms Leader 2 SENDING AppendEntries to vehicle 1 (n_entries=0, leader_commit=2)
32404.2ms Leader 2 SENDING AppendEntries to vehicle 4 (n_entries=3, leader_commit=2)
32404.2ms Leader 2 SENDING AppendEntries to vehicle 5 (n_entries=3, leader_commit=2)
32404.2ms Leader 2 SENDING AppendEntries to vehicle 6 (n_entries=3, leader_commit=2)
32404.2ms Leader 2 SENDING AppendEntries to vehicle 7 (n_entries=0, leader_commit=2)
32406.8ms Vehicle 0 RECEIVED AppendEntries from 2 (n_entries=0, leader_commit=2)
32408.1ms Vehicle 1 RECEIVED AppendEntries from 2 (n_entries=0, leader_commit=2)
32409.1ms Vehicle 7 RECEIVED AppendEntries from 2 (n_entries=0, leader_commit=2)
32544.2ms Leader 2 SENDING AppendEntries to vehicle 0 (n_entries=0, leader_commit=2)
32544.2ms Leader 2 SENDING AppendEntries to vehicle 1 (n_entries=0, leader_commit=2)
32544.2ms Leader 2 SENDING AppendEntries to vehicle 4 (n_entries=3, leader_commit=2)
32544.2ms Leader 2 SENDING AppendEntries to vehicle 5 (n_entries=3, leader_commit=2)
32544.2ms Leader 2 SENDING AppendEntries to vehicle 6 (n_entries=3, leader_commit=2)
32544.2ms Leader 2 SENDING AppendEntries to vehicle 7 (n_entries=0, leader_commit=2)
32545.9ms Vehicle 7 RECEIVED AppendEntries from 2 (n_entries=0, leader_commit=2)
32546.2ms Vehicle 0 RECEIVED AppendEntries from 2 (n_entries=0, leader_commit=2)
32546.9ms Vehicle 1 RECEIVED AppendEntries from 2 (n_entries=0, leader_commit=2)
32684.2ms Leader 2 SENDING AppendEntries to vehicle 0 (n_entries=0, leader_commit=2)
32684.2ms Leader 2 SENDING AppendEntries to vehicle 1 (n_entries=0, leader_commit=2)
32684.2ms Leader 2 SENDING AppendEntries to vehicle 4 (n_entries=3, leader_commit=2)
32684.2ms Leader 2 SENDING AppendEntries to vehicle 5 (n_entries=3, leader_commit=2)
32684.2ms Leader 2 SENDING AppendEntries to vehicle 6 (n_entries=3, leader_commit=2)
32684.2ms Leader 2 SENDING AppendEntries to vehicle 7 (n_entries=0, leader_commit=2)
32686.3ms Vehicle 1 RECEIVED AppendEntries from 2 (n_entries=0, leader_commit=2)
32688.1ms Vehicle 7 RECEIVED AppendEntries from 2 (n_entries=0, leader_commit=2)
32688.8ms Vehicle 0 RECEIVED AppendEntries from 2 (n_entries=0, leader_commit=2)
32824.2ms Leader 2 SENDING AppendEntries to vehicle 0 (n_entries=0, leader_commit=2)
32824.2ms Leader 2 SENDING AppendEntries to vehicle 1 (n_entries=0, leader_commit=2)
32824.2ms Leader 2 SENDING AppendEntries to vehicle 4 (n_entries=3, leader_commit=2)
32824.2ms Leader 2 SENDING AppendEntries to vehicle 5 (n_entries=3, leader_commit=2)
32824.2ms Leader 2 SENDING AppendEntries to vehicle 6 (n_entries=3, leader_commit=2)
32824.2ms Leader 2 SENDING AppendEntries to vehicle 7 (n_entries=0, leader_commit=2)
32826.6ms Vehicle 0 RECEIVED AppendEntries from 2 (n_entries=0, leader_commit=2)
32829.1ms Vehicle 7 RECEIVED AppendEntries from 2 (n_entries=0, leader_commit=2)
32829.4ms Vehicle 1 RECEIVED AppendEntries from 2 (n_entries=0, leader_commit=2)
32964.2ms Leader 2 SENDING AppendEntries to vehicle 0 (n_entries=0, leader_commit=2)
32964.2ms Leader 2 SENDING AppendEntries to vehicle 1 (n_entries=0, leader_commit=2)
32964.2ms Leader 2 SENDING AppendEntries to vehicle 4 (n_entries=3, leader_commit=2)
32964.2ms Leader 2 SENDING AppendEntries to vehicle 5 (n_entries=3, leader_commit=2)
32964.2ms Leader 2 SENDING AppendEntries to vehicle 6 (n_entries=3, leader_commit=2)
32964.2ms Leader 2 SENDING AppendEntries to vehicle 7 (n_entries=0, leader_commit=2)
32967.6ms Vehicle 1 RECEIVED AppendEntries from 2 (n_entries=0, leader_commit=2)
32968.3ms Vehicle 7 RECEIVED AppendEntries from 2 (n_entries=0, leader_commit=2)
32968.6ms Vehicle 0 RECEIVED AppendEntries from 2 (n_entries=0, leader_commit=2)
33104.2ms Leader 2 SENDING AppendEntries to vehicle 0 (n_entries=0, leader_commit=2)
33104.2ms Leader 2 SENDING AppendEntries to vehicle 1 (n_entries=0, leader_commit=2)
33104.2ms Leader 2 SENDING AppendEntries to vehicle 4 (n_entries=3, leader_commit=2)
33104.2ms Leader 2 SENDING AppendEntries to vehicle 5 (n_entries=3, leader_commit=2)
33104.2ms Leader 2 SENDING AppendEntries to vehicle 6 (n_entries=3, leader_commit=2)
33104.2ms Leader 2 SENDING AppendEntries to vehicle 7 (n_entries=0, leader_commit=2)
33105.6ms Vehicle 0 RECEIVED AppendEntries from 2 (n_entries=0, leader_commit=2)
33106.5ms Vehicle 7 RECEIVED AppendEntries from 2 (n_entries=0, leader_commit=2)
33108.0ms Vehicle 1 RECEIVED AppendEntries from 2 (n_entries=0, leader_commit=2)
33244.2ms Leader 2 SENDING AppendEntries to vehicle 0 (n_entries=0, leader_commit=2)
33244.2ms Leader 2 SENDING AppendEntries to vehicle 1 (n_entries=0, leader_commit=2)
33244.2ms Leader 2 SENDING AppendEntries to vehicle 4 (n_entries=3, leader_commit=2)
33244.2ms Leader 2 SENDING AppendEntries to vehicle 5 (n_entries=3, leader_commit=2)
33244.2ms Leader 2 SENDING AppendEntries to vehicle 6 (n_entries=3, leader_commit=2)
33244.2ms Leader 2 SENDING AppendEntries to vehicle 7 (n_entries=0, leader_commit=2)
33246.1ms Vehicle 7 RECEIVED AppendEntries from 2 (n_entries=0, leader_commit=2)
33247.6ms Vehicle 1 RECEIVED AppendEntries from 2 (n_entries=0, leader_commit=2)
33248.2ms Vehicle 0 RECEIVED AppendEntries from 2 (n_entries=0, leader_commit=2)
33384.2ms Leader 2 SENDING AppendEntries to vehicle 0 (n_entries=0, leader_commit=2)
33384.2ms Leader 2 SENDING AppendEntries to vehicle 1 (n_entries=0, leader_commit=2)
33384.2ms Leader 2 SENDING AppendEntries to vehicle 4 (n_entries=3, leader_commit=2)
33384.2ms Leader 2 SENDING AppendEntries to vehicle 5 (n_entries=3, leader_commit=2)
33384.2ms Leader 2 SENDING AppendEntries to vehicle 6 (n_entries=3, leader_commit=2)
33384.2ms Leader 2 SENDING AppendEntries to vehicle 7 (n_entries=0, leader_commit=2)
33385.6ms Vehicle 7 RECEIVED AppendEntries from 2 (n_entries=0, leader_commit=2)
33386.1ms Vehicle 1 RECEIVED AppendEntries from 2 (n_entries=0, leader_commit=2)
33386.4ms Vehicle 0 RECEIVED AppendEntries from 2 (n_entries=0, leader_commit=2)
33524.2ms Leader 2 SENDING AppendEntries to vehicle 0 (n_entries=0, leader_commit=2)
33524.2ms Leader 2 SENDING AppendEntries to vehicle 1 (n_entries=0, leader_commit=2)
33524.2ms Leader 2 SENDING AppendEntries to vehicle 4 (n_entries=3, leader_commit=2)
33524.2ms Leader 2 SENDING AppendEntries to vehicle 5 (n_entries=3, leader_commit=2)
33524.2ms Leader 2 SENDING AppendEntries to vehicle 6 (n_entries=3, leader_commit=2)
33524.2ms Leader 2 SENDING AppendEntries to vehicle 7 (n_entries=0, leader_commit=2)
33526.3ms Vehicle 0 RECEIVED AppendEntries from 2 (n_entries=0, leader_commit=2)
33527.4ms Vehicle 7 RECEIVED AppendEntries from 2 (n_entries=0, leader_commit=2)
33527.7ms Vehicle 1 RECEIVED AppendEntries from 2 (n_entries=0, leader_commit=2)
33664.2ms Leader 2 SENDING AppendEntries to vehicle 0 (n_entries=0, leader_commit=2)
33664.2ms Leader 2 SENDING AppendEntries to vehicle 1 (n_entries=0, leader_commit=2)
33664.2ms Leader 2 SENDING AppendEntries to vehicle 4 (n_entries=3, leader_commit=2)
33664.2ms Leader 2 SENDING AppendEntries to vehicle 5 (n_entries=3, leader_commit=2)
33664.2ms Leader 2 SENDING AppendEntries to vehicle 6 (n_entries=3, leader_commit=2)
33664.2ms Leader 2 SENDING AppendEntries to vehicle 7 (n_entries=0, leader_commit=2)
33666.8ms Vehicle 7 RECEIVED AppendEntries from 2 (n_entries=0, leader_commit=2)
33667.1ms Vehicle 1 RECEIVED AppendEntries from 2 (n_entries=0, leader_commit=2)
33668.8ms Vehicle 0 RECEIVED AppendEntries from 2 (n_entries=0, leader_commit=2)
33804.2ms Leader 2 SENDING AppendEntries to vehicle 0 (n_entries=0, leader_commit=2)
33804.2ms Leader 2 SENDING AppendEntries to vehicle 1 (n_entries=0, leader_commit=2)
33804.2ms Leader 2 SENDING AppendEntries to vehicle 4 (n_entries=3, leader_commit=2)
33804.2ms Leader 2 SENDING AppendEntries to vehicle 5 (n_entries=3, leader_commit=2)
33804.2ms Leader 2 SENDING AppendEntries to vehicle 6 (n_entries=3, leader_commit=2)
33804.2ms Leader 2 SENDING AppendEntries to vehicle 7 (n_entries=0, leader_commit=2)
33806.3ms Vehicle 7 RECEIVED AppendEntries from 2 (n_entries=0, leader_commit=2)
33808.1ms Vehicle 1 RECEIVED AppendEntries from 2 (n_entries=0, leader_commit=2)
33809.0ms Vehicle 0 RECEIVED AppendEntries from 2 (n_entries=0, leader_commit=2)
33944.2ms Leader 2 SENDING AppendEntries to vehicle 0 (n_entries=0, leader_commit=2)
33944.2ms Leader 2 SENDING AppendEntries to vehicle 1 (n_entries=0, leader_commit=2)
33944.2ms Leader 2 SENDING AppendEntries to vehicle 4 (n_entries=3, leader_commit=2)
33944.2ms Leader 2 SENDING AppendEntries to vehicle 5 (n_entries=3, leader_commit=2)
33944.2ms Leader 2 SENDING AppendEntries to vehicle 6 (n_entries=3, leader_commit=2)
33944.2ms Leader 2 SENDING AppendEntries to vehicle 7 (n_entries=0, leader_commit=2)
33946.7ms Vehicle 7 RECEIVED AppendEntries from 2 (n_entries=0, leader_commit=2)
33947.7ms Vehicle 1 RECEIVED AppendEntries from 2 (n_entries=0, leader_commit=2)
33948.1ms Vehicle 0 RECEIVED AppendEntries from 2 (n_entries=0, leader_commit=2)
34084.2ms Leader 2 SENDING AppendEntries to vehicle 0 (n_entries=0, leader_commit=2)
34084.2ms Leader 2 SENDING AppendEntries to vehicle 1 (n_entries=0, leader_commit=2)
34084.2ms Leader 2 SENDING AppendEntries to vehicle 4 (n_entries=3, leader_commit=2)
34084.2ms Leader 2 SENDING AppendEntries to vehicle 5 (n_entries=3, leader_commit=2)
34084.2ms Leader 2 SENDING AppendEntries to vehicle 6 (n_entries=3, leader_commit=2)
34084.2ms Leader 2 SENDING AppendEntries to vehicle 7 (n_entries=0, leader_commit=2)
34087.1ms Vehicle 7 RECEIVED AppendEntries from 2 (n_entries=0, leader_commit=2)
34087.7ms Vehicle 0 RECEIVED AppendEntries from 2 (n_entries=0, leader_commit=2)
34089.4ms Vehicle 1 RECEIVED AppendEntries from 2 (n_entries=0, leader_commit=2)
34224.2ms Leader 2 SENDING AppendEntries to vehicle 0 (n_entries=0, leader_commit=2)
34224.2ms Leader 2 SENDING AppendEntries to vehicle 1 (n_entries=0, leader_commit=2)
34224.2ms Leader 2 SENDING AppendEntries to vehicle 4 (n_entries=3, leader_commit=2)
34224.2ms Leader 2 SENDING AppendEntries to vehicle 5 (n_entries=3, leader_commit=2)
34224.2ms Leader 2 SENDING AppendEntries to vehicle 6 (n_entries=3, leader_commit=2)
34224.2ms Leader 2 SENDING AppendEntries to vehicle 7 (n_entries=0, leader_commit=2)
34227.4ms Vehicle 7 RECEIVED AppendEntries from 2 (n_entries=0, leader_commit=2)
34228.5ms Vehicle 0 RECEIVED AppendEntries from 2 (n_entries=0, leader_commit=2)
34229.1ms Vehicle 1 RECEIVED AppendEntries from 2 (n_entries=0, leader_commit=2)
34364.2ms Leader 2 SENDING AppendEntries to vehicle 0 (n_entries=0, leader_commit=2)
34364.2ms Leader 2 SENDING AppendEntries to vehicle 1 (n_entries=0, leader_commit=2)
34364.2ms Leader 2 SENDING AppendEntries to vehicle 4 (n_entries=3, leader_commit=2)
34364.2ms Leader 2 SENDING AppendEntries to vehicle 5 (n_entries=3, leader_commit=2)
34364.2ms Leader 2 SENDING AppendEntries to vehicle 6 (n_entries=3, leader_commit=2)
34364.2ms Leader 2 SENDING AppendEntries to vehicle 7 (n_entries=0, leader_commit=2)
34365.6ms Vehicle 1 RECEIVED AppendEntries from 2 (n_entries=0, leader_commit=2)
34368.1ms Vehicle 0 RECEIVED AppendEntries from 2 (n_entries=0, leader_commit=2)
34369.2ms Vehicle 7 RECEIVED AppendEntries from 2 (n_entries=0, leader_commit=2)
34504.2ms Leader 2 SENDING AppendEntries to vehicle 0 (n_entries=0, leader_commit=2)
34504.2ms Leader 2 SENDING AppendEntries to vehicle 1 (n_entries=0, leader_commit=2)
34504.2ms Leader 2 SENDING AppendEntries to vehicle 4 (n_entries=3, leader_commit=2)
34504.2ms Leader 2 SENDING AppendEntries to vehicle 5 (n_entries=3, leader_commit=2)
34504.2ms Leader 2 SENDING AppendEntries to vehicle 6 (n_entries=3, leader_commit=2)
34504.2ms Leader 2 SENDING AppendEntries to vehicle 7 (n_entries=0, leader_commit=2)
34506.5ms Vehicle 7 RECEIVED AppendEntries from 2 (n_entries=0, leader_commit=2)
34506.8ms Vehicle 0 RECEIVED AppendEntries from 2 (n_entries=0, leader_commit=2)
34509.3ms Vehicle 1 RECEIVED AppendEntries from 2 (n_entries=0, leader_commit=2)
34644.2ms Leader 2 SENDING AppendEntries to vehicle 0 (n_entries=0, leader_commit=2)
34644.2ms Leader 2 SENDING AppendEntries to vehicle 1 (n_entries=0, leader_commit=2)
34644.2ms Leader 2 SENDING AppendEntries to vehicle 4 (n_entries=3, leader_commit=2)
34644.2ms Leader 2 SENDING AppendEntries to vehicle 5 (n_entries=3, leader_commit=2)
34644.2ms Leader 2 SENDING AppendEntries to vehicle 6 (n_entries=3, leader_commit=2)
34644.2ms Leader 2 SENDING AppendEntries to vehicle 7 (n_entries=0, leader_commit=2)
34645.8ms Vehicle 7 RECEIVED AppendEntries from 2 (n_entries=0, leader_commit=2)
34646.9ms Vehicle 1 RECEIVED AppendEntries from 2 (n_entries=0, leader_commit=2)
34648.1ms Vehicle 0 RECEIVED AppendEntries from 2 (n_entries=0, leader_commit=2)
34784.2ms Leader 2 SENDING AppendEntries to vehicle 0 (n_entries=0, leader_commit=2)
34784.2ms Leader 2 SENDING AppendEntries to vehicle 1 (n_entries=0, leader_commit=2)
34784.2ms Leader 2 SENDING AppendEntries to vehicle 4 (n_entries=3, leader_commit=2)
34784.2ms Leader 2 SENDING AppendEntries to vehicle 5 (n_entries=3, leader_commit=2)
34784.2ms Leader 2 SENDING AppendEntries to vehicle 6 (n_entries=3, leader_commit=2)
34784.2ms Leader 2 SENDING AppendEntries to vehicle 7 (n_entries=0, leader_commit=2)
34785.5ms Vehicle 7 RECEIVED AppendEntries from 2 (n_entries=0, leader_commit=2)
34785.8ms Vehicle 1 RECEIVED AppendEntries from 2 (n_entries=0, leader_commit=2)
34788.5ms Vehicle 0 RECEIVED AppendEntries from 2 (n_entries=0, leader_commit=2)
34924.2ms Leader 2 SENDING AppendEntries to vehicle 0 (n_entries=0, leader_commit=2)
34924.2ms Leader 2 SENDING AppendEntries to vehicle 1 (n_entries=0, leader_commit=2)
34924.2ms Leader 2 SENDING AppendEntries to vehicle 4 (n_entries=3, leader_commit=2)
34924.2ms Leader 2 SENDING AppendEntries to vehicle 5 (n_entries=3, leader_commit=2)
34924.2ms Leader 2 SENDING AppendEntries to vehicle 6 (n_entries=3, leader_commit=2)
34924.2ms Leader 2 SENDING AppendEntries to vehicle 7 (n_entries=0, leader_commit=2)
34925.6ms Vehicle 0 RECEIVED AppendEntries from 2 (n_entries=0, leader_commit=2)
34927.3ms Vehicle 7 RECEIVED AppendEntries from 2 (n_entries=0, leader_commit=2)
34928.4ms Vehicle 1 RECEIVED AppendEntries from 2 (n_entries=0, leader_commit=2)
35064.2ms Leader 2 SENDING AppendEntries to vehicle 0 (n_entries=0, leader_commit=2)
35064.2ms Leader 2 SENDING AppendEntries to vehicle 1 (n_entries=0, leader_commit=2)
35064.2ms Leader 2 SENDING AppendEntries to vehicle 4 (n_entries=3, leader_commit=2)
35064.2ms Leader 2 SENDING AppendEntries to vehicle 5 (n_entries=3, leader_commit=2)
35064.2ms Leader 2 SENDING AppendEntries to vehicle 6 (n_entries=3, leader_commit=2)
35064.2ms Leader 2 SENDING AppendEntries to vehicle 7 (n_entries=0, leader_commit=2)
35067.7ms Vehicle 7 RECEIVED AppendEntries from 2 (n_entries=0, leader_commit=2)
35069.0ms Vehicle 1 RECEIVED AppendEntries from 2 (n_entries=0, leader_commit=2)
35069.3ms Vehicle 0 RECEIVED AppendEntries from 2 (n_entries=0, leader_commit=2)
35204.2ms Leader 2 SENDING AppendEntries to vehicle 0 (n_entries=0, leader_commit=2)
35204.2ms Leader 2 SENDING AppendEntries to vehicle 1 (n_entries=0, leader_commit=2)
35204.2ms Leader 2 SENDING AppendEntries to vehicle 4 (n_entries=3, leader_commit=2)
35204.2ms Leader 2 SENDING AppendEntries to vehicle 5 (n_entries=3, leader_commit=2)
35204.2ms Leader 2 SENDING AppendEntries to vehicle 6 (n_entries=3, leader_commit=2)
35204.2ms Leader 2 SENDING AppendEntries to vehicle 7 (n_entries=0, leader_commit=2)
35205.9ms Vehicle 7 RECEIVED AppendEntries from 2 (n_entries=0, leader_commit=2)
35206.5ms Vehicle 0 RECEIVED AppendEntries from 2 (n_entries=0, leader_commit=2)
35209.4ms Vehicle 1 RECEIVED AppendEntries from 2 (n_entries=0, leader_commit=2)
35344.2ms Leader 2 SENDING AppendEntries to vehicle 0 (n_entries=0, leader_commit=2)
35344.2ms Leader 2 SENDING AppendEntries to vehicle 1 (n_entries=0, leader_commit=2)
35344.2ms Leader 2 SENDING AppendEntries to vehicle 4 (n_entries=3, leader_commit=2)
35344.2ms Leader 2 SENDING AppendEntries to vehicle 5 (n_entries=3, leader_commit=2)
35344.2ms Leader 2 SENDING AppendEntries to vehicle 6 (n_entries=3, leader_commit=2)
35344.2ms Leader 2 SENDING AppendEntries to vehicle 7 (n_entries=0, leader_commit=2)
35346.2ms Vehicle 0 RECEIVED AppendEntries from 2 (n_entries=0, leader_commit=2)
35346.5ms Vehicle 1 RECEIVED AppendEntries from 2 (n_entries=0, leader_commit=2)
35347.1ms Vehicle 7 RECEIVED AppendEntries from 2 (n_entries=0, leader_commit=2)
35484.2ms Leader 2 SENDING AppendEntries to vehicle 0 (n_entries=0, leader_commit=2)
35484.2ms Leader 2 SENDING AppendEntries to vehicle 1 (n_entries=0, leader_commit=2)
35484.2ms Leader 2 SENDING AppendEntries to vehicle 4 (n_entries=3, leader_commit=2)
35484.2ms Leader 2 SENDING AppendEntries to vehicle 5 (n_entries=3, leader_commit=2)
35484.2ms Leader 2 SENDING AppendEntries to vehicle 6 (n_entries=3, leader_commit=2)
35484.2ms Leader 2 SENDING AppendEntries to vehicle 7 (n_entries=0, leader_commit=2)
35486.0ms Vehicle 0 RECEIVED AppendEntries from 2 (n_entries=0, leader_commit=2)
35487.5ms Vehicle 7 RECEIVED AppendEntries from 2 (n_entries=0, leader_commit=2)
35489.2ms Vehicle 1 RECEIVED AppendEntries from 2 (n_entries=0, leader_commit=2)
35624.2ms Leader 2 SENDING AppendEntries to vehicle 0 (n_entries=0, leader_commit=2)
35624.2ms Leader 2 SENDING AppendEntries to vehicle 1 (n_entries=0, leader_commit=2)
35624.2ms Leader 2 SENDING AppendEntries to vehicle 4 (n_entries=3, leader_commit=2)
35624.2ms Leader 2 SENDING AppendEntries to vehicle 5 (n_entries=3, leader_commit=2)
35624.2ms Leader 2 SENDING AppendEntries to vehicle 6 (n_entries=3, leader_commit=2)
35624.2ms Leader 2 SENDING AppendEntries to vehicle 7 (n_entries=0, leader_commit=2)
35627.6ms Vehicle 1 RECEIVED AppendEntries from 2 (n_entries=0, leader_commit=2)
35628.3ms Vehicle 0 RECEIVED AppendEntries from 2 (n_entries=0, leader_commit=2)
35629.1ms Vehicle 7 RECEIVED AppendEntries from 2 (n_entries=0, leader_commit=2)
35764.2ms Leader 2 SENDING AppendEntries to vehicle 0 (n_entries=0, leader_commit=2)
35764.2ms Leader 2 SENDING AppendEntries to vehicle 1 (n_entries=0, leader_commit=2)
35764.2ms Leader 2 SENDING AppendEntries to vehicle 4 (n_entries=3, leader_commit=2)
35764.2ms Leader 2 SENDING AppendEntries to vehicle 5 (n_entries=3, leader_commit=2)
35764.2ms Leader 2 SENDING AppendEntries to vehicle 6 (n_entries=3, leader_commit=2)
35764.2ms Leader 2 SENDING AppendEntries to vehicle 7 (n_entries=0, leader_commit=2)
35765.4ms Vehicle 1 RECEIVED AppendEntries from 2 (n_entries=0, leader_commit=2)
35766.7ms Vehicle 7 RECEIVED AppendEntries from 2 (n_entries=0, leader_commit=2)
35769.3ms Vehicle 0 RECEIVED AppendEntries from 2 (n_entries=0, leader_commit=2)
35904.2ms Leader 2 SENDING AppendEntries to vehicle 0 (n_entries=0, leader_commit=2)
35904.2ms Leader 2 SENDING AppendEntries to vehicle 1 (n_entries=0, leader_commit=2)
35904.2ms Leader 2 SENDING AppendEntries to vehicle 4 (n_entries=3, leader_commit=2)
35904.2ms Leader 2 SENDING AppendEntries to vehicle 5 (n_entries=3, leader_commit=2)
35904.2ms Leader 2 SENDING AppendEntries to vehicle 6 (n_entries=3, leader_commit=2)
35904.2ms Leader 2 SENDING AppendEntries to vehicle 7 (n_entries=0, leader_commit=2)
35907.0ms Vehicle 1 RECEIVED AppendEntries from 2 (n_entries=0, leader_commit=2)
35908.1ms Vehicle 0 RECEIVED AppendEntries from 2 (n_entries=0, leader_commit=2)
35908.7ms Vehicle 7 RECEIVED AppendEntries from 2 (n_entries=0, leader_commit=2)
36044.2ms Leader 2 SENDING AppendEntries to vehicle 0 (n_entries=0, leader_commit=2)
36044.2ms Leader 2 SENDING AppendEntries to vehicle 1 (n_entries=0, leader_commit=2)
36044.2ms Leader 2 SENDING AppendEntries to vehicle 4 (n_entries=3, leader_commit=2)
36044.2ms Leader 2 SENDING AppendEntries to vehicle 5 (n_entries=3, leader_commit=2)
36044.2ms Leader 2 SENDING AppendEntries to vehicle 6 (n_entries=3, leader_commit=2)
36044.2ms Leader 2 SENDING AppendEntries to vehicle 7 (n_entries=0, leader_commit=2)
36047.5ms Vehicle 0 RECEIVED AppendEntries from 2 (n_entries=0, leader_commit=2)
36047.8ms Vehicle 1 RECEIVED AppendEntries from 2 (n_entries=0, leader_commit=2)
36048.1ms Vehicle 7 RECEIVED AppendEntries from 2 (n_entries=0, leader_commit=2)
36184.2ms Leader 2 SENDING AppendEntries to vehicle 0 (n_entries=0, leader_commit=2)
36184.2ms Leader 2 SENDING AppendEntries to vehicle 1 (n_entries=0, leader_commit=2)
36184.2ms Leader 2 SENDING AppendEntries to vehicle 4 (n_entries=3, leader_commit=2)
36184.2ms Leader 2 SENDING AppendEntries to vehicle 5 (n_entries=3, leader_commit=2)
36184.2ms Leader 2 SENDING AppendEntries to vehicle 6 (n_entries=3, leader_commit=2)
36184.2ms Leader 2 SENDING AppendEntries to vehicle 7 (n_entries=0, leader_commit=2)
36187.7ms Vehicle 7 RECEIVED AppendEntries from 2 (n_entries=0, leader_commit=2)
36188.0ms Vehicle 1 RECEIVED AppendEntries from 2 (n_entries=0, leader_commit=2)
36189.4ms Vehicle 0 RECEIVED AppendEntries from 2 (n_entries=0, leader_commit=2)
36324.2ms Leader 2 SENDING AppendEntries to vehicle 0 (n_entries=0, leader_commit=2)
36324.2ms Leader 2 SENDING AppendEntries to vehicle 1 (n_entries=0, leader_commit=2)
36324.2ms Leader 2 SENDING AppendEntries to vehicle 4 (n_entries=3, leader_commit=2)
36324.2ms Leader 2 SENDING AppendEntries to vehicle 5 (n_entries=3, leader_commit=2)
36324.2ms Leader 2 SENDING AppendEntries to vehicle 6 (n_entries=3, leader_commit=2)
36324.2ms Leader 2 SENDING AppendEntries to vehicle 7 (n_entries=0, leader_commit=2)
36326.1ms Vehicle 1 RECEIVED AppendEntries from 2 (n_entries=0, leader_commit=2)
36327.4ms Vehicle 0 RECEIVED AppendEntries from 2 (n_entries=0, leader_commit=2)
36328.0ms Vehicle 7 RECEIVED AppendEntries from 2 (n_entries=0, leader_commit=2)
36464.2ms Leader 2 SENDING AppendEntries to vehicle 0 (n_entries=0, leader_commit=2)
36464.2ms Leader 2 SENDING AppendEntries to vehicle 1 (n_entries=0, leader_commit=2)
36464.2ms Leader 2 SENDING AppendEntries to vehicle 4 (n_entries=3, leader_commit=2)
36464.2ms Leader 2 SENDING AppendEntries to vehicle 5 (n_entries=3, leader_commit=2)
36464.2ms Leader 2 SENDING AppendEntries to vehicle 6 (n_entries=3, leader_commit=2)
36464.2ms Leader 2 SENDING AppendEntries to vehicle 7 (n_entries=0, leader_commit=2)
36466.0ms Vehicle 1 RECEIVED AppendEntries from 2 (n_entries=0, leader_commit=2)
36467.9ms Vehicle 7 RECEIVED AppendEntries from 2 (n_entries=0, leader_commit=2)
36468.7ms Vehicle 0 RECEIVED AppendEntries from 2 (n_entries=0, leader_commit=2)
36604.2ms Leader 2 SENDING AppendEntries to vehicle 0 (n_entries=0, leader_commit=2)
36604.2ms Leader 2 SENDING AppendEntries to vehicle 1 (n_entries=0, leader_commit=2)
36604.2ms Leader 2 SENDING AppendEntries to vehicle 4 (n_entries=3, leader_commit=2)
36604.2ms Leader 2 SENDING AppendEntries to vehicle 5 (n_entries=3, leader_commit=2)
36604.2ms Leader 2 SENDING AppendEntries to vehicle 6 (n_entries=3, leader_commit=2)
36604.2ms Leader 2 SENDING AppendEntries to vehicle 7 (n_entries=0, leader_commit=2)
36606.8ms Vehicle 0 RECEIVED AppendEntries from 2 (n_entries=0, leader_commit=2)
36608.0ms Vehicle 1 RECEIVED AppendEntries from 2 (n_entries=0, leader_commit=2)
36609.5ms Vehicle 7 RECEIVED AppendEntries from 2 (n_entries=0, leader_commit=2)
36744.2ms Leader 2 SENDING AppendEntries to vehicle 0 (n_entries=0, leader_commit=2)
36744.2ms Leader 2 SENDING AppendEntries to vehicle 1 (n_entries=0, leader_commit=2)
36744.2ms Leader 2 SENDING AppendEntries to vehicle 4 (n_entries=3, leader_commit=2)
36744.2ms Leader 2 SENDING AppendEntries to vehicle 5 (n_entries=3, leader_commit=2)
36744.2ms Leader 2 SENDING AppendEntries to vehicle 6 (n_entries=3, leader_commit=2)
36744.2ms Leader 2 SENDING AppendEntries to vehicle 7 (n_entries=0, leader_commit=2)
36746.0ms Vehicle 1 RECEIVED AppendEntries from 2 (n_entries=0, leader_commit=2)
36746.3ms Vehicle 7 RECEIVED AppendEntries from 2 (n_entries=0, leader_commit=2)
36748.0ms Vehicle 0 RECEIVED AppendEntries from 2 (n_entries=0, leader_commit=2)
36884.2ms Leader 2 SENDING AppendEntries to vehicle 0 (n_entries=0, leader_commit=2)
36884.2ms Leader 2 SENDING AppendEntries to vehicle 1 (n_entries=0, leader_commit=2)
36884.2ms Leader 2 SENDING AppendEntries to vehicle 4 (n_entries=3, leader_commit=2)
36884.2ms Leader 2 SENDING AppendEntries to vehicle 5 (n_entries=3, leader_commit=2)
36884.2ms Leader 2 SENDING AppendEntries to vehicle 6 (n_entries=3, leader_commit=2)
36884.2ms Leader 2 SENDING AppendEntries to vehicle 7 (n_entries=0, leader_commit=2)
36887.0ms Vehicle 1 RECEIVED AppendEntries from 2 (n_entries=0, leader_commit=2)
36888.8ms Vehicle 7 RECEIVED AppendEntries from 2 (n_entries=0, leader_commit=2)
36889.1ms Vehicle 0 RECEIVED AppendEntries from 2 (n_entries=0, leader_commit=2)
37024.2ms Leader 2 SENDING AppendEntries to vehicle 0 (n_entries=0, leader_commit=2)
37024.2ms Leader 2 SENDING AppendEntries to vehicle 1 (n_entries=0, leader_commit=2)
37024.2ms Leader 2 SENDING AppendEntries to vehicle 4 (n_entries=3, leader_commit=2)
37024.2ms Leader 2 SENDING AppendEntries to vehicle 5 (n_entries=3, leader_commit=2)
37024.2ms Leader 2 SENDING AppendEntries to vehicle 6 (n_entries=3, leader_commit=2)
37024.2ms Leader 2 SENDING AppendEntries to vehicle 7 (n_entries=0, leader_commit=2)
37025.6ms Vehicle 0 RECEIVED AppendEntries from 2 (n_entries=0, leader_commit=2)
37027.8ms Vehicle 1 RECEIVED AppendEntries from 2 (n_entries=0, leader_commit=2)
37028.4ms Vehicle 7 RECEIVED AppendEntries from 2 (n_entries=0, leader_commit=2)
37164.2ms Leader 2 SENDING AppendEntries to vehicle 0 (n_entries=0, leader_commit=2)
37164.2ms Leader 2 SENDING AppendEntries to vehicle 1 (n_entries=0, leader_commit=2)
37164.2ms Leader 2 SENDING AppendEntries to vehicle 4 (n_entries=3, leader_commit=2)
37164.2ms Leader 2 SENDING AppendEntries to vehicle 5 (n_entries=3, leader_commit=2)
37164.2ms Leader 2 SENDING AppendEntries to vehicle 6 (n_entries=3, leader_commit=2)
37164.2ms Leader 2 SENDING AppendEntries to vehicle 7 (n_entries=0, leader_commit=2)
37167.2ms Vehicle 0 RECEIVED AppendEntries from 2 (n_entries=0, leader_commit=2)
37167.5ms Vehicle 7 RECEIVED AppendEntries from 2 (n_entries=0, leader_commit=2)
37167.9ms Vehicle 1 RECEIVED AppendEntries from 2 (n_entries=0, leader_commit=2)
37304.2ms Leader 2 SENDING AppendEntries to vehicle 0 (n_entries=0, leader_commit=2)
37304.2ms Leader 2 SENDING AppendEntries to vehicle 1 (n_entries=0, leader_commit=2)
37304.2ms Leader 2 SENDING AppendEntries to vehicle 4 (n_entries=3, leader_commit=2)
37304.2ms Leader 2 SENDING AppendEntries to vehicle 5 (n_entries=3, leader_commit=2)
37304.2ms Leader 2 SENDING AppendEntries to vehicle 6 (n_entries=3, leader_commit=2)
37304.2ms Leader 2 SENDING AppendEntries to vehicle 7 (n_entries=0, leader_commit=2)
37305.9ms Vehicle 7 RECEIVED AppendEntries from 2 (n_entries=0, leader_commit=2)
37306.6ms Vehicle 0 RECEIVED AppendEntries from 2 (n_entries=0, leader_commit=2)
37308.3ms Vehicle 1 RECEIVED AppendEntries from 2 (n_entries=0, leader_commit=2)
37444.2ms Leader 2 SENDING AppendEntries to vehicle 0 (n_entries=0, leader_commit=2)
37444.2ms Leader 2 SENDING AppendEntries to vehicle 1 (n_entries=0, leader_commit=2)
37444.2ms Leader 2 SENDING AppendEntries to vehicle 4 (n_entries=3, leader_commit=2)
37444.2ms Leader 2 SENDING AppendEntries to vehicle 5 (n_entries=3, leader_commit=2)
37444.2ms Leader 2 SENDING AppendEntries to vehicle 6 (n_entries=3, leader_commit=2)
37444.2ms Leader 2 SENDING AppendEntries to vehicle 7 (n_entries=0, leader_commit=2)
37446.4ms Vehicle 7 RECEIVED AppendEntries from 2 (n_entries=0, leader_commit=2)
37446.8ms Vehicle 1 RECEIVED AppendEntries from 2 (n_entries=0, leader_commit=2)
37447.5ms Vehicle 0 RECEIVED AppendEntries from 2 (n_entries=0, leader_commit=2)
37584.2ms Leader 2 SENDING AppendEntries to vehicle 0 (n_entries=0, leader_commit=2)
37584.2ms Leader 2 SENDING AppendEntries to vehicle 1 (n_entries=0, leader_commit=2)
37584.2ms Leader 2 SENDING AppendEntries to vehicle 4 (n_entries=3, leader_commit=2)
37584.2ms Leader 2 SENDING AppendEntries to vehicle 5 (n_entries=3, leader_commit=2)
37584.2ms Leader 2 SENDING AppendEntries to vehicle 6 (n_entries=3, leader_commit=2)
37584.2ms Leader 2 SENDING AppendEntries to vehicle 7 (n_entries=0, leader_commit=2)
37586.3ms Vehicle 1 RECEIVED AppendEntries from 2 (n_entries=0, leader_commit=2)
37587.9ms Vehicle 7 RECEIVED AppendEntries from 2 (n_entries=0, leader_commit=2)
37588.6ms Vehicle 0 RECEIVED AppendEntries from 2 (n_entries=0, leader_commit=2)
37724.2ms Leader 2 SENDING AppendEntries to vehicle 0 (n_entries=0, leader_commit=2)
37724.2ms Leader 2 SENDING AppendEntries to vehicle 1 (n_entries=0, leader_commit=2)
37724.2ms Leader 2 SENDING AppendEntries to vehicle 4 (n_entries=3, leader_commit=2)
37724.2ms Leader 2 SENDING AppendEntries to vehicle 5 (n_entries=3, leader_commit=2)
37724.2ms Leader 2 SENDING AppendEntries to vehicle 6 (n_entries=3, leader_commit=2)
37724.2ms Leader 2 SENDING AppendEntries to vehicle 7 (n_entries=0, leader_commit=2)
37725.4ms Vehicle 7 RECEIVED AppendEntries from 2 (n_entries=0, leader_commit=2)
37726.4ms Vehicle 0 RECEIVED AppendEntries from 2 (n_entries=0, leader_commit=2)
37727.0ms Vehicle 1 RECEIVED AppendEntries from 2 (n_entries=0, leader_commit=2)
37864.2ms Leader 2 SENDING AppendEntries to vehicle 0 (n_entries=0, leader_commit=2)
37864.2ms Leader 2 SENDING AppendEntries to vehicle 1 (n_entries=0, leader_commit=2)
37864.2ms Leader 2 SENDING AppendEntries to vehicle 4 (n_entries=3, leader_commit=2)
37864.2ms Leader 2 SENDING AppendEntries to vehicle 5 (n_entries=3, leader_commit=2)
37864.2ms Leader 2 SENDING AppendEntries to vehicle 6 (n_entries=3, leader_commit=2)
37864.2ms Leader 2 SENDING AppendEntries to vehicle 7 (n_entries=0, leader_commit=2)
37866.2ms Vehicle 1 RECEIVED AppendEntries from 2 (n_entries=0, leader_commit=2)
37867.3ms Vehicle 0 RECEIVED AppendEntries from 2 (n_entries=0, leader_commit=2)
37867.6ms Vehicle 7 RECEIVED AppendEntries from 2 (n_entries=0, leader_commit=2)
38004.2ms Leader 2 SENDING AppendEntries to vehicle 0 (n_entries=0, leader_commit=2)
38004.2ms Leader 2 SENDING AppendEntries to vehicle 1 (n_entries=0, leader_commit=2)
38004.2ms Leader 2 SENDING AppendEntries to vehicle 4 (n_entries=3, leader_commit=2)
38004.2ms Leader 2 SENDING AppendEntries to vehicle 5 (n_entries=3, leader_commit=2)
38004.2ms Leader 2 SENDING AppendEntries to vehicle 6 (n_entries=3, leader_commit=2)
38004.2ms Leader 2 SENDING AppendEntries to vehicle 7 (n_entries=0, leader_commit=2)
38006.4ms Vehicle 0 RECEIVED AppendEntries from 2 (n_entries=0, leader_commit=2)
38008.7ms Vehicle 7 RECEIVED AppendEntries from 2 (n_entries=0, leader_commit=2)
38009.0ms Vehicle 1 RECEIVED AppendEntries from 2 (n_entries=0, leader_commit=2)
38144.2ms Leader 2 SENDING AppendEntries to vehicle 0 (n_entries=0, leader_commit=2)
38144.2ms Leader 2 SENDING AppendEntries to vehicle 1 (n_entries=0, leader_commit=2)
38144.2ms Leader 2 SENDING AppendEntries to vehicle 4 (n_entries=3, leader_commit=2)
38144.2ms Leader 2 SENDING AppendEntries to vehicle 5 (n_entries=3, leader_commit=2)
38144.2ms Leader 2 SENDING AppendEntries to vehicle 6 (n_entries=3, leader_commit=2)
38144.2ms Leader 2 SENDING AppendEntries to vehicle 7 (n_entries=0, leader_commit=2)
38147.2ms Vehicle 0 RECEIVED AppendEntries from 2 (n_entries=0, leader_commit=2)
38148.7ms Vehicle 7 RECEIVED AppendEntries from 2 (n_entries=0, leader_commit=2)
38149.0ms Vehicle 1 RECEIVED AppendEntries from 2 (n_entries=0, leader_commit=2)
38284.2ms Leader 2 SENDING AppendEntries to vehicle 0 (n_entries=0, leader_commit=2)
38284.2ms Leader 2 SENDING AppendEntries to vehicle 1 (n_entries=0, leader_commit=2)
38284.2ms Leader 2 SENDING AppendEntries to vehicle 4 (n_entries=3, leader_commit=2)
38284.2ms Leader 2 SENDING AppendEntries to vehicle 5 (n_entries=3, leader_commit=2)
38284.2ms Leader 2 SENDING AppendEntries to vehicle 6 (n_entries=3, leader_commit=2)
38284.2ms Leader 2 SENDING AppendEntries to vehicle 7 (n_entries=0, leader_commit=2)
38285.5ms Vehicle 1 RECEIVED AppendEntries from 2 (n_entries=0, leader_commit=2)
38286.2ms Vehicle 7 RECEIVED AppendEntries from 2 (n_entries=0, leader_commit=2)
38287.0ms Vehicle 0 RECEIVED AppendEntries from 2 (n_entries=0, leader_commit=2)
38424.2ms Leader 2 SENDING AppendEntries to vehicle 0 (n_entries=0, leader_commit=2)
38424.2ms Leader 2 SENDING AppendEntries to vehicle 1 (n_entries=0, leader_commit=2)
38424.2ms Leader 2 SENDING AppendEntries to vehicle 4 (n_entries=3, leader_commit=2)
38424.2ms Leader 2 SENDING AppendEntries to vehicle 5 (n_entries=3, leader_commit=2)
38424.2ms Leader 2 SENDING AppendEntries to vehicle 6 (n_entries=3, leader_commit=2)
38424.2ms Leader 2 SENDING AppendEntries to vehicle 7 (n_entries=0, leader_commit=2)
38426.1ms Vehicle 0 RECEIVED AppendEntries from 2 (n_entries=0, leader_commit=2)
38426.4ms Vehicle 1 RECEIVED AppendEntries from 2 (n_entries=0, leader_commit=2)
38428.4ms Vehicle 7 RECEIVED AppendEntries from 2 (n_entries=0, leader_commit=2)
38564.2ms Leader 2 SENDING AppendEntries to vehicle 0 (n_entries=0, leader_commit=2)
38564.2ms Leader 2 SENDING AppendEntries to vehicle 1 (n_entries=0, leader_commit=2)
38564.2ms Leader 2 SENDING AppendEntries to vehicle 4 (n_entries=3, leader_commit=2)
38564.2ms Leader 2 SENDING AppendEntries to vehicle 5 (n_entries=3, leader_commit=2)
38564.2ms Leader 2 SENDING AppendEntries to vehicle 6 (n_entries=3, leader_commit=2)
38564.2ms Leader 2 SENDING AppendEntries to vehicle 7 (n_entries=0, leader_commit=2)
38566.9ms Vehicle 7 RECEIVED AppendEntries from 2 (n_entries=0, leader_commit=2)
38567.5ms Vehicle 0 RECEIVED AppendEntries from 2 (n_entries=0, leader_commit=2)
38567.8ms Vehicle 1 RECEIVED AppendEntries from 2 (n_entries=0, leader_commit=2)
38704.2ms Leader 2 SENDING AppendEntries to vehicle 0 (n_entries=0, leader_commit=2)
38704.2ms Leader 2 SENDING AppendEntries to vehicle 1 (n_entries=0, leader_commit=2)
38704.2ms Leader 2 SENDING AppendEntries to vehicle 4 (n_entries=3, leader_commit=2)
38704.2ms Leader 2 SENDING AppendEntries to vehicle 5 (n_entries=3, leader_commit=2)
38704.2ms Leader 2 SENDING AppendEntries to vehicle 6 (n_entries=3, leader_commit=2)
38704.2ms Leader 2 SENDING AppendEntries to vehicle 7 (n_entries=0, leader_commit=2)
38706.0ms Vehicle 0 RECEIVED AppendEntries from 2 (n_entries=0, leader_commit=2)
38708.2ms Vehicle 7 RECEIVED AppendEntries from 2 (n_entries=0, leader_commit=2)
38709.3ms Vehicle 1 RECEIVED AppendEntries from 2 (n_entries=0, leader_commit=2)
38844.2ms Leader 2 SENDING AppendEntries to vehicle 0 (n_entries=0, leader_commit=2)
38844.2ms Leader 2 SENDING AppendEntries to vehicle 1 (n_entries=0, leader_commit=2)
38844.2ms Leader 2 SENDING AppendEntries to vehicle 4 (n_entries=3, leader_commit=2)
38844.2ms Leader 2 SENDING AppendEntries to vehicle 5 (n_entries=3, leader_commit=2)
38844.2ms Leader 2 SENDING AppendEntries to vehicle 6 (n_entries=3, leader_commit=2)
38844.2ms Leader 2 SENDING AppendEntries to vehicle 7 (n_entries=0, leader_commit=2)
38846.3ms Vehicle 7 RECEIVED AppendEntries from 2 (n_entries=0, leader_commit=2)
38847.0ms Vehicle 0 RECEIVED AppendEntries from 2 (n_entries=0, leader_commit=2)
38848.0ms Vehicle 1 RECEIVED AppendEntries from 2 (n_entries=0, leader_commit=2)
38984.2ms Leader 2 SENDING AppendEntries to vehicle 0 (n_entries=0, leader_commit=2)
38984.2ms Leader 2 SENDING AppendEntries to vehicle 1 (n_entries=0, leader_commit=2)
38984.2ms Leader 2 SENDING AppendEntries to vehicle 4 (n_entries=3, leader_commit=2)
38984.2ms Leader 2 SENDING AppendEntries to vehicle 5 (n_entries=3, leader_commit=2)
38984.2ms Leader 2 SENDING AppendEntries to vehicle 6 (n_entries=3, leader_commit=2)
38984.2ms Leader 2 SENDING AppendEntries to vehicle 7 (n_entries=0, leader_commit=2)
38985.8ms Vehicle 0 RECEIVED AppendEntries from 2 (n_entries=0, leader_commit=2)
38988.6ms Vehicle 1 RECEIVED AppendEntries from 2 (n_entries=0, leader_commit=2)
38989.3ms Vehicle 7 RECEIVED AppendEntries from 2 (n_entries=0, leader_commit=2)
39124.2ms Leader 2 SENDING AppendEntries to vehicle 0 (n_entries=0, leader_commit=2)
39124.2ms Leader 2 SENDING AppendEntries to vehicle 1 (n_entries=0, leader_commit=2)
39124.2ms Leader 2 SENDING AppendEntries to vehicle 4 (n_entries=3, leader_commit=2)
39124.2ms Leader 2 SENDING AppendEntries to vehicle 5 (n_entries=3, leader_commit=2)
39124.2ms Leader 2 SENDING AppendEntries to vehicle 6 (n_entries=3, leader_commit=2)
39124.2ms Leader 2 SENDING AppendEntries to vehicle 7 (n_entries=0, leader_commit=2)
39126.6ms Vehicle 1 RECEIVED AppendEntries from 2 (n_entries=0, leader_commit=2)
39126.8ms Vehicle 0 RECEIVED AppendEntries from 2 (n_entries=0, leader_commit=2)
39128.4ms Vehicle 7 RECEIVED AppendEntries from 2 (n_entries=0, leader_commit=2)
39264.2ms Leader 2 SENDING AppendEntries to vehicle 0 (n_entries=0, leader_commit=2)
39264.2ms Leader 2 SENDING AppendEntries to vehicle 1 (n_entries=0, leader_commit=2)
39264.2ms Leader 2 SENDING AppendEntries to vehicle 4 (n_entries=3, leader_commit=2)
39264.2ms Leader 2 SENDING AppendEntries to vehicle 5 (n_entries=3, leader_commit=2)
39264.2ms Leader 2 SENDING AppendEntries to vehicle 6 (n_entries=3, leader_commit=2)
39264.2ms Leader 2 SENDING AppendEntries to vehicle 7 (n_entries=0, leader_commit=2)
39266.3ms Vehicle 7 RECEIVED AppendEntries from 2 (n_entries=0, leader_commit=2)
39267.3ms Vehicle 1 RECEIVED AppendEntries from 2 (n_entries=0, leader_commit=2)
39268.0ms Vehicle 0 RECEIVED AppendEntries from 2 (n_entries=0, leader_commit=2)
39404.2ms Leader 2 SENDING AppendEntries to vehicle 0 (n_entries=0, leader_commit=2)
39404.2ms Leader 2 SENDING AppendEntries to vehicle 1 (n_entries=0, leader_commit=2)
39404.2ms Leader 2 SENDING AppendEntries to vehicle 4 (n_entries=3, leader_commit=2)
39404.2ms Leader 2 SENDING AppendEntries to vehicle 5 (n_entries=3, leader_commit=2)
39404.2ms Leader 2 SENDING AppendEntries to vehicle 6 (n_entries=3, leader_commit=2)
39404.2ms Leader 2 SENDING AppendEntries to vehicle 7 (n_entries=0, leader_commit=2)
39406.6ms Vehicle 1 RECEIVED AppendEntries from 2 (n_entries=0, leader_commit=2)
39408.7ms Vehicle 7 RECEIVED AppendEntries from 2 (n_entries=0, leader_commit=2)
39409.2ms Vehicle 0 RECEIVED AppendEntries from 2 (n_entries=0, leader_commit=2)
39544.2ms Leader 2 SENDING AppendEntries to vehicle 0 (n_entries=0, leader_commit=2)
39544.2ms Leader 2 SENDING AppendEntries to vehicle 1 (n_entries=0, leader_commit=2)
39544.2ms Leader 2 SENDING AppendEntries to vehicle 4 (n_entries=3, leader_commit=2)
39544.2ms Leader 2 SENDING AppendEntries to vehicle 5 (n_entries=3, leader_commit=2)
39544.2ms Leader 2 SENDING AppendEntries to vehicle 6 (n_entries=3, leader_commit=2)
39544.2ms Leader 2 SENDING AppendEntries to vehicle 7 (n_entries=0, leader_commit=2)
39546.1ms Vehicle 7 RECEIVED AppendEntries from 2 (n_entries=0, leader_commit=2)
39546.5ms Vehicle 0 RECEIVED AppendEntries from 2 (n_entries=0, leader_commit=2)
39546.8ms Vehicle 1 RECEIVED AppendEntries from 2 (n_entries=0, leader_commit=2)
39684.2ms Leader 2 SENDING AppendEntries to vehicle 0 (n_entries=0, leader_commit=2)
39684.2ms Leader 2 SENDING AppendEntries to vehicle 1 (n_entries=0, leader_commit=2)
39684.2ms Leader 2 SENDING AppendEntries to vehicle 4 (n_entries=3, leader_commit=2)
39684.2ms Leader 2 SENDING AppendEntries to vehicle 5 (n_entries=3, leader_commit=2)
39684.2ms Leader 2 SENDING AppendEntries to vehicle 6 (n_entries=3, leader_commit=2)
39684.2ms Leader 2 SENDING AppendEntries to vehicle 7 (n_entries=0, leader_commit=2)
39686.3ms Vehicle 7 RECEIVED AppendEntries from 2 (n_entries=0, leader_commit=2)
39687.2ms Vehicle 0 RECEIVED AppendEntries from 2 (n_entries=0, leader_commit=2)
39687.8ms Vehicle 1 RECEIVED AppendEntries from 2 (n_entries=0, leader_commit=2)
39824.2ms Leader 2 SENDING AppendEntries to vehicle 0 (n_entries=0, leader_commit=2)
39824.2ms Leader 2 SENDING AppendEntries to vehicle 1 (n_entries=0, leader_commit=2)
39824.2ms Leader 2 SENDING AppendEntries to vehicle 4 (n_entries=3, leader_commit=2)
39824.2ms Leader 2 SENDING AppendEntries to vehicle 5 (n_entries=3, leader_commit=2)
39824.2ms Leader 2 SENDING AppendEntries to vehicle 6 (n_entries=3, leader_commit=2)
39824.2ms Leader 2 SENDING AppendEntries to vehicle 7 (n_entries=0, leader_commit=2)
39826.1ms Vehicle 7 RECEIVED AppendEntries from 2 (n_entries=0, leader_commit=2)
39826.5ms Vehicle 1 RECEIVED AppendEntries from 2 (n_entries=0, leader_commit=2)
39828.5ms Vehicle 0 RECEIVED AppendEntries from 2 (n_entries=0, leader_commit=2)
39964.2ms Leader 2 SENDING AppendEntries to vehicle 0 (n_entries=0, leader_commit=2)
39964.2ms Leader 2 SENDING AppendEntries to vehicle 1 (n_entries=0, leader_commit=2)
39964.2ms Leader 2 SENDING AppendEntries to vehicle 4 (n_entries=3, leader_commit=2)
39964.2ms Leader 2 SENDING AppendEntries to vehicle 5 (n_entries=3, leader_commit=2)
39964.2ms Leader 2 SENDING AppendEntries to vehicle 6 (n_entries=3, leader_commit=2)
39964.2ms Leader 2 SENDING AppendEntries to vehicle 7 (n_entries=0, leader_commit=2)
39965.4ms Vehicle 7 RECEIVED AppendEntries from 2 (n_entries=0, leader_commit=2)
39966.9ms Vehicle 0 RECEIVED AppendEntries from 2 (n_entries=0, leader_commit=2)
39967.2ms Vehicle 1 RECEIVED AppendEntries from 2 (n_entries=0, leader_commit=2)
40104.2ms Leader 2 SENDING AppendEntries to vehicle 0 (n_entries=0, leader_commit=2)
40104.2ms Leader 2 SENDING AppendEntries to vehicle 1 (n_entries=0, leader_commit=2)
40104.2ms Leader 2 SENDING AppendEntries to vehicle 4 (n_entries=3, leader_commit=2)
40104.2ms Leader 2 SENDING AppendEntries to vehicle 5 (n_entries=3, leader_commit=2)
40104.2ms Leader 2 SENDING AppendEntries to vehicle 6 (n_entries=3, leader_commit=2)
40104.2ms Leader 2 SENDING AppendEntries to vehicle 7 (n_entries=0, leader_commit=2)
40108.8ms Vehicle 1 RECEIVED AppendEntries from 2 (n_entries=0, leader_commit=2)
40109.1ms Vehicle 7 RECEIVED AppendEntries from 2 (n_entries=0, leader_commit=2)
40244.2ms Leader 2 SENDING AppendEntries to vehicle 0 (n_entries=0, leader_commit=2)
40244.2ms Leader 2 SENDING AppendEntries to vehicle 1 (n_entries=0, leader_commit=2)
40244.2ms Leader 2 SENDING AppendEntries to vehicle 4 (n_entries=3, leader_commit=2)
40244.2ms Leader 2 SENDING AppendEntries to vehicle 5 (n_entries=3, leader_commit=2)
40244.2ms Leader 2 SENDING AppendEntries to vehicle 6 (n_entries=3, leader_commit=2)
40244.2ms Leader 2 SENDING AppendEntries to vehicle 7 (n_entries=0, leader_commit=2)
40245.8ms Vehicle 7 RECEIVED AppendEntries from 2 (n_entries=0, leader_commit=2)
40246.4ms Vehicle 1 RECEIVED AppendEntries from 2 (n_entries=0, leader_commit=2)
40248.7ms Vehicle 0 RECEIVED AppendEntries from 2 (n_entries=0, leader_commit=2)
40384.2ms Leader 2 SENDING AppendEntries to vehicle 0 (n_entries=0, leader_commit=2)
40384.2ms Leader 2 SENDING AppendEntries to vehicle 1 (n_entries=0, leader_commit=2)
40384.2ms Leader 2 SENDING AppendEntries to vehicle 4 (n_entries=3, leader_commit=2)
40384.2ms Leader 2 SENDING AppendEntries to vehicle 5 (n_entries=3, leader_commit=2)
40384.2ms Leader 2 SENDING AppendEntries to vehicle 6 (n_entries=3, leader_commit=2)
40384.2ms Leader 2 SENDING AppendEntries to vehicle 7 (n_entries=0, leader_commit=2)
40387.6ms Vehicle 0 RECEIVED AppendEntries from 2 (n_entries=0, leader_commit=2)
40389.1ms Vehicle 7 RECEIVED AppendEntries from 2 (n_entries=0, leader_commit=2)
40389.4ms Vehicle 1 RECEIVED AppendEntries from 2 (n_entries=0, leader_commit=2)
40524.2ms Leader 2 SENDING AppendEntries to vehicle 0 (n_entries=0, leader_commit=2)
40524.2ms Leader 2 SENDING AppendEntries to vehicle 1 (n_entries=0, leader_commit=2)
40524.2ms Leader 2 SENDING AppendEntries to vehicle 4 (n_entries=3, leader_commit=2)
40524.2ms Leader 2 SENDING AppendEntries to vehicle 5 (n_entries=3, leader_commit=2)
40524.2ms Leader 2 SENDING AppendEntries to vehicle 6 (n_entries=3, leader_commit=2)
40524.2ms Leader 2 SENDING AppendEntries to vehicle 7 (n_entries=0, leader_commit=2)
40526.1ms Vehicle 1 RECEIVED AppendEntries from 2 (n_entries=0, leader_commit=2)
40526.4ms Vehicle 0 RECEIVED AppendEntries from 2 (n_entries=0, leader_commit=2)
40527.9ms Vehicle 7 RECEIVED AppendEntries from 2 (n_entries=0, leader_commit=2)
40664.2ms Leader 2 SENDING AppendEntries to vehicle 0 (n_entries=0, leader_commit=2)
40664.2ms Leader 2 SENDING AppendEntries to vehicle 1 (n_entries=0, leader_commit=2)
40664.2ms Leader 2 SENDING AppendEntries to vehicle 4 (n_entries=3, leader_commit=2)
40664.2ms Leader 2 SENDING AppendEntries to vehicle 5 (n_entries=3, leader_commit=2)
40664.2ms Leader 2 SENDING AppendEntries to vehicle 6 (n_entries=3, leader_commit=2)
40664.2ms Leader 2 SENDING AppendEntries to vehicle 7 (n_entries=0, leader_commit=2)
40665.6ms Vehicle 0 RECEIVED AppendEntries from 2 (n_entries=0, leader_commit=2)
40666.9ms Vehicle 7 RECEIVED AppendEntries from 2 (n_entries=0, leader_commit=2)
40667.7ms Vehicle 1 RECEIVED AppendEntries from 2 (n_entries=0, leader_commit=2)
40804.2ms Leader 2 SENDING AppendEntries to vehicle 0 (n_entries=0, leader_commit=2)
40804.2ms Leader 2 SENDING AppendEntries to vehicle 1 (n_entries=0, leader_commit=2)
40804.2ms Leader 2 SENDING AppendEntries to vehicle 4 (n_entries=3, leader_commit=2)
40804.2ms Leader 2 SENDING AppendEntries to vehicle 5 (n_entries=3, leader_commit=2)
40804.2ms Leader 2 SENDING AppendEntries to vehicle 6 (n_entries=3, leader_commit=2)
40804.2ms Leader 2 SENDING AppendEntries to vehicle 7 (n_entries=0, leader_commit=2)
40808.1ms Vehicle 7 RECEIVED AppendEntries from 2 (n_entries=0, leader_commit=2)
40808.7ms Vehicle 0 RECEIVED AppendEntries from 2 (n_entries=0, leader_commit=2)
40809.0ms Vehicle 1 RECEIVED AppendEntries from 2 (n_entries=0, leader_commit=2)
40944.2ms Leader 2 SENDING AppendEntries to vehicle 0 (n_entries=0, leader_commit=2)
40944.2ms Leader 2 SENDING AppendEntries to vehicle 1 (n_entries=0, leader_commit=2)
40944.2ms Leader 2 SENDING AppendEntries to vehicle 4 (n_entries=3, leader_commit=2)
40944.2ms Leader 2 SENDING AppendEntries to vehicle 5 (n_entries=3, leader_commit=2)
40944.2ms Leader 2 SENDING AppendEntries to vehicle 6 (n_entries=3, leader_commit=2)
40944.2ms Leader 2 SENDING AppendEntries to vehicle 7 (n_entries=0, leader_commit=2)
40947.9ms Vehicle 7 RECEIVED AppendEntries from 2 (n_entries=0, leader_commit=2)
40948.5ms Vehicle 0 RECEIVED AppendEntries from 2 (n_entries=0, leader_commit=2)
40948.8ms Vehicle 1 RECEIVED AppendEntries from 2 (n_entries=0, leader_commit=2)
41084.2ms Leader 2 SENDING AppendEntries to vehicle 0 (n_entries=0, leader_commit=2)
41084.2ms Leader 2 SENDING AppendEntries to vehicle 1 (n_entries=0, leader_commit=2)
41084.2ms Leader 2 SENDING AppendEntries to vehicle 4 (n_entries=3, leader_commit=2)
41084.2ms Leader 2 SENDING AppendEntries to vehicle 5 (n_entries=3, leader_commit=2)
41084.2ms Leader 2 SENDING AppendEntries to vehicle 6 (n_entries=3, leader_commit=2)
41084.2ms Leader 2 SENDING AppendEntries to vehicle 7 (n_entries=0, leader_commit=2)
41086.5ms Vehicle 7 RECEIVED AppendEntries from 2 (n_entries=0, leader_commit=2)
41088.0ms Vehicle 1 RECEIVED AppendEntries from 2 (n_entries=0, leader_commit=2)
41088.5ms Vehicle 0 RECEIVED AppendEntries from 2 (n_entries=0, leader_commit=2)
41224.2ms Leader 2 SENDING AppendEntries to vehicle 0 (n_entries=0, leader_commit=2)
41224.2ms Leader 2 SENDING AppendEntries to vehicle 1 (n_entries=0, leader_commit=2)
41224.2ms Leader 2 SENDING AppendEntries to vehicle 4 (n_entries=3, leader_commit=2)
41224.2ms Leader 2 SENDING AppendEntries to vehicle 5 (n_entries=3, leader_commit=2)
41224.2ms Leader 2 SENDING AppendEntries to vehicle 6 (n_entries=3, leader_commit=2)
41224.2ms Leader 2 SENDING AppendEntries to vehicle 7 (n_entries=0, leader_commit=2)
41225.9ms Vehicle 0 RECEIVED AppendEntries from 2 (n_entries=0, leader_commit=2)
41227.8ms Vehicle 1 RECEIVED AppendEntries from 2 (n_entries=0, leader_commit=2)
41228.4ms Vehicle 7 RECEIVED AppendEntries from 2 (n_entries=0, leader_commit=2)
41364.2ms Leader 2 SENDING AppendEntries to vehicle 0 (n_entries=0, leader_commit=2)
41364.2ms Leader 2 SENDING AppendEntries to vehicle 1 (n_entries=0, leader_commit=2)
41364.2ms Leader 2 SENDING AppendEntries to vehicle 4 (n_entries=3, leader_commit=2)
41364.2ms Leader 2 SENDING AppendEntries to vehicle 5 (n_entries=3, leader_commit=2)
41364.2ms Leader 2 SENDING AppendEntries to vehicle 6 (n_entries=3, leader_commit=2)
41364.2ms Leader 2 SENDING AppendEntries to vehicle 7 (n_entries=0, leader_commit=2)
41366.8ms Vehicle 7 RECEIVED AppendEntries from 2 (n_entries=0, leader_commit=2)
41367.5ms Vehicle 0 RECEIVED AppendEntries from 2 (n_entries=0, leader_commit=2)
41368.0ms Vehicle 1 RECEIVED AppendEntries from 2 (n_entries=0, leader_commit=2)
41504.2ms Leader 2 SENDING AppendEntries to vehicle 0 (n_entries=0, leader_commit=2)
41504.2ms Leader 2 SENDING AppendEntries to vehicle 1 (n_entries=0, leader_commit=2)
41504.2ms Leader 2 SENDING AppendEntries to vehicle 4 (n_entries=3, leader_commit=2)
41504.2ms Leader 2 SENDING AppendEntries to vehicle 5 (n_entries=3, leader_commit=2)
41504.2ms Leader 2 SENDING AppendEntries to vehicle 6 (n_entries=3, leader_commit=2)
41504.2ms Leader 2 SENDING AppendEntries to vehicle 7 (n_entries=0, leader_commit=2)
41508.0ms Vehicle 0 RECEIVED AppendEntries from 2 (n_entries=0, leader_commit=2)
41508.4ms Vehicle 1 RECEIVED AppendEntries from 2 (n_entries=0, leader_commit=2)
41508.8ms Vehicle 7 RECEIVED AppendEntries from 2 (n_entries=0, leader_commit=2)
41644.2ms Leader 2 SENDING AppendEntries to vehicle 0 (n_entries=0, leader_commit=2)
41644.2ms Leader 2 SENDING AppendEntries to vehicle 1 (n_entries=0, leader_commit=2)
41644.2ms Leader 2 SENDING AppendEntries to vehicle 4 (n_entries=3, leader_commit=2)
41644.2ms Leader 2 SENDING AppendEntries to vehicle 5 (n_entries=3, leader_commit=2)
41644.2ms Leader 2 SENDING AppendEntries to vehicle 6 (n_entries=3, leader_commit=2)
41644.2ms Leader 2 SENDING AppendEntries to vehicle 7 (n_entries=0, leader_commit=2)
41647.1ms Vehicle 7 RECEIVED AppendEntries from 2 (n_entries=0, leader_commit=2)
41647.5ms Vehicle 1 RECEIVED AppendEntries from 2 (n_entries=0, leader_commit=2)
41648.2ms Vehicle 0 RECEIVED AppendEntries from 2 (n_entries=0, leader_commit=2)
41784.2ms Leader 2 SENDING AppendEntries to vehicle 0 (n_entries=0, leader_commit=2)
41784.2ms Leader 2 SENDING AppendEntries to vehicle 1 (n_entries=0, leader_commit=2)
41784.2ms Leader 2 SENDING AppendEntries to vehicle 4 (n_entries=3, leader_commit=2)
41784.2ms Leader 2 SENDING AppendEntries to vehicle 5 (n_entries=3, leader_commit=2)
41784.2ms Leader 2 SENDING AppendEntries to vehicle 6 (n_entries=3, leader_commit=2)
41784.2ms Leader 2 SENDING AppendEntries to vehicle 7 (n_entries=0, leader_commit=2)
41786.7ms Vehicle 1 RECEIVED AppendEntries from 2 (n_entries=0, leader_commit=2)
41787.1ms Vehicle 0 RECEIVED AppendEntries from 2 (n_entries=0, leader_commit=2)
41789.1ms Vehicle 7 RECEIVED AppendEntries from 2 (n_entries=0, leader_commit=2)
41924.2ms Leader 2 SENDING AppendEntries to vehicle 0 (n_entries=0, leader_commit=2)
41924.2ms Leader 2 SENDING AppendEntries to vehicle 1 (n_entries=0, leader_commit=2)
41924.2ms Leader 2 SENDING AppendEntries to vehicle 4 (n_entries=3, leader_commit=2)
41924.2ms Leader 2 SENDING AppendEntries to vehicle 5 (n_entries=3, leader_commit=2)
41924.2ms Leader 2 SENDING AppendEntries to vehicle 6 (n_entries=3, leader_commit=2)
41924.2ms Leader 2 SENDING AppendEntries to vehicle 7 (n_entries=0, leader_commit=2)
41925.6ms Vehicle 7 RECEIVED AppendEntries from 2 (n_entries=0, leader_commit=2)
41925.9ms Vehicle 1 RECEIVED AppendEntries from 2 (n_entries=0, leader_commit=2)
41929.1ms Vehicle 0 RECEIVED AppendEntries from 2 (n_entries=0, leader_commit=2)
42064.2ms Leader 2 SENDING AppendEntries to vehicle 0 (n_entries=0, leader_commit=2)
42064.2ms Leader 2 SENDING AppendEntries to vehicle 1 (n_entries=0, leader_commit=2)
42064.2ms Leader 2 SENDING AppendEntries to vehicle 4 (n_entries=3, leader_commit=2)
42064.2ms Leader 2 SENDING AppendEntries to vehicle 5 (n_entries=3, leader_commit=2)
42064.2ms Leader 2 SENDING AppendEntries to vehicle 6 (n_entries=3, leader_commit=2)
42064.2ms Leader 2 SENDING AppendEntries to vehicle 7 (n_entries=0, leader_commit=2)
42065.6ms Vehicle 0 RECEIVED AppendEntries from 2 (n_entries=0, leader_commit=2)
42066.3ms Vehicle 1 RECEIVED AppendEntries from 2 (n_entries=0, leader_commit=2)
42069.4ms Vehicle 7 RECEIVED AppendEntries from 2 (n_entries=0, leader_commit=2)
42204.2ms Leader 2 SENDING AppendEntries to vehicle 0 (n_entries=0, leader_commit=2)
42204.2ms Leader 2 SENDING AppendEntries to vehicle 1 (n_entries=0, leader_commit=2)
42204.2ms Leader 2 SENDING AppendEntries to vehicle 4 (n_entries=3, leader_commit=2)
42204.2ms Leader 2 SENDING AppendEntries to vehicle 5 (n_entries=3, leader_commit=2)
42204.2ms Leader 2 SENDING AppendEntries to vehicle 6 (n_entries=3, leader_commit=2)
42204.2ms Leader 2 SENDING AppendEntries to vehicle 7 (n_entries=0, leader_commit=2)
42208.5ms Vehicle 1 RECEIVED AppendEntries from 2 (n_entries=0, leader_commit=2)
42209.0ms Vehicle 0 RECEIVED AppendEntries from 2 (n_entries=0, leader_commit=2)
42209.3ms Vehicle 7 RECEIVED AppendEntries from 2 (n_entries=0, leader_commit=2)
42344.2ms Leader 2 SENDING AppendEntries to vehicle 0 (n_entries=0, leader_commit=2)
42344.2ms Leader 2 SENDING AppendEntries to vehicle 1 (n_entries=0, leader_commit=2)
42344.2ms Leader 2 SENDING AppendEntries to vehicle 4 (n_entries=3, leader_commit=2)
42344.2ms Leader 2 SENDING AppendEntries to vehicle 5 (n_entries=3, leader_commit=2)
42344.2ms Leader 2 SENDING AppendEntries to vehicle 6 (n_entries=3, leader_commit=2)
42344.2ms Leader 2 SENDING AppendEntries to vehicle 7 (n_entries=0, leader_commit=2)
42346.1ms Vehicle 7 RECEIVED AppendEntries from 2 (n_entries=0, leader_commit=2)
42346.8ms Vehicle 0 RECEIVED AppendEntries from 2 (n_entries=0, leader_commit=2)
42349.3ms Vehicle 1 RECEIVED AppendEntries from 2 (n_entries=0, leader_commit=2)
42484.2ms Leader 2 SENDING AppendEntries to vehicle 0 (n_entries=0, leader_commit=2)
42484.2ms Leader 2 SENDING AppendEntries to vehicle 1 (n_entries=0, leader_commit=2)
42484.2ms Leader 2 SENDING AppendEntries to vehicle 4 (n_entries=3, leader_commit=2)
42484.2ms Leader 2 SENDING AppendEntries to vehicle 5 (n_entries=3, leader_commit=2)
42484.2ms Leader 2 SENDING AppendEntries to vehicle 6 (n_entries=3, leader_commit=2)
42484.2ms Leader 2 SENDING AppendEntries to vehicle 7 (n_entries=0, leader_commit=2)
42486.2ms Vehicle 0 RECEIVED AppendEntries from 2 (n_entries=0, leader_commit=2)
42488.7ms Vehicle 7 RECEIVED AppendEntries from 2 (n_entries=0, leader_commit=2)
42489.0ms Vehicle 1 RECEIVED AppendEntries from 2 (n_entries=0, leader_commit=2)
42624.2ms Leader 2 SENDING AppendEntries to vehicle 0 (n_entries=0, leader_commit=2)
42624.2ms Leader 2 SENDING AppendEntries to vehicle 1 (n_entries=0, leader_commit=2)
42624.2ms Leader 2 SENDING AppendEntries to vehicle 4 (n_entries=3, leader_commit=2)
42624.2ms Leader 2 SENDING AppendEntries to vehicle 5 (n_entries=3, leader_commit=2)
42624.2ms Leader 2 SENDING AppendEntries to vehicle 6 (n_entries=3, leader_commit=2)
42624.2ms Leader 2 SENDING AppendEntries to vehicle 7 (n_entries=0, leader_commit=2)
42625.4ms Vehicle 7 RECEIVED AppendEntries from 2 (n_entries=0, leader_commit=2)
42625.7ms Vehicle 0 RECEIVED AppendEntries from 2 (n_entries=0, leader_commit=2)
42627.1ms Vehicle 1 RECEIVED AppendEntries from 2 (n_entries=0, leader_commit=2)
42764.2ms Leader 2 SENDING AppendEntries to vehicle 0 (n_entries=0, leader_commit=2)
42764.2ms Leader 2 SENDING AppendEntries to vehicle 1 (n_entries=0, leader_commit=2)
42764.2ms Leader 2 SENDING AppendEntries to vehicle 4 (n_entries=3, leader_commit=2)
42764.2ms Leader 2 SENDING AppendEntries to vehicle 5 (n_entries=3, leader_commit=2)
42764.2ms Leader 2 SENDING AppendEntries to vehicle 6 (n_entries=3, leader_commit=2)
42764.2ms Leader 2 SENDING AppendEntries to vehicle 7 (n_entries=0, leader_commit=2)
42765.5ms Vehicle 1 RECEIVED AppendEntries from 2 (n_entries=0, leader_commit=2)
42768.4ms Vehicle 0 RECEIVED AppendEntries from 2 (n_entries=0, leader_commit=2)
42768.7ms Vehicle 7 RECEIVED AppendEntries from 2 (n_entries=0, leader_commit=2)
42904.2ms Leader 2 SENDING AppendEntries to vehicle 0 (n_entries=0, leader_commit=2)
42904.2ms Leader 2 SENDING AppendEntries to vehicle 1 (n_entries=0, leader_commit=2)
42904.2ms Leader 2 SENDING AppendEntries to vehicle 4 (n_entries=3, leader_commit=2)
42904.2ms Leader 2 SENDING AppendEntries to vehicle 5 (n_entries=3, leader_commit=2)
42904.2ms Leader 2 SENDING AppendEntries to vehicle 6 (n_entries=3, leader_commit=2)
42904.2ms Leader 2 SENDING AppendEntries to vehicle 7 (n_entries=0, leader_commit=2)
42907.5ms Vehicle 0 RECEIVED AppendEntries from 2 (n_entries=0, leader_commit=2)
42909.3ms Vehicle 1 RECEIVED AppendEntries from 2 (n_entries=0, leader_commit=2)
43044.2ms Leader 2 SENDING AppendEntries to vehicle 0 (n_entries=0, leader_commit=2)
43044.2ms Leader 2 SENDING AppendEntries to vehicle 1 (n_entries=0, leader_commit=2)
43044.2ms Leader 2 SENDING AppendEntries to vehicle 4 (n_entries=3, leader_commit=2)
43044.2ms Leader 2 SENDING AppendEntries to vehicle 5 (n_entries=3, leader_commit=2)
43044.2ms Leader 2 SENDING AppendEntries to vehicle 6 (n_entries=3, leader_commit=2)
43044.2ms Leader 2 SENDING AppendEntries to vehicle 7 (n_entries=0, leader_commit=2)
43045.5ms Vehicle 7 RECEIVED AppendEntries from 2 (n_entries=0, leader_commit=2)
43047.3ms Vehicle 0 RECEIVED AppendEntries from 2 (n_entries=0, leader_commit=2)
43184.2ms Leader 2 SENDING AppendEntries to vehicle 0 (n_entries=0, leader_commit=2)
43184.2ms Leader 2 SENDING AppendEntries to vehicle 1 (n_entries=0, leader_commit=2)
43184.2ms Leader 2 SENDING AppendEntries to vehicle 4 (n_entries=3, leader_commit=2)
43184.2ms Leader 2 SENDING AppendEntries to vehicle 5 (n_entries=3, leader_commit=2)
43184.2ms Leader 2 SENDING AppendEntries to vehicle 6 (n_entries=3, leader_commit=2)
43184.2ms Leader 2 SENDING AppendEntries to vehicle 7 (n_entries=0, leader_commit=2)
43188.2ms Vehicle 7 RECEIVED AppendEntries from 2 (n_entries=0, leader_commit=2)
43188.5ms Vehicle 1 RECEIVED AppendEntries from 2 (n_entries=0, leader_commit=2)
43189.1ms Vehicle 0 RECEIVED AppendEntries from 2 (n_entries=0, leader_commit=2)
43324.2ms Leader 2 SENDING AppendEntries to vehicle 0 (n_entries=0, leader_commit=2)
43324.2ms Leader 2 SENDING AppendEntries to vehicle 1 (n_entries=0, leader_commit=2)
43324.2ms Leader 2 SENDING AppendEntries to vehicle 4 (n_entries=3, leader_commit=2)
43324.2ms Leader 2 SENDING AppendEntries to vehicle 5 (n_entries=3, leader_commit=2)
43324.2ms Leader 2 SENDING AppendEntries to vehicle 6 (n_entries=3, leader_commit=2)
43324.2ms Leader 2 SENDING AppendEntries to vehicle 7 (n_entries=0, leader_commit=2)
43326.9ms Vehicle 1 RECEIVED AppendEntries from 2 (n_entries=0, leader_commit=2)
43328.9ms Vehicle 0 RECEIVED AppendEntries from 2 (n_entries=0, leader_commit=2)
43329.6ms Vehicle 7 RECEIVED AppendEntries from 2 (n_entries=0, leader_commit=2)
43464.2ms Leader 2 SENDING AppendEntries to vehicle 0 (n_entries=0, leader_commit=2)
43464.2ms Leader 2 SENDING AppendEntries to vehicle 1 (n_entries=0, leader_commit=2)
43464.2ms Leader 2 SENDING AppendEntries to vehicle 4 (n_entries=3, leader_commit=2)
43464.2ms Leader 2 SENDING AppendEntries to vehicle 5 (n_entries=3, leader_commit=2)
43464.2ms Leader 2 SENDING AppendEntries to vehicle 6 (n_entries=3, leader_commit=2)
43464.2ms Leader 2 SENDING AppendEntries to vehicle 7 (n_entries=0, leader_commit=2)
43466.0ms Vehicle 1 RECEIVED AppendEntries from 2 (n_entries=0, leader_commit=2)
43466.3ms Vehicle 0 RECEIVED AppendEntries from 2 (n_entries=0, leader_commit=2)
43469.3ms Vehicle 7 RECEIVED AppendEntries from 2 (n_entries=0, leader_commit=2)
43604.2ms Leader 2 SENDING AppendEntries to vehicle 0 (n_entries=0, leader_commit=2)
43604.2ms Leader 2 SENDING AppendEntries to vehicle 1 (n_entries=0, leader_commit=2)
43604.2ms Leader 2 SENDING AppendEntries to vehicle 4 (n_entries=3, leader_commit=2)
43604.2ms Leader 2 SENDING AppendEntries to vehicle 5 (n_entries=3, leader_commit=2)
43604.2ms Leader 2 SENDING AppendEntries to vehicle 6 (n_entries=3, leader_commit=2)
43604.2ms Leader 2 SENDING AppendEntries to vehicle 7 (n_entries=0, leader_commit=2)
43605.4ms Vehicle 1 RECEIVED AppendEntries from 2 (n_entries=0, leader_commit=2)
43608.0ms Vehicle 0 RECEIVED AppendEntries from 2 (n_entries=0, leader_commit=2)
43609.1ms Vehicle 7 RECEIVED AppendEntries from 2 (n_entries=0, leader_commit=2)
43744.2ms Leader 2 SENDING AppendEntries to vehicle 0 (n_entries=0, leader_commit=2)
43744.2ms Leader 2 SENDING AppendEntries to vehicle 1 (n_entries=0, leader_commit=2)
43744.2ms Leader 2 SENDING AppendEntries to vehicle 4 (n_entries=3, leader_commit=2)
43744.2ms Leader 2 SENDING AppendEntries to vehicle 5 (n_entries=3, leader_commit=2)
43744.2ms Leader 2 SENDING AppendEntries to vehicle 6 (n_entries=3, leader_commit=2)
43744.2ms Leader 2 SENDING AppendEntries to vehicle 7 (n_entries=0, leader_commit=2)
43748.1ms Vehicle 0 RECEIVED AppendEntries from 2 (n_entries=0, leader_commit=2)
43749.4ms Vehicle 1 RECEIVED AppendEntries from 2 (n_entries=0, leader_commit=2)
43749.7ms Vehicle 7 RECEIVED AppendEntries from 2 (n_entries=0, leader_commit=2)
43884.2ms Leader 2 SENDING AppendEntries to vehicle 0 (n_entries=0, leader_commit=2)
43884.2ms Leader 2 SENDING AppendEntries to vehicle 1 (n_entries=0, leader_commit=2)
43884.2ms Leader 2 SENDING AppendEntries to vehicle 4 (n_entries=3, leader_commit=2)
43884.2ms Leader 2 SENDING AppendEntries to vehicle 5 (n_entries=3, leader_commit=2)
43884.2ms Leader 2 SENDING AppendEntries to vehicle 6 (n_entries=3, leader_commit=2)
43884.2ms Leader 2 SENDING AppendEntries to vehicle 7 (n_entries=0, leader_commit=2)
43887.3ms Vehicle 1 RECEIVED AppendEntries from 2 (n_entries=0, leader_commit=2)
43888.0ms Vehicle 7 RECEIVED AppendEntries from 2 (n_entries=0, leader_commit=2)
43888.3ms Vehicle 0 RECEIVED AppendEntries from 2 (n_entries=0, leader_commit=2)
44024.2ms Leader 2 SENDING AppendEntries to vehicle 0 (n_entries=0, leader_commit=2)
44024.2ms Leader 2 SENDING AppendEntries to vehicle 1 (n_entries=0, leader_commit=2)
44024.2ms Leader 2 SENDING AppendEntries to vehicle 4 (n_entries=3, leader_commit=2)
44024.2ms Leader 2 SENDING AppendEntries to vehicle 5 (n_entries=3, leader_commit=2)
44024.2ms Leader 2 SENDING AppendEntries to vehicle 6 (n_entries=3, leader_commit=2)
44024.2ms Leader 2 SENDING AppendEntries to vehicle 7 (n_entries=0, leader_commit=2)
44025.5ms Vehicle 7 RECEIVED AppendEntries from 2 (n_entries=0, leader_commit=2)
44025.9ms Vehicle 0 RECEIVED AppendEntries from 2 (n_entries=0, leader_commit=2)
44029.5ms Vehicle 1 RECEIVED AppendEntries from 2 (n_entries=0, leader_commit=2)
44164.2ms Leader 2 SENDING AppendEntries to vehicle 0 (n_entries=0, leader_commit=2)
44164.2ms Leader 2 SENDING AppendEntries to vehicle 1 (n_entries=0, leader_commit=2)
44164.2ms Leader 2 SENDING AppendEntries to vehicle 4 (n_entries=3, leader_commit=2)
44164.2ms Leader 2 SENDING AppendEntries to vehicle 5 (n_entries=3, leader_commit=2)
44164.2ms Leader 2 SENDING AppendEntries to vehicle 6 (n_entries=3, leader_commit=2)
44164.2ms Leader 2 SENDING AppendEntries to vehicle 7 (n_entries=0, leader_commit=2)
44166.9ms Vehicle 0 RECEIVED AppendEntries from 2 (n_entries=0, leader_commit=2)
44168.3ms Vehicle 1 RECEIVED AppendEntries from 2 (n_entries=0, leader_commit=2)
44169.6ms Vehicle 7 RECEIVED AppendEntries from 2 (n_entries=0, leader_commit=2)
44304.2ms Leader 2 SENDING AppendEntries to vehicle 0 (n_entries=0, leader_commit=2)
44304.2ms Leader 2 SENDING AppendEntries to vehicle 1 (n_entries=0, leader_commit=2)
44304.2ms Leader 2 SENDING AppendEntries to vehicle 4 (n_entries=3, leader_commit=2)
44304.2ms Leader 2 SENDING AppendEntries to vehicle 5 (n_entries=3, leader_commit=2)
44304.2ms Leader 2 SENDING AppendEntries to vehicle 6 (n_entries=3, leader_commit=2)
44304.2ms Leader 2 SENDING AppendEntries to vehicle 7 (n_entries=0, leader_commit=2)
44305.8ms Vehicle 1 RECEIVED AppendEntries from 2 (n_entries=0, leader_commit=2)
44306.1ms Vehicle 7 RECEIVED AppendEntries from 2 (n_entries=0, leader_commit=2)
44306.9ms Vehicle 0 RECEIVED AppendEntries from 2 (n_entries=0, leader_commit=2)
44444.2ms Leader 2 SENDING AppendEntries to vehicle 0 (n_entries=0, leader_commit=2)
44444.2ms Leader 2 SENDING AppendEntries to vehicle 1 (n_entries=0, leader_commit=2)
44444.2ms Leader 2 SENDING AppendEntries to vehicle 4 (n_entries=3, leader_commit=2)
44444.2ms Leader 2 SENDING AppendEntries to vehicle 5 (n_entries=3, leader_commit=2)
44444.2ms Leader 2 SENDING AppendEntries to vehicle 6 (n_entries=3, leader_commit=2)
44444.2ms Leader 2 SENDING AppendEntries to vehicle 7 (n_entries=0, leader_commit=2)
44448.0ms Vehicle 7 RECEIVED AppendEntries from 2 (n_entries=0, leader_commit=2)
44448.3ms Vehicle 1 RECEIVED AppendEntries from 2 (n_entries=0, leader_commit=2)
44449.3ms Vehicle 0 RECEIVED AppendEntries from 2 (n_entries=0, leader_commit=2)
44584.2ms Leader 2 SENDING AppendEntries to vehicle 0 (n_entries=0, leader_commit=2)
44584.2ms Leader 2 SENDING AppendEntries to vehicle 1 (n_entries=0, leader_commit=2)
44584.2ms Leader 2 SENDING AppendEntries to vehicle 4 (n_entries=3, leader_commit=2)
44584.2ms Leader 2 SENDING AppendEntries to vehicle 5 (n_entries=3, leader_commit=2)
44584.2ms Leader 2 SENDING AppendEntries to vehicle 6 (n_entries=3, leader_commit=2)
44584.2ms Leader 2 SENDING AppendEntries to vehicle 7 (n_entries=0, leader_commit=2)
44587.9ms Vehicle 0 RECEIVED AppendEntries from 2 (n_entries=0, leader_commit=2)
44588.6ms Vehicle 1 RECEIVED AppendEntries from 2 (n_entries=0, leader_commit=2)
44589.2ms Vehicle 7 RECEIVED AppendEntries from 2 (n_entries=0, leader_commit=2)
44724.2ms Leader 2 SENDING AppendEntries to vehicle 0 (n_entries=0, leader_commit=2)
44724.2ms Leader 2 SENDING AppendEntries to vehicle 1 (n_entries=0, leader_commit=2)
44724.2ms Leader 2 SENDING AppendEntries to vehicle 4 (n_entries=3, leader_commit=2)
44724.2ms Leader 2 SENDING AppendEntries to vehicle 5 (n_entries=3, leader_commit=2)
44724.2ms Leader 2 SENDING AppendEntries to vehicle 6 (n_entries=3, leader_commit=2)
44724.2ms Leader 2 SENDING AppendEntries to vehicle 7 (n_entries=0, leader_commit=2)
44725.8ms Vehicle 0 RECEIVED AppendEntries from 2 (n_entries=0, leader_commit=2)
44727.0ms Vehicle 7 RECEIVED AppendEntries from 2 (n_entries=0, leader_commit=2)
44727.8ms Vehicle 1 RECEIVED AppendEntries from 2 (n_entries=0, leader_commit=2)
44864.2ms Leader 2 SENDING AppendEntries to vehicle 0 (n_entries=0, leader_commit=2)
44864.2ms Leader 2 SENDING AppendEntries to vehicle 1 (n_entries=0, leader_commit=2)
44864.2ms Leader 2 SENDING AppendEntries to vehicle 4 (n_entries=3, leader_commit=2)
44864.2ms Leader 2 SENDING AppendEntries to vehicle 5 (n_entries=3, leader_commit=2)
44864.2ms Leader 2 SENDING AppendEntries to vehicle 6 (n_entries=3, leader_commit=2)
44864.2ms Leader 2 SENDING AppendEntries to vehicle 7 (n_entries=0, leader_commit=2)
44865.4ms Vehicle 0 RECEIVED AppendEntries from 2 (n_entries=0, leader_commit=2)
44867.5ms Vehicle 1 RECEIVED AppendEntries from 2 (n_entries=0, leader_commit=2)
44868.6ms Vehicle 7 RECEIVED AppendEntries from 2 (n_entries=0, leader_commit=2)
45004.2ms Leader 2 SENDING AppendEntries to vehicle 0 (n_entries=0, leader_commit=2)
45004.2ms Leader 2 SENDING AppendEntries to vehicle 1 (n_entries=0, leader_commit=2)
45004.2ms Leader 2 SENDING AppendEntries to vehicle 4 (n_entries=3, leader_commit=2)
45004.2ms Leader 2 SENDING AppendEntries to vehicle 5 (n_entries=3, leader_commit=2)
45004.2ms Leader 2 SENDING AppendEntries to vehicle 6 (n_entries=3, leader_commit=2)
45004.2ms Leader 2 SENDING AppendEntries to vehicle 7 (n_entries=0, leader_commit=2)
45006.0ms Vehicle 1 RECEIVED AppendEntries from 2 (n_entries=0, leader_commit=2)
45006.7ms Vehicle 0 RECEIVED AppendEntries from 2 (n_entries=0, leader_commit=2)
45007.3ms Vehicle 7 RECEIVED AppendEntries from 2 (n_entries=0, leader_commit=2)
45144.2ms Leader 2 SENDING AppendEntries to vehicle 0 (n_entries=0, leader_commit=2)
45144.2ms Leader 2 SENDING AppendEntries to vehicle 1 (n_entries=0, leader_commit=2)
45144.2ms Leader 2 SENDING AppendEntries to vehicle 4 (n_entries=3, leader_commit=2)
45144.2ms Leader 2 SENDING AppendEntries to vehicle 5 (n_entries=3, leader_commit=2)
45144.2ms Leader 2 SENDING AppendEntries to vehicle 6 (n_entries=3, leader_commit=2)
45144.2ms Leader 2 SENDING AppendEntries to vehicle 7 (n_entries=0, leader_commit=2)
45146.3ms Vehicle 7 RECEIVED AppendEntries from 2 (n_entries=0, leader_commit=2)
45148.7ms Vehicle 0 RECEIVED AppendEntries from 2 (n_entries=0, leader_commit=2)
45149.3ms Vehicle 1 RECEIVED AppendEntries from 2 (n_entries=0, leader_commit=2)
45284.2ms Leader 2 SENDING AppendEntries to vehicle 0 (n_entries=0, leader_commit=2)
45284.2ms Leader 2 SENDING AppendEntries to vehicle 1 (n_entries=0, leader_commit=2)
45284.2ms Leader 2 SENDING AppendEntries to vehicle 4 (n_entries=3, leader_commit=2)
45284.2ms Leader 2 SENDING AppendEntries to vehicle 5 (n_entries=3, leader_commit=2)
45284.2ms Leader 2 SENDING AppendEntries to vehicle 6 (n_entries=3, leader_commit=2)
45284.2ms Leader 2 SENDING AppendEntries to vehicle 7 (n_entries=0, leader_commit=2)
45285.6ms Vehicle 1 RECEIVED AppendEntries from 2 (n_entries=0, leader_commit=2)
45286.4ms Vehicle 7 RECEIVED AppendEntries from 2 (n_entries=0, leader_commit=2)
45286.9ms Vehicle 0 RECEIVED AppendEntries from 2 (n_entries=0, leader_commit=2)
45424.2ms Leader 2 SENDING AppendEntries to vehicle 0 (n_entries=0, leader_commit=2)
45424.2ms Leader 2 SENDING AppendEntries to vehicle 1 (n_entries=0, leader_commit=2)
45424.2ms Leader 2 SENDING AppendEntries to vehicle 4 (n_entries=3, leader_commit=2)
45424.2ms Leader 2 SENDING AppendEntries to vehicle 5 (n_entries=3, leader_commit=2)
45424.2ms Leader 2 SENDING AppendEntries to vehicle 6 (n_entries=3, leader_commit=2)
45424.2ms Leader 2 SENDING AppendEntries to vehicle 7 (n_entries=0, leader_commit=2)
45426.1ms Vehicle 0 RECEIVED AppendEntries from 2 (n_entries=0, leader_commit=2)
45428.0ms Vehicle 7 RECEIVED AppendEntries from 2 (n_entries=0, leader_commit=2)
45428.7ms Vehicle 1 RECEIVED AppendEntries from 2 (n_entries=0, leader_commit=2)
45564.2ms Leader 2 SENDING AppendEntries to vehicle 0 (n_entries=0, leader_commit=2)
45564.2ms Leader 2 SENDING AppendEntries to vehicle 1 (n_entries=0, leader_commit=2)
45564.2ms Leader 2 SENDING AppendEntries to vehicle 4 (n_entries=3, leader_commit=2)
45564.2ms Leader 2 SENDING AppendEntries to vehicle 5 (n_entries=3, leader_commit=2)
45564.2ms Leader 2 SENDING AppendEntries to vehicle 6 (n_entries=3, leader_commit=2)
45564.2ms Leader 2 SENDING AppendEntries to vehicle 7 (n_entries=0, leader_commit=2)
45566.9ms Vehicle 0 RECEIVED AppendEntries from 2 (n_entries=0, leader_commit=2)
45567.3ms Vehicle 1 RECEIVED AppendEntries from 2 (n_entries=0, leader_commit=2)
45569.6ms Vehicle 7 RECEIVED AppendEntries from 2 (n_entries=0, leader_commit=2)
45704.2ms Leader 2 SENDING AppendEntries to vehicle 0 (n_entries=0, leader_commit=2)
45704.2ms Leader 2 SENDING AppendEntries to vehicle 1 (n_entries=0, leader_commit=2)
45704.2ms Leader 2 SENDING AppendEntries to vehicle 4 (n_entries=3, leader_commit=2)
45704.2ms Leader 2 SENDING AppendEntries to vehicle 5 (n_entries=3, leader_commit=2)
45704.2ms Leader 2 SENDING AppendEntries to vehicle 6 (n_entries=3, leader_commit=2)
45704.2ms Leader 2 SENDING AppendEntries to vehicle 7 (n_entries=0, leader_commit=2)
45706.4ms Vehicle 1 RECEIVED AppendEntries from 2 (n_entries=0, leader_commit=2)
45707.1ms Vehicle 0 RECEIVED AppendEntries from 2 (n_entries=0, leader_commit=2)
45709.0ms Vehicle 7 RECEIVED AppendEntries from 2 (n_entries=0, leader_commit=2)
45844.2ms Leader 2 SENDING AppendEntries to vehicle 0 (n_entries=0, leader_commit=2)
45844.2ms Leader 2 SENDING AppendEntries to vehicle 1 (n_entries=0, leader_commit=2)
45844.2ms Leader 2 SENDING AppendEntries to vehicle 4 (n_entries=3, leader_commit=2)
45844.2ms Leader 2 SENDING AppendEntries to vehicle 5 (n_entries=3, leader_commit=2)
45844.2ms Leader 2 SENDING AppendEntries to vehicle 6 (n_entries=3, leader_commit=2)
45844.2ms Leader 2 SENDING AppendEntries to vehicle 7 (n_entries=0, leader_commit=2)
45845.5ms Vehicle 7 RECEIVED AppendEntries from 2 (n_entries=0, leader_commit=2)
45848.3ms Vehicle 1 RECEIVED AppendEntries from 2 (n_entries=0, leader_commit=2)
45848.6ms Vehicle 0 RECEIVED AppendEntries from 2 (n_entries=0, leader_commit=2)
45984.2ms Leader 2 SENDING AppendEntries to vehicle 0 (n_entries=0, leader_commit=2)
45984.2ms Leader 2 SENDING AppendEntries to vehicle 1 (n_entries=0, leader_commit=2)
45984.2ms Leader 2 SENDING AppendEntries to vehicle 4 (n_entries=3, leader_commit=2)
45984.2ms Leader 2 SENDING AppendEntries to vehicle 5 (n_entries=3, leader_commit=2)
45984.2ms Leader 2 SENDING AppendEntries to vehicle 6 (n_entries=3, leader_commit=2)
45984.2ms Leader 2 SENDING AppendEntries to vehicle 7 (n_entries=0, leader_commit=2)
45987.5ms Vehicle 7 RECEIVED AppendEntries from 2 (n_entries=0, leader_commit=2)
45988.2ms Vehicle 0 RECEIVED AppendEntries from 2 (n_entries=0, leader_commit=2)
45988.5ms Vehicle 1 RECEIVED AppendEntries from 2 (n_entries=0, leader_commit=2)
46124.2ms Leader 2 SENDING AppendEntries to vehicle 0 (n_entries=0, leader_commit=2)
46124.2ms Leader 2 SENDING AppendEntries to vehicle 1 (n_entries=0, leader_commit=2)
46124.2ms Leader 2 SENDING AppendEntries to vehicle 4 (n_entries=3, leader_commit=2)
46124.2ms Leader 2 SENDING AppendEntries to vehicle 5 (n_entries=3, leader_commit=2)
46124.2ms Leader 2 SENDING AppendEntries to vehicle 6 (n_entries=3, leader_commit=2)
46124.2ms Leader 2 SENDING AppendEntries to vehicle 7 (n_entries=0, leader_commit=2)
46125.4ms Vehicle 7 RECEIVED AppendEntries from 2 (n_entries=0, leader_commit=2)
46127.2ms Vehicle 1 RECEIVED AppendEntries from 2 (n_entries=0, leader_commit=2)
46129.3ms Vehicle 0 RECEIVED AppendEntries from 2 (n_entries=0, leader_commit=2)
46264.2ms Leader 2 SENDING AppendEntries to vehicle 0 (n_entries=0, leader_commit=2)
46264.2ms Leader 2 SENDING AppendEntries to vehicle 1 (n_entries=0, leader_commit=2)
46264.2ms Leader 2 SENDING AppendEntries to vehicle 4 (n_entries=3, leader_commit=2)
46264.2ms Leader 2 SENDING AppendEntries to vehicle 5 (n_entries=3, leader_commit=2)
46264.2ms Leader 2 SENDING AppendEntries to vehicle 6 (n_entries=3, leader_commit=2)
46264.2ms Leader 2 SENDING AppendEntries to vehicle 7 (n_entries=0, leader_commit=2)
46265.4ms Vehicle 7 RECEIVED AppendEntries from 2 (n_entries=0, leader_commit=2)
46266.0ms Vehicle 0 RECEIVED AppendEntries from 2 (n_entries=0, leader_commit=2)
46268.0ms Vehicle 1 RECEIVED AppendEntries from 2 (n_entries=0, leader_commit=2)
46404.2ms Leader 2 SENDING AppendEntries to vehicle 0 (n_entries=0, leader_commit=2)
46404.2ms Leader 2 SENDING AppendEntries to vehicle 1 (n_entries=0, leader_commit=2)
46404.2ms Leader 2 SENDING AppendEntries to vehicle 4 (n_entries=3, leader_commit=2)
46404.2ms Leader 2 SENDING AppendEntries to vehicle 5 (n_entries=3, leader_commit=2)
46404.2ms Leader 2 SENDING AppendEntries to vehicle 6 (n_entries=3, leader_commit=2)
46404.2ms Leader 2 SENDING AppendEntries to vehicle 7 (n_entries=0, leader_commit=2)
46405.5ms Vehicle 1 RECEIVED AppendEntries from 2 (n_entries=0, leader_commit=2)
46407.0ms Vehicle 0 RECEIVED AppendEntries from 2 (n_entries=0, leader_commit=2)
46407.9ms Vehicle 7 RECEIVED AppendEntries from 2 (n_entries=0, leader_commit=2)
46544.2ms Leader 2 SENDING AppendEntries to vehicle 0 (n_entries=0, leader_commit=2)
46544.2ms Leader 2 SENDING AppendEntries to vehicle 1 (n_entries=0, leader_commit=2)
46544.2ms Leader 2 SENDING AppendEntries to vehicle 4 (n_entries=3, leader_commit=2)
46544.2ms Leader 2 SENDING AppendEntries to vehicle 5 (n_entries=3, leader_commit=2)
46544.2ms Leader 2 SENDING AppendEntries to vehicle 6 (n_entries=3, leader_commit=2)
46544.2ms Leader 2 SENDING AppendEntries to vehicle 7 (n_entries=0, leader_commit=2)
46545.6ms Vehicle 0 RECEIVED AppendEntries from 2 (n_entries=0, leader_commit=2)
46546.1ms Vehicle 1 RECEIVED AppendEntries from 2 (n_entries=0, leader_commit=2)
46548.1ms Vehicle 7 RECEIVED AppendEntries from 2 (n_entries=0, leader_commit=2)
46684.2ms Leader 2 SENDING AppendEntries to vehicle 0 (n_entries=0, leader_commit=2)
46684.2ms Leader 2 SENDING AppendEntries to vehicle 1 (n_entries=0, leader_commit=2)
46684.2ms Leader 2 SENDING AppendEntries to vehicle 4 (n_entries=3, leader_commit=2)
46684.2ms Leader 2 SENDING AppendEntries to vehicle 5 (n_entries=3, leader_commit=2)
46684.2ms Leader 2 SENDING AppendEntries to vehicle 6 (n_entries=3, leader_commit=2)
46684.2ms Leader 2 SENDING AppendEntries to vehicle 7 (n_entries=0, leader_commit=2)
46686.4ms Vehicle 0 RECEIVED AppendEntries from 2 (n_entries=0, leader_commit=2)
46687.2ms Vehicle 1 RECEIVED AppendEntries from 2 (n_entries=0, leader_commit=2)
46687.4ms Vehicle 7 RECEIVED AppendEntries from 2 (n_entries=0, leader_commit=2)
46824.2ms Leader 2 SENDING AppendEntries to vehicle 0 (n_entries=0, leader_commit=2)
46824.2ms Leader 2 SENDING AppendEntries to vehicle 1 (n_entries=0, leader_commit=2)
46824.2ms Leader 2 SENDING AppendEntries to vehicle 4 (n_entries=3, leader_commit=2)
46824.2ms Leader 2 SENDING AppendEntries to vehicle 5 (n_entries=3, leader_commit=2)
46824.2ms Leader 2 SENDING AppendEntries to vehicle 6 (n_entries=3, leader_commit=2)
46824.2ms Leader 2 SENDING AppendEntries to vehicle 7 (n_entries=0, leader_commit=2)
46826.2ms Vehicle 1 RECEIVED AppendEntries from 2 (n_entries=0, leader_commit=2)
46827.0ms Vehicle 7 RECEIVED AppendEntries from 2 (n_entries=0, leader_commit=2)
46829.3ms Vehicle 0 RECEIVED AppendEntries from 2 (n_entries=0, leader_commit=2)
46964.2ms Leader 2 SENDING AppendEntries to vehicle 0 (n_entries=0, leader_commit=2)
46964.2ms Leader 2 SENDING AppendEntries to vehicle 1 (n_entries=0, leader_commit=2)
46964.2ms Leader 2 SENDING AppendEntries to vehicle 4 (n_entries=3, leader_commit=2)
46964.2ms Leader 2 SENDING AppendEntries to vehicle 5 (n_entries=3, leader_commit=2)
46964.2ms Leader 2 SENDING AppendEntries to vehicle 6 (n_entries=3, leader_commit=2)
46964.2ms Leader 2 SENDING AppendEntries to vehicle 7 (n_entries=0, leader_commit=2)
46966.7ms Vehicle 0 RECEIVED AppendEntries from 2 (n_entries=0, leader_commit=2)
46967.8ms Vehicle 1 RECEIVED AppendEntries from 2 (n_entries=0, leader_commit=2)
46969.3ms Vehicle 7 RECEIVED AppendEntries from 2 (n_entries=0, leader_commit=2)
47104.2ms Leader 2 SENDING AppendEntries to vehicle 0 (n_entries=0, leader_commit=2)
47104.2ms Leader 2 SENDING AppendEntries to vehicle 1 (n_entries=0, leader_commit=2)
47104.2ms Leader 2 SENDING AppendEntries to vehicle 4 (n_entries=3, leader_commit=2)
47104.2ms Leader 2 SENDING AppendEntries to vehicle 5 (n_entries=3, leader_commit=2)
47104.2ms Leader 2 SENDING AppendEntries to vehicle 6 (n_entries=3, leader_commit=2)
47104.2ms Leader 2 SENDING AppendEntries to vehicle 7 (n_entries=0, leader_commit=2)
47105.4ms Vehicle 1 RECEIVED AppendEntries from 2 (n_entries=0, leader_commit=2)
47106.2ms Vehicle 7 RECEIVED AppendEntries from 2 (n_entries=0, leader_commit=2)
47106.5ms Vehicle 0 RECEIVED AppendEntries from 2 (n_entries=0, leader_commit=2)
47244.2ms Leader 2 SENDING AppendEntries to vehicle 0 (n_entries=0, leader_commit=2)
47244.2ms Leader 2 SENDING AppendEntries to vehicle 1 (n_entries=0, leader_commit=2)
47244.2ms Leader 2 SENDING AppendEntries to vehicle 4 (n_entries=3, leader_commit=2)
47244.2ms Leader 2 SENDING AppendEntries to vehicle 5 (n_entries=3, leader_commit=2)
47244.2ms Leader 2 SENDING AppendEntries to vehicle 6 (n_entries=3, leader_commit=2)
47244.2ms Leader 2 SENDING AppendEntries to vehicle 7 (n_entries=0, leader_commit=2)
47246.0ms Vehicle 1 RECEIVED AppendEntries from 2 (n_entries=0, leader_commit=2)
47246.3ms Vehicle 7 RECEIVED AppendEntries from 2 (n_entries=0, leader_commit=2)
47249.4ms Vehicle 0 RECEIVED AppendEntries from 2 (n_entries=0, leader_commit=2)
47384.2ms Leader 2 SENDING AppendEntries to vehicle 0 (n_entries=0, leader_commit=2)
47384.2ms Leader 2 SENDING AppendEntries to vehicle 1 (n_entries=0, leader_commit=2)
47384.2ms Leader 2 SENDING AppendEntries to vehicle 4 (n_entries=3, leader_commit=2)
47384.2ms Leader 2 SENDING AppendEntries to vehicle 5 (n_entries=3, leader_commit=2)
47384.2ms Leader 2 SENDING AppendEntries to vehicle 6 (n_entries=3, leader_commit=2)
47384.2ms Leader 2 SENDING AppendEntries to vehicle 7 (n_entries=0, leader_commit=2)
47385.5ms Vehicle 0 RECEIVED AppendEntries from 2 (n_entries=0, leader_commit=2)
47387.7ms Vehicle 1 RECEIVED AppendEntries from 2 (n_entries=0, leader_commit=2)
47389.3ms Vehicle 7 RECEIVED AppendEntries from 2 (n_entries=0, leader_commit=2)
47524.2ms Leader 2 SENDING AppendEntries to vehicle 0 (n_entries=0, leader_commit=2)
47524.2ms Leader 2 SENDING AppendEntries to vehicle 1 (n_entries=0, leader_commit=2)
47524.2ms Leader 2 SENDING AppendEntries to vehicle 4 (n_entries=3, leader_commit=2)
47524.2ms Leader 2 SENDING AppendEntries to vehicle 5 (n_entries=3, leader_commit=2)
47524.2ms Leader 2 SENDING AppendEntries to vehicle 6 (n_entries=3, leader_commit=2)
47524.2ms Leader 2 SENDING AppendEntries to vehicle 7 (n_entries=0, leader_commit=2)
47525.7ms Vehicle 0 RECEIVED AppendEntries from 2 (n_entries=0, leader_commit=2)
47526.9ms Vehicle 7 RECEIVED AppendEntries from 2 (n_entries=0, leader_commit=2)
47527.3ms Vehicle 1 RECEIVED AppendEntries from 2 (n_entries=0, leader_commit=2)
47664.2ms Leader 2 SENDING AppendEntries to vehicle 0 (n_entries=0, leader_commit=2)
47664.2ms Leader 2 SENDING AppendEntries to vehicle 1 (n_entries=0, leader_commit=2)
47664.2ms Leader 2 SENDING AppendEntries to vehicle 4 (n_entries=3, leader_commit=2)
47664.2ms Leader 2 SENDING AppendEntries to vehicle 5 (n_entries=3, leader_commit=2)
47664.2ms Leader 2 SENDING AppendEntries to vehicle 6 (n_entries=3, leader_commit=2)
47664.2ms Leader 2 SENDING AppendEntries to vehicle 7 (n_entries=0, leader_commit=2)
47665.8ms Vehicle 0 RECEIVED AppendEntries from 2 (n_entries=0, leader_commit=2)
47666.1ms Vehicle 1 RECEIVED AppendEntries from 2 (n_entries=0, leader_commit=2)
47669.0ms Vehicle 7 RECEIVED AppendEntries from 2 (n_entries=0, leader_commit=2)
47804.2ms Leader 2 SENDING AppendEntries to vehicle 0 (n_entries=0, leader_commit=2)
47804.2ms Leader 2 SENDING AppendEntries to vehicle 1 (n_entries=0, leader_commit=2)
47804.2ms Leader 2 SENDING AppendEntries to vehicle 4 (n_entries=3, leader_commit=2)
47804.2ms Leader 2 SENDING AppendEntries to vehicle 5 (n_entries=3, leader_commit=2)
47804.2ms Leader 2 SENDING AppendEntries to vehicle 6 (n_entries=3, leader_commit=2)
47804.2ms Leader 2 SENDING AppendEntries to vehicle 7 (n_entries=0, leader_commit=2)
47806.9ms Vehicle 7 RECEIVED AppendEntries from 2 (n_entries=0, leader_commit=2)
47807.3ms Vehicle 0 RECEIVED AppendEntries from 2 (n_entries=0, leader_commit=2)
47809.1ms Vehicle 1 RECEIVED AppendEntries from 2 (n_entries=0, leader_commit=2)
47944.2ms Leader 2 SENDING AppendEntries to vehicle 0 (n_entries=0, leader_commit=2)
47944.2ms Leader 2 SENDING AppendEntries to vehicle 1 (n_entries=0, leader_commit=2)
47944.2ms Leader 2 SENDING AppendEntries to vehicle 4 (n_entries=3, leader_commit=2)
47944.2ms Leader 2 SENDING AppendEntries to vehicle 5 (n_entries=3, leader_commit=2)
47944.2ms Leader 2 SENDING AppendEntries to vehicle 6 (n_entries=3, leader_commit=2)
47944.2ms Leader 2 SENDING AppendEntries to vehicle 7 (n_entries=0, leader_commit=2)
47945.7ms Vehicle 7 RECEIVED AppendEntries from 2 (n_entries=0, leader_commit=2)
47947.5ms Vehicle 1 RECEIVED AppendEntries from 2 (n_entries=0, leader_commit=2)
47948.3ms Vehicle 0 RECEIVED AppendEntries from 2 (n_entries=0, leader_commit=2)
48084.2ms Leader 2 SENDING AppendEntries to vehicle 0 (n_entries=0, leader_commit=2)
48084.2ms Leader 2 SENDING AppendEntries to vehicle 1 (n_entries=0, leader_commit=2)
48084.2ms Leader 2 SENDING AppendEntries to vehicle 4 (n_entries=3, leader_commit=2)
48084.2ms Leader 2 SENDING AppendEntries to vehicle 5 (n_entries=3, leader_commit=2)
48084.2ms Leader 2 SENDING AppendEntries to vehicle 6 (n_entries=3, leader_commit=2)
48084.2ms Leader 2 SENDING AppendEntries to vehicle 7 (n_entries=0, leader_commit=2)
48086.1ms Vehicle 7 RECEIVED AppendEntries from 2 (n_entries=0, leader_commit=2)
48086.7ms Vehicle 0 RECEIVED AppendEntries from 2 (n_entries=0, leader_commit=2)
48088.5ms Vehicle 1 RECEIVED AppendEntries from 2 (n_entries=0, leader_commit=2)
48224.2ms Leader 2 SENDING AppendEntries to vehicle 0 (n_entries=0, leader_commit=2)
48224.2ms Leader 2 SENDING AppendEntries to vehicle 1 (n_entries=0, leader_commit=2)
48224.2ms Leader 2 SENDING AppendEntries to vehicle 4 (n_entries=3, leader_commit=2)
48224.2ms Leader 2 SENDING AppendEntries to vehicle 5 (n_entries=3, leader_commit=2)
48224.2ms Leader 2 SENDING AppendEntries to vehicle 6 (n_entries=3, leader_commit=2)
48224.2ms Leader 2 SENDING AppendEntries to vehicle 7 (n_entries=0, leader_commit=2)
48227.4ms Vehicle 0 RECEIVED AppendEntries from 2 (n_entries=0, leader_commit=2)
48227.8ms Vehicle 7 RECEIVED AppendEntries from 2 (n_entries=0, leader_commit=2)
48228.9ms Vehicle 1 RECEIVED AppendEntries from 2 (n_entries=0, leader_commit=2)
48364.2ms Leader 2 SENDING AppendEntries to vehicle 0 (n_entries=0, leader_commit=2)
48364.2ms Leader 2 SENDING AppendEntries to vehicle 1 (n_entries=0, leader_commit=2)
48364.2ms Leader 2 SENDING AppendEntries to vehicle 4 (n_entries=3, leader_commit=2)
48364.2ms Leader 2 SENDING AppendEntries to vehicle 5 (n_entries=3, leader_commit=2)
48364.2ms Leader 2 SENDING AppendEntries to vehicle 6 (n_entries=3, leader_commit=2)
48364.2ms Leader 2 SENDING AppendEntries to vehicle 7 (n_entries=0, leader_commit=2)
48365.5ms Vehicle 7 RECEIVED AppendEntries from 2 (n_entries=0, leader_commit=2)
48366.4ms Vehicle 0 RECEIVED AppendEntries from 2 (n_entries=0, leader_commit=2)
48366.6ms Vehicle 1 RECEIVED AppendEntries from 2 (n_entries=0, leader_commit=2)
48504.2ms Leader 2 SENDING AppendEntries to vehicle 0 (n_entries=0, leader_commit=2)
48504.2ms Leader 2 SENDING AppendEntries to vehicle 1 (n_entries=0, leader_commit=2)
48504.2ms Leader 2 SENDING AppendEntries to vehicle 4 (n_entries=3, leader_commit=2)
48504.2ms Leader 2 SENDING AppendEntries to vehicle 5 (n_entries=3, leader_commit=2)
48504.2ms Leader 2 SENDING AppendEntries to vehicle 6 (n_entries=3, leader_commit=2)
48504.2ms Leader 2 SENDING AppendEntries to vehicle 7 (n_entries=0, leader_commit=2)
48506.8ms Vehicle 1 RECEIVED AppendEntries from 2 (n_entries=0, leader_commit=2)
48507.4ms Vehicle 0 RECEIVED AppendEntries from 2 (n_entries=0, leader_commit=2)
48509.3ms Vehicle 7 RECEIVED AppendEntries from 2 (n_entries=0, leader_commit=2)
48644.2ms Leader 2 SENDING AppendEntries to vehicle 0 (n_entries=0, leader_commit=2)
48644.2ms Leader 2 SENDING AppendEntries to vehicle 1 (n_entries=0, leader_commit=2)
48644.2ms Leader 2 SENDING AppendEntries to vehicle 4 (n_entries=3, leader_commit=2)
48644.2ms Leader 2 SENDING AppendEntries to vehicle 5 (n_entries=3, leader_commit=2)
48644.2ms Leader 2 SENDING AppendEntries to vehicle 6 (n_entries=3, leader_commit=2)
48644.2ms Leader 2 SENDING AppendEntries to vehicle 7 (n_entries=0, leader_commit=2)
48646.4ms Vehicle 1 RECEIVED AppendEntries from 2 (n_entries=0, leader_commit=2)
48646.7ms Vehicle 0 RECEIVED AppendEntries from 2 (n_entries=0, leader_commit=2)
48647.3ms Vehicle 7 RECEIVED AppendEntries from 2 (n_entries=0, leader_commit=2)
48784.2ms Leader 2 SENDING AppendEntries to vehicle 0 (n_entries=0, leader_commit=2)
48784.2ms Leader 2 SENDING AppendEntries to vehicle 1 (n_entries=0, leader_commit=2)
48784.2ms Leader 2 SENDING AppendEntries to vehicle 4 (n_entries=3, leader_commit=2)
48784.2ms Leader 2 SENDING AppendEntries to vehicle 5 (n_entries=3, leader_commit=2)
48784.2ms Leader 2 SENDING AppendEntries to vehicle 6 (n_entries=3, leader_commit=2)
48784.2ms Leader 2 SENDING AppendEntries to vehicle 7 (n_entries=0, leader_commit=2)
48785.9ms Vehicle 7 RECEIVED AppendEntries from 2 (n_entries=0, leader_commit=2)
48787.9ms Vehicle 1 RECEIVED AppendEntries from 2 (n_entries=0, leader_commit=2)
48789.2ms Vehicle 0 RECEIVED AppendEntries from 2 (n_entries=0, leader_commit=2)
48924.2ms Leader 2 SENDING AppendEntries to vehicle 0 (n_entries=0, leader_commit=2)
48924.2ms Leader 2 SENDING AppendEntries to vehicle 1 (n_entries=0, leader_commit=2)
48924.2ms Leader 2 SENDING AppendEntries to vehicle 4 (n_entries=3, leader_commit=2)
48924.2ms Leader 2 SENDING AppendEntries to vehicle 5 (n_entries=3, leader_commit=2)
48924.2ms Leader 2 SENDING AppendEntries to vehicle 6 (n_entries=3, leader_commit=2)
48924.2ms Leader 2 SENDING AppendEntries to vehicle 7 (n_entries=0, leader_commit=2)
48926.4ms Vehicle 1 RECEIVED AppendEntries from 2 (n_entries=0, leader_commit=2)
48927.5ms Vehicle 7 RECEIVED AppendEntries from 2 (n_entries=0, leader_commit=2)
49064.2ms Leader 2 SENDING AppendEntries to vehicle 0 (n_entries=0, leader_commit=2)
49064.2ms Leader 2 SENDING AppendEntries to vehicle 1 (n_entries=0, leader_commit=2)
49064.2ms Leader 2 SENDING AppendEntries to vehicle 4 (n_entries=3, leader_commit=2)
49064.2ms Leader 2 SENDING AppendEntries to vehicle 5 (n_entries=3, leader_commit=2)
49064.2ms Leader 2 SENDING AppendEntries to vehicle 6 (n_entries=3, leader_commit=2)
49064.2ms Leader 2 SENDING AppendEntries to vehicle 7 (n_entries=0, leader_commit=2)
49066.0ms Vehicle 1 RECEIVED AppendEntries from 2 (n_entries=0, leader_commit=2)
49066.4ms Vehicle 7 RECEIVED AppendEntries from 2 (n_entries=0, leader_commit=2)
49067.3ms Vehicle 0 RECEIVED AppendEntries from 2 (n_entries=0, leader_commit=2)
49204.2ms Leader 2 SENDING AppendEntries to vehicle 0 (n_entries=0, leader_commit=2)
49204.2ms Leader 2 SENDING AppendEntries to vehicle 1 (n_entries=0, leader_commit=2)
49204.2ms Leader 2 SENDING AppendEntries to vehicle 4 (n_entries=3, leader_commit=2)
49204.2ms Leader 2 SENDING AppendEntries to vehicle 5 (n_entries=3, leader_commit=2)
49204.2ms Leader 2 SENDING AppendEntries to vehicle 6 (n_entries=3, leader_commit=2)
49204.2ms Leader 2 SENDING AppendEntries to vehicle 7 (n_entries=0, leader_commit=2)
49205.4ms Vehicle 1 RECEIVED AppendEntries from 2 (n_entries=0, leader_commit=2)
49206.4ms Vehicle 0 RECEIVED AppendEntries from 2 (n_entries=0, leader_commit=2)
49207.3ms Vehicle 7 RECEIVED AppendEntries from 2 (n_entries=0, leader_commit=2)
49344.2ms Leader 2 SENDING AppendEntries to vehicle 0 (n_entries=0, leader_commit=2)
49344.2ms Leader 2 SENDING AppendEntries to vehicle 1 (n_entries=0, leader_commit=2)
49344.2ms Leader 2 SENDING AppendEntries to vehicle 4 (n_entries=3, leader_commit=2)
49344.2ms Leader 2 SENDING AppendEntries to vehicle 5 (n_entries=3, leader_commit=2)
49344.2ms Leader 2 SENDING AppendEntries to vehicle 6 (n_entries=3, leader_commit=2)
49344.2ms Leader 2 SENDING AppendEntries to vehicle 7 (n_entries=0, leader_commit=2)
49345.5ms Vehicle 7 RECEIVED AppendEntries from 2 (n_entries=0, leader_commit=2)
49345.9ms Vehicle 0 RECEIVED AppendEntries from 2 (n_entries=0, leader_commit=2)
49348.9ms Vehicle 1 RECEIVED AppendEntries from 2 (n_entries=0, leader_commit=2)
49484.2ms Leader 2 SENDING AppendEntries to vehicle 0 (n_entries=0, leader_commit=2)
49484.2ms Leader 2 SENDING AppendEntries to vehicle 1 (n_entries=0, leader_commit=2)
49484.2ms Leader 2 SENDING AppendEntries to vehicle 4 (n_entries=3, leader_commit=2)
49484.2ms Leader 2 SENDING AppendEntries to vehicle 5 (n_entries=3, leader_commit=2)
49484.2ms Leader 2 SENDING AppendEntries to vehicle 6 (n_entries=3, leader_commit=2)
49484.2ms Leader 2 SENDING AppendEntries to vehicle 7 (n_entries=0, leader_commit=2)
49487.6ms Vehicle 1 RECEIVED AppendEntries from 2 (n_entries=0, leader_commit=2)
49487.9ms Vehicle 7 RECEIVED AppendEntries from 2 (n_entries=0, leader_commit=2)
49488.2ms Vehicle 0 RECEIVED AppendEntries from 2 (n_entries=0, leader_commit=2)
49624.2ms Leader 2 SENDING AppendEntries to vehicle 0 (n_entries=0, leader_commit=2)
49624.2ms Leader 2 SENDING AppendEntries to vehicle 1 (n_entries=0, leader_commit=2)
49624.2ms Leader 2 SENDING AppendEntries to vehicle 4 (n_entries=3, leader_commit=2)
49624.2ms Leader 2 SENDING AppendEntries to vehicle 5 (n_entries=3, leader_commit=2)
49624.2ms Leader 2 SENDING AppendEntries to vehicle 6 (n_entries=3, leader_commit=2)
49624.2ms Leader 2 SENDING AppendEntries to vehicle 7 (n_entries=0, leader_commit=2)
49626.3ms Vehicle 1 RECEIVED AppendEntries from 2 (n_entries=0, leader_commit=2)
49628.0ms Vehicle 7 RECEIVED AppendEntries from 2 (n_entries=0, leader_commit=2)
49629.3ms Vehicle 0 RECEIVED AppendEntries from 2 (n_entries=0, leader_commit=2)
49764.2ms Leader 2 SENDING AppendEntries to vehicle 0 (n_entries=0, leader_commit=2)
49764.2ms Leader 2 SENDING AppendEntries to vehicle 1 (n_entries=0, leader_commit=2)
49764.2ms Leader 2 SENDING AppendEntries to vehicle 4 (n_entries=3, leader_commit=2)
49764.2ms Leader 2 SENDING AppendEntries to vehicle 5 (n_entries=3, leader_commit=2)
49764.2ms Leader 2 SENDING AppendEntries to vehicle 6 (n_entries=3, leader_commit=2)
49764.2ms Leader 2 SENDING AppendEntries to vehicle 7 (n_entries=0, leader_commit=2)
49766.6ms Vehicle 1 RECEIVED AppendEntries from 2 (n_entries=0, leader_commit=2)
49767.9ms Vehicle 0 RECEIVED AppendEntries from 2 (n_entries=0, leader_commit=2)
49768.9ms Vehicle 7 RECEIVED AppendEntries from 2 (n_entries=0, leader_commit=2)
49904.2ms Leader 2 SENDING AppendEntries to vehicle 0 (n_entries=0, leader_commit=2)
49904.2ms Leader 2 SENDING AppendEntries to vehicle 1 (n_entries=0, leader_commit=2)
49904.2ms Leader 2 SENDING AppendEntries to vehicle 4 (n_entries=3, leader_commit=2)
49904.2ms Leader 2 SENDING AppendEntries to vehicle 5 (n_entries=3, leader_commit=2)
49904.2ms Leader 2 SENDING AppendEntries to vehicle 6 (n_entries=3, leader_commit=2)
49904.2ms Leader 2 SENDING AppendEntries to vehicle 7 (n_entries=0, leader_commit=2)
49906.7ms Vehicle 1 RECEIVED AppendEntries from 2 (n_entries=0, leader_commit=2)
49908.0ms Vehicle 7 RECEIVED AppendEntries from 2 (n_entries=0, leader_commit=2)
49908.8ms Vehicle 0 RECEIVED AppendEntries from 2 (n_entries=0, leader_commit=2)
50044.2ms Leader 2 SENDING AppendEntries to vehicle 0 (n_entries=0, leader_commit=2)
50044.2ms Leader 2 SENDING AppendEntries to vehicle 1 (n_entries=0, leader_commit=2)
50044.2ms Leader 2 SENDING AppendEntries to vehicle 4 (n_entries=3, leader_commit=2)
50044.2ms Leader 2 SENDING AppendEntries to vehicle 5 (n_entries=3, leader_commit=2)
50044.2ms Leader 2 SENDING AppendEntries to vehicle 6 (n_entries=3, leader_commit=2)
50044.2ms Leader 2 SENDING AppendEntries to vehicle 7 (n_entries=0, leader_commit=2)
50047.1ms Vehicle 7 RECEIVED AppendEntries from 2 (n_entries=0, leader_commit=2)
50048.7ms Vehicle 1 RECEIVED AppendEntries from 2 (n_entries=0, leader_commit=2)
50049.7ms Vehicle 0 RECEIVED AppendEntries from 2 (n_entries=0, leader_commit=2)
50184.2ms Leader 2 SENDING AppendEntries to vehicle 0 (n_entries=0, leader_commit=2)
50184.2ms Leader 2 SENDING AppendEntries to vehicle 1 (n_entries=0, leader_commit=2)
50184.2ms Leader 2 SENDING AppendEntries to vehicle 4 (n_entries=3, leader_commit=2)
50184.2ms Leader 2 SENDING AppendEntries to vehicle 5 (n_entries=3, leader_commit=2)
50184.2ms Leader 2 SENDING AppendEntries to vehicle 6 (n_entries=3, leader_commit=2)
50184.2ms Leader 2 SENDING AppendEntries to vehicle 7 (n_entries=0, leader_commit=2)
50186.6ms Vehicle 7 RECEIVED AppendEntries from 2 (n_entries=0, leader_commit=2)
50188.0ms Vehicle 1 RECEIVED AppendEntries from 2 (n_entries=0, leader_commit=2)
50189.3ms Vehicle 0 RECEIVED AppendEntries from 2 (n_entries=0, leader_commit=2)
50324.2ms Leader 2 SENDING AppendEntries to vehicle 0 (n_entries=0, leader_commit=2)
50324.2ms Leader 2 SENDING AppendEntries to vehicle 1 (n_entries=0, leader_commit=2)
50324.2ms Leader 2 SENDING AppendEntries to vehicle 4 (n_entries=3, leader_commit=2)
50324.2ms Leader 2 SENDING AppendEntries to vehicle 5 (n_entries=3, leader_commit=2)
50324.2ms Leader 2 SENDING AppendEntries to vehicle 6 (n_entries=3, leader_commit=2)
50324.2ms Leader 2 SENDING AppendEntries to vehicle 7 (n_entries=0, leader_commit=2)
50326.3ms Vehicle 7 RECEIVED AppendEntries from 2 (n_entries=0, leader_commit=2)
50328.8ms Vehicle 0 RECEIVED AppendEntries from 2 (n_entries=0, leader_commit=2)
50329.4ms Vehicle 1 RECEIVED AppendEntries from 2 (n_entries=0, leader_commit=2)
50464.2ms Leader 2 SENDING AppendEntries to vehicle 0 (n_entries=0, leader_commit=2)
50464.2ms Leader 2 SENDING AppendEntries to vehicle 1 (n_entries=0, leader_commit=2)
50464.2ms Leader 2 SENDING AppendEntries to vehicle 4 (n_entries=3, leader_commit=2)
50464.2ms Leader 2 SENDING AppendEntries to vehicle 5 (n_entries=3, leader_commit=2)
50464.2ms Leader 2 SENDING AppendEntries to vehicle 6 (n_entries=3, leader_commit=2)
50464.2ms Leader 2 SENDING AppendEntries to vehicle 7 (n_entries=0, leader_commit=2)
50467.8ms Vehicle 0 RECEIVED AppendEntries from 2 (n_entries=0, leader_commit=2)
50468.1ms Vehicle 1 RECEIVED AppendEntries from 2 (n_entries=0, leader_commit=2)
50468.8ms Vehicle 7 RECEIVED AppendEntries from 2 (n_entries=0, leader_commit=2)
50604.2ms Leader 2 SENDING AppendEntries to vehicle 0 (n_entries=0, leader_commit=2)
50604.2ms Leader 2 SENDING AppendEntries to vehicle 1 (n_entries=0, leader_commit=2)
50604.2ms Leader 2 SENDING AppendEntries to vehicle 4 (n_entries=3, leader_commit=2)
50604.2ms Leader 2 SENDING AppendEntries to vehicle 5 (n_entries=3, leader_commit=2)
50604.2ms Leader 2 SENDING AppendEntries to vehicle 6 (n_entries=3, leader_commit=2)
50604.2ms Leader 2 SENDING AppendEntries to vehicle 7 (n_entries=0, leader_commit=2)
50605.8ms Vehicle 1 RECEIVED AppendEntries from 2 (n_entries=0, leader_commit=2)
50606.9ms Vehicle 7 RECEIVED AppendEntries from 2 (n_entries=0, leader_commit=2)
50609.3ms Vehicle 0 RECEIVED AppendEntries from 2 (n_entries=0, leader_commit=2)
50744.2ms Leader 2 SENDING AppendEntries to vehicle 0 (n_entries=0, leader_commit=2)
50744.2ms Leader 2 SENDING AppendEntries to vehicle 1 (n_entries=0, leader_commit=2)
50744.2ms Leader 2 SENDING AppendEntries to vehicle 4 (n_entries=3, leader_commit=2)
50744.2ms Leader 2 SENDING AppendEntries to vehicle 5 (n_entries=3, leader_commit=2)
50744.2ms Leader 2 SENDING AppendEntries to vehicle 6 (n_entries=3, leader_commit=2)
50744.2ms Leader 2 SENDING AppendEntries to vehicle 7 (n_entries=0, leader_commit=2)
50745.5ms Vehicle 0 RECEIVED AppendEntries from 2 (n_entries=0, leader_commit=2)
50745.8ms Vehicle 7 RECEIVED AppendEntries from 2 (n_entries=0, leader_commit=2)
50746.1ms Vehicle 1 RECEIVED AppendEntries from 2 (n_entries=0, leader_commit=2)
50884.2ms Leader 2 SENDING AppendEntries to vehicle 0 (n_entries=0, leader_commit=2)
50884.2ms Leader 2 SENDING AppendEntries to vehicle 1 (n_entries=0, leader_commit=2)
50884.2ms Leader 2 SENDING AppendEntries to vehicle 4 (n_entries=3, leader_commit=2)
50884.2ms Leader 2 SENDING AppendEntries to vehicle 5 (n_entries=3, leader_commit=2)
50884.2ms Leader 2 SENDING AppendEntries to vehicle 6 (n_entries=3, leader_commit=2)
50884.2ms Leader 2 SENDING AppendEntries to vehicle 7 (n_entries=0, leader_commit=2)
50885.6ms Vehicle 0 RECEIVED AppendEntries from 2 (n_entries=0, leader_commit=2)
50887.1ms Vehicle 7 RECEIVED AppendEntries from 2 (n_entries=0, leader_commit=2)
50887.4ms Vehicle 1 RECEIVED AppendEntries from 2 (n_entries=0, leader_commit=2)
51024.2ms Leader 2 SENDING AppendEntries to vehicle 0 (n_entries=0, leader_commit=2)
51024.2ms Leader 2 SENDING AppendEntries to vehicle 1 (n_entries=0, leader_commit=2)
51024.2ms Leader 2 SENDING AppendEntries to vehicle 4 (n_entries=3, leader_commit=2)
51024.2ms Leader 2 SENDING AppendEntries to vehicle 5 (n_entries=3, leader_commit=2)
51024.2ms Leader 2 SENDING AppendEntries to vehicle 6 (n_entries=3, leader_commit=2)
51024.2ms Leader 2 SENDING AppendEntries to vehicle 7 (n_entries=0, leader_commit=2)
51026.8ms Vehicle 7 RECEIVED AppendEntries from 2 (n_entries=0, leader_commit=2)
51027.5ms Vehicle 1 RECEIVED AppendEntries from 2 (n_entries=0, leader_commit=2)
51027.7ms Vehicle 0 RECEIVED AppendEntries from 2 (n_entries=0, leader_commit=2)
51164.2ms Leader 2 SENDING AppendEntries to vehicle 0 (n_entries=0, leader_commit=2)
51164.2ms Leader 2 SENDING AppendEntries to vehicle 1 (n_entries=0, leader_commit=2)
51164.2ms Leader 2 SENDING AppendEntries to vehicle 4 (n_entries=3, leader_commit=2)
51164.2ms Leader 2 SENDING AppendEntries to vehicle 5 (n_entries=3, leader_commit=2)
51164.2ms Leader 2 SENDING AppendEntries to vehicle 6 (n_entries=3, leader_commit=2)
51164.2ms Leader 2 SENDING AppendEntries to vehicle 7 (n_entries=0, leader_commit=2)
51166.7ms Vehicle 0 RECEIVED AppendEntries from 2 (n_entries=0, leader_commit=2)
51167.0ms Vehicle 1 RECEIVED AppendEntries from 2 (n_entries=0, leader_commit=2)
51167.4ms Vehicle 7 RECEIVED AppendEntries from 2 (n_entries=0, leader_commit=2)
51304.2ms Leader 2 SENDING AppendEntries to vehicle 0 (n_entries=0, leader_commit=2)
51304.2ms Leader 2 SENDING AppendEntries to vehicle 1 (n_entries=0, leader_commit=2)
51304.2ms Leader 2 SENDING AppendEntries to vehicle 4 (n_entries=3, leader_commit=2)
51304.2ms Leader 2 SENDING AppendEntries to vehicle 5 (n_entries=3, leader_commit=2)
51304.2ms Leader 2 SENDING AppendEntries to vehicle 6 (n_entries=3, leader_commit=2)
51304.2ms Leader 2 SENDING AppendEntries to vehicle 7 (n_entries=0, leader_commit=2)
51306.8ms Vehicle 0 RECEIVED AppendEntries from 2 (n_entries=0, leader_commit=2)
51307.9ms Vehicle 1 RECEIVED AppendEntries from 2 (n_entries=0, leader_commit=2)
51308.8ms Vehicle 7 RECEIVED AppendEntries from 2 (n_entries=0, leader_commit=2)
51444.2ms Leader 2 SENDING AppendEntries to vehicle 0 (n_entries=0, leader_commit=2)
51444.2ms Leader 2 SENDING AppendEntries to vehicle 1 (n_entries=0, leader_commit=2)
51444.2ms Leader 2 SENDING AppendEntries to vehicle 4 (n_entries=3, leader_commit=2)
51444.2ms Leader 2 SENDING AppendEntries to vehicle 5 (n_entries=3, leader_commit=2)
51444.2ms Leader 2 SENDING AppendEntries to vehicle 6 (n_entries=3, leader_commit=2)
51444.2ms Leader 2 SENDING AppendEntries to vehicle 7 (n_entries=0, leader_commit=2)
51446.8ms Vehicle 1 RECEIVED AppendEntries from 2 (n_entries=0, leader_commit=2)
51447.9ms Vehicle 7 RECEIVED AppendEntries from 2 (n_entries=0, leader_commit=2)
51449.4ms Vehicle 0 RECEIVED AppendEntries from 2 (n_entries=0, leader_commit=2)
51584.2ms Leader 2 SENDING AppendEntries to vehicle 0 (n_entries=0, leader_commit=2)
51584.2ms Leader 2 SENDING AppendEntries to vehicle 1 (n_entries=0, leader_commit=2)
51584.2ms Leader 2 SENDING AppendEntries to vehicle 4 (n_entries=3, leader_commit=2)
51584.2ms Leader 2 SENDING AppendEntries to vehicle 5 (n_entries=3, leader_commit=2)
51584.2ms Leader 2 SENDING AppendEntries to vehicle 6 (n_entries=3, leader_commit=2)
51584.2ms Leader 2 SENDING AppendEntries to vehicle 7 (n_entries=0, leader_commit=2)
51585.8ms Vehicle 7 RECEIVED AppendEntries from 2 (n_entries=0, leader_commit=2)
51588.5ms Vehicle 1 RECEIVED AppendEntries from 2 (n_entries=0, leader_commit=2)
51588.8ms Vehicle 0 RECEIVED AppendEntries from 2 (n_entries=0, leader_commit=2)
51724.2ms Leader 2 SENDING AppendEntries to vehicle 0 (n_entries=0, leader_commit=2)
51724.2ms Leader 2 SENDING AppendEntries to vehicle 1 (n_entries=0, leader_commit=2)
51724.2ms Leader 2 SENDING AppendEntries to vehicle 4 (n_entries=3, leader_commit=2)
51724.2ms Leader 2 SENDING AppendEntries to vehicle 5 (n_entries=3, leader_commit=2)
51724.2ms Leader 2 SENDING AppendEntries to vehicle 6 (n_entries=3, leader_commit=2)
51724.2ms Leader 2 SENDING AppendEntries to vehicle 7 (n_entries=0, leader_commit=2)
51725.6ms Vehicle 0 RECEIVED AppendEntries from 2 (n_entries=0, leader_commit=2)
51727.3ms Vehicle 1 RECEIVED AppendEntries from 2 (n_entries=0, leader_commit=2)
51729.4ms Vehicle 7 RECEIVED AppendEntries from 2 (n_entries=0, leader_commit=2)
51864.2ms Leader 2 SENDING AppendEntries to vehicle 0 (n_entries=0, leader_commit=2)
51864.2ms Leader 2 SENDING AppendEntries to vehicle 1 (n_entries=0, leader_commit=2)
51864.2ms Leader 2 SENDING AppendEntries to vehicle 4 (n_entries=3, leader_commit=2)
51864.2ms Leader 2 SENDING AppendEntries to vehicle 5 (n_entries=3, leader_commit=2)
51864.2ms Leader 2 SENDING AppendEntries to vehicle 6 (n_entries=3, leader_commit=2)
51864.2ms Leader 2 SENDING AppendEntries to vehicle 7 (n_entries=0, leader_commit=2)
51865.8ms Vehicle 0 RECEIVED AppendEntries from 2 (n_entries=0, leader_commit=2)
51866.4ms Vehicle 7 RECEIVED AppendEntries from 2 (n_entries=0, leader_commit=2)
51867.6ms Vehicle 1 RECEIVED AppendEntries from 2 (n_entries=0, leader_commit=2)
52004.2ms Leader 2 SENDING AppendEntries to vehicle 0 (n_entries=0, leader_commit=2)
52004.2ms Leader 2 SENDING AppendEntries to vehicle 1 (n_entries=0, leader_commit=2)
52004.2ms Leader 2 SENDING AppendEntries to vehicle 4 (n_entries=3, leader_commit=2)
52004.2ms Leader 2 SENDING AppendEntries to vehicle 5 (n_entries=3, leader_commit=2)
52004.2ms Leader 2 SENDING AppendEntries to vehicle 6 (n_entries=3, leader_commit=2)
52004.2ms Leader 2 SENDING AppendEntries to vehicle 7 (n_entries=0, leader_commit=2)
52005.4ms Vehicle 0 RECEIVED AppendEntries from 2 (n_entries=0, leader_commit=2)
52006.6ms Vehicle 7 RECEIVED AppendEntries from 2 (n_entries=0, leader_commit=2)
52008.1ms Vehicle 1 RECEIVED AppendEntries from 2 (n_entries=0, leader_commit=2)
52144.2ms Leader 2 SENDING AppendEntries to vehicle 0 (n_entries=0, leader_commit=2)
52144.2ms Leader 2 SENDING AppendEntries to vehicle 1 (n_entries=0, leader_commit=2)
52144.2ms Leader 2 SENDING AppendEntries to vehicle 4 (n_entries=3, leader_commit=2)
52144.2ms Leader 2 SENDING AppendEntries to vehicle 5 (n_entries=3, leader_commit=2)
52144.2ms Leader 2 SENDING AppendEntries to vehicle 6 (n_entries=3, leader_commit=2)
52144.2ms Leader 2 SENDING AppendEntries to vehicle 7 (n_entries=0, leader_commit=2)
52147.2ms Vehicle 0 RECEIVED AppendEntries from 2 (n_entries=0, leader_commit=2)
52147.6ms Vehicle 7 RECEIVED AppendEntries from 2 (n_entries=0, leader_commit=2)
52148.3ms Vehicle 1 RECEIVED AppendEntries from 2 (n_entries=0, leader_commit=2)
52284.2ms Leader 2 SENDING AppendEntries to vehicle 0 (n_entries=0, leader_commit=2)
52284.2ms Leader 2 SENDING AppendEntries to vehicle 1 (n_entries=0, leader_commit=2)
52284.2ms Leader 2 SENDING AppendEntries to vehicle 4 (n_entries=3, leader_commit=2)
52284.2ms Leader 2 SENDING AppendEntries to vehicle 5 (n_entries=3, leader_commit=2)
52284.2ms Leader 2 SENDING AppendEntries to vehicle 6 (n_entries=3, leader_commit=2)
52284.2ms Leader 2 SENDING AppendEntries to vehicle 7 (n_entries=0, leader_commit=2)
52285.6ms Vehicle 1 RECEIVED AppendEntries from 2 (n_entries=0, leader_commit=2)
52286.8ms Vehicle 7 RECEIVED AppendEntries from 2 (n_entries=0, leader_commit=2)
52288.4ms Vehicle 0 RECEIVED AppendEntries from 2 (n_entries=0, leader_commit=2)
52424.2ms Leader 2 SENDING AppendEntries to vehicle 0 (n_entries=0, leader_commit=2)
52424.2ms Leader 2 SENDING AppendEntries to vehicle 1 (n_entries=0, leader_commit=2)
52424.2ms Leader 2 SENDING AppendEntries to vehicle 4 (n_entries=3, leader_commit=2)
52424.2ms Leader 2 SENDING AppendEntries to vehicle 5 (n_entries=3, leader_commit=2)
52424.2ms Leader 2 SENDING AppendEntries to vehicle 6 (n_entries=3, leader_commit=2)
52424.2ms Leader 2 SENDING AppendEntries to vehicle 7 (n_entries=0, leader_commit=2)
52427.2ms Vehicle 7 RECEIVED AppendEntries from 2 (n_entries=0, leader_commit=2)
52427.5ms Vehicle 0 RECEIVED AppendEntries from 2 (n_entries=0, leader_commit=2)
52428.1ms Vehicle 1 RECEIVED AppendEntries from 2 (n_entries=0, leader_commit=2)
52564.2ms Leader 2 SENDING AppendEntries to vehicle 0 (n_entries=0, leader_commit=2)
52564.2ms Leader 2 SENDING AppendEntries to vehicle 1 (n_entries=0, leader_commit=2)
52564.2ms Leader 2 SENDING AppendEntries to vehicle 4 (n_entries=3, leader_commit=2)
52564.2ms Leader 2 SENDING AppendEntries to vehicle 5 (n_entries=3, leader_commit=2)
52564.2ms Leader 2 SENDING AppendEntries to vehicle 6 (n_entries=3, leader_commit=2)
52564.2ms Leader 2 SENDING AppendEntries to vehicle 7 (n_entries=0, leader_commit=2)
52568.1ms Vehicle 0 RECEIVED AppendEntries from 2 (n_entries=0, leader_commit=2)
52568.7ms Vehicle 7 RECEIVED AppendEntries from 2 (n_entries=0, leader_commit=2)
52569.3ms Vehicle 1 RECEIVED AppendEntries from 2 (n_entries=0, leader_commit=2)
52704.2ms Leader 2 SENDING AppendEntries to vehicle 0 (n_entries=0, leader_commit=2)
52704.2ms Leader 2 SENDING AppendEntries to vehicle 1 (n_entries=0, leader_commit=2)
52704.2ms Leader 2 SENDING AppendEntries to vehicle 4 (n_entries=3, leader_commit=2)
52704.2ms Leader 2 SENDING AppendEntries to vehicle 5 (n_entries=3, leader_commit=2)
52704.2ms Leader 2 SENDING AppendEntries to vehicle 6 (n_entries=3, leader_commit=2)
52704.2ms Leader 2 SENDING AppendEntries to vehicle 7 (n_entries=0, leader_commit=2)
52706.0ms Vehicle 7 RECEIVED AppendEntries from 2 (n_entries=0, leader_commit=2)
52708.3ms Vehicle 0 RECEIVED AppendEntries from 2 (n_entries=0, leader_commit=2)
52708.9ms Vehicle 1 RECEIVED AppendEntries from 2 (n_entries=0, leader_commit=2)
52844.2ms Leader 2 SENDING AppendEntries to vehicle 0 (n_entries=0, leader_commit=2)
52844.2ms Leader 2 SENDING AppendEntries to vehicle 1 (n_entries=0, leader_commit=2)
52844.2ms Leader 2 SENDING AppendEntries to vehicle 4 (n_entries=3, leader_commit=2)
52844.2ms Leader 2 SENDING AppendEntries to vehicle 5 (n_entries=3, leader_commit=2)
52844.2ms Leader 2 SENDING AppendEntries to vehicle 6 (n_entries=3, leader_commit=2)
52844.2ms Leader 2 SENDING AppendEntries to vehicle 7 (n_entries=0, leader_commit=2)
52846.3ms Vehicle 7 RECEIVED AppendEntries from 2 (n_entries=0, leader_commit=2)
52847.6ms Vehicle 1 RECEIVED AppendEntries from 2 (n_entries=0, leader_commit=2)
52848.6ms Vehicle 0 RECEIVED AppendEntries from 2 (n_entries=0, leader_commit=2)
52984.2ms Leader 2 SENDING AppendEntries to vehicle 0 (n_entries=0, leader_commit=2)
52984.2ms Leader 2 SENDING AppendEntries to vehicle 1 (n_entries=0, leader_commit=2)
52984.2ms Leader 2 SENDING AppendEntries to vehicle 4 (n_entries=3, leader_commit=2)
52984.2ms Leader 2 SENDING AppendEntries to vehicle 5 (n_entries=3, leader_commit=2)
52984.2ms Leader 2 SENDING AppendEntries to vehicle 6 (n_entries=3, leader_commit=2)
52984.2ms Leader 2 SENDING AppendEntries to vehicle 7 (n_entries=0, leader_commit=2)
52986.4ms Vehicle 7 RECEIVED AppendEntries from 2 (n_entries=0, leader_commit=2)
52987.4ms Vehicle 1 RECEIVED AppendEntries from 2 (n_entries=0, leader_commit=2)
52989.2ms Vehicle 0 RECEIVED AppendEntries from 2 (n_entries=0, leader_commit=2)
53124.2ms Leader 2 SENDING AppendEntries to vehicle 0 (n_entries=0, leader_commit=2)
53124.2ms Leader 2 SENDING AppendEntries to vehicle 1 (n_entries=0, leader_commit=2)
53124.2ms Leader 2 SENDING AppendEntries to vehicle 4 (n_entries=3, leader_commit=2)
53124.2ms Leader 2 SENDING AppendEntries to vehicle 5 (n_entries=3, leader_commit=2)
53124.2ms Leader 2 SENDING AppendEntries to vehicle 6 (n_entries=3, leader_commit=2)
53124.2ms Leader 2 SENDING AppendEntries to vehicle 7 (n_entries=0, leader_commit=2)
53126.4ms Vehicle 7 RECEIVED AppendEntries from 2 (n_entries=0, leader_commit=2)
53127.0ms Vehicle 0 RECEIVED AppendEntries from 2 (n_entries=0, leader_commit=2)
53128.3ms Vehicle 1 RECEIVED AppendEntries from 2 (n_entries=0, leader_commit=2)
53264.2ms Leader 2 SENDING AppendEntries to vehicle 0 (n_entries=0, leader_commit=2)
53264.2ms Leader 2 SENDING AppendEntries to vehicle 1 (n_entries=0, leader_commit=2)
53264.2ms Leader 2 SENDING AppendEntries to vehicle 4 (n_entries=3, leader_commit=2)
53264.2ms Leader 2 SENDING AppendEntries to vehicle 5 (n_entries=3, leader_commit=2)
53264.2ms Leader 2 SENDING AppendEntries to vehicle 6 (n_entries=3, leader_commit=2)
53264.2ms Leader 2 SENDING AppendEntries to vehicle 7 (n_entries=0, leader_commit=2)
53268.5ms Vehicle 7 RECEIVED AppendEntries from 2 (n_entries=0, leader_commit=2)
53269.2ms Vehicle 0 RECEIVED AppendEntries from 2 (n_entries=0, leader_commit=2)
53269.5ms Vehicle 1 RECEIVED AppendEntries from 2 (n_entries=0, leader_commit=2)
** Event #217856   t=53.304675013331   Elapsed: 2.00034s (0m 02s)  17% completed  (17% total)
     Speed:     ev/sec=108911   simsec/sec=26.648   ev/simsec=4087.01
     Messages:  created: 175675   present: 82   in FES: 21
53404.2ms Leader 2 SENDING AppendEntries to vehicle 0 (n_entries=0, leader_commit=2)
53404.2ms Leader 2 SENDING AppendEntries to vehicle 1 (n_entries=0, leader_commit=2)
53404.2ms Leader 2 SENDING AppendEntries to vehicle 4 (n_entries=3, leader_commit=2)
53404.2ms Leader 2 SENDING AppendEntries to vehicle 5 (n_entries=3, leader_commit=2)
53404.2ms Leader 2 SENDING AppendEntries to vehicle 6 (n_entries=3, leader_commit=2)
53404.2ms Leader 2 SENDING AppendEntries to vehicle 7 (n_entries=0, leader_commit=2)
53407.9ms Vehicle 7 RECEIVED AppendEntries from 2 (n_entries=0, leader_commit=2)
53408.5ms Vehicle 1 RECEIVED AppendEntries from 2 (n_entries=0, leader_commit=2)
53408.8ms Vehicle 0 RECEIVED AppendEntries from 2 (n_entries=0, leader_commit=2)
53544.2ms Leader 2 SENDING AppendEntries to vehicle 0 (n_entries=0, leader_commit=2)
53544.2ms Leader 2 SENDING AppendEntries to vehicle 1 (n_entries=0, leader_commit=2)
53544.2ms Leader 2 SENDING AppendEntries to vehicle 4 (n_entries=3, leader_commit=2)
53544.2ms Leader 2 SENDING AppendEntries to vehicle 5 (n_entries=3, leader_commit=2)
53544.2ms Leader 2 SENDING AppendEntries to vehicle 6 (n_entries=3, leader_commit=2)
53544.2ms Leader 2 SENDING AppendEntries to vehicle 7 (n_entries=0, leader_commit=2)
53545.7ms Vehicle 1 RECEIVED AppendEntries from 2 (n_entries=0, leader_commit=2)
53546.1ms Vehicle 7 RECEIVED AppendEntries from 2 (n_entries=0, leader_commit=2)
53547.7ms Vehicle 0 RECEIVED AppendEntries from 2 (n_entries=0, leader_commit=2)
53684.2ms Leader 2 SENDING AppendEntries to vehicle 0 (n_entries=0, leader_commit=2)
53684.2ms Leader 2 SENDING AppendEntries to vehicle 1 (n_entries=0, leader_commit=2)
53684.2ms Leader 2 SENDING AppendEntries to vehicle 4 (n_entries=3, leader_commit=2)
53684.2ms Leader 2 SENDING AppendEntries to vehicle 5 (n_entries=3, leader_commit=2)
53684.2ms Leader 2 SENDING AppendEntries to vehicle 6 (n_entries=3, leader_commit=2)
53684.2ms Leader 2 SENDING AppendEntries to vehicle 7 (n_entries=0, leader_commit=2)
53685.8ms Vehicle 1 RECEIVED AppendEntries from 2 (n_entries=0, leader_commit=2)
53687.3ms Vehicle 7 RECEIVED AppendEntries from 2 (n_entries=0, leader_commit=2)
53687.7ms Vehicle 0 RECEIVED AppendEntries from 2 (n_entries=0, leader_commit=2)
53824.2ms Leader 2 SENDING AppendEntries to vehicle 0 (n_entries=0, leader_commit=2)
53824.2ms Leader 2 SENDING AppendEntries to vehicle 1 (n_entries=0, leader_commit=2)
53824.2ms Leader 2 SENDING AppendEntries to vehicle 4 (n_entries=3, leader_commit=2)
53824.2ms Leader 2 SENDING AppendEntries to vehicle 5 (n_entries=3, leader_commit=2)
53824.2ms Leader 2 SENDING AppendEntries to vehicle 6 (n_entries=3, leader_commit=2)
53824.2ms Leader 2 SENDING AppendEntries to vehicle 7 (n_entries=0, leader_commit=2)
53827.1ms Vehicle 1 RECEIVED AppendEntries from 2 (n_entries=0, leader_commit=2)
53828.1ms Vehicle 0 RECEIVED AppendEntries from 2 (n_entries=0, leader_commit=2)
53829.3ms Vehicle 7 RECEIVED AppendEntries from 2 (n_entries=0, leader_commit=2)
53964.2ms Leader 2 SENDING AppendEntries to vehicle 0 (n_entries=0, leader_commit=2)
53964.2ms Leader 2 SENDING AppendEntries to vehicle 1 (n_entries=0, leader_commit=2)
53964.2ms Leader 2 SENDING AppendEntries to vehicle 4 (n_entries=3, leader_commit=2)
53964.2ms Leader 2 SENDING AppendEntries to vehicle 5 (n_entries=3, leader_commit=2)
53964.2ms Leader 2 SENDING AppendEntries to vehicle 6 (n_entries=3, leader_commit=2)
53964.2ms Leader 2 SENDING AppendEntries to vehicle 7 (n_entries=0, leader_commit=2)
53966.7ms Vehicle 7 RECEIVED AppendEntries from 2 (n_entries=0, leader_commit=2)
53967.0ms Vehicle 1 RECEIVED AppendEntries from 2 (n_entries=0, leader_commit=2)
53968.4ms Vehicle 0 RECEIVED AppendEntries from 2 (n_entries=0, leader_commit=2)
54104.2ms Leader 2 SENDING AppendEntries to vehicle 0 (n_entries=0, leader_commit=2)
54104.2ms Leader 2 SENDING AppendEntries to vehicle 1 (n_entries=0, leader_commit=2)
54104.2ms Leader 2 SENDING AppendEntries to vehicle 4 (n_entries=3, leader_commit=2)
54104.2ms Leader 2 SENDING AppendEntries to vehicle 5 (n_entries=3, leader_commit=2)
54104.2ms Leader 2 SENDING AppendEntries to vehicle 6 (n_entries=3, leader_commit=2)
54104.2ms Leader 2 SENDING AppendEntries to vehicle 7 (n_entries=0, leader_commit=2)
54106.7ms Vehicle 0 RECEIVED AppendEntries from 2 (n_entries=0, leader_commit=2)
54109.1ms Vehicle 7 RECEIVED AppendEntries from 2 (n_entries=0, leader_commit=2)
54109.4ms Vehicle 1 RECEIVED AppendEntries from 2 (n_entries=0, leader_commit=2)
54244.2ms Leader 2 SENDING AppendEntries to vehicle 0 (n_entries=0, leader_commit=2)
54244.2ms Leader 2 SENDING AppendEntries to vehicle 1 (n_entries=0, leader_commit=2)
54244.2ms Leader 2 SENDING AppendEntries to vehicle 4 (n_entries=3, leader_commit=2)
54244.2ms Leader 2 SENDING AppendEntries to vehicle 5 (n_entries=3, leader_commit=2)
54244.2ms Leader 2 SENDING AppendEntries to vehicle 6 (n_entries=3, leader_commit=2)
54244.2ms Leader 2 SENDING AppendEntries to vehicle 7 (n_entries=0, leader_commit=2)
54246.2ms Vehicle 0 RECEIVED AppendEntries from 2 (n_entries=0, leader_commit=2)
54249.2ms Vehicle 1 RECEIVED AppendEntries from 2 (n_entries=0, leader_commit=2)
54249.5ms Vehicle 7 RECEIVED AppendEntries from 2 (n_entries=0, leader_commit=2)
54384.2ms Leader 2 SENDING AppendEntries to vehicle 0 (n_entries=0, leader_commit=2)
54384.2ms Leader 2 SENDING AppendEntries to vehicle 1 (n_entries=0, leader_commit=2)
54384.2ms Leader 2 SENDING AppendEntries to vehicle 4 (n_entries=3, leader_commit=2)
54384.2ms Leader 2 SENDING AppendEntries to vehicle 5 (n_entries=3, leader_commit=2)
54384.2ms Leader 2 SENDING AppendEntries to vehicle 6 (n_entries=3, leader_commit=2)
54384.2ms Leader 2 SENDING AppendEntries to vehicle 7 (n_entries=0, leader_commit=2)
54385.5ms Vehicle 7 RECEIVED AppendEntries from 2 (n_entries=0, leader_commit=2)
54387.0ms Vehicle 1 RECEIVED AppendEntries from 2 (n_entries=0, leader_commit=2)
54387.3ms Vehicle 0 RECEIVED AppendEntries from 2 (n_entries=0, leader_commit=2)
54524.2ms Leader 2 SENDING AppendEntries to vehicle 0 (n_entries=0, leader_commit=2)
54524.2ms Leader 2 SENDING AppendEntries to vehicle 1 (n_entries=0, leader_commit=2)
54524.2ms Leader 2 SENDING AppendEntries to vehicle 4 (n_entries=3, leader_commit=2)
54524.2ms Leader 2 SENDING AppendEntries to vehicle 5 (n_entries=3, leader_commit=2)
54524.2ms Leader 2 SENDING AppendEntries to vehicle 6 (n_entries=3, leader_commit=2)
54524.2ms Leader 2 SENDING AppendEntries to vehicle 7 (n_entries=0, leader_commit=2)
54526.5ms Vehicle 0 RECEIVED AppendEntries from 2 (n_entries=0, leader_commit=2)
54527.6ms Vehicle 1 RECEIVED AppendEntries from 2 (n_entries=0, leader_commit=2)
54528.6ms Vehicle 7 RECEIVED AppendEntries from 2 (n_entries=0, leader_commit=2)
54664.2ms Leader 2 SENDING AppendEntries to vehicle 0 (n_entries=0, leader_commit=2)
54664.2ms Leader 2 SENDING AppendEntries to vehicle 1 (n_entries=0, leader_commit=2)
54664.2ms Leader 2 SENDING AppendEntries to vehicle 4 (n_entries=3, leader_commit=2)
54664.2ms Leader 2 SENDING AppendEntries to vehicle 5 (n_entries=3, leader_commit=2)
54664.2ms Leader 2 SENDING AppendEntries to vehicle 6 (n_entries=3, leader_commit=2)
54664.2ms Leader 2 SENDING AppendEntries to vehicle 7 (n_entries=0, leader_commit=2)
54666.1ms Vehicle 1 RECEIVED AppendEntries from 2 (n_entries=0, leader_commit=2)
54666.7ms Vehicle 7 RECEIVED AppendEntries from 2 (n_entries=0, leader_commit=2)
54667.4ms Vehicle 0 RECEIVED AppendEntries from 2 (n_entries=0, leader_commit=2)
54804.2ms Leader 2 SENDING AppendEntries to vehicle 0 (n_entries=0, leader_commit=2)
54804.2ms Leader 2 SENDING AppendEntries to vehicle 1 (n_entries=0, leader_commit=2)
54804.2ms Leader 2 SENDING AppendEntries to vehicle 4 (n_entries=3, leader_commit=2)
54804.2ms Leader 2 SENDING AppendEntries to vehicle 5 (n_entries=3, leader_commit=2)
54804.2ms Leader 2 SENDING AppendEntries to vehicle 6 (n_entries=3, leader_commit=2)
54804.2ms Leader 2 SENDING AppendEntries to vehicle 7 (n_entries=0, leader_commit=2)
54806.1ms Vehicle 1 RECEIVED AppendEntries from 2 (n_entries=0, leader_commit=2)
54808.1ms Vehicle 7 RECEIVED AppendEntries from 2 (n_entries=0, leader_commit=2)
54809.1ms Vehicle 0 RECEIVED AppendEntries from 2 (n_entries=0, leader_commit=2)
54944.2ms Leader 2 SENDING AppendEntries to vehicle 0 (n_entries=0, leader_commit=2)
54944.2ms Leader 2 SENDING AppendEntries to vehicle 1 (n_entries=0, leader_commit=2)
54944.2ms Leader 2 SENDING AppendEntries to vehicle 4 (n_entries=3, leader_commit=2)
54944.2ms Leader 2 SENDING AppendEntries to vehicle 5 (n_entries=3, leader_commit=2)
54944.2ms Leader 2 SENDING AppendEntries to vehicle 6 (n_entries=3, leader_commit=2)
54944.2ms Leader 2 SENDING AppendEntries to vehicle 7 (n_entries=0, leader_commit=2)
54947.3ms Vehicle 1 RECEIVED AppendEntries from 2 (n_entries=0, leader_commit=2)
54947.6ms Vehicle 7 RECEIVED AppendEntries from 2 (n_entries=0, leader_commit=2)
54948.0ms Vehicle 0 RECEIVED AppendEntries from 2 (n_entries=0, leader_commit=2)
55084.2ms Leader 2 SENDING AppendEntries to vehicle 0 (n_entries=0, leader_commit=2)
55084.2ms Leader 2 SENDING AppendEntries to vehicle 1 (n_entries=0, leader_commit=2)
55084.2ms Leader 2 SENDING AppendEntries to vehicle 4 (n_entries=3, leader_commit=2)
55084.2ms Leader 2 SENDING AppendEntries to vehicle 5 (n_entries=3, leader_commit=2)
55084.2ms Leader 2 SENDING AppendEntries to vehicle 6 (n_entries=3, leader_commit=2)
55084.2ms Leader 2 SENDING AppendEntries to vehicle 7 (n_entries=0, leader_commit=2)
55086.2ms Vehicle 0 RECEIVED AppendEntries from 2 (n_entries=0, leader_commit=2)
55088.5ms Vehicle 1 RECEIVED AppendEntries from 2 (n_entries=0, leader_commit=2)
55224.2ms Leader 2 SENDING AppendEntries to vehicle 0 (n_entries=0, leader_commit=2)
55224.2ms Leader 2 SENDING AppendEntries to vehicle 1 (n_entries=0, leader_commit=2)
55224.2ms Leader 2 SENDING AppendEntries to vehicle 4 (n_entries=3, leader_commit=2)
55224.2ms Leader 2 SENDING AppendEntries to vehicle 5 (n_entries=3, leader_commit=2)
55224.2ms Leader 2 SENDING AppendEntries to vehicle 6 (n_entries=3, leader_commit=2)
55224.2ms Leader 2 SENDING AppendEntries to vehicle 7 (n_entries=0, leader_commit=2)
55228.3ms Vehicle 7 RECEIVED AppendEntries from 2 (n_entries=0, leader_commit=2)
55228.6ms Vehicle 0 RECEIVED AppendEntries from 2 (n_entries=0, leader_commit=2)
55229.2ms Vehicle 1 RECEIVED AppendEntries from 2 (n_entries=0, leader_commit=2)
55364.2ms Leader 2 SENDING AppendEntries to vehicle 0 (n_entries=0, leader_commit=2)
55364.2ms Leader 2 SENDING AppendEntries to vehicle 1 (n_entries=0, leader_commit=2)
55364.2ms Leader 2 SENDING AppendEntries to vehicle 4 (n_entries=3, leader_commit=2)
55364.2ms Leader 2 SENDING AppendEntries to vehicle 5 (n_entries=3, leader_commit=2)
55364.2ms Leader 2 SENDING AppendEntries to vehicle 6 (n_entries=3, leader_commit=2)
55364.2ms Leader 2 SENDING AppendEntries to vehicle 7 (n_entries=0, leader_commit=2)
55365.6ms Vehicle 1 RECEIVED AppendEntries from 2 (n_entries=0, leader_commit=2)
55368.5ms Vehicle 0 RECEIVED AppendEntries from 2 (n_entries=0, leader_commit=2)
55368.8ms Vehicle 7 RECEIVED AppendEntries from 2 (n_entries=0, leader_commit=2)
55504.2ms Leader 2 SENDING AppendEntries to vehicle 0 (n_entries=0, leader_commit=2)
55504.2ms Leader 2 SENDING AppendEntries to vehicle 1 (n_entries=0, leader_commit=2)
55504.2ms Leader 2 SENDING AppendEntries to vehicle 4 (n_entries=3, leader_commit=2)
55504.2ms Leader 2 SENDING AppendEntries to vehicle 5 (n_entries=3, leader_commit=2)
55504.2ms Leader 2 SENDING AppendEntries to vehicle 6 (n_entries=3, leader_commit=2)
55504.2ms Leader 2 SENDING AppendEntries to vehicle 7 (n_entries=0, leader_commit=2)
55505.5ms Vehicle 0 RECEIVED AppendEntries from 2 (n_entries=0, leader_commit=2)
55507.7ms Vehicle 7 RECEIVED AppendEntries from 2 (n_entries=0, leader_commit=2)
55508.3ms Vehicle 1 RECEIVED AppendEntries from 2 (n_entries=0, leader_commit=2)
55644.2ms Leader 2 SENDING AppendEntries to vehicle 0 (n_entries=0, leader_commit=2)
55644.2ms Leader 2 SENDING AppendEntries to vehicle 1 (n_entries=0, leader_commit=2)
55644.2ms Leader 2 SENDING AppendEntries to vehicle 4 (n_entries=3, leader_commit=2)
55644.2ms Leader 2 SENDING AppendEntries to vehicle 5 (n_entries=3, leader_commit=2)
55644.2ms Leader 2 SENDING AppendEntries to vehicle 6 (n_entries=3, leader_commit=2)
55644.2ms Leader 2 SENDING AppendEntries to vehicle 7 (n_entries=0, leader_commit=2)
55647.4ms Vehicle 7 RECEIVED AppendEntries from 2 (n_entries=0, leader_commit=2)
55647.8ms Vehicle 1 RECEIVED AppendEntries from 2 (n_entries=0, leader_commit=2)
55649.6ms Vehicle 0 RECEIVED AppendEntries from 2 (n_entries=0, leader_commit=2)
55784.2ms Leader 2 SENDING AppendEntries to vehicle 0 (n_entries=0, leader_commit=2)
55784.2ms Leader 2 SENDING AppendEntries to vehicle 1 (n_entries=0, leader_commit=2)
55784.2ms Leader 2 SENDING AppendEntries to vehicle 4 (n_entries=3, leader_commit=2)
55784.2ms Leader 2 SENDING AppendEntries to vehicle 5 (n_entries=3, leader_commit=2)
55784.2ms Leader 2 SENDING AppendEntries to vehicle 6 (n_entries=3, leader_commit=2)
55784.2ms Leader 2 SENDING AppendEntries to vehicle 7 (n_entries=0, leader_commit=2)
55787.8ms Vehicle 0 RECEIVED AppendEntries from 2 (n_entries=0, leader_commit=2)
55788.1ms Vehicle 1 RECEIVED AppendEntries from 2 (n_entries=0, leader_commit=2)
55924.2ms Leader 2 SENDING AppendEntries to vehicle 0 (n_entries=0, leader_commit=2)
55924.2ms Leader 2 SENDING AppendEntries to vehicle 1 (n_entries=0, leader_commit=2)
55924.2ms Leader 2 SENDING AppendEntries to vehicle 4 (n_entries=3, leader_commit=2)
55924.2ms Leader 2 SENDING AppendEntries to vehicle 5 (n_entries=3, leader_commit=2)
55924.2ms Leader 2 SENDING AppendEntries to vehicle 6 (n_entries=3, leader_commit=2)
55924.2ms Leader 2 SENDING AppendEntries to vehicle 7 (n_entries=0, leader_commit=2)
55926.4ms Vehicle 0 RECEIVED AppendEntries from 2 (n_entries=0, leader_commit=2)
55928.6ms Vehicle 7 RECEIVED AppendEntries from 2 (n_entries=0, leader_commit=2)
55928.9ms Vehicle 1 RECEIVED AppendEntries from 2 (n_entries=0, leader_commit=2)
56064.2ms Leader 2 SENDING AppendEntries to vehicle 0 (n_entries=0, leader_commit=2)
56064.2ms Leader 2 SENDING AppendEntries to vehicle 1 (n_entries=0, leader_commit=2)
56064.2ms Leader 2 SENDING AppendEntries to vehicle 4 (n_entries=3, leader_commit=2)
56064.2ms Leader 2 SENDING AppendEntries to vehicle 5 (n_entries=3, leader_commit=2)
56064.2ms Leader 2 SENDING AppendEntries to vehicle 6 (n_entries=3, leader_commit=2)
56064.2ms Leader 2 SENDING AppendEntries to vehicle 7 (n_entries=0, leader_commit=2)
56066.3ms Vehicle 0 RECEIVED AppendEntries from 2 (n_entries=0, leader_commit=2)
56067.0ms Vehicle 1 RECEIVED AppendEntries from 2 (n_entries=0, leader_commit=2)
56068.7ms Vehicle 7 RECEIVED AppendEntries from 2 (n_entries=0, leader_commit=2)
56204.2ms Leader 2 SENDING AppendEntries to vehicle 0 (n_entries=0, leader_commit=2)
56204.2ms Leader 2 SENDING AppendEntries to vehicle 1 (n_entries=0, leader_commit=2)
56204.2ms Leader 2 SENDING AppendEntries to vehicle 4 (n_entries=3, leader_commit=2)
56204.2ms Leader 2 SENDING AppendEntries to vehicle 5 (n_entries=3, leader_commit=2)
56204.2ms Leader 2 SENDING AppendEntries to vehicle 6 (n_entries=3, leader_commit=2)
56204.2ms Leader 2 SENDING AppendEntries to vehicle 7 (n_entries=0, leader_commit=2)
56206.5ms Vehicle 7 RECEIVED AppendEntries from 2 (n_entries=0, leader_commit=2)
56207.0ms Vehicle 0 RECEIVED AppendEntries from 2 (n_entries=0, leader_commit=2)
56207.9ms Vehicle 1 RECEIVED AppendEntries from 2 (n_entries=0, leader_commit=2)
56344.2ms Leader 2 SENDING AppendEntries to vehicle 0 (n_entries=0, leader_commit=2)
56344.2ms Leader 2 SENDING AppendEntries to vehicle 1 (n_entries=0, leader_commit=2)
56344.2ms Leader 2 SENDING AppendEntries to vehicle 4 (n_entries=3, leader_commit=2)
56344.2ms Leader 2 SENDING AppendEntries to vehicle 5 (n_entries=3, leader_commit=2)
56344.2ms Leader 2 SENDING AppendEntries to vehicle 6 (n_entries=3, leader_commit=2)
56344.2ms Leader 2 SENDING AppendEntries to vehicle 7 (n_entries=0, leader_commit=2)
56345.6ms Vehicle 7 RECEIVED AppendEntries from 2 (n_entries=0, leader_commit=2)
56346.2ms Vehicle 1 RECEIVED AppendEntries from 2 (n_entries=0, leader_commit=2)
56346.5ms Vehicle 0 RECEIVED AppendEntries from 2 (n_entries=0, leader_commit=2)
56484.2ms Leader 2 SENDING AppendEntries to vehicle 0 (n_entries=0, leader_commit=2)
56484.2ms Leader 2 SENDING AppendEntries to vehicle 1 (n_entries=0, leader_commit=2)
56484.2ms Leader 2 SENDING AppendEntries to vehicle 4 (n_entries=3, leader_commit=2)
56484.2ms Leader 2 SENDING AppendEntries to vehicle 5 (n_entries=3, leader_commit=2)
56484.2ms Leader 2 SENDING AppendEntries to vehicle 6 (n_entries=3, leader_commit=2)
56484.2ms Leader 2 SENDING AppendEntries to vehicle 7 (n_entries=0, leader_commit=2)
56488.0ms Vehicle 0 RECEIVED AppendEntries from 2 (n_entries=0, leader_commit=2)
56488.9ms Vehicle 7 RECEIVED AppendEntries from 2 (n_entries=0, leader_commit=2)
56489.2ms Vehicle 1 RECEIVED AppendEntries from 2 (n_entries=0, leader_commit=2)
56624.2ms Leader 2 SENDING AppendEntries to vehicle 0 (n_entries=0, leader_commit=2)
56624.2ms Leader 2 SENDING AppendEntries to vehicle 1 (n_entries=0, leader_commit=2)
56624.2ms Leader 2 SENDING AppendEntries to vehicle 4 (n_entries=3, leader_commit=2)
56624.2ms Leader 2 SENDING AppendEntries to vehicle 5 (n_entries=3, leader_commit=2)
56624.2ms Leader 2 SENDING AppendEntries to vehicle 6 (n_entries=3, leader_commit=2)
56624.2ms Leader 2 SENDING AppendEntries to vehicle 7 (n_entries=0, leader_commit=2)
56625.6ms Vehicle 0 RECEIVED AppendEntries from 2 (n_entries=0, leader_commit=2)
56626.5ms Vehicle 7 RECEIVED AppendEntries from 2 (n_entries=0, leader_commit=2)
56626.8ms Vehicle 1 RECEIVED AppendEntries from 2 (n_entries=0, leader_commit=2)
56764.2ms Leader 2 SENDING AppendEntries to vehicle 0 (n_entries=0, leader_commit=2)
56764.2ms Leader 2 SENDING AppendEntries to vehicle 1 (n_entries=0, leader_commit=2)
56764.2ms Leader 2 SENDING AppendEntries to vehicle 4 (n_entries=3, leader_commit=2)
56764.2ms Leader 2 SENDING AppendEntries to vehicle 5 (n_entries=3, leader_commit=2)
56764.2ms Leader 2 SENDING AppendEntries to vehicle 6 (n_entries=3, leader_commit=2)
56764.2ms Leader 2 SENDING AppendEntries to vehicle 7 (n_entries=0, leader_commit=2)
56767.4ms Vehicle 0 RECEIVED AppendEntries from 2 (n_entries=0, leader_commit=2)
56767.9ms Vehicle 1 RECEIVED AppendEntries from 2 (n_entries=0, leader_commit=2)
56768.7ms Vehicle 7 RECEIVED AppendEntries from 2 (n_entries=0, leader_commit=2)
56904.2ms Leader 2 SENDING AppendEntries to vehicle 0 (n_entries=0, leader_commit=2)
56904.2ms Leader 2 SENDING AppendEntries to vehicle 1 (n_entries=0, leader_commit=2)
56904.2ms Leader 2 SENDING AppendEntries to vehicle 4 (n_entries=3, leader_commit=2)
56904.2ms Leader 2 SENDING AppendEntries to vehicle 5 (n_entries=3, leader_commit=2)
56904.2ms Leader 2 SENDING AppendEntries to vehicle 6 (n_entries=3, leader_commit=2)
56904.2ms Leader 2 SENDING AppendEntries to vehicle 7 (n_entries=0, leader_commit=2)
56906.0ms Vehicle 7 RECEIVED AppendEntries from 2 (n_entries=0, leader_commit=2)
56906.9ms Vehicle 1 RECEIVED AppendEntries from 2 (n_entries=0, leader_commit=2)
56907.6ms Vehicle 0 RECEIVED AppendEntries from 2 (n_entries=0, leader_commit=2)
57044.2ms Leader 2 SENDING AppendEntries to vehicle 0 (n_entries=0, leader_commit=2)
57044.2ms Leader 2 SENDING AppendEntries to vehicle 1 (n_entries=0, leader_commit=2)
57044.2ms Leader 2 SENDING AppendEntries to vehicle 4 (n_entries=3, leader_commit=2)
57044.2ms Leader 2 SENDING AppendEntries to vehicle 5 (n_entries=3, leader_commit=2)
57044.2ms Leader 2 SENDING AppendEntries to vehicle 6 (n_entries=3, leader_commit=2)
57044.2ms Leader 2 SENDING AppendEntries to vehicle 7 (n_entries=0, leader_commit=2)
57046.4ms Vehicle 1 RECEIVED AppendEntries from 2 (n_entries=0, leader_commit=2)
57046.7ms Vehicle 7 RECEIVED AppendEntries from 2 (n_entries=0, leader_commit=2)
57047.4ms Vehicle 0 RECEIVED AppendEntries from 2 (n_entries=0, leader_commit=2)
57184.2ms Leader 2 SENDING AppendEntries to vehicle 0 (n_entries=0, leader_commit=2)
57184.2ms Leader 2 SENDING AppendEntries to vehicle 1 (n_entries=0, leader_commit=2)
57184.2ms Leader 2 SENDING AppendEntries to vehicle 4 (n_entries=3, leader_commit=2)
57184.2ms Leader 2 SENDING AppendEntries to vehicle 5 (n_entries=3, leader_commit=2)
57184.2ms Leader 2 SENDING AppendEntries to vehicle 6 (n_entries=3, leader_commit=2)
57184.2ms Leader 2 SENDING AppendEntries to vehicle 7 (n_entries=0, leader_commit=2)
57185.9ms Vehicle 1 RECEIVED AppendEntries from 2 (n_entries=0, leader_commit=2)
57187.1ms Vehicle 7 RECEIVED AppendEntries from 2 (n_entries=0, leader_commit=2)
57188.1ms Vehicle 0 RECEIVED AppendEntries from 2 (n_entries=0, leader_commit=2)
57324.2ms Leader 2 SENDING AppendEntries to vehicle 0 (n_entries=0, leader_commit=2)
57324.2ms Leader 2 SENDING AppendEntries to vehicle 1 (n_entries=0, leader_commit=2)
57324.2ms Leader 2 SENDING AppendEntries to vehicle 4 (n_entries=3, leader_commit=2)
57324.2ms Leader 2 SENDING AppendEntries to vehicle 5 (n_entries=3, leader_commit=2)
57324.2ms Leader 2 SENDING AppendEntries to vehicle 6 (n_entries=3, leader_commit=2)
57324.2ms Leader 2 SENDING AppendEntries to vehicle 7 (n_entries=0, leader_commit=2)
57326.4ms Vehicle 7 RECEIVED AppendEntries from 2 (n_entries=0, leader_commit=2)
57327.6ms Vehicle 0 RECEIVED AppendEntries from 2 (n_entries=0, leader_commit=2)
57328.4ms Vehicle 1 RECEIVED AppendEntries from 2 (n_entries=0, leader_commit=2)
57464.2ms Leader 2 SENDING AppendEntries to vehicle 0 (n_entries=0, leader_commit=2)
57464.2ms Leader 2 SENDING AppendEntries to vehicle 1 (n_entries=0, leader_commit=2)
57464.2ms Leader 2 SENDING AppendEntries to vehicle 4 (n_entries=3, leader_commit=2)
57464.2ms Leader 2 SENDING AppendEntries to vehicle 5 (n_entries=3, leader_commit=2)
57464.2ms Leader 2 SENDING AppendEntries to vehicle 6 (n_entries=3, leader_commit=2)
57464.2ms Leader 2 SENDING AppendEntries to vehicle 7 (n_entries=0, leader_commit=2)
57466.1ms Vehicle 7 RECEIVED AppendEntries from 2 (n_entries=0, leader_commit=2)
57467.3ms Vehicle 1 RECEIVED AppendEntries from 2 (n_entries=0, leader_commit=2)
57467.9ms Vehicle 0 RECEIVED AppendEntries from 2 (n_entries=0, leader_commit=2)
57604.2ms Leader 2 SENDING AppendEntries to vehicle 0 (n_entries=0, leader_commit=2)
57604.2ms Leader 2 SENDING AppendEntries to vehicle 1 (n_entries=0, leader_commit=2)
57604.2ms Leader 2 SENDING AppendEntries to vehicle 4 (n_entries=3, leader_commit=2)
57604.2ms Leader 2 SENDING AppendEntries to vehicle 5 (n_entries=3, leader_commit=2)
57604.2ms Leader 2 SENDING AppendEntries to vehicle 6 (n_entries=3, leader_commit=2)
57604.2ms Leader 2 SENDING AppendEntries to vehicle 7 (n_entries=0, leader_commit=2)
57606.6ms Vehicle 1 RECEIVED AppendEntries from 2 (n_entries=0, leader_commit=2)
57606.9ms Vehicle 7 RECEIVED AppendEntries from 2 (n_entries=0, leader_commit=2)
57609.0ms Vehicle 0 RECEIVED AppendEntries from 2 (n_entries=0, leader_commit=2)
57744.2ms Leader 2 SENDING AppendEntries to vehicle 0 (n_entries=0, leader_commit=2)
57744.2ms Leader 2 SENDING AppendEntries to vehicle 1 (n_entries=0, leader_commit=2)
57744.2ms Leader 2 SENDING AppendEntries to vehicle 4 (n_entries=3, leader_commit=2)
57744.2ms Leader 2 SENDING AppendEntries to vehicle 5 (n_entries=3, leader_commit=2)
57744.2ms Leader 2 SENDING AppendEntries to vehicle 6 (n_entries=3, leader_commit=2)
57744.2ms Leader 2 SENDING AppendEntries to vehicle 7 (n_entries=0, leader_commit=2)
57746.2ms Vehicle 1 RECEIVED AppendEntries from 2 (n_entries=0, leader_commit=2)
57747.5ms Vehicle 7 RECEIVED AppendEntries from 2 (n_entries=0, leader_commit=2)
57749.0ms Vehicle 0 RECEIVED AppendEntries from 2 (n_entries=0, leader_commit=2)
57884.2ms Leader 2 SENDING AppendEntries to vehicle 0 (n_entries=0, leader_commit=2)
57884.2ms Leader 2 SENDING AppendEntries to vehicle 1 (n_entries=0, leader_commit=2)
57884.2ms Leader 2 SENDING AppendEntries to vehicle 4 (n_entries=3, leader_commit=2)
57884.2ms Leader 2 SENDING AppendEntries to vehicle 5 (n_entries=3, leader_commit=2)
57884.2ms Leader 2 SENDING AppendEntries to vehicle 6 (n_entries=3, leader_commit=2)
57884.2ms Leader 2 SENDING AppendEntries to vehicle 7 (n_entries=0, leader_commit=2)
57886.7ms Vehicle 0 RECEIVED AppendEntries from 2 (n_entries=0, leader_commit=2)
57888.1ms Vehicle 7 RECEIVED AppendEntries from 2 (n_entries=0, leader_commit=2)
57889.3ms Vehicle 1 RECEIVED AppendEntries from 2 (n_entries=0, leader_commit=2)
58024.2ms Leader 2 SENDING AppendEntries to vehicle 0 (n_entries=0, leader_commit=2)
58024.2ms Leader 2 SENDING AppendEntries to vehicle 1 (n_entries=0, leader_commit=2)
58024.2ms Leader 2 SENDING AppendEntries to vehicle 4 (n_entries=3, leader_commit=2)
58024.2ms Leader 2 SENDING AppendEntries to vehicle 5 (n_entries=3, leader_commit=2)
58024.2ms Leader 2 SENDING AppendEntries to vehicle 6 (n_entries=3, leader_commit=2)
58024.2ms Leader 2 SENDING AppendEntries to vehicle 7 (n_entries=0, leader_commit=2)
58027.6ms Vehicle 1 RECEIVED AppendEntries from 2 (n_entries=0, leader_commit=2)
58028.7ms Vehicle 7 RECEIVED AppendEntries from 2 (n_entries=0, leader_commit=2)
58029.2ms Vehicle 0 RECEIVED AppendEntries from 2 (n_entries=0, leader_commit=2)
58164.2ms Leader 2 SENDING AppendEntries to vehicle 0 (n_entries=0, leader_commit=2)
58164.2ms Leader 2 SENDING AppendEntries to vehicle 1 (n_entries=0, leader_commit=2)
58164.2ms Leader 2 SENDING AppendEntries to vehicle 4 (n_entries=3, leader_commit=2)
58164.2ms Leader 2 SENDING AppendEntries to vehicle 5 (n_entries=3, leader_commit=2)
58164.2ms Leader 2 SENDING AppendEntries to vehicle 6 (n_entries=3, leader_commit=2)
58164.2ms Leader 2 SENDING AppendEntries to vehicle 7 (n_entries=0, leader_commit=2)
58165.9ms Vehicle 1 RECEIVED AppendEntries from 2 (n_entries=0, leader_commit=2)
58167.7ms Vehicle 7 RECEIVED AppendEntries from 2 (n_entries=0, leader_commit=2)
58168.0ms Vehicle 0 RECEIVED AppendEntries from 2 (n_entries=0, leader_commit=2)
58304.2ms Leader 2 SENDING AppendEntries to vehicle 0 (n_entries=0, leader_commit=2)
58304.2ms Leader 2 SENDING AppendEntries to vehicle 1 (n_entries=0, leader_commit=2)
58304.2ms Leader 2 SENDING AppendEntries to vehicle 4 (n_entries=3, leader_commit=2)
58304.2ms Leader 2 SENDING AppendEntries to vehicle 5 (n_entries=3, leader_commit=2)
58304.2ms Leader 2 SENDING AppendEntries to vehicle 6 (n_entries=3, leader_commit=2)
58304.2ms Leader 2 SENDING AppendEntries to vehicle 7 (n_entries=0, leader_commit=2)
58306.1ms Vehicle 0 RECEIVED AppendEntries from 2 (n_entries=0, leader_commit=2)
58306.4ms Vehicle 1 RECEIVED AppendEntries from 2 (n_entries=0, leader_commit=2)
58308.2ms Vehicle 7 RECEIVED AppendEntries from 2 (n_entries=0, leader_commit=2)
58444.2ms Leader 2 SENDING AppendEntries to vehicle 0 (n_entries=0, leader_commit=2)
58444.2ms Leader 2 SENDING AppendEntries to vehicle 1 (n_entries=0, leader_commit=2)
58444.2ms Leader 2 SENDING AppendEntries to vehicle 4 (n_entries=3, leader_commit=2)
58444.2ms Leader 2 SENDING AppendEntries to vehicle 5 (n_entries=3, leader_commit=2)
58444.2ms Leader 2 SENDING AppendEntries to vehicle 6 (n_entries=3, leader_commit=2)
58444.2ms Leader 2 SENDING AppendEntries to vehicle 7 (n_entries=0, leader_commit=2)
58447.2ms Vehicle 0 RECEIVED AppendEntries from 2 (n_entries=0, leader_commit=2)
58448.1ms Vehicle 1 RECEIVED AppendEntries from 2 (n_entries=0, leader_commit=2)
58448.8ms Vehicle 7 RECEIVED AppendEntries from 2 (n_entries=0, leader_commit=2)
58584.2ms Leader 2 SENDING AppendEntries to vehicle 0 (n_entries=0, leader_commit=2)
58584.2ms Leader 2 SENDING AppendEntries to vehicle 1 (n_entries=0, leader_commit=2)
58584.2ms Leader 2 SENDING AppendEntries to vehicle 4 (n_entries=3, leader_commit=2)
58584.2ms Leader 2 SENDING AppendEntries to vehicle 5 (n_entries=3, leader_commit=2)
58584.2ms Leader 2 SENDING AppendEntries to vehicle 6 (n_entries=3, leader_commit=2)
58584.2ms Leader 2 SENDING AppendEntries to vehicle 7 (n_entries=0, leader_commit=2)
58586.2ms Vehicle 0 RECEIVED AppendEntries from 2 (n_entries=0, leader_commit=2)
58586.5ms Vehicle 1 RECEIVED AppendEntries from 2 (n_entries=0, leader_commit=2)
58588.0ms Vehicle 7 RECEIVED AppendEntries from 2 (n_entries=0, leader_commit=2)
58724.2ms Leader 2 SENDING AppendEntries to vehicle 0 (n_entries=0, leader_commit=2)
58724.2ms Leader 2 SENDING AppendEntries to vehicle 1 (n_entries=0, leader_commit=2)
58724.2ms Leader 2 SENDING AppendEntries to vehicle 4 (n_entries=3, leader_commit=2)
58724.2ms Leader 2 SENDING AppendEntries to vehicle 5 (n_entries=3, leader_commit=2)
58724.2ms Leader 2 SENDING AppendEntries to vehicle 6 (n_entries=3, leader_commit=2)
58724.2ms Leader 2 SENDING AppendEntries to vehicle 7 (n_entries=0, leader_commit=2)
58726.4ms Vehicle 0 RECEIVED AppendEntries from 2 (n_entries=0, leader_commit=2)
58729.0ms Vehicle 1 RECEIVED AppendEntries from 2 (n_entries=0, leader_commit=2)
58729.4ms Vehicle 7 RECEIVED AppendEntries from 2 (n_entries=0, leader_commit=2)
58864.2ms Leader 2 SENDING AppendEntries to vehicle 0 (n_entries=0, leader_commit=2)
58864.2ms Leader 2 SENDING AppendEntries to vehicle 1 (n_entries=0, leader_commit=2)
58864.2ms Leader 2 SENDING AppendEntries to vehicle 4 (n_entries=3, leader_commit=2)
58864.2ms Leader 2 SENDING AppendEntries to vehicle 5 (n_entries=3, leader_commit=2)
58864.2ms Leader 2 SENDING AppendEntries to vehicle 6 (n_entries=3, leader_commit=2)
58864.2ms Leader 2 SENDING AppendEntries to vehicle 7 (n_entries=0, leader_commit=2)
58866.0ms Vehicle 0 RECEIVED AppendEntries from 2 (n_entries=0, leader_commit=2)
58867.5ms Vehicle 7 RECEIVED AppendEntries from 2 (n_entries=0, leader_commit=2)
58868.7ms Vehicle 1 RECEIVED AppendEntries from 2 (n_entries=0, leader_commit=2)
59004.2ms Leader 2 SENDING AppendEntries to vehicle 0 (n_entries=0, leader_commit=2)
59004.2ms Leader 2 SENDING AppendEntries to vehicle 1 (n_entries=0, leader_commit=2)
59004.2ms Leader 2 SENDING AppendEntries to vehicle 4 (n_entries=3, leader_commit=2)
59004.2ms Leader 2 SENDING AppendEntries to vehicle 5 (n_entries=3, leader_commit=2)
59004.2ms Leader 2 SENDING AppendEntries to vehicle 6 (n_entries=3, leader_commit=2)
59004.2ms Leader 2 SENDING AppendEntries to vehicle 7 (n_entries=0, leader_commit=2)
59007.5ms Vehicle 0 RECEIVED AppendEntries from 2 (n_entries=0, leader_commit=2)
59008.4ms Vehicle 1 RECEIVED AppendEntries from 2 (n_entries=0, leader_commit=2)
59009.1ms Vehicle 7 RECEIVED AppendEntries from 2 (n_entries=0, leader_commit=2)
59144.2ms Leader 2 SENDING AppendEntries to vehicle 0 (n_entries=0, leader_commit=2)
59144.2ms Leader 2 SENDING AppendEntries to vehicle 1 (n_entries=0, leader_commit=2)
59144.2ms Leader 2 SENDING AppendEntries to vehicle 4 (n_entries=3, leader_commit=2)
59144.2ms Leader 2 SENDING AppendEntries to vehicle 5 (n_entries=3, leader_commit=2)
59144.2ms Leader 2 SENDING AppendEntries to vehicle 6 (n_entries=3, leader_commit=2)
59144.2ms Leader 2 SENDING AppendEntries to vehicle 7 (n_entries=0, leader_commit=2)
59147.3ms Vehicle 1 RECEIVED AppendEntries from 2 (n_entries=0, leader_commit=2)
59147.9ms Vehicle 0 RECEIVED AppendEntries from 2 (n_entries=0, leader_commit=2)
59148.5ms Vehicle 7 RECEIVED AppendEntries from 2 (n_entries=0, leader_commit=2)
59284.2ms Leader 2 SENDING AppendEntries to vehicle 0 (n_entries=0, leader_commit=2)
59284.2ms Leader 2 SENDING AppendEntries to vehicle 1 (n_entries=0, leader_commit=2)
59284.2ms Leader 2 SENDING AppendEntries to vehicle 4 (n_entries=3, leader_commit=2)
59284.2ms Leader 2 SENDING AppendEntries to vehicle 5 (n_entries=3, leader_commit=2)
59284.2ms Leader 2 SENDING AppendEntries to vehicle 6 (n_entries=3, leader_commit=2)
59284.2ms Leader 2 SENDING AppendEntries to vehicle 7 (n_entries=0, leader_commit=2)
59285.9ms Vehicle 1 RECEIVED AppendEntries from 2 (n_entries=0, leader_commit=2)
59286.8ms Vehicle 7 RECEIVED AppendEntries from 2 (n_entries=0, leader_commit=2)
59288.9ms Vehicle 0 RECEIVED AppendEntries from 2 (n_entries=0, leader_commit=2)
59424.2ms Leader 2 SENDING AppendEntries to vehicle 0 (n_entries=0, leader_commit=2)
59424.2ms Leader 2 SENDING AppendEntries to vehicle 1 (n_entries=0, leader_commit=2)
59424.2ms Leader 2 SENDING AppendEntries to vehicle 4 (n_entries=3, leader_commit=2)
59424.2ms Leader 2 SENDING AppendEntries to vehicle 5 (n_entries=3, leader_commit=2)
59424.2ms Leader 2 SENDING AppendEntries to vehicle 6 (n_entries=3, leader_commit=2)
59424.2ms Leader 2 SENDING AppendEntries to vehicle 7 (n_entries=0, leader_commit=2)
59427.7ms Vehicle 7 RECEIVED AppendEntries from 2 (n_entries=0, leader_commit=2)
59428.4ms Vehicle 1 RECEIVED AppendEntries from 2 (n_entries=0, leader_commit=2)
59428.7ms Vehicle 0 RECEIVED AppendEntries from 2 (n_entries=0, leader_commit=2)
59564.2ms Leader 2 SENDING AppendEntries to vehicle 0 (n_entries=0, leader_commit=2)
59564.2ms Leader 2 SENDING AppendEntries to vehicle 1 (n_entries=0, leader_commit=2)
59564.2ms Leader 2 SENDING AppendEntries to vehicle 4 (n_entries=3, leader_commit=2)
59564.2ms Leader 2 SENDING AppendEntries to vehicle 5 (n_entries=3, leader_commit=2)
59564.2ms Leader 2 SENDING AppendEntries to vehicle 6 (n_entries=3, leader_commit=2)
59564.2ms Leader 2 SENDING AppendEntries to vehicle 7 (n_entries=0, leader_commit=2)
59567.0ms Vehicle 1 RECEIVED AppendEntries from 2 (n_entries=0, leader_commit=2)
59567.4ms Vehicle 7 RECEIVED AppendEntries from 2 (n_entries=0, leader_commit=2)
59568.2ms Vehicle 0 RECEIVED AppendEntries from 2 (n_entries=0, leader_commit=2)
59704.2ms Leader 2 SENDING AppendEntries to vehicle 0 (n_entries=0, leader_commit=2)
59704.2ms Leader 2 SENDING AppendEntries to vehicle 1 (n_entries=0, leader_commit=2)
59704.2ms Leader 2 SENDING AppendEntries to vehicle 4 (n_entries=3, leader_commit=2)
59704.2ms Leader 2 SENDING AppendEntries to vehicle 5 (n_entries=3, leader_commit=2)
59704.2ms Leader 2 SENDING AppendEntries to vehicle 6 (n_entries=3, leader_commit=2)
59704.2ms Leader 2 SENDING AppendEntries to vehicle 7 (n_entries=0, leader_commit=2)
59706.4ms Vehicle 1 RECEIVED AppendEntries from 2 (n_entries=0, leader_commit=2)
59707.1ms Vehicle 7 RECEIVED AppendEntries from 2 (n_entries=0, leader_commit=2)
59708.4ms Vehicle 0 RECEIVED AppendEntries from 2 (n_entries=0, leader_commit=2)
59844.2ms Leader 2 SENDING AppendEntries to vehicle 0 (n_entries=0, leader_commit=2)
59844.2ms Leader 2 SENDING AppendEntries to vehicle 1 (n_entries=0, leader_commit=2)
59844.2ms Leader 2 SENDING AppendEntries to vehicle 4 (n_entries=3, leader_commit=2)
59844.2ms Leader 2 SENDING AppendEntries to vehicle 5 (n_entries=3, leader_commit=2)
59844.2ms Leader 2 SENDING AppendEntries to vehicle 6 (n_entries=3, leader_commit=2)
59844.2ms Leader 2 SENDING AppendEntries to vehicle 7 (n_entries=0, leader_commit=2)
59845.9ms Vehicle 0 RECEIVED AppendEntries from 2 (n_entries=0, leader_commit=2)
59846.9ms Vehicle 7 RECEIVED AppendEntries from 2 (n_entries=0, leader_commit=2)
59849.0ms Vehicle 1 RECEIVED AppendEntries from 2 (n_entries=0, leader_commit=2)
59984.2ms Leader 2 SENDING AppendEntries to vehicle 0 (n_entries=0, leader_commit=2)
59984.2ms Leader 2 SENDING AppendEntries to vehicle 1 (n_entries=0, leader_commit=2)
59984.2ms Leader 2 SENDING AppendEntries to vehicle 4 (n_entries=3, leader_commit=2)
59984.2ms Leader 2 SENDING AppendEntries to vehicle 5 (n_entries=3, leader_commit=2)
59984.2ms Leader 2 SENDING AppendEntries to vehicle 6 (n_entries=3, leader_commit=2)
59984.2ms Leader 2 SENDING AppendEntries to vehicle 7 (n_entries=0, leader_commit=2)
59986.8ms Vehicle 0 RECEIVED AppendEntries from 2 (n_entries=0, leader_commit=2)
59988.9ms Vehicle 1 RECEIVED AppendEntries from 2 (n_entries=0, leader_commit=2)
59989.5ms Vehicle 7 RECEIVED AppendEntries from 2 (n_entries=0, leader_commit=2)
60124.2ms Leader 2 SENDING AppendEntries to vehicle 0 (n_entries=0, leader_commit=2)
60124.2ms Leader 2 SENDING AppendEntries to vehicle 1 (n_entries=0, leader_commit=2)
60124.2ms Leader 2 SENDING AppendEntries to vehicle 4 (n_entries=3, leader_commit=2)
60124.2ms Leader 2 SENDING AppendEntries to vehicle 5 (n_entries=3, leader_commit=2)
60124.2ms Leader 2 SENDING AppendEntries to vehicle 6 (n_entries=3, leader_commit=2)
60124.2ms Leader 2 SENDING AppendEntries to vehicle 7 (n_entries=0, leader_commit=2)
60126.9ms Vehicle 0 RECEIVED AppendEntries from 2 (n_entries=0, leader_commit=2)
60127.2ms Vehicle 7 RECEIVED AppendEntries from 2 (n_entries=0, leader_commit=2)
60128.1ms Vehicle 1 RECEIVED AppendEntries from 2 (n_entries=0, leader_commit=2)
60264.2ms Leader 2 SENDING AppendEntries to vehicle 0 (n_entries=0, leader_commit=2)
60264.2ms Leader 2 SENDING AppendEntries to vehicle 1 (n_entries=0, leader_commit=2)
60264.2ms Leader 2 SENDING AppendEntries to vehicle 4 (n_entries=3, leader_commit=2)
60264.2ms Leader 2 SENDING AppendEntries to vehicle 5 (n_entries=3, leader_commit=2)
60264.2ms Leader 2 SENDING AppendEntries to vehicle 6 (n_entries=3, leader_commit=2)
60264.2ms Leader 2 SENDING AppendEntries to vehicle 7 (n_entries=0, leader_commit=2)
60266.5ms Vehicle 0 RECEIVED AppendEntries from 2 (n_entries=0, leader_commit=2)
60267.2ms Vehicle 1 RECEIVED AppendEntries from 2 (n_entries=0, leader_commit=2)
60268.3ms Vehicle 7 RECEIVED AppendEntries from 2 (n_entries=0, leader_commit=2)
60404.2ms Leader 2 SENDING AppendEntries to vehicle 0 (n_entries=0, leader_commit=2)
60404.2ms Leader 2 SENDING AppendEntries to vehicle 1 (n_entries=0, leader_commit=2)
60404.2ms Leader 2 SENDING AppendEntries to vehicle 4 (n_entries=3, leader_commit=2)
60404.2ms Leader 2 SENDING AppendEntries to vehicle 5 (n_entries=3, leader_commit=2)
60404.2ms Leader 2 SENDING AppendEntries to vehicle 6 (n_entries=3, leader_commit=2)
60404.2ms Leader 2 SENDING AppendEntries to vehicle 7 (n_entries=0, leader_commit=2)
60405.5ms Vehicle 0 RECEIVED AppendEntries from 2 (n_entries=0, leader_commit=2)
60405.8ms Vehicle 7 RECEIVED AppendEntries from 2 (n_entries=0, leader_commit=2)
60407.3ms Vehicle 1 RECEIVED AppendEntries from 2 (n_entries=0, leader_commit=2)
60544.2ms Leader 2 SENDING AppendEntries to vehicle 0 (n_entries=0, leader_commit=2)
60544.2ms Leader 2 SENDING AppendEntries to vehicle 1 (n_entries=0, leader_commit=2)
60544.2ms Leader 2 SENDING AppendEntries to vehicle 4 (n_entries=3, leader_commit=2)
60544.2ms Leader 2 SENDING AppendEntries to vehicle 5 (n_entries=3, leader_commit=2)
60544.2ms Leader 2 SENDING AppendEntries to vehicle 6 (n_entries=3, leader_commit=2)
60544.2ms Leader 2 SENDING AppendEntries to vehicle 7 (n_entries=0, leader_commit=2)
60546.5ms Vehicle 1 RECEIVED AppendEntries from 2 (n_entries=0, leader_commit=2)
60546.8ms Vehicle 0 RECEIVED AppendEntries from 2 (n_entries=0, leader_commit=2)
60548.5ms Vehicle 7 RECEIVED AppendEntries from 2 (n_entries=0, leader_commit=2)
60684.2ms Leader 2 SENDING AppendEntries to vehicle 0 (n_entries=0, leader_commit=2)
60684.2ms Leader 2 SENDING AppendEntries to vehicle 1 (n_entries=0, leader_commit=2)
60684.2ms Leader 2 SENDING AppendEntries to vehicle 4 (n_entries=3, leader_commit=2)
60684.2ms Leader 2 SENDING AppendEntries to vehicle 5 (n_entries=3, leader_commit=2)
60684.2ms Leader 2 SENDING AppendEntries to vehicle 6 (n_entries=3, leader_commit=2)
60684.2ms Leader 2 SENDING AppendEntries to vehicle 7 (n_entries=0, leader_commit=2)
60686.2ms Vehicle 7 RECEIVED AppendEntries from 2 (n_entries=0, leader_commit=2)
60687.6ms Vehicle 0 RECEIVED AppendEntries from 2 (n_entries=0, leader_commit=2)
60689.2ms Vehicle 1 RECEIVED AppendEntries from 2 (n_entries=0, leader_commit=2)
60824.2ms Leader 2 SENDING AppendEntries to vehicle 0 (n_entries=0, leader_commit=2)
60824.2ms Leader 2 SENDING AppendEntries to vehicle 1 (n_entries=0, leader_commit=2)
60824.2ms Leader 2 SENDING AppendEntries to vehicle 4 (n_entries=3, leader_commit=2)
60824.2ms Leader 2 SENDING AppendEntries to vehicle 5 (n_entries=3, leader_commit=2)
60824.2ms Leader 2 SENDING AppendEntries to vehicle 6 (n_entries=3, leader_commit=2)
60824.2ms Leader 2 SENDING AppendEntries to vehicle 7 (n_entries=0, leader_commit=2)
60826.3ms Vehicle 7 RECEIVED AppendEntries from 2 (n_entries=0, leader_commit=2)
60827.0ms Vehicle 0 RECEIVED AppendEntries from 2 (n_entries=0, leader_commit=2)
60964.2ms Leader 2 SENDING AppendEntries to vehicle 0 (n_entries=0, leader_commit=2)
60964.2ms Leader 2 SENDING AppendEntries to vehicle 1 (n_entries=0, leader_commit=2)
60964.2ms Leader 2 SENDING AppendEntries to vehicle 4 (n_entries=3, leader_commit=2)
60964.2ms Leader 2 SENDING AppendEntries to vehicle 5 (n_entries=3, leader_commit=2)
60964.2ms Leader 2 SENDING AppendEntries to vehicle 6 (n_entries=3, leader_commit=2)
60964.2ms Leader 2 SENDING AppendEntries to vehicle 7 (n_entries=0, leader_commit=2)
60966.7ms Vehicle 7 RECEIVED AppendEntries from 2 (n_entries=0, leader_commit=2)
60968.2ms Vehicle 1 RECEIVED AppendEntries from 2 (n_entries=0, leader_commit=2)
60969.1ms Vehicle 0 RECEIVED AppendEntries from 2 (n_entries=0, leader_commit=2)
61104.2ms Leader 2 SENDING AppendEntries to vehicle 0 (n_entries=0, leader_commit=2)
61104.2ms Leader 2 SENDING AppendEntries to vehicle 1 (n_entries=0, leader_commit=2)
61104.2ms Leader 2 SENDING AppendEntries to vehicle 4 (n_entries=3, leader_commit=2)
61104.2ms Leader 2 SENDING AppendEntries to vehicle 5 (n_entries=3, leader_commit=2)
61104.2ms Leader 2 SENDING AppendEntries to vehicle 6 (n_entries=3, leader_commit=2)
61104.2ms Leader 2 SENDING AppendEntries to vehicle 7 (n_entries=0, leader_commit=2)
61105.6ms Vehicle 0 RECEIVED AppendEntries from 2 (n_entries=0, leader_commit=2)
61107.7ms Vehicle 7 RECEIVED AppendEntries from 2 (n_entries=0, leader_commit=2)
61108.3ms Vehicle 1 RECEIVED AppendEntries from 2 (n_entries=0, leader_commit=2)
61244.2ms Leader 2 SENDING AppendEntries to vehicle 0 (n_entries=0, leader_commit=2)
61244.2ms Leader 2 SENDING AppendEntries to vehicle 1 (n_entries=0, leader_commit=2)
61244.2ms Leader 2 SENDING AppendEntries to vehicle 4 (n_entries=3, leader_commit=2)
61244.2ms Leader 2 SENDING AppendEntries to vehicle 5 (n_entries=3, leader_commit=2)
61244.2ms Leader 2 SENDING AppendEntries to vehicle 6 (n_entries=3, leader_commit=2)
61244.2ms Leader 2 SENDING AppendEntries to vehicle 7 (n_entries=0, leader_commit=2)
61246.1ms Vehicle 0 RECEIVED AppendEntries from 2 (n_entries=0, leader_commit=2)
61247.9ms Vehicle 7 RECEIVED AppendEntries from 2 (n_entries=0, leader_commit=2)
61249.8ms Vehicle 1 RECEIVED AppendEntries from 2 (n_entries=0, leader_commit=2)
61384.2ms Leader 2 SENDING AppendEntries to vehicle 0 (n_entries=0, leader_commit=2)
61384.2ms Leader 2 SENDING AppendEntries to vehicle 1 (n_entries=0, leader_commit=2)
61384.2ms Leader 2 SENDING AppendEntries to vehicle 4 (n_entries=3, leader_commit=2)
61384.2ms Leader 2 SENDING AppendEntries to vehicle 5 (n_entries=3, leader_commit=2)
61384.2ms Leader 2 SENDING AppendEntries to vehicle 6 (n_entries=3, leader_commit=2)
61384.2ms Leader 2 SENDING AppendEntries to vehicle 7 (n_entries=0, leader_commit=2)
61386.1ms Vehicle 1 RECEIVED AppendEntries from 2 (n_entries=0, leader_commit=2)
61386.5ms Vehicle 0 RECEIVED AppendEntries from 2 (n_entries=0, leader_commit=2)
61388.7ms Vehicle 7 RECEIVED AppendEntries from 2 (n_entries=0, leader_commit=2)
61524.2ms Leader 2 SENDING AppendEntries to vehicle 0 (n_entries=0, leader_commit=2)
61524.2ms Leader 2 SENDING AppendEntries to vehicle 1 (n_entries=0, leader_commit=2)
61524.2ms Leader 2 SENDING AppendEntries to vehicle 4 (n_entries=3, leader_commit=2)
61524.2ms Leader 2 SENDING AppendEntries to vehicle 5 (n_entries=3, leader_commit=2)
61524.2ms Leader 2 SENDING AppendEntries to vehicle 6 (n_entries=3, leader_commit=2)
61524.2ms Leader 2 SENDING AppendEntries to vehicle 7 (n_entries=0, leader_commit=2)
61527.7ms Vehicle 1 RECEIVED AppendEntries from 2 (n_entries=0, leader_commit=2)
61528.0ms Vehicle 0 RECEIVED AppendEntries from 2 (n_entries=0, leader_commit=2)
61528.7ms Vehicle 7 RECEIVED AppendEntries from 2 (n_entries=0, leader_commit=2)
61664.2ms Leader 2 SENDING AppendEntries to vehicle 0 (n_entries=0, leader_commit=2)
61664.2ms Leader 2 SENDING AppendEntries to vehicle 1 (n_entries=0, leader_commit=2)
61664.2ms Leader 2 SENDING AppendEntries to vehicle 4 (n_entries=3, leader_commit=2)
61664.2ms Leader 2 SENDING AppendEntries to vehicle 5 (n_entries=3, leader_commit=2)
61664.2ms Leader 2 SENDING AppendEntries to vehicle 6 (n_entries=3, leader_commit=2)
61664.2ms Leader 2 SENDING AppendEntries to vehicle 7 (n_entries=0, leader_commit=2)
61667.4ms Vehicle 0 RECEIVED AppendEntries from 2 (n_entries=0, leader_commit=2)
61667.8ms Vehicle 7 RECEIVED AppendEntries from 2 (n_entries=0, leader_commit=2)
61669.0ms Vehicle 1 RECEIVED AppendEntries from 2 (n_entries=0, leader_commit=2)
61804.2ms Leader 2 SENDING AppendEntries to vehicle 0 (n_entries=0, leader_commit=2)
61804.2ms Leader 2 SENDING AppendEntries to vehicle 1 (n_entries=0, leader_commit=2)
61804.2ms Leader 2 SENDING AppendEntries to vehicle 4 (n_entries=3, leader_commit=2)
61804.2ms Leader 2 SENDING AppendEntries to vehicle 5 (n_entries=3, leader_commit=2)
61804.2ms Leader 2 SENDING AppendEntries to vehicle 6 (n_entries=3, leader_commit=2)
61804.2ms Leader 2 SENDING AppendEntries to vehicle 7 (n_entries=0, leader_commit=2)
61805.5ms Vehicle 1 RECEIVED AppendEntries from 2 (n_entries=0, leader_commit=2)
61806.5ms Vehicle 7 RECEIVED AppendEntries from 2 (n_entries=0, leader_commit=2)
61809.0ms Vehicle 0 RECEIVED AppendEntries from 2 (n_entries=0, leader_commit=2)
61944.2ms Leader 2 SENDING AppendEntries to vehicle 0 (n_entries=0, leader_commit=2)
61944.2ms Leader 2 SENDING AppendEntries to vehicle 1 (n_entries=0, leader_commit=2)
61944.2ms Leader 2 SENDING AppendEntries to vehicle 4 (n_entries=3, leader_commit=2)
61944.2ms Leader 2 SENDING AppendEntries to vehicle 5 (n_entries=3, leader_commit=2)
61944.2ms Leader 2 SENDING AppendEntries to vehicle 6 (n_entries=3, leader_commit=2)
61944.2ms Leader 2 SENDING AppendEntries to vehicle 7 (n_entries=0, leader_commit=2)
61946.8ms Vehicle 1 RECEIVED AppendEntries from 2 (n_entries=0, leader_commit=2)
61947.5ms Vehicle 0 RECEIVED AppendEntries from 2 (n_entries=0, leader_commit=2)
61948.3ms Vehicle 7 RECEIVED AppendEntries from 2 (n_entries=0, leader_commit=2)
62084.2ms Leader 2 SENDING AppendEntries to vehicle 0 (n_entries=0, leader_commit=2)
62084.2ms Leader 2 SENDING AppendEntries to vehicle 1 (n_entries=0, leader_commit=2)
62084.2ms Leader 2 SENDING AppendEntries to vehicle 4 (n_entries=3, leader_commit=2)
62084.2ms Leader 2 SENDING AppendEntries to vehicle 5 (n_entries=3, leader_commit=2)
62084.2ms Leader 2 SENDING AppendEntries to vehicle 6 (n_entries=3, leader_commit=2)
62084.2ms Leader 2 SENDING AppendEntries to vehicle 7 (n_entries=0, leader_commit=2)
62086.0ms Vehicle 1 RECEIVED AppendEntries from 2 (n_entries=0, leader_commit=2)
62086.3ms Vehicle 0 RECEIVED AppendEntries from 2 (n_entries=0, leader_commit=2)
62086.6ms Vehicle 7 RECEIVED AppendEntries from 2 (n_entries=0, leader_commit=2)
62224.2ms Leader 2 SENDING AppendEntries to vehicle 0 (n_entries=0, leader_commit=2)
62224.2ms Leader 2 SENDING AppendEntries to vehicle 1 (n_entries=0, leader_commit=2)
62224.2ms Leader 2 SENDING AppendEntries to vehicle 4 (n_entries=3, leader_commit=2)
62224.2ms Leader 2 SENDING AppendEntries to vehicle 5 (n_entries=3, leader_commit=2)
62224.2ms Leader 2 SENDING AppendEntries to vehicle 6 (n_entries=3, leader_commit=2)
62224.2ms Leader 2 SENDING AppendEntries to vehicle 7 (n_entries=0, leader_commit=2)
62226.3ms Vehicle 7 RECEIVED AppendEntries from 2 (n_entries=0, leader_commit=2)
62226.9ms Vehicle 0 RECEIVED AppendEntries from 2 (n_entries=0, leader_commit=2)
62227.6ms Vehicle 1 RECEIVED AppendEntries from 2 (n_entries=0, leader_commit=2)
62364.2ms Leader 2 SENDING AppendEntries to vehicle 0 (n_entries=0, leader_commit=2)
62364.2ms Leader 2 SENDING AppendEntries to vehicle 1 (n_entries=0, leader_commit=2)
62364.2ms Leader 2 SENDING AppendEntries to vehicle 4 (n_entries=3, leader_commit=2)
62364.2ms Leader 2 SENDING AppendEntries to vehicle 5 (n_entries=3, leader_commit=2)
62364.2ms Leader 2 SENDING AppendEntries to vehicle 6 (n_entries=3, leader_commit=2)
62364.2ms Leader 2 SENDING AppendEntries to vehicle 7 (n_entries=0, leader_commit=2)
62365.6ms Vehicle 0 RECEIVED AppendEntries from 2 (n_entries=0, leader_commit=2)
62367.0ms Vehicle 7 RECEIVED AppendEntries from 2 (n_entries=0, leader_commit=2)
62368.2ms Vehicle 1 RECEIVED AppendEntries from 2 (n_entries=0, leader_commit=2)
62504.2ms Leader 2 SENDING AppendEntries to vehicle 0 (n_entries=0, leader_commit=2)
62504.2ms Leader 2 SENDING AppendEntries to vehicle 1 (n_entries=0, leader_commit=2)
62504.2ms Leader 2 SENDING AppendEntries to vehicle 4 (n_entries=3, leader_commit=2)
62504.2ms Leader 2 SENDING AppendEntries to vehicle 5 (n_entries=3, leader_commit=2)
62504.2ms Leader 2 SENDING AppendEntries to vehicle 6 (n_entries=3, leader_commit=2)
62504.2ms Leader 2 SENDING AppendEntries to vehicle 7 (n_entries=0, leader_commit=2)
62505.5ms Vehicle 7 RECEIVED AppendEntries from 2 (n_entries=0, leader_commit=2)
62505.8ms Vehicle 1 RECEIVED AppendEntries from 2 (n_entries=0, leader_commit=2)
62508.1ms Vehicle 0 RECEIVED AppendEntries from 2 (n_entries=0, leader_commit=2)
62644.2ms Leader 2 SENDING AppendEntries to vehicle 0 (n_entries=0, leader_commit=2)
62644.2ms Leader 2 SENDING AppendEntries to vehicle 1 (n_entries=0, leader_commit=2)
62644.2ms Leader 2 SENDING AppendEntries to vehicle 4 (n_entries=3, leader_commit=2)
62644.2ms Leader 2 SENDING AppendEntries to vehicle 5 (n_entries=3, leader_commit=2)
62644.2ms Leader 2 SENDING AppendEntries to vehicle 6 (n_entries=3, leader_commit=2)
62644.2ms Leader 2 SENDING AppendEntries to vehicle 7 (n_entries=0, leader_commit=2)
62646.0ms Vehicle 1 RECEIVED AppendEntries from 2 (n_entries=0, leader_commit=2)
62647.4ms Vehicle 7 RECEIVED AppendEntries from 2 (n_entries=0, leader_commit=2)
62648.9ms Vehicle 0 RECEIVED AppendEntries from 2 (n_entries=0, leader_commit=2)
62784.2ms Leader 2 SENDING AppendEntries to vehicle 0 (n_entries=0, leader_commit=2)
62784.2ms Leader 2 SENDING AppendEntries to vehicle 1 (n_entries=0, leader_commit=2)
62784.2ms Leader 2 SENDING AppendEntries to vehicle 4 (n_entries=3, leader_commit=2)
62784.2ms Leader 2 SENDING AppendEntries to vehicle 5 (n_entries=3, leader_commit=2)
62784.2ms Leader 2 SENDING AppendEntries to vehicle 6 (n_entries=3, leader_commit=2)
62784.2ms Leader 2 SENDING AppendEntries to vehicle 7 (n_entries=0, leader_commit=2)
62785.5ms Vehicle 0 RECEIVED AppendEntries from 2 (n_entries=0, leader_commit=2)
62786.3ms Vehicle 7 RECEIVED AppendEntries from 2 (n_entries=0, leader_commit=2)
62788.1ms Vehicle 1 RECEIVED AppendEntries from 2 (n_entries=0, leader_commit=2)
62924.2ms Leader 2 SENDING AppendEntries to vehicle 0 (n_entries=0, leader_commit=2)
62924.2ms Leader 2 SENDING AppendEntries to vehicle 1 (n_entries=0, leader_commit=2)
62924.2ms Leader 2 SENDING AppendEntries to vehicle 4 (n_entries=3, leader_commit=2)
62924.2ms Leader 2 SENDING AppendEntries to vehicle 5 (n_entries=3, leader_commit=2)
62924.2ms Leader 2 SENDING AppendEntries to vehicle 6 (n_entries=3, leader_commit=2)
62924.2ms Leader 2 SENDING AppendEntries to vehicle 7 (n_entries=0, leader_commit=2)
62925.6ms Vehicle 7 RECEIVED AppendEntries from 2 (n_entries=0, leader_commit=2)
62926.1ms Vehicle 1 RECEIVED AppendEntries from 2 (n_entries=0, leader_commit=2)
62926.9ms Vehicle 0 RECEIVED AppendEntries from 2 (n_entries=0, leader_commit=2)
63064.2ms Leader 2 SENDING AppendEntries to vehicle 0 (n_entries=0, leader_commit=2)
63064.2ms Leader 2 SENDING AppendEntries to vehicle 1 (n_entries=0, leader_commit=2)
63064.2ms Leader 2 SENDING AppendEntries to vehicle 4 (n_entries=3, leader_commit=2)
63064.2ms Leader 2 SENDING AppendEntries to vehicle 5 (n_entries=3, leader_commit=2)
63064.2ms Leader 2 SENDING AppendEntries to vehicle 6 (n_entries=3, leader_commit=2)
63064.2ms Leader 2 SENDING AppendEntries to vehicle 7 (n_entries=0, leader_commit=2)
63066.3ms Vehicle 1 RECEIVED AppendEntries from 2 (n_entries=0, leader_commit=2)
63067.8ms Vehicle 7 RECEIVED AppendEntries from 2 (n_entries=0, leader_commit=2)
63068.2ms Vehicle 0 RECEIVED AppendEntries from 2 (n_entries=0, leader_commit=2)
63204.2ms Leader 2 SENDING AppendEntries to vehicle 0 (n_entries=0, leader_commit=2)
63204.2ms Leader 2 SENDING AppendEntries to vehicle 1 (n_entries=0, leader_commit=2)
63204.2ms Leader 2 SENDING AppendEntries to vehicle 4 (n_entries=3, leader_commit=2)
63204.2ms Leader 2 SENDING AppendEntries to vehicle 5 (n_entries=3, leader_commit=2)
63204.2ms Leader 2 SENDING AppendEntries to vehicle 6 (n_entries=3, leader_commit=2)
63204.2ms Leader 2 SENDING AppendEntries to vehicle 7 (n_entries=0, leader_commit=2)
63208.2ms Vehicle 1 RECEIVED AppendEntries from 2 (n_entries=0, leader_commit=2)
63209.0ms Vehicle 7 RECEIVED AppendEntries from 2 (n_entries=0, leader_commit=2)
63209.3ms Vehicle 0 RECEIVED AppendEntries from 2 (n_entries=0, leader_commit=2)
63344.2ms Leader 2 SENDING AppendEntries to vehicle 0 (n_entries=0, leader_commit=2)
63344.2ms Leader 2 SENDING AppendEntries to vehicle 1 (n_entries=0, leader_commit=2)
63344.2ms Leader 2 SENDING AppendEntries to vehicle 4 (n_entries=3, leader_commit=2)
63344.2ms Leader 2 SENDING AppendEntries to vehicle 5 (n_entries=3, leader_commit=2)
63344.2ms Leader 2 SENDING AppendEntries to vehicle 6 (n_entries=3, leader_commit=2)
63344.2ms Leader 2 SENDING AppendEntries to vehicle 7 (n_entries=0, leader_commit=2)
63346.9ms Vehicle 7 RECEIVED AppendEntries from 2 (n_entries=0, leader_commit=2)
63347.8ms Vehicle 0 RECEIVED AppendEntries from 2 (n_entries=0, leader_commit=2)
63348.6ms Vehicle 1 RECEIVED AppendEntries from 2 (n_entries=0, leader_commit=2)
63484.2ms Leader 2 SENDING AppendEntries to vehicle 0 (n_entries=0, leader_commit=2)
63484.2ms Leader 2 SENDING AppendEntries to vehicle 1 (n_entries=0, leader_commit=2)
63484.2ms Leader 2 SENDING AppendEntries to vehicle 4 (n_entries=3, leader_commit=2)
63484.2ms Leader 2 SENDING AppendEntries to vehicle 5 (n_entries=3, leader_commit=2)
63484.2ms Leader 2 SENDING AppendEntries to vehicle 6 (n_entries=3, leader_commit=2)
63484.2ms Leader 2 SENDING AppendEntries to vehicle 7 (n_entries=0, leader_commit=2)
63486.5ms Vehicle 1 RECEIVED AppendEntries from 2 (n_entries=0, leader_commit=2)
63487.1ms Vehicle 0 RECEIVED AppendEntries from 2 (n_entries=0, leader_commit=2)
63487.9ms Vehicle 7 RECEIVED AppendEntries from 2 (n_entries=0, leader_commit=2)
63624.2ms Leader 2 SENDING AppendEntries to vehicle 0 (n_entries=0, leader_commit=2)
63624.2ms Leader 2 SENDING AppendEntries to vehicle 1 (n_entries=0, leader_commit=2)
63624.2ms Leader 2 SENDING AppendEntries to vehicle 4 (n_entries=3, leader_commit=2)
63624.2ms Leader 2 SENDING AppendEntries to vehicle 5 (n_entries=3, leader_commit=2)
63624.2ms Leader 2 SENDING AppendEntries to vehicle 6 (n_entries=3, leader_commit=2)
63624.2ms Leader 2 SENDING AppendEntries to vehicle 7 (n_entries=0, leader_commit=2)
63626.3ms Vehicle 1 RECEIVED AppendEntries from 2 (n_entries=0, leader_commit=2)
63628.1ms Vehicle 7 RECEIVED AppendEntries from 2 (n_entries=0, leader_commit=2)
63629.1ms Vehicle 0 RECEIVED AppendEntries from 2 (n_entries=0, leader_commit=2)
63764.2ms Leader 2 SENDING AppendEntries to vehicle 0 (n_entries=0, leader_commit=2)
63764.2ms Leader 2 SENDING AppendEntries to vehicle 1 (n_entries=0, leader_commit=2)
63764.2ms Leader 2 SENDING AppendEntries to vehicle 4 (n_entries=3, leader_commit=2)
63764.2ms Leader 2 SENDING AppendEntries to vehicle 5 (n_entries=3, leader_commit=2)
63764.2ms Leader 2 SENDING AppendEntries to vehicle 6 (n_entries=3, leader_commit=2)
63764.2ms Leader 2 SENDING AppendEntries to vehicle 7 (n_entries=0, leader_commit=2)
63766.8ms Vehicle 7 RECEIVED AppendEntries from 2 (n_entries=0, leader_commit=2)
63768.5ms Vehicle 1 RECEIVED AppendEntries from 2 (n_entries=0, leader_commit=2)
63768.8ms Vehicle 0 RECEIVED AppendEntries from 2 (n_entries=0, leader_commit=2)
63904.2ms Leader 2 SENDING AppendEntries to vehicle 0 (n_entries=0, leader_commit=2)
63904.2ms Leader 2 SENDING AppendEntries to vehicle 1 (n_entries=0, leader_commit=2)
63904.2ms Leader 2 SENDING AppendEntries to vehicle 4 (n_entries=3, leader_commit=2)
63904.2ms Leader 2 SENDING AppendEntries to vehicle 5 (n_entries=3, leader_commit=2)
63904.2ms Leader 2 SENDING AppendEntries to vehicle 6 (n_entries=3, leader_commit=2)
63904.2ms Leader 2 SENDING AppendEntries to vehicle 7 (n_entries=0, leader_commit=2)
63905.8ms Vehicle 7 RECEIVED AppendEntries from 2 (n_entries=0, leader_commit=2)
63906.1ms Vehicle 1 RECEIVED AppendEntries from 2 (n_entries=0, leader_commit=2)
63906.4ms Vehicle 0 RECEIVED AppendEntries from 2 (n_entries=0, leader_commit=2)
64044.2ms Leader 2 SENDING AppendEntries to vehicle 0 (n_entries=0, leader_commit=2)
64044.2ms Leader 2 SENDING AppendEntries to vehicle 1 (n_entries=0, leader_commit=2)
64044.2ms Leader 2 SENDING AppendEntries to vehicle 4 (n_entries=3, leader_commit=2)
64044.2ms Leader 2 SENDING AppendEntries to vehicle 5 (n_entries=3, leader_commit=2)
64044.2ms Leader 2 SENDING AppendEntries to vehicle 6 (n_entries=3, leader_commit=2)
64044.2ms Leader 2 SENDING AppendEntries to vehicle 7 (n_entries=0, leader_commit=2)
64045.9ms Vehicle 7 RECEIVED AppendEntries from 2 (n_entries=0, leader_commit=2)
64048.0ms Vehicle 1 RECEIVED AppendEntries from 2 (n_entries=0, leader_commit=2)
64049.0ms Vehicle 0 RECEIVED AppendEntries from 2 (n_entries=0, leader_commit=2)
64184.2ms Leader 2 SENDING AppendEntries to vehicle 0 (n_entries=0, leader_commit=2)
64184.2ms Leader 2 SENDING AppendEntries to vehicle 1 (n_entries=0, leader_commit=2)
64184.2ms Leader 2 SENDING AppendEntries to vehicle 4 (n_entries=3, leader_commit=2)
64184.2ms Leader 2 SENDING AppendEntries to vehicle 5 (n_entries=3, leader_commit=2)
64184.2ms Leader 2 SENDING AppendEntries to vehicle 6 (n_entries=3, leader_commit=2)
64184.2ms Leader 2 SENDING AppendEntries to vehicle 7 (n_entries=0, leader_commit=2)
64187.9ms Vehicle 7 RECEIVED AppendEntries from 2 (n_entries=0, leader_commit=2)
64188.8ms Vehicle 0 RECEIVED AppendEntries from 2 (n_entries=0, leader_commit=2)
64189.1ms Vehicle 1 RECEIVED AppendEntries from 2 (n_entries=0, leader_commit=2)
64324.2ms Leader 2 SENDING AppendEntries to vehicle 0 (n_entries=0, leader_commit=2)
64324.2ms Leader 2 SENDING AppendEntries to vehicle 1 (n_entries=0, leader_commit=2)
64324.2ms Leader 2 SENDING AppendEntries to vehicle 4 (n_entries=3, leader_commit=2)
64324.2ms Leader 2 SENDING AppendEntries to vehicle 5 (n_entries=3, leader_commit=2)
64324.2ms Leader 2 SENDING AppendEntries to vehicle 6 (n_entries=3, leader_commit=2)
64324.2ms Leader 2 SENDING AppendEntries to vehicle 7 (n_entries=0, leader_commit=2)
64325.7ms Vehicle 0 RECEIVED AppendEntries from 2 (n_entries=0, leader_commit=2)
64326.2ms Vehicle 7 RECEIVED AppendEntries from 2 (n_entries=0, leader_commit=2)
64329.2ms Vehicle 1 RECEIVED AppendEntries from 2 (n_entries=0, leader_commit=2)
64464.2ms Leader 2 SENDING AppendEntries to vehicle 0 (n_entries=0, leader_commit=2)
64464.2ms Leader 2 SENDING AppendEntries to vehicle 1 (n_entries=0, leader_commit=2)
64464.2ms Leader 2 SENDING AppendEntries to vehicle 4 (n_entries=3, leader_commit=2)
64464.2ms Leader 2 SENDING AppendEntries to vehicle 5 (n_entries=3, leader_commit=2)
64464.2ms Leader 2 SENDING AppendEntries to vehicle 6 (n_entries=3, leader_commit=2)
64464.2ms Leader 2 SENDING AppendEntries to vehicle 7 (n_entries=0, leader_commit=2)
64467.4ms Vehicle 0 RECEIVED AppendEntries from 2 (n_entries=0, leader_commit=2)
64468.1ms Vehicle 1 RECEIVED AppendEntries from 2 (n_entries=0, leader_commit=2)
64469.0ms Vehicle 7 RECEIVED AppendEntries from 2 (n_entries=0, leader_commit=2)
64604.2ms Leader 2 SENDING AppendEntries to vehicle 0 (n_entries=0, leader_commit=2)
64604.2ms Leader 2 SENDING AppendEntries to vehicle 1 (n_entries=0, leader_commit=2)
64604.2ms Leader 2 SENDING AppendEntries to vehicle 4 (n_entries=3, leader_commit=2)
64604.2ms Leader 2 SENDING AppendEntries to vehicle 5 (n_entries=3, leader_commit=2)
64604.2ms Leader 2 SENDING AppendEntries to vehicle 6 (n_entries=3, leader_commit=2)
64604.2ms Leader 2 SENDING AppendEntries to vehicle 7 (n_entries=0, leader_commit=2)
64605.6ms Vehicle 7 RECEIVED AppendEntries from 2 (n_entries=0, leader_commit=2)
64606.7ms Vehicle 0 RECEIVED AppendEntries from 2 (n_entries=0, leader_commit=2)
64607.0ms Vehicle 1 RECEIVED AppendEntries from 2 (n_entries=0, leader_commit=2)
64744.2ms Leader 2 SENDING AppendEntries to vehicle 0 (n_entries=0, leader_commit=2)
64744.2ms Leader 2 SENDING AppendEntries to vehicle 1 (n_entries=0, leader_commit=2)
64744.2ms Leader 2 SENDING AppendEntries to vehicle 4 (n_entries=3, leader_commit=2)
64744.2ms Leader 2 SENDING AppendEntries to vehicle 5 (n_entries=3, leader_commit=2)
64744.2ms Leader 2 SENDING AppendEntries to vehicle 6 (n_entries=3, leader_commit=2)
64744.2ms Leader 2 SENDING AppendEntries to vehicle 7 (n_entries=0, leader_commit=2)
64747.0ms Vehicle 1 RECEIVED AppendEntries from 2 (n_entries=0, leader_commit=2)
64748.2ms Vehicle 7 RECEIVED AppendEntries from 2 (n_entries=0, leader_commit=2)
64748.8ms Vehicle 0 RECEIVED AppendEntries from 2 (n_entries=0, leader_commit=2)
64884.2ms Leader 2 SENDING AppendEntries to vehicle 0 (n_entries=0, leader_commit=2)
64884.2ms Leader 2 SENDING AppendEntries to vehicle 1 (n_entries=0, leader_commit=2)
64884.2ms Leader 2 SENDING AppendEntries to vehicle 4 (n_entries=3, leader_commit=2)
64884.2ms Leader 2 SENDING AppendEntries to vehicle 5 (n_entries=3, leader_commit=2)
64884.2ms Leader 2 SENDING AppendEntries to vehicle 6 (n_entries=3, leader_commit=2)
64884.2ms Leader 2 SENDING AppendEntries to vehicle 7 (n_entries=0, leader_commit=2)
64886.3ms Vehicle 7 RECEIVED AppendEntries from 2 (n_entries=0, leader_commit=2)
64886.6ms Vehicle 1 RECEIVED AppendEntries from 2 (n_entries=0, leader_commit=2)
64888.9ms Vehicle 0 RECEIVED AppendEntries from 2 (n_entries=0, leader_commit=2)
65024.2ms Leader 2 SENDING AppendEntries to vehicle 0 (n_entries=0, leader_commit=2)
65024.2ms Leader 2 SENDING AppendEntries to vehicle 1 (n_entries=0, leader_commit=2)
65024.2ms Leader 2 SENDING AppendEntries to vehicle 4 (n_entries=3, leader_commit=2)
65024.2ms Leader 2 SENDING AppendEntries to vehicle 5 (n_entries=3, leader_commit=2)
65024.2ms Leader 2 SENDING AppendEntries to vehicle 6 (n_entries=3, leader_commit=2)
65024.2ms Leader 2 SENDING AppendEntries to vehicle 7 (n_entries=0, leader_commit=2)
65026.0ms Vehicle 0 RECEIVED AppendEntries from 2 (n_entries=0, leader_commit=2)
65028.6ms Vehicle 7 RECEIVED AppendEntries from 2 (n_entries=0, leader_commit=2)
65029.0ms Vehicle 1 RECEIVED AppendEntries from 2 (n_entries=0, leader_commit=2)
65164.2ms Leader 2 SENDING AppendEntries to vehicle 0 (n_entries=0, leader_commit=2)
65164.2ms Leader 2 SENDING AppendEntries to vehicle 1 (n_entries=0, leader_commit=2)
65164.2ms Leader 2 SENDING AppendEntries to vehicle 4 (n_entries=3, leader_commit=2)
65164.2ms Leader 2 SENDING AppendEntries to vehicle 5 (n_entries=3, leader_commit=2)
65164.2ms Leader 2 SENDING AppendEntries to vehicle 6 (n_entries=3, leader_commit=2)
65164.2ms Leader 2 SENDING AppendEntries to vehicle 7 (n_entries=0, leader_commit=2)
65165.6ms Vehicle 1 RECEIVED AppendEntries from 2 (n_entries=0, leader_commit=2)
65166.4ms Vehicle 7 RECEIVED AppendEntries from 2 (n_entries=0, leader_commit=2)
65168.9ms Vehicle 0 RECEIVED AppendEntries from 2 (n_entries=0, leader_commit=2)
65304.2ms Leader 2 SENDING AppendEntries to vehicle 0 (n_entries=0, leader_commit=2)
65304.2ms Leader 2 SENDING AppendEntries to vehicle 1 (n_entries=0, leader_commit=2)
65304.2ms Leader 2 SENDING AppendEntries to vehicle 4 (n_entries=3, leader_commit=2)
65304.2ms Leader 2 SENDING AppendEntries to vehicle 5 (n_entries=3, leader_commit=2)
65304.2ms Leader 2 SENDING AppendEntries to vehicle 6 (n_entries=3, leader_commit=2)
65304.2ms Leader 2 SENDING AppendEntries to vehicle 7 (n_entries=0, leader_commit=2)
65306.3ms Vehicle 0 RECEIVED AppendEntries from 2 (n_entries=0, leader_commit=2)
65307.4ms Vehicle 1 RECEIVED AppendEntries from 2 (n_entries=0, leader_commit=2)
65308.3ms Vehicle 7 RECEIVED AppendEntries from 2 (n_entries=0, leader_commit=2)
65444.2ms Leader 2 SENDING AppendEntries to vehicle 0 (n_entries=0, leader_commit=2)
65444.2ms Leader 2 SENDING AppendEntries to vehicle 1 (n_entries=0, leader_commit=2)
65444.2ms Leader 2 SENDING AppendEntries to vehicle 4 (n_entries=3, leader_commit=2)
65444.2ms Leader 2 SENDING AppendEntries to vehicle 5 (n_entries=3, leader_commit=2)
65444.2ms Leader 2 SENDING AppendEntries to vehicle 6 (n_entries=3, leader_commit=2)
65444.2ms Leader 2 SENDING AppendEntries to vehicle 7 (n_entries=0, leader_commit=2)
65446.3ms Vehicle 0 RECEIVED AppendEntries from 2 (n_entries=0, leader_commit=2)
65446.6ms Vehicle 1 RECEIVED AppendEntries from 2 (n_entries=0, leader_commit=2)
65447.3ms Vehicle 7 RECEIVED AppendEntries from 2 (n_entries=0, leader_commit=2)
65584.2ms Leader 2 SENDING AppendEntries to vehicle 0 (n_entries=0, leader_commit=2)
65584.2ms Leader 2 SENDING AppendEntries to vehicle 1 (n_entries=0, leader_commit=2)
65584.2ms Leader 2 SENDING AppendEntries to vehicle 4 (n_entries=3, leader_commit=2)
65584.2ms Leader 2 SENDING AppendEntries to vehicle 5 (n_entries=3, leader_commit=2)
65584.2ms Leader 2 SENDING AppendEntries to vehicle 6 (n_entries=3, leader_commit=2)
65584.2ms Leader 2 SENDING AppendEntries to vehicle 7 (n_entries=0, leader_commit=2)
65586.4ms Vehicle 0 RECEIVED AppendEntries from 2 (n_entries=0, leader_commit=2)
65586.7ms Vehicle 1 RECEIVED AppendEntries from 2 (n_entries=0, leader_commit=2)
65587.3ms Vehicle 7 RECEIVED AppendEntries from 2 (n_entries=0, leader_commit=2)
65724.2ms Leader 2 SENDING AppendEntries to vehicle 0 (n_entries=0, leader_commit=2)
65724.2ms Leader 2 SENDING AppendEntries to vehicle 1 (n_entries=0, leader_commit=2)
65724.2ms Leader 2 SENDING AppendEntries to vehicle 4 (n_entries=3, leader_commit=2)
65724.2ms Leader 2 SENDING AppendEntries to vehicle 5 (n_entries=3, leader_commit=2)
65724.2ms Leader 2 SENDING AppendEntries to vehicle 6 (n_entries=3, leader_commit=2)
65724.2ms Leader 2 SENDING AppendEntries to vehicle 7 (n_entries=0, leader_commit=2)
65727.8ms Vehicle 1 RECEIVED AppendEntries from 2 (n_entries=0, leader_commit=2)
65728.1ms Vehicle 7 RECEIVED AppendEntries from 2 (n_entries=0, leader_commit=2)
65729.0ms Vehicle 0 RECEIVED AppendEntries from 2 (n_entries=0, leader_commit=2)
65864.2ms Leader 2 SENDING AppendEntries to vehicle 0 (n_entries=0, leader_commit=2)
65864.2ms Leader 2 SENDING AppendEntries to vehicle 1 (n_entries=0, leader_commit=2)
65864.2ms Leader 2 SENDING AppendEntries to vehicle 4 (n_entries=3, leader_commit=2)
65864.2ms Leader 2 SENDING AppendEntries to vehicle 5 (n_entries=3, leader_commit=2)
65864.2ms Leader 2 SENDING AppendEntries to vehicle 6 (n_entries=3, leader_commit=2)
65864.2ms Leader 2 SENDING AppendEntries to vehicle 7 (n_entries=0, leader_commit=2)
65865.5ms Vehicle 0 RECEIVED AppendEntries from 2 (n_entries=0, leader_commit=2)
65867.9ms Vehicle 7 RECEIVED AppendEntries from 2 (n_entries=0, leader_commit=2)
65869.1ms Vehicle 1 RECEIVED AppendEntries from 2 (n_entries=0, leader_commit=2)
66004.2ms Leader 2 SENDING AppendEntries to vehicle 0 (n_entries=0, leader_commit=2)
66004.2ms Leader 2 SENDING AppendEntries to vehicle 1 (n_entries=0, leader_commit=2)
66004.2ms Leader 2 SENDING AppendEntries to vehicle 4 (n_entries=3, leader_commit=2)
66004.2ms Leader 2 SENDING AppendEntries to vehicle 5 (n_entries=3, leader_commit=2)
66004.2ms Leader 2 SENDING AppendEntries to vehicle 6 (n_entries=3, leader_commit=2)
66004.2ms Leader 2 SENDING AppendEntries to vehicle 7 (n_entries=0, leader_commit=2)
66005.6ms Vehicle 7 RECEIVED AppendEntries from 2 (n_entries=0, leader_commit=2)
66006.4ms Vehicle 1 RECEIVED AppendEntries from 2 (n_entries=0, leader_commit=2)
66008.7ms Vehicle 0 RECEIVED AppendEntries from 2 (n_entries=0, leader_commit=2)
66144.2ms Leader 2 SENDING AppendEntries to vehicle 0 (n_entries=0, leader_commit=2)
66144.2ms Leader 2 SENDING AppendEntries to vehicle 1 (n_entries=0, leader_commit=2)
66144.2ms Leader 2 SENDING AppendEntries to vehicle 4 (n_entries=3, leader_commit=2)
66144.2ms Leader 2 SENDING AppendEntries to vehicle 5 (n_entries=3, leader_commit=2)
66144.2ms Leader 2 SENDING AppendEntries to vehicle 6 (n_entries=3, leader_commit=2)
66144.2ms Leader 2 SENDING AppendEntries to vehicle 7 (n_entries=0, leader_commit=2)
66145.8ms Vehicle 7 RECEIVED AppendEntries from 2 (n_entries=0, leader_commit=2)
66146.5ms Vehicle 1 RECEIVED AppendEntries from 2 (n_entries=0, leader_commit=2)
66147.5ms Vehicle 0 RECEIVED AppendEntries from 2 (n_entries=0, leader_commit=2)
66284.2ms Leader 2 SENDING AppendEntries to vehicle 0 (n_entries=0, leader_commit=2)
66284.2ms Leader 2 SENDING AppendEntries to vehicle 1 (n_entries=0, leader_commit=2)
66284.2ms Leader 2 SENDING AppendEntries to vehicle 4 (n_entries=3, leader_commit=2)
66284.2ms Leader 2 SENDING AppendEntries to vehicle 5 (n_entries=3, leader_commit=2)
66284.2ms Leader 2 SENDING AppendEntries to vehicle 6 (n_entries=3, leader_commit=2)
66284.2ms Leader 2 SENDING AppendEntries to vehicle 7 (n_entries=0, leader_commit=2)
66285.4ms Vehicle 7 RECEIVED AppendEntries from 2 (n_entries=0, leader_commit=2)
66286.6ms Vehicle 1 RECEIVED AppendEntries from 2 (n_entries=0, leader_commit=2)
66289.1ms Vehicle 0 RECEIVED AppendEntries from 2 (n_entries=0, leader_commit=2)
66424.2ms Leader 2 SENDING AppendEntries to vehicle 0 (n_entries=0, leader_commit=2)
66424.2ms Leader 2 SENDING AppendEntries to vehicle 1 (n_entries=0, leader_commit=2)
66424.2ms Leader 2 SENDING AppendEntries to vehicle 4 (n_entries=3, leader_commit=2)
66424.2ms Leader 2 SENDING AppendEntries to vehicle 5 (n_entries=3, leader_commit=2)
66424.2ms Leader 2 SENDING AppendEntries to vehicle 6 (n_entries=3, leader_commit=2)
66424.2ms Leader 2 SENDING AppendEntries to vehicle 7 (n_entries=0, leader_commit=2)
66426.3ms Vehicle 0 RECEIVED AppendEntries from 2 (n_entries=0, leader_commit=2)
66427.0ms Vehicle 7 RECEIVED AppendEntries from 2 (n_entries=0, leader_commit=2)
66428.2ms Vehicle 1 RECEIVED AppendEntries from 2 (n_entries=0, leader_commit=2)
66564.2ms Leader 2 SENDING AppendEntries to vehicle 0 (n_entries=0, leader_commit=2)
66564.2ms Leader 2 SENDING AppendEntries to vehicle 1 (n_entries=0, leader_commit=2)
66564.2ms Leader 2 SENDING AppendEntries to vehicle 4 (n_entries=3, leader_commit=2)
66564.2ms Leader 2 SENDING AppendEntries to vehicle 5 (n_entries=3, leader_commit=2)
66564.2ms Leader 2 SENDING AppendEntries to vehicle 6 (n_entries=3, leader_commit=2)
66564.2ms Leader 2 SENDING AppendEntries to vehicle 7 (n_entries=0, leader_commit=2)
66565.8ms Vehicle 1 RECEIVED AppendEntries from 2 (n_entries=0, leader_commit=2)
66566.7ms Vehicle 0 RECEIVED AppendEntries from 2 (n_entries=0, leader_commit=2)
66569.4ms Vehicle 7 RECEIVED AppendEntries from 2 (n_entries=0, leader_commit=2)
66704.2ms Leader 2 SENDING AppendEntries to vehicle 0 (n_entries=0, leader_commit=2)
66704.2ms Leader 2 SENDING AppendEntries to vehicle 1 (n_entries=0, leader_commit=2)
66704.2ms Leader 2 SENDING AppendEntries to vehicle 4 (n_entries=3, leader_commit=2)
66704.2ms Leader 2 SENDING AppendEntries to vehicle 5 (n_entries=3, leader_commit=2)
66704.2ms Leader 2 SENDING AppendEntries to vehicle 6 (n_entries=3, leader_commit=2)
66704.2ms Leader 2 SENDING AppendEntries to vehicle 7 (n_entries=0, leader_commit=2)
66706.8ms Vehicle 7 RECEIVED AppendEntries from 2 (n_entries=0, leader_commit=2)
66707.2ms Vehicle 1 RECEIVED AppendEntries from 2 (n_entries=0, leader_commit=2)
66707.5ms Vehicle 0 RECEIVED AppendEntries from 2 (n_entries=0, leader_commit=2)
66844.2ms Leader 2 SENDING AppendEntries to vehicle 0 (n_entries=0, leader_commit=2)
66844.2ms Leader 2 SENDING AppendEntries to vehicle 1 (n_entries=0, leader_commit=2)
66844.2ms Leader 2 SENDING AppendEntries to vehicle 4 (n_entries=3, leader_commit=2)
66844.2ms Leader 2 SENDING AppendEntries to vehicle 5 (n_entries=3, leader_commit=2)
66844.2ms Leader 2 SENDING AppendEntries to vehicle 6 (n_entries=3, leader_commit=2)
66844.2ms Leader 2 SENDING AppendEntries to vehicle 7 (n_entries=0, leader_commit=2)
66845.6ms Vehicle 1 RECEIVED AppendEntries from 2 (n_entries=0, leader_commit=2)
66846.4ms Vehicle 7 RECEIVED AppendEntries from 2 (n_entries=0, leader_commit=2)
66849.7ms Vehicle 0 RECEIVED AppendEntries from 2 (n_entries=0, leader_commit=2)
66984.2ms Leader 2 SENDING AppendEntries to vehicle 0 (n_entries=0, leader_commit=2)
66984.2ms Leader 2 SENDING AppendEntries to vehicle 1 (n_entries=0, leader_commit=2)
66984.2ms Leader 2 SENDING AppendEntries to vehicle 4 (n_entries=3, leader_commit=2)
66984.2ms Leader 2 SENDING AppendEntries to vehicle 5 (n_entries=3, leader_commit=2)
66984.2ms Leader 2 SENDING AppendEntries to vehicle 6 (n_entries=3, leader_commit=2)
66984.2ms Leader 2 SENDING AppendEntries to vehicle 7 (n_entries=0, leader_commit=2)
66987.2ms Vehicle 1 RECEIVED AppendEntries from 2 (n_entries=0, leader_commit=2)
66989.0ms Vehicle 7 RECEIVED AppendEntries from 2 (n_entries=0, leader_commit=2)
66989.3ms Vehicle 0 RECEIVED AppendEntries from 2 (n_entries=0, leader_commit=2)
67124.2ms Leader 2 SENDING AppendEntries to vehicle 0 (n_entries=0, leader_commit=2)
67124.2ms Leader 2 SENDING AppendEntries to vehicle 1 (n_entries=0, leader_commit=2)
67124.2ms Leader 2 SENDING AppendEntries to vehicle 4 (n_entries=3, leader_commit=2)
67124.2ms Leader 2 SENDING AppendEntries to vehicle 5 (n_entries=3, leader_commit=2)
67124.2ms Leader 2 SENDING AppendEntries to vehicle 6 (n_entries=3, leader_commit=2)
67124.2ms Leader 2 SENDING AppendEntries to vehicle 7 (n_entries=0, leader_commit=2)
67126.7ms Vehicle 7 RECEIVED AppendEntries from 2 (n_entries=0, leader_commit=2)
67127.4ms Vehicle 1 RECEIVED AppendEntries from 2 (n_entries=0, leader_commit=2)
67128.9ms Vehicle 0 RECEIVED AppendEntries from 2 (n_entries=0, leader_commit=2)
67264.2ms Leader 2 SENDING AppendEntries to vehicle 0 (n_entries=0, leader_commit=2)
67264.2ms Leader 2 SENDING AppendEntries to vehicle 1 (n_entries=0, leader_commit=2)
67264.2ms Leader 2 SENDING AppendEntries to vehicle 4 (n_entries=3, leader_commit=2)
67264.2ms Leader 2 SENDING AppendEntries to vehicle 5 (n_entries=3, leader_commit=2)
67264.2ms Leader 2 SENDING AppendEntries to vehicle 6 (n_entries=3, leader_commit=2)
67264.2ms Leader 2 SENDING AppendEntries to vehicle 7 (n_entries=0, leader_commit=2)
67265.5ms Vehicle 1 RECEIVED AppendEntries from 2 (n_entries=0, leader_commit=2)
67267.8ms Vehicle 0 RECEIVED AppendEntries from 2 (n_entries=0, leader_commit=2)
67268.7ms Vehicle 7 RECEIVED AppendEntries from 2 (n_entries=0, leader_commit=2)
67404.2ms Leader 2 SENDING AppendEntries to vehicle 0 (n_entries=0, leader_commit=2)
67404.2ms Leader 2 SENDING AppendEntries to vehicle 1 (n_entries=0, leader_commit=2)
67404.2ms Leader 2 SENDING AppendEntries to vehicle 4 (n_entries=3, leader_commit=2)
67404.2ms Leader 2 SENDING AppendEntries to vehicle 5 (n_entries=3, leader_commit=2)
67404.2ms Leader 2 SENDING AppendEntries to vehicle 6 (n_entries=3, leader_commit=2)
67404.2ms Leader 2 SENDING AppendEntries to vehicle 7 (n_entries=0, leader_commit=2)
67406.8ms Vehicle 0 RECEIVED AppendEntries from 2 (n_entries=0, leader_commit=2)
67408.8ms Vehicle 7 RECEIVED AppendEntries from 2 (n_entries=0, leader_commit=2)
67544.2ms Leader 2 SENDING AppendEntries to vehicle 0 (n_entries=0, leader_commit=2)
67544.2ms Leader 2 SENDING AppendEntries to vehicle 1 (n_entries=0, leader_commit=2)
67544.2ms Leader 2 SENDING AppendEntries to vehicle 4 (n_entries=3, leader_commit=2)
67544.2ms Leader 2 SENDING AppendEntries to vehicle 5 (n_entries=3, leader_commit=2)
67544.2ms Leader 2 SENDING AppendEntries to vehicle 6 (n_entries=3, leader_commit=2)
67544.2ms Leader 2 SENDING AppendEntries to vehicle 7 (n_entries=0, leader_commit=2)
67546.1ms Vehicle 7 RECEIVED AppendEntries from 2 (n_entries=0, leader_commit=2)
67547.2ms Vehicle 1 RECEIVED AppendEntries from 2 (n_entries=0, leader_commit=2)
67547.8ms Vehicle 0 RECEIVED AppendEntries from 2 (n_entries=0, leader_commit=2)
67684.2ms Leader 2 SENDING AppendEntries to vehicle 0 (n_entries=0, leader_commit=2)
67684.2ms Leader 2 SENDING AppendEntries to vehicle 1 (n_entries=0, leader_commit=2)
67684.2ms Leader 2 SENDING AppendEntries to vehicle 4 (n_entries=3, leader_commit=2)
67684.2ms Leader 2 SENDING AppendEntries to vehicle 5 (n_entries=3, leader_commit=2)
67684.2ms Leader 2 SENDING AppendEntries to vehicle 6 (n_entries=3, leader_commit=2)
67684.2ms Leader 2 SENDING AppendEntries to vehicle 7 (n_entries=0, leader_commit=2)
67685.7ms Vehicle 0 RECEIVED AppendEntries from 2 (n_entries=0, leader_commit=2)
67686.0ms Vehicle 7 RECEIVED AppendEntries from 2 (n_entries=0, leader_commit=2)
67688.7ms Vehicle 1 RECEIVED AppendEntries from 2 (n_entries=0, leader_commit=2)
67824.2ms Leader 2 SENDING AppendEntries to vehicle 0 (n_entries=0, leader_commit=2)
67824.2ms Leader 2 SENDING AppendEntries to vehicle 1 (n_entries=0, leader_commit=2)
67824.2ms Leader 2 SENDING AppendEntries to vehicle 4 (n_entries=3, leader_commit=2)
67824.2ms Leader 2 SENDING AppendEntries to vehicle 5 (n_entries=3, leader_commit=2)
67824.2ms Leader 2 SENDING AppendEntries to vehicle 6 (n_entries=3, leader_commit=2)
67824.2ms Leader 2 SENDING AppendEntries to vehicle 7 (n_entries=0, leader_commit=2)
67825.9ms Vehicle 7 RECEIVED AppendEntries from 2 (n_entries=0, leader_commit=2)
67828.1ms Vehicle 0 RECEIVED AppendEntries from 2 (n_entries=0, leader_commit=2)
67828.7ms Vehicle 1 RECEIVED AppendEntries from 2 (n_entries=0, leader_commit=2)
67964.2ms Leader 2 SENDING AppendEntries to vehicle 0 (n_entries=0, leader_commit=2)
67964.2ms Leader 2 SENDING AppendEntries to vehicle 1 (n_entries=0, leader_commit=2)
67964.2ms Leader 2 SENDING AppendEntries to vehicle 4 (n_entries=3, leader_commit=2)
67964.2ms Leader 2 SENDING AppendEntries to vehicle 5 (n_entries=3, leader_commit=2)
67964.2ms Leader 2 SENDING AppendEntries to vehicle 6 (n_entries=3, leader_commit=2)
67964.2ms Leader 2 SENDING AppendEntries to vehicle 7 (n_entries=0, leader_commit=2)
67965.9ms Vehicle 7 RECEIVED AppendEntries from 2 (n_entries=0, leader_commit=2)
67966.2ms Vehicle 0 RECEIVED AppendEntries from 2 (n_entries=0, leader_commit=2)
67968.7ms Vehicle 1 RECEIVED AppendEntries from 2 (n_entries=0, leader_commit=2)
68104.2ms Leader 2 SENDING AppendEntries to vehicle 0 (n_entries=0, leader_commit=2)
68104.2ms Leader 2 SENDING AppendEntries to vehicle 1 (n_entries=0, leader_commit=2)
68104.2ms Leader 2 SENDING AppendEntries to vehicle 4 (n_entries=3, leader_commit=2)
68104.2ms Leader 2 SENDING AppendEntries to vehicle 5 (n_entries=3, leader_commit=2)
68104.2ms Leader 2 SENDING AppendEntries to vehicle 6 (n_entries=3, leader_commit=2)
68104.2ms Leader 2 SENDING AppendEntries to vehicle 7 (n_entries=0, leader_commit=2)
68107.6ms Vehicle 0 RECEIVED AppendEntries from 2 (n_entries=0, leader_commit=2)
68108.2ms Vehicle 1 RECEIVED AppendEntries from 2 (n_entries=0, leader_commit=2)
68109.1ms Vehicle 7 RECEIVED AppendEntries from 2 (n_entries=0, leader_commit=2)
68244.2ms Leader 2 SENDING AppendEntries to vehicle 0 (n_entries=0, leader_commit=2)
68244.2ms Leader 2 SENDING AppendEntries to vehicle 1 (n_entries=0, leader_commit=2)
68244.2ms Leader 2 SENDING AppendEntries to vehicle 4 (n_entries=3, leader_commit=2)
68244.2ms Leader 2 SENDING AppendEntries to vehicle 5 (n_entries=3, leader_commit=2)
68244.2ms Leader 2 SENDING AppendEntries to vehicle 6 (n_entries=3, leader_commit=2)
68244.2ms Leader 2 SENDING AppendEntries to vehicle 7 (n_entries=0, leader_commit=2)
68247.0ms Vehicle 7 RECEIVED AppendEntries from 2 (n_entries=0, leader_commit=2)
68247.4ms Vehicle 0 RECEIVED AppendEntries from 2 (n_entries=0, leader_commit=2)
68249.3ms Vehicle 1 RECEIVED AppendEntries from 2 (n_entries=0, leader_commit=2)
68384.2ms Leader 2 SENDING AppendEntries to vehicle 0 (n_entries=0, leader_commit=2)
68384.2ms Leader 2 SENDING AppendEntries to vehicle 1 (n_entries=0, leader_commit=2)
68384.2ms Leader 2 SENDING AppendEntries to vehicle 4 (n_entries=3, leader_commit=2)
68384.2ms Leader 2 SENDING AppendEntries to vehicle 5 (n_entries=3, leader_commit=2)
68384.2ms Leader 2 SENDING AppendEntries to vehicle 6 (n_entries=3, leader_commit=2)
68384.2ms Leader 2 SENDING AppendEntries to vehicle 7 (n_entries=0, leader_commit=2)
68385.4ms Vehicle 0 RECEIVED AppendEntries from 2 (n_entries=0, leader_commit=2)
68386.2ms Vehicle 1 RECEIVED AppendEntries from 2 (n_entries=0, leader_commit=2)
68389.1ms Vehicle 7 RECEIVED AppendEntries from 2 (n_entries=0, leader_commit=2)
68524.2ms Leader 2 SENDING AppendEntries to vehicle 0 (n_entries=0, leader_commit=2)
68524.2ms Leader 2 SENDING AppendEntries to vehicle 1 (n_entries=0, leader_commit=2)
68524.2ms Leader 2 SENDING AppendEntries to vehicle 4 (n_entries=3, leader_commit=2)
68524.2ms Leader 2 SENDING AppendEntries to vehicle 5 (n_entries=3, leader_commit=2)
68524.2ms Leader 2 SENDING AppendEntries to vehicle 6 (n_entries=3, leader_commit=2)
68524.2ms Leader 2 SENDING AppendEntries to vehicle 7 (n_entries=0, leader_commit=2)
68525.8ms Vehicle 1 RECEIVED AppendEntries from 2 (n_entries=0, leader_commit=2)
68526.6ms Vehicle 7 RECEIVED AppendEntries from 2 (n_entries=0, leader_commit=2)
68529.2ms Vehicle 0 RECEIVED AppendEntries from 2 (n_entries=0, leader_commit=2)
68664.2ms Leader 2 SENDING AppendEntries to vehicle 0 (n_entries=0, leader_commit=2)
68664.2ms Leader 2 SENDING AppendEntries to vehicle 1 (n_entries=0, leader_commit=2)
68664.2ms Leader 2 SENDING AppendEntries to vehicle 4 (n_entries=3, leader_commit=2)
68664.2ms Leader 2 SENDING AppendEntries to vehicle 5 (n_entries=3, leader_commit=2)
68664.2ms Leader 2 SENDING AppendEntries to vehicle 6 (n_entries=3, leader_commit=2)
68664.2ms Leader 2 SENDING AppendEntries to vehicle 7 (n_entries=0, leader_commit=2)
68666.7ms Vehicle 1 RECEIVED AppendEntries from 2 (n_entries=0, leader_commit=2)
68667.0ms Vehicle 7 RECEIVED AppendEntries from 2 (n_entries=0, leader_commit=2)
68667.4ms Vehicle 0 RECEIVED AppendEntries from 2 (n_entries=0, leader_commit=2)
68804.2ms Leader 2 SENDING AppendEntries to vehicle 0 (n_entries=0, leader_commit=2)
68804.2ms Leader 2 SENDING AppendEntries to vehicle 1 (n_entries=0, leader_commit=2)
68804.2ms Leader 2 SENDING AppendEntries to vehicle 4 (n_entries=3, leader_commit=2)
68804.2ms Leader 2 SENDING AppendEntries to vehicle 5 (n_entries=3, leader_commit=2)
68804.2ms Leader 2 SENDING AppendEntries to vehicle 6 (n_entries=3, leader_commit=2)
68804.2ms Leader 2 SENDING AppendEntries to vehicle 7 (n_entries=0, leader_commit=2)
68807.3ms Vehicle 0 RECEIVED AppendEntries from 2 (n_entries=0, leader_commit=2)
68808.6ms Vehicle 7 RECEIVED AppendEntries from 2 (n_entries=0, leader_commit=2)
68809.3ms Vehicle 1 RECEIVED AppendEntries from 2 (n_entries=0, leader_commit=2)
68944.2ms Leader 2 SENDING AppendEntries to vehicle 0 (n_entries=0, leader_commit=2)
68944.2ms Leader 2 SENDING AppendEntries to vehicle 1 (n_entries=0, leader_commit=2)
68944.2ms Leader 2 SENDING AppendEntries to vehicle 4 (n_entries=3, leader_commit=2)
68944.2ms Leader 2 SENDING AppendEntries to vehicle 5 (n_entries=3, leader_commit=2)
68944.2ms Leader 2 SENDING AppendEntries to vehicle 6 (n_entries=3, leader_commit=2)
68944.2ms Leader 2 SENDING AppendEntries to vehicle 7 (n_entries=0, leader_commit=2)
68946.7ms Vehicle 1 RECEIVED AppendEntries from 2 (n_entries=0, leader_commit=2)
68947.1ms Vehicle 0 RECEIVED AppendEntries from 2 (n_entries=0, leader_commit=2)
68948.5ms Vehicle 7 RECEIVED AppendEntries from 2 (n_entries=0, leader_commit=2)
69084.2ms Leader 2 SENDING AppendEntries to vehicle 0 (n_entries=0, leader_commit=2)
69084.2ms Leader 2 SENDING AppendEntries to vehicle 1 (n_entries=0, leader_commit=2)
69084.2ms Leader 2 SENDING AppendEntries to vehicle 4 (n_entries=3, leader_commit=2)
69084.2ms Leader 2 SENDING AppendEntries to vehicle 5 (n_entries=3, leader_commit=2)
69084.2ms Leader 2 SENDING AppendEntries to vehicle 6 (n_entries=3, leader_commit=2)
69084.2ms Leader 2 SENDING AppendEntries to vehicle 7 (n_entries=0, leader_commit=2)
69086.2ms Vehicle 1 RECEIVED AppendEntries from 2 (n_entries=0, leader_commit=2)
69087.9ms Vehicle 0 RECEIVED AppendEntries from 2 (n_entries=0, leader_commit=2)
69088.6ms Vehicle 7 RECEIVED AppendEntries from 2 (n_entries=0, leader_commit=2)
69224.2ms Leader 2 SENDING AppendEntries to vehicle 0 (n_entries=0, leader_commit=2)
69224.2ms Leader 2 SENDING AppendEntries to vehicle 1 (n_entries=0, leader_commit=2)
69224.2ms Leader 2 SENDING AppendEntries to vehicle 4 (n_entries=3, leader_commit=2)
69224.2ms Leader 2 SENDING AppendEntries to vehicle 5 (n_entries=3, leader_commit=2)
69224.2ms Leader 2 SENDING AppendEntries to vehicle 6 (n_entries=3, leader_commit=2)
69224.2ms Leader 2 SENDING AppendEntries to vehicle 7 (n_entries=0, leader_commit=2)
69225.8ms Vehicle 1 RECEIVED AppendEntries from 2 (n_entries=0, leader_commit=2)
69227.5ms Vehicle 0 RECEIVED AppendEntries from 2 (n_entries=0, leader_commit=2)
69228.6ms Vehicle 7 RECEIVED AppendEntries from 2 (n_entries=0, leader_commit=2)
69364.2ms Leader 2 SENDING AppendEntries to vehicle 0 (n_entries=0, leader_commit=2)
69364.2ms Leader 2 SENDING AppendEntries to vehicle 1 (n_entries=0, leader_commit=2)
69364.2ms Leader 2 SENDING AppendEntries to vehicle 4 (n_entries=3, leader_commit=2)
69364.2ms Leader 2 SENDING AppendEntries to vehicle 5 (n_entries=3, leader_commit=2)
69364.2ms Leader 2 SENDING AppendEntries to vehicle 6 (n_entries=3, leader_commit=2)
69364.2ms Leader 2 SENDING AppendEntries to vehicle 7 (n_entries=0, leader_commit=2)
69366.8ms Vehicle 7 RECEIVED AppendEntries from 2 (n_entries=0, leader_commit=2)
69368.5ms Vehicle 0 RECEIVED AppendEntries from 2 (n_entries=0, leader_commit=2)
69369.3ms Vehicle 1 RECEIVED AppendEntries from 2 (n_entries=0, leader_commit=2)
69504.2ms Leader 2 SENDING AppendEntries to vehicle 0 (n_entries=0, leader_commit=2)
69504.2ms Leader 2 SENDING AppendEntries to vehicle 1 (n_entries=0, leader_commit=2)
69504.2ms Leader 2 SENDING AppendEntries to vehicle 4 (n_entries=3, leader_commit=2)
69504.2ms Leader 2 SENDING AppendEntries to vehicle 5 (n_entries=3, leader_commit=2)
69504.2ms Leader 2 SENDING AppendEntries to vehicle 6 (n_entries=3, leader_commit=2)
69504.2ms Leader 2 SENDING AppendEntries to vehicle 7 (n_entries=0, leader_commit=2)
69505.7ms Vehicle 1 RECEIVED AppendEntries from 2 (n_entries=0, leader_commit=2)
69506.3ms Vehicle 0 RECEIVED AppendEntries from 2 (n_entries=0, leader_commit=2)
69509.1ms Vehicle 7 RECEIVED AppendEntries from 2 (n_entries=0, leader_commit=2)
69644.2ms Leader 2 SENDING AppendEntries to vehicle 0 (n_entries=0, leader_commit=2)
69644.2ms Leader 2 SENDING AppendEntries to vehicle 1 (n_entries=0, leader_commit=2)
69644.2ms Leader 2 SENDING AppendEntries to vehicle 4 (n_entries=3, leader_commit=2)
69644.2ms Leader 2 SENDING AppendEntries to vehicle 5 (n_entries=3, leader_commit=2)
69644.2ms Leader 2 SENDING AppendEntries to vehicle 6 (n_entries=3, leader_commit=2)
69644.2ms Leader 2 SENDING AppendEntries to vehicle 7 (n_entries=0, leader_commit=2)
69646.4ms Vehicle 7 RECEIVED AppendEntries from 2 (n_entries=0, leader_commit=2)
69646.7ms Vehicle 1 RECEIVED AppendEntries from 2 (n_entries=0, leader_commit=2)
69647.1ms Vehicle 0 RECEIVED AppendEntries from 2 (n_entries=0, leader_commit=2)
69784.2ms Leader 2 SENDING AppendEntries to vehicle 0 (n_entries=0, leader_commit=2)
69784.2ms Leader 2 SENDING AppendEntries to vehicle 1 (n_entries=0, leader_commit=2)
69784.2ms Leader 2 SENDING AppendEntries to vehicle 4 (n_entries=3, leader_commit=2)
69784.2ms Leader 2 SENDING AppendEntries to vehicle 5 (n_entries=3, leader_commit=2)
69784.2ms Leader 2 SENDING AppendEntries to vehicle 6 (n_entries=3, leader_commit=2)
69784.2ms Leader 2 SENDING AppendEntries to vehicle 7 (n_entries=0, leader_commit=2)
69786.8ms Vehicle 0 RECEIVED AppendEntries from 2 (n_entries=0, leader_commit=2)
69787.8ms Vehicle 7 RECEIVED AppendEntries from 2 (n_entries=0, leader_commit=2)
69789.0ms Vehicle 1 RECEIVED AppendEntries from 2 (n_entries=0, leader_commit=2)
69924.2ms Leader 2 SENDING AppendEntries to vehicle 0 (n_entries=0, leader_commit=2)
69924.2ms Leader 2 SENDING AppendEntries to vehicle 1 (n_entries=0, leader_commit=2)
69924.2ms Leader 2 SENDING AppendEntries to vehicle 4 (n_entries=3, leader_commit=2)
69924.2ms Leader 2 SENDING AppendEntries to vehicle 5 (n_entries=3, leader_commit=2)
69924.2ms Leader 2 SENDING AppendEntries to vehicle 6 (n_entries=3, leader_commit=2)
69924.2ms Leader 2 SENDING AppendEntries to vehicle 7 (n_entries=0, leader_commit=2)
69926.3ms Vehicle 0 RECEIVED AppendEntries from 2 (n_entries=0, leader_commit=2)
69928.4ms Vehicle 7 RECEIVED AppendEntries from 2 (n_entries=0, leader_commit=2)
69929.1ms Vehicle 1 RECEIVED AppendEntries from 2 (n_entries=0, leader_commit=2)
70064.2ms Leader 2 SENDING AppendEntries to vehicle 0 (n_entries=0, leader_commit=2)
70064.2ms Leader 2 SENDING AppendEntries to vehicle 1 (n_entries=0, leader_commit=2)
70064.2ms Leader 2 SENDING AppendEntries to vehicle 4 (n_entries=3, leader_commit=2)
70064.2ms Leader 2 SENDING AppendEntries to vehicle 5 (n_entries=3, leader_commit=2)
70064.2ms Leader 2 SENDING AppendEntries to vehicle 6 (n_entries=3, leader_commit=2)
70064.2ms Leader 2 SENDING AppendEntries to vehicle 7 (n_entries=0, leader_commit=2)
70065.5ms Vehicle 1 RECEIVED AppendEntries from 2 (n_entries=0, leader_commit=2)
70065.8ms Vehicle 0 RECEIVED AppendEntries from 2 (n_entries=0, leader_commit=2)
70067.5ms Vehicle 7 RECEIVED AppendEntries from 2 (n_entries=0, leader_commit=2)
70204.2ms Leader 2 SENDING AppendEntries to vehicle 0 (n_entries=0, leader_commit=2)
70204.2ms Leader 2 SENDING AppendEntries to vehicle 1 (n_entries=0, leader_commit=2)
70204.2ms Leader 2 SENDING AppendEntries to vehicle 4 (n_entries=3, leader_commit=2)
70204.2ms Leader 2 SENDING AppendEntries to vehicle 5 (n_entries=3, leader_commit=2)
70204.2ms Leader 2 SENDING AppendEntries to vehicle 6 (n_entries=3, leader_commit=2)
70204.2ms Leader 2 SENDING AppendEntries to vehicle 7 (n_entries=0, leader_commit=2)
70205.6ms Vehicle 7 RECEIVED AppendEntries from 2 (n_entries=0, leader_commit=2)
70205.9ms Vehicle 1 RECEIVED AppendEntries from 2 (n_entries=0, leader_commit=2)
70207.8ms Vehicle 0 RECEIVED AppendEntries from 2 (n_entries=0, leader_commit=2)
70344.2ms Leader 2 SENDING AppendEntries to vehicle 0 (n_entries=0, leader_commit=2)
70344.2ms Leader 2 SENDING AppendEntries to vehicle 1 (n_entries=0, leader_commit=2)
70344.2ms Leader 2 SENDING AppendEntries to vehicle 4 (n_entries=3, leader_commit=2)
70344.2ms Leader 2 SENDING AppendEntries to vehicle 5 (n_entries=3, leader_commit=2)
70344.2ms Leader 2 SENDING AppendEntries to vehicle 6 (n_entries=3, leader_commit=2)
70344.2ms Leader 2 SENDING AppendEntries to vehicle 7 (n_entries=0, leader_commit=2)
70346.2ms Vehicle 0 RECEIVED AppendEntries from 2 (n_entries=0, leader_commit=2)
70348.8ms Vehicle 1 RECEIVED AppendEntries from 2 (n_entries=0, leader_commit=2)
70350.0ms Vehicle 7 RECEIVED AppendEntries from 2 (n_entries=0, leader_commit=2)
70484.2ms Leader 2 SENDING AppendEntries to vehicle 0 (n_entries=0, leader_commit=2)
70484.2ms Leader 2 SENDING AppendEntries to vehicle 1 (n_entries=0, leader_commit=2)
70484.2ms Leader 2 SENDING AppendEntries to vehicle 4 (n_entries=3, leader_commit=2)
70484.2ms Leader 2 SENDING AppendEntries to vehicle 5 (n_entries=3, leader_commit=2)
70484.2ms Leader 2 SENDING AppendEntries to vehicle 6 (n_entries=3, leader_commit=2)
70484.2ms Leader 2 SENDING AppendEntries to vehicle 7 (n_entries=0, leader_commit=2)
70488.8ms Vehicle 7 RECEIVED AppendEntries from 2 (n_entries=0, leader_commit=2)
70489.1ms Vehicle 1 RECEIVED AppendEntries from 2 (n_entries=0, leader_commit=2)
70489.7ms Vehicle 0 RECEIVED AppendEntries from 2 (n_entries=0, leader_commit=2)
70624.2ms Leader 2 SENDING AppendEntries to vehicle 0 (n_entries=0, leader_commit=2)
70624.2ms Leader 2 SENDING AppendEntries to vehicle 1 (n_entries=0, leader_commit=2)
70624.2ms Leader 2 SENDING AppendEntries to vehicle 4 (n_entries=3, leader_commit=2)
70624.2ms Leader 2 SENDING AppendEntries to vehicle 5 (n_entries=3, leader_commit=2)
70624.2ms Leader 2 SENDING AppendEntries to vehicle 6 (n_entries=3, leader_commit=2)
70624.2ms Leader 2 SENDING AppendEntries to vehicle 7 (n_entries=0, leader_commit=2)
70626.0ms Vehicle 1 RECEIVED AppendEntries from 2 (n_entries=0, leader_commit=2)
70626.4ms Vehicle 7 RECEIVED AppendEntries from 2 (n_entries=0, leader_commit=2)
70628.8ms Vehicle 0 RECEIVED AppendEntries from 2 (n_entries=0, leader_commit=2)
70764.2ms Leader 2 SENDING AppendEntries to vehicle 0 (n_entries=0, leader_commit=2)
70764.2ms Leader 2 SENDING AppendEntries to vehicle 1 (n_entries=0, leader_commit=2)
70764.2ms Leader 2 SENDING AppendEntries to vehicle 4 (n_entries=3, leader_commit=2)
70764.2ms Leader 2 SENDING AppendEntries to vehicle 5 (n_entries=3, leader_commit=2)
70764.2ms Leader 2 SENDING AppendEntries to vehicle 6 (n_entries=3, leader_commit=2)
70764.2ms Leader 2 SENDING AppendEntries to vehicle 7 (n_entries=0, leader_commit=2)
70766.9ms Vehicle 0 RECEIVED AppendEntries from 2 (n_entries=0, leader_commit=2)
70767.2ms Vehicle 1 RECEIVED AppendEntries from 2 (n_entries=0, leader_commit=2)
70769.1ms Vehicle 7 RECEIVED AppendEntries from 2 (n_entries=0, leader_commit=2)
70904.2ms Leader 2 SENDING AppendEntries to vehicle 0 (n_entries=0, leader_commit=2)
70904.2ms Leader 2 SENDING AppendEntries to vehicle 1 (n_entries=0, leader_commit=2)
70904.2ms Leader 2 SENDING AppendEntries to vehicle 4 (n_entries=3, leader_commit=2)
70904.2ms Leader 2 SENDING AppendEntries to vehicle 5 (n_entries=3, leader_commit=2)
70904.2ms Leader 2 SENDING AppendEntries to vehicle 6 (n_entries=3, leader_commit=2)
70904.2ms Leader 2 SENDING AppendEntries to vehicle 7 (n_entries=0, leader_commit=2)
70905.9ms Vehicle 1 RECEIVED AppendEntries from 2 (n_entries=0, leader_commit=2)
70906.8ms Vehicle 7 RECEIVED AppendEntries from 2 (n_entries=0, leader_commit=2)
70907.6ms Vehicle 0 RECEIVED AppendEntries from 2 (n_entries=0, leader_commit=2)
71044.2ms Leader 2 SENDING AppendEntries to vehicle 0 (n_entries=0, leader_commit=2)
71044.2ms Leader 2 SENDING AppendEntries to vehicle 1 (n_entries=0, leader_commit=2)
71044.2ms Leader 2 SENDING AppendEntries to vehicle 4 (n_entries=3, leader_commit=2)
71044.2ms Leader 2 SENDING AppendEntries to vehicle 5 (n_entries=3, leader_commit=2)
71044.2ms Leader 2 SENDING AppendEntries to vehicle 6 (n_entries=3, leader_commit=2)
71044.2ms Leader 2 SENDING AppendEntries to vehicle 7 (n_entries=0, leader_commit=2)
71045.4ms Vehicle 0 RECEIVED AppendEntries from 2 (n_entries=0, leader_commit=2)
71045.7ms Vehicle 1 RECEIVED AppendEntries from 2 (n_entries=0, leader_commit=2)
71048.0ms Vehicle 7 RECEIVED AppendEntries from 2 (n_entries=0, leader_commit=2)
71184.2ms Leader 2 SENDING AppendEntries to vehicle 0 (n_entries=0, leader_commit=2)
71184.2ms Leader 2 SENDING AppendEntries to vehicle 1 (n_entries=0, leader_commit=2)
71184.2ms Leader 2 SENDING AppendEntries to vehicle 4 (n_entries=3, leader_commit=2)
71184.2ms Leader 2 SENDING AppendEntries to vehicle 5 (n_entries=3, leader_commit=2)
71184.2ms Leader 2 SENDING AppendEntries to vehicle 6 (n_entries=3, leader_commit=2)
71184.2ms Leader 2 SENDING AppendEntries to vehicle 7 (n_entries=0, leader_commit=2)
71186.8ms Vehicle 1 RECEIVED AppendEntries from 2 (n_entries=0, leader_commit=2)
71187.5ms Vehicle 0 RECEIVED AppendEntries from 2 (n_entries=0, leader_commit=2)
71188.8ms Vehicle 7 RECEIVED AppendEntries from 2 (n_entries=0, leader_commit=2)
71324.2ms Leader 2 SENDING AppendEntries to vehicle 0 (n_entries=0, leader_commit=2)
71324.2ms Leader 2 SENDING AppendEntries to vehicle 1 (n_entries=0, leader_commit=2)
71324.2ms Leader 2 SENDING AppendEntries to vehicle 4 (n_entries=3, leader_commit=2)
71324.2ms Leader 2 SENDING AppendEntries to vehicle 5 (n_entries=3, leader_commit=2)
71324.2ms Leader 2 SENDING AppendEntries to vehicle 6 (n_entries=3, leader_commit=2)
71324.2ms Leader 2 SENDING AppendEntries to vehicle 7 (n_entries=0, leader_commit=2)
71326.0ms Vehicle 0 RECEIVED AppendEntries from 2 (n_entries=0, leader_commit=2)
71327.1ms Vehicle 7 RECEIVED AppendEntries from 2 (n_entries=0, leader_commit=2)
71329.1ms Vehicle 1 RECEIVED AppendEntries from 2 (n_entries=0, leader_commit=2)
71464.2ms Leader 2 SENDING AppendEntries to vehicle 0 (n_entries=0, leader_commit=2)
71464.2ms Leader 2 SENDING AppendEntries to vehicle 1 (n_entries=0, leader_commit=2)
71464.2ms Leader 2 SENDING AppendEntries to vehicle 4 (n_entries=3, leader_commit=2)
71464.2ms Leader 2 SENDING AppendEntries to vehicle 5 (n_entries=3, leader_commit=2)
71464.2ms Leader 2 SENDING AppendEntries to vehicle 6 (n_entries=3, leader_commit=2)
71464.2ms Leader 2 SENDING AppendEntries to vehicle 7 (n_entries=0, leader_commit=2)
71465.8ms Vehicle 1 RECEIVED AppendEntries from 2 (n_entries=0, leader_commit=2)
71469.2ms Vehicle 0 RECEIVED AppendEntries from 2 (n_entries=0, leader_commit=2)
71604.2ms Leader 2 SENDING AppendEntries to vehicle 0 (n_entries=0, leader_commit=2)
71604.2ms Leader 2 SENDING AppendEntries to vehicle 1 (n_entries=0, leader_commit=2)
71604.2ms Leader 2 SENDING AppendEntries to vehicle 4 (n_entries=3, leader_commit=2)
71604.2ms Leader 2 SENDING AppendEntries to vehicle 5 (n_entries=3, leader_commit=2)
71604.2ms Leader 2 SENDING AppendEntries to vehicle 6 (n_entries=3, leader_commit=2)
71604.2ms Leader 2 SENDING AppendEntries to vehicle 7 (n_entries=0, leader_commit=2)
71607.1ms Vehicle 0 RECEIVED AppendEntries from 2 (n_entries=0, leader_commit=2)
71607.8ms Vehicle 7 RECEIVED AppendEntries from 2 (n_entries=0, leader_commit=2)
71609.2ms Vehicle 1 RECEIVED AppendEntries from 2 (n_entries=0, leader_commit=2)
71744.2ms Leader 2 SENDING AppendEntries to vehicle 0 (n_entries=0, leader_commit=2)
71744.2ms Leader 2 SENDING AppendEntries to vehicle 1 (n_entries=0, leader_commit=2)
71744.2ms Leader 2 SENDING AppendEntries to vehicle 4 (n_entries=3, leader_commit=2)
71744.2ms Leader 2 SENDING AppendEntries to vehicle 5 (n_entries=3, leader_commit=2)
71744.2ms Leader 2 SENDING AppendEntries to vehicle 6 (n_entries=3, leader_commit=2)
71744.2ms Leader 2 SENDING AppendEntries to vehicle 7 (n_entries=0, leader_commit=2)
71746.2ms Vehicle 7 RECEIVED AppendEntries from 2 (n_entries=0, leader_commit=2)
71746.6ms Vehicle 0 RECEIVED AppendEntries from 2 (n_entries=0, leader_commit=2)
71748.4ms Vehicle 1 RECEIVED AppendEntries from 2 (n_entries=0, leader_commit=2)
71884.2ms Leader 2 SENDING AppendEntries to vehicle 0 (n_entries=0, leader_commit=2)
71884.2ms Leader 2 SENDING AppendEntries to vehicle 1 (n_entries=0, leader_commit=2)
71884.2ms Leader 2 SENDING AppendEntries to vehicle 4 (n_entries=3, leader_commit=2)
71884.2ms Leader 2 SENDING AppendEntries to vehicle 5 (n_entries=3, leader_commit=2)
71884.2ms Leader 2 SENDING AppendEntries to vehicle 6 (n_entries=3, leader_commit=2)
71884.2ms Leader 2 SENDING AppendEntries to vehicle 7 (n_entries=0, leader_commit=2)
71886.2ms Vehicle 0 RECEIVED AppendEntries from 2 (n_entries=0, leader_commit=2)
71886.4ms Vehicle 7 RECEIVED AppendEntries from 2 (n_entries=0, leader_commit=2)
71889.4ms Vehicle 1 RECEIVED AppendEntries from 2 (n_entries=0, leader_commit=2)
71968.9ms Vehicle 0 EXECUTING oneshot cb
71968.9ms Vehicle 0 BATCH SAFETY FALLBACK (lost VEHICLE_LEFT?) for batch 2
71968.9ms Vehicle 0 RESUMING movement
72024.2ms Leader 2 SENDING AppendEntries to vehicle 0 (n_entries=0, leader_commit=2)
72024.2ms Leader 2 SENDING AppendEntries to vehicle 1 (n_entries=0, leader_commit=2)
72024.2ms Leader 2 SENDING AppendEntries to vehicle 4 (n_entries=3, leader_commit=2)
72024.2ms Leader 2 SENDING AppendEntries to vehicle 5 (n_entries=3, leader_commit=2)
72024.2ms Leader 2 SENDING AppendEntries to vehicle 6 (n_entries=3, leader_commit=2)
72024.2ms Leader 2 SENDING AppendEntries to vehicle 7 (n_entries=0, leader_commit=2)
72026.0ms Vehicle 0 RECEIVED AppendEntries from 2 (n_entries=0, leader_commit=2)
72027.7ms Vehicle 1 RECEIVED AppendEntries from 2 (n_entries=0, leader_commit=2)
72028.4ms Vehicle 7 RECEIVED AppendEntries from 2 (n_entries=0, leader_commit=2)
72164.2ms Leader 2 SENDING AppendEntries to vehicle 0 (n_entries=0, leader_commit=2)
72164.2ms Leader 2 SENDING AppendEntries to vehicle 1 (n_entries=0, leader_commit=2)
72164.2ms Leader 2 SENDING AppendEntries to vehicle 4 (n_entries=3, leader_commit=2)
72164.2ms Leader 2 SENDING AppendEntries to vehicle 5 (n_entries=3, leader_commit=2)
72164.2ms Leader 2 SENDING AppendEntries to vehicle 6 (n_entries=3, leader_commit=2)
72164.2ms Leader 2 SENDING AppendEntries to vehicle 7 (n_entries=0, leader_commit=2)
72166.1ms Vehicle 1 RECEIVED AppendEntries from 2 (n_entries=0, leader_commit=2)
72167.2ms Vehicle 7 RECEIVED AppendEntries from 2 (n_entries=0, leader_commit=2)
72169.3ms Vehicle 0 RECEIVED AppendEntries from 2 (n_entries=0, leader_commit=2)
72304.2ms Leader 2 SENDING AppendEntries to vehicle 0 (n_entries=0, leader_commit=2)
72304.2ms Leader 2 SENDING AppendEntries to vehicle 1 (n_entries=0, leader_commit=2)
72304.2ms Leader 2 SENDING AppendEntries to vehicle 4 (n_entries=3, leader_commit=2)
72304.2ms Leader 2 SENDING AppendEntries to vehicle 5 (n_entries=3, leader_commit=2)
72304.2ms Leader 2 SENDING AppendEntries to vehicle 6 (n_entries=3, leader_commit=2)
72304.2ms Leader 2 SENDING AppendEntries to vehicle 7 (n_entries=0, leader_commit=2)
72305.9ms Vehicle 1 RECEIVED AppendEntries from 2 (n_entries=0, leader_commit=2)
72306.9ms Vehicle 7 RECEIVED AppendEntries from 2 (n_entries=0, leader_commit=2)
72307.6ms Vehicle 0 RECEIVED AppendEntries from 2 (n_entries=0, leader_commit=2)
72444.2ms Leader 2 SENDING AppendEntries to vehicle 0 (n_entries=0, leader_commit=2)
72444.2ms Leader 2 SENDING AppendEntries to vehicle 1 (n_entries=0, leader_commit=2)
72444.2ms Leader 2 SENDING AppendEntries to vehicle 4 (n_entries=3, leader_commit=2)
72444.2ms Leader 2 SENDING AppendEntries to vehicle 5 (n_entries=3, leader_commit=2)
72444.2ms Leader 2 SENDING AppendEntries to vehicle 6 (n_entries=3, leader_commit=2)
72444.2ms Leader 2 SENDING AppendEntries to vehicle 7 (n_entries=0, leader_commit=2)
72447.6ms Vehicle 1 RECEIVED AppendEntries from 2 (n_entries=0, leader_commit=2)
72447.9ms Vehicle 7 RECEIVED AppendEntries from 2 (n_entries=0, leader_commit=2)
72448.2ms Vehicle 0 RECEIVED AppendEntries from 2 (n_entries=0, leader_commit=2)
72584.2ms Leader 2 SENDING AppendEntries to vehicle 0 (n_entries=0, leader_commit=2)
72584.2ms Leader 2 SENDING AppendEntries to vehicle 1 (n_entries=0, leader_commit=2)
72584.2ms Leader 2 SENDING AppendEntries to vehicle 4 (n_entries=3, leader_commit=2)
72584.2ms Leader 2 SENDING AppendEntries to vehicle 5 (n_entries=3, leader_commit=2)
72584.2ms Leader 2 SENDING AppendEntries to vehicle 6 (n_entries=3, leader_commit=2)
72584.2ms Leader 2 SENDING AppendEntries to vehicle 7 (n_entries=0, leader_commit=2)
72586.2ms Vehicle 0 RECEIVED AppendEntries from 2 (n_entries=0, leader_commit=2)
72586.9ms Vehicle 1 RECEIVED AppendEntries from 2 (n_entries=0, leader_commit=2)
72588.6ms Vehicle 7 RECEIVED AppendEntries from 2 (n_entries=0, leader_commit=2)
72724.2ms Leader 2 SENDING AppendEntries to vehicle 0 (n_entries=0, leader_commit=2)
72724.2ms Leader 2 SENDING AppendEntries to vehicle 1 (n_entries=0, leader_commit=2)
72724.2ms Leader 2 SENDING AppendEntries to vehicle 4 (n_entries=3, leader_commit=2)
72724.2ms Leader 2 SENDING AppendEntries to vehicle 5 (n_entries=3, leader_commit=2)
72724.2ms Leader 2 SENDING AppendEntries to vehicle 6 (n_entries=3, leader_commit=2)
72724.2ms Leader 2 SENDING AppendEntries to vehicle 7 (n_entries=0, leader_commit=2)
72726.6ms Vehicle 1 RECEIVED AppendEntries from 2 (n_entries=0, leader_commit=2)
72727.7ms Vehicle 7 RECEIVED AppendEntries from 2 (n_entries=0, leader_commit=2)
72728.4ms Vehicle 0 RECEIVED AppendEntries from 2 (n_entries=0, leader_commit=2)
72864.2ms Leader 2 SENDING AppendEntries to vehicle 0 (n_entries=0, leader_commit=2)
72864.2ms Leader 2 SENDING AppendEntries to vehicle 1 (n_entries=0, leader_commit=2)
72864.2ms Leader 2 SENDING AppendEntries to vehicle 4 (n_entries=3, leader_commit=2)
72864.2ms Leader 2 SENDING AppendEntries to vehicle 5 (n_entries=3, leader_commit=2)
72864.2ms Leader 2 SENDING AppendEntries to vehicle 6 (n_entries=3, leader_commit=2)
72864.2ms Leader 2 SENDING AppendEntries to vehicle 7 (n_entries=0, leader_commit=2)
72866.7ms Vehicle 0 RECEIVED AppendEntries from 2 (n_entries=0, leader_commit=2)
72867.9ms Vehicle 1 RECEIVED AppendEntries from 2 (n_entries=0, leader_commit=2)
72869.3ms Vehicle 7 RECEIVED AppendEntries from 2 (n_entries=0, leader_commit=2)
73004.2ms Leader 2 SENDING AppendEntries to vehicle 0 (n_entries=0, leader_commit=2)
73004.2ms Leader 2 SENDING AppendEntries to vehicle 1 (n_entries=0, leader_commit=2)
73004.2ms Leader 2 SENDING AppendEntries to vehicle 4 (n_entries=3, leader_commit=2)
73004.2ms Leader 2 SENDING AppendEntries to vehicle 5 (n_entries=3, leader_commit=2)
73004.2ms Leader 2 SENDING AppendEntries to vehicle 6 (n_entries=3, leader_commit=2)
73004.2ms Leader 2 SENDING AppendEntries to vehicle 7 (n_entries=0, leader_commit=2)
73006.3ms Vehicle 1 RECEIVED AppendEntries from 2 (n_entries=0, leader_commit=2)
73006.6ms Vehicle 7 RECEIVED AppendEntries from 2 (n_entries=0, leader_commit=2)
73007.7ms Vehicle 0 RECEIVED AppendEntries from 2 (n_entries=0, leader_commit=2)
73144.2ms Leader 2 SENDING AppendEntries to vehicle 0 (n_entries=0, leader_commit=2)
73144.2ms Leader 2 SENDING AppendEntries to vehicle 1 (n_entries=0, leader_commit=2)
73144.2ms Leader 2 SENDING AppendEntries to vehicle 4 (n_entries=3, leader_commit=2)
73144.2ms Leader 2 SENDING AppendEntries to vehicle 5 (n_entries=3, leader_commit=2)
73144.2ms Leader 2 SENDING AppendEntries to vehicle 6 (n_entries=3, leader_commit=2)
73144.2ms Leader 2 SENDING AppendEntries to vehicle 7 (n_entries=0, leader_commit=2)
73146.1ms Vehicle 7 RECEIVED AppendEntries from 2 (n_entries=0, leader_commit=2)
73147.7ms Vehicle 1 RECEIVED AppendEntries from 2 (n_entries=0, leader_commit=2)
73148.7ms Vehicle 0 RECEIVED AppendEntries from 2 (n_entries=0, leader_commit=2)
73284.2ms Leader 2 SENDING AppendEntries to vehicle 0 (n_entries=0, leader_commit=2)
73284.2ms Leader 2 SENDING AppendEntries to vehicle 1 (n_entries=0, leader_commit=2)
73284.2ms Leader 2 SENDING AppendEntries to vehicle 4 (n_entries=3, leader_commit=2)
73284.2ms Leader 2 SENDING AppendEntries to vehicle 5 (n_entries=3, leader_commit=2)
73284.2ms Leader 2 SENDING AppendEntries to vehicle 6 (n_entries=3, leader_commit=2)
73284.2ms Leader 2 SENDING AppendEntries to vehicle 7 (n_entries=0, leader_commit=2)
73286.2ms Vehicle 1 RECEIVED AppendEntries from 2 (n_entries=0, leader_commit=2)
73288.8ms Vehicle 0 RECEIVED AppendEntries from 2 (n_entries=0, leader_commit=2)
73289.4ms Vehicle 7 RECEIVED AppendEntries from 2 (n_entries=0, leader_commit=2)
73424.2ms Leader 2 SENDING AppendEntries to vehicle 0 (n_entries=0, leader_commit=2)
73424.2ms Leader 2 SENDING AppendEntries to vehicle 1 (n_entries=0, leader_commit=2)
73424.2ms Leader 2 SENDING AppendEntries to vehicle 4 (n_entries=3, leader_commit=2)
73424.2ms Leader 2 SENDING AppendEntries to vehicle 5 (n_entries=3, leader_commit=2)
73424.2ms Leader 2 SENDING AppendEntries to vehicle 6 (n_entries=3, leader_commit=2)
73424.2ms Leader 2 SENDING AppendEntries to vehicle 7 (n_entries=0, leader_commit=2)
73427.4ms Vehicle 7 RECEIVED AppendEntries from 2 (n_entries=0, leader_commit=2)
73428.3ms Vehicle 1 RECEIVED AppendEntries from 2 (n_entries=0, leader_commit=2)
73428.8ms Vehicle 0 RECEIVED AppendEntries from 2 (n_entries=0, leader_commit=2)
73564.2ms Leader 2 SENDING AppendEntries to vehicle 0 (n_entries=0, leader_commit=2)
73564.2ms Leader 2 SENDING AppendEntries to vehicle 1 (n_entries=0, leader_commit=2)
73564.2ms Leader 2 SENDING AppendEntries to vehicle 4 (n_entries=3, leader_commit=2)
73564.2ms Leader 2 SENDING AppendEntries to vehicle 5 (n_entries=3, leader_commit=2)
73564.2ms Leader 2 SENDING AppendEntries to vehicle 6 (n_entries=3, leader_commit=2)
73564.2ms Leader 2 SENDING AppendEntries to vehicle 7 (n_entries=0, leader_commit=2)
73566.5ms Vehicle 1 RECEIVED AppendEntries from 2 (n_entries=0, leader_commit=2)
73567.0ms Vehicle 0 RECEIVED AppendEntries from 2 (n_entries=0, leader_commit=2)
73567.3ms Vehicle 7 RECEIVED AppendEntries from 2 (n_entries=0, leader_commit=2)
73704.2ms Leader 2 SENDING AppendEntries to vehicle 0 (n_entries=0, leader_commit=2)
73704.2ms Leader 2 SENDING AppendEntries to vehicle 1 (n_entries=0, leader_commit=2)
73704.2ms Leader 2 SENDING AppendEntries to vehicle 4 (n_entries=3, leader_commit=2)
73704.2ms Leader 2 SENDING AppendEntries to vehicle 5 (n_entries=3, leader_commit=2)
73704.2ms Leader 2 SENDING AppendEntries to vehicle 6 (n_entries=3, leader_commit=2)
73704.2ms Leader 2 SENDING AppendEntries to vehicle 7 (n_entries=0, leader_commit=2)
73706.1ms Vehicle 1 RECEIVED AppendEntries from 2 (n_entries=0, leader_commit=2)
73706.4ms Vehicle 7 RECEIVED AppendEntries from 2 (n_entries=0, leader_commit=2)
73708.3ms Vehicle 0 RECEIVED AppendEntries from 2 (n_entries=0, leader_commit=2)
73844.2ms Leader 2 SENDING AppendEntries to vehicle 0 (n_entries=0, leader_commit=2)
73844.2ms Leader 2 SENDING AppendEntries to vehicle 1 (n_entries=0, leader_commit=2)
73844.2ms Leader 2 SENDING AppendEntries to vehicle 4 (n_entries=3, leader_commit=2)
73844.2ms Leader 2 SENDING AppendEntries to vehicle 5 (n_entries=3, leader_commit=2)
73844.2ms Leader 2 SENDING AppendEntries to vehicle 6 (n_entries=3, leader_commit=2)
73844.2ms Leader 2 SENDING AppendEntries to vehicle 7 (n_entries=0, leader_commit=2)
73847.6ms Vehicle 0 RECEIVED AppendEntries from 2 (n_entries=0, leader_commit=2)
73848.0ms Vehicle 7 RECEIVED AppendEntries from 2 (n_entries=0, leader_commit=2)
73848.8ms Vehicle 1 RECEIVED AppendEntries from 2 (n_entries=0, leader_commit=2)
73984.2ms Leader 2 SENDING AppendEntries to vehicle 0 (n_entries=0, leader_commit=2)
73984.2ms Leader 2 SENDING AppendEntries to vehicle 1 (n_entries=0, leader_commit=2)
73984.2ms Leader 2 SENDING AppendEntries to vehicle 4 (n_entries=3, leader_commit=2)
73984.2ms Leader 2 SENDING AppendEntries to vehicle 5 (n_entries=3, leader_commit=2)
73984.2ms Leader 2 SENDING AppendEntries to vehicle 6 (n_entries=3, leader_commit=2)
73984.2ms Leader 2 SENDING AppendEntries to vehicle 7 (n_entries=0, leader_commit=2)
73987.0ms Vehicle 7 RECEIVED AppendEntries from 2 (n_entries=0, leader_commit=2)
73987.9ms Vehicle 0 RECEIVED AppendEntries from 2 (n_entries=0, leader_commit=2)
73989.4ms Vehicle 1 RECEIVED AppendEntries from 2 (n_entries=0, leader_commit=2)
74.1 Vehicle 0 hasPassed=true (on exit edge -34894202#10)
74100.0ms Vehicle 0 LEFT intersection
74100.0ms Vehicle 0 BROADCASTING vehicle-passed
74100.0ms Vehicle 0 sending vehicle-left (isLeader=0, myBatch=2)
74103.3ms Vehicle 1 RECEIVED vehicle-left from vehicle 0
74103.3ms Vehicle 7 RECEIVED vehicle-left from vehicle 0
74103.3ms Vehicle 2 RECEIVED vehicle-left from vehicle 0
74103.3ms Leader 2 proposing VEHICLE_LEFT for vehicle 0 (batch=2)
74103.3ms Vehicle 2 doLogOffer entry #4 (len=9)
74103.3ms Leader 2 SENDING AppendEntries to vehicle 0 (n_entries=1, leader_commit=2)
74103.3ms Leader 2 SENDING AppendEntries to vehicle 1 (n_entries=1, leader_commit=2)
74103.3ms Leader 2 SENDING AppendEntries to vehicle 7 (n_entries=1, leader_commit=2)
74104.8ms Vehicle 1 RECEIVED vehicle-passed from vehicle 0
74104.8ms Vehicle 1 front vehicle passed — advancing to stop position (chain)
74104.8ms Vehicle 7 RECEIVED vehicle-passed from vehicle 0
74104.8ms Vehicle 2 RECEIVED vehicle-passed from vehicle 0
74105.2ms Vehicle 7 RECEIVED AppendEntries from 2 (n_entries=1, leader_commit=2)
74105.2ms Vehicle 7 doLogOffer entry #4 (len=9)
74106.1ms Vehicle 1 RECEIVED AppendEntries from 2 (n_entries=1, leader_commit=2)
74106.1ms Vehicle 1 doLogOffer entry #4 (len=9)
74124.2ms Leader 2 SENDING AppendEntries to vehicle 1 (n_entries=0, leader_commit=2)
74124.2ms Leader 2 SENDING AppendEntries to vehicle 4 (n_entries=4, leader_commit=2)
74124.2ms Leader 2 SENDING AppendEntries to vehicle 5 (n_entries=4, leader_commit=2)
74124.2ms Leader 2 SENDING AppendEntries to vehicle 6 (n_entries=4, leader_commit=2)
74124.2ms Leader 2 SENDING AppendEntries to vehicle 7 (n_entries=0, leader_commit=2)
74126.7ms Vehicle 7 RECEIVED AppendEntries from 2 (n_entries=0, leader_commit=2)
74127.4ms Vehicle 1 RECEIVED AppendEntries from 2 (n_entries=0, leader_commit=2)
74264.2ms Leader 2 SENDING AppendEntries to vehicle 1 (n_entries=0, leader_commit=2)
74264.2ms Leader 2 SENDING AppendEntries to vehicle 4 (n_entries=4, leader_commit=2)
74264.2ms Leader 2 SENDING AppendEntries to vehicle 5 (n_entries=4, leader_commit=2)
74264.2ms Leader 2 SENDING AppendEntries to vehicle 6 (n_entries=4, leader_commit=2)
74264.2ms Leader 2 SENDING AppendEntries to vehicle 7 (n_entries=0, leader_commit=2)
74268.9ms Vehicle 1 RECEIVED AppendEntries from 2 (n_entries=0, leader_commit=2)
74269.5ms Vehicle 7 RECEIVED AppendEntries from 2 (n_entries=0, leader_commit=2)
74404.2ms Leader 2 SENDING AppendEntries to vehicle 1 (n_entries=0, leader_commit=2)
74404.2ms Leader 2 SENDING AppendEntries to vehicle 4 (n_entries=4, leader_commit=2)
74404.2ms Leader 2 SENDING AppendEntries to vehicle 5 (n_entries=4, leader_commit=2)
74404.2ms Leader 2 SENDING AppendEntries to vehicle 6 (n_entries=4, leader_commit=2)
74404.2ms Leader 2 SENDING AppendEntries to vehicle 7 (n_entries=0, leader_commit=2)
74406.5ms Vehicle 1 RECEIVED AppendEntries from 2 (n_entries=0, leader_commit=2)
74407.5ms Vehicle 7 RECEIVED AppendEntries from 2 (n_entries=0, leader_commit=2)
74544.2ms Leader 2 SENDING AppendEntries to vehicle 1 (n_entries=0, leader_commit=2)
74544.2ms Leader 2 SENDING AppendEntries to vehicle 4 (n_entries=4, leader_commit=2)
74544.2ms Leader 2 SENDING AppendEntries to vehicle 5 (n_entries=4, leader_commit=2)
74544.2ms Leader 2 SENDING AppendEntries to vehicle 6 (n_entries=4, leader_commit=2)
74544.2ms Leader 2 SENDING AppendEntries to vehicle 7 (n_entries=0, leader_commit=2)
74547.6ms Vehicle 1 RECEIVED AppendEntries from 2 (n_entries=0, leader_commit=2)
74549.4ms Vehicle 7 RECEIVED AppendEntries from 2 (n_entries=0, leader_commit=2)
74684.2ms Leader 2 SENDING AppendEntries to vehicle 1 (n_entries=0, leader_commit=2)
74684.2ms Leader 2 SENDING AppendEntries to vehicle 4 (n_entries=4, leader_commit=2)
74684.2ms Leader 2 SENDING AppendEntries to vehicle 5 (n_entries=4, leader_commit=2)
74684.2ms Leader 2 SENDING AppendEntries to vehicle 6 (n_entries=4, leader_commit=2)
74684.2ms Leader 2 SENDING AppendEntries to vehicle 7 (n_entries=0, leader_commit=2)
74685.4ms Vehicle 1 RECEIVED AppendEntries from 2 (n_entries=0, leader_commit=2)
74687.6ms Vehicle 7 RECEIVED AppendEntries from 2 (n_entries=0, leader_commit=2)
74824.2ms Leader 2 SENDING AppendEntries to vehicle 1 (n_entries=0, leader_commit=2)
74824.2ms Leader 2 SENDING AppendEntries to vehicle 4 (n_entries=4, leader_commit=2)
74824.2ms Leader 2 SENDING AppendEntries to vehicle 5 (n_entries=4, leader_commit=2)
74824.2ms Leader 2 SENDING AppendEntries to vehicle 6 (n_entries=4, leader_commit=2)
74824.2ms Leader 2 SENDING AppendEntries to vehicle 7 (n_entries=0, leader_commit=2)
74826.2ms Vehicle 1 RECEIVED AppendEntries from 2 (n_entries=0, leader_commit=2)
74826.7ms Vehicle 7 RECEIVED AppendEntries from 2 (n_entries=0, leader_commit=2)
74964.2ms Leader 2 SENDING AppendEntries to vehicle 1 (n_entries=0, leader_commit=2)
74964.2ms Leader 2 SENDING AppendEntries to vehicle 4 (n_entries=4, leader_commit=2)
74964.2ms Leader 2 SENDING AppendEntries to vehicle 5 (n_entries=4, leader_commit=2)
74964.2ms Leader 2 SENDING AppendEntries to vehicle 6 (n_entries=4, leader_commit=2)
74964.2ms Leader 2 SENDING AppendEntries to vehicle 7 (n_entries=0, leader_commit=2)
74967.5ms Vehicle 1 RECEIVED AppendEntries from 2 (n_entries=0, leader_commit=2)
74968.8ms Vehicle 7 RECEIVED AppendEntries from 2 (n_entries=0, leader_commit=2)
75104.2ms Leader 2 SENDING AppendEntries to vehicle 1 (n_entries=0, leader_commit=2)
75104.2ms Leader 2 SENDING AppendEntries to vehicle 4 (n_entries=4, leader_commit=2)
75104.2ms Leader 2 SENDING AppendEntries to vehicle 5 (n_entries=4, leader_commit=2)
75104.2ms Leader 2 SENDING AppendEntries to vehicle 6 (n_entries=4, leader_commit=2)
75104.2ms Leader 2 SENDING AppendEntries to vehicle 7 (n_entries=0, leader_commit=2)
75107.0ms Vehicle 7 RECEIVED AppendEntries from 2 (n_entries=0, leader_commit=2)
75107.7ms Vehicle 1 RECEIVED AppendEntries from 2 (n_entries=0, leader_commit=2)
75244.2ms Leader 2 SENDING AppendEntries to vehicle 1 (n_entries=0, leader_commit=2)
75244.2ms Leader 2 SENDING AppendEntries to vehicle 4 (n_entries=4, leader_commit=2)
75244.2ms Leader 2 SENDING AppendEntries to vehicle 5 (n_entries=4, leader_commit=2)
75244.2ms Leader 2 SENDING AppendEntries to vehicle 6 (n_entries=4, leader_commit=2)
75244.2ms Leader 2 SENDING AppendEntries to vehicle 7 (n_entries=0, leader_commit=2)
75245.6ms Vehicle 7 RECEIVED AppendEntries from 2 (n_entries=0, leader_commit=2)
75247.2ms Vehicle 1 RECEIVED AppendEntries from 2 (n_entries=0, leader_commit=2)
75384.2ms Leader 2 SENDING AppendEntries to vehicle 1 (n_entries=0, leader_commit=2)
75384.2ms Leader 2 SENDING AppendEntries to vehicle 4 (n_entries=4, leader_commit=2)
75384.2ms Leader 2 SENDING AppendEntries to vehicle 5 (n_entries=4, leader_commit=2)
75384.2ms Leader 2 SENDING AppendEntries to vehicle 6 (n_entries=4, leader_commit=2)
75384.2ms Leader 2 SENDING AppendEntries to vehicle 7 (n_entries=0, leader_commit=2)
75385.8ms Vehicle 1 RECEIVED AppendEntries from 2 (n_entries=0, leader_commit=2)
75387.9ms Vehicle 7 RECEIVED AppendEntries from 2 (n_entries=0, leader_commit=2)
75524.2ms Leader 2 SENDING AppendEntries to vehicle 1 (n_entries=0, leader_commit=2)
75524.2ms Leader 2 SENDING AppendEntries to vehicle 4 (n_entries=4, leader_commit=2)
75524.2ms Leader 2 SENDING AppendEntries to vehicle 5 (n_entries=4, leader_commit=2)
75524.2ms Leader 2 SENDING AppendEntries to vehicle 6 (n_entries=4, leader_commit=2)
75524.2ms Leader 2 SENDING AppendEntries to vehicle 7 (n_entries=0, leader_commit=2)
75528.3ms Vehicle 7 RECEIVED AppendEntries from 2 (n_entries=0, leader_commit=2)
75528.7ms Vehicle 1 RECEIVED AppendEntries from 2 (n_entries=0, leader_commit=2)
75664.2ms Leader 2 SENDING AppendEntries to vehicle 1 (n_entries=0, leader_commit=2)
75664.2ms Leader 2 SENDING AppendEntries to vehicle 4 (n_entries=4, leader_commit=2)
75664.2ms Leader 2 SENDING AppendEntries to vehicle 5 (n_entries=4, leader_commit=2)
75664.2ms Leader 2 SENDING AppendEntries to vehicle 6 (n_entries=4, leader_commit=2)
75664.2ms Leader 2 SENDING AppendEntries to vehicle 7 (n_entries=0, leader_commit=2)
75665.7ms Vehicle 7 RECEIVED AppendEntries from 2 (n_entries=0, leader_commit=2)
75668.4ms Vehicle 1 RECEIVED AppendEntries from 2 (n_entries=0, leader_commit=2)
75804.2ms Leader 2 SENDING AppendEntries to vehicle 1 (n_entries=0, leader_commit=2)
75804.2ms Leader 2 SENDING AppendEntries to vehicle 4 (n_entries=4, leader_commit=2)
75804.2ms Leader 2 SENDING AppendEntries to vehicle 5 (n_entries=4, leader_commit=2)
75804.2ms Leader 2 SENDING AppendEntries to vehicle 6 (n_entries=4, leader_commit=2)
75804.2ms Leader 2 SENDING AppendEntries to vehicle 7 (n_entries=0, leader_commit=2)
75806.6ms Vehicle 1 RECEIVED AppendEntries from 2 (n_entries=0, leader_commit=2)
75808.4ms Vehicle 7 RECEIVED AppendEntries from 2 (n_entries=0, leader_commit=2)
75944.2ms Leader 2 SENDING AppendEntries to vehicle 1 (n_entries=0, leader_commit=2)
75944.2ms Leader 2 SENDING AppendEntries to vehicle 4 (n_entries=4, leader_commit=2)
75944.2ms Leader 2 SENDING AppendEntries to vehicle 5 (n_entries=4, leader_commit=2)
75944.2ms Leader 2 SENDING AppendEntries to vehicle 6 (n_entries=4, leader_commit=2)
75944.2ms Leader 2 SENDING AppendEntries to vehicle 7 (n_entries=0, leader_commit=2)
75946.6ms Vehicle 7 RECEIVED AppendEntries from 2 (n_entries=0, leader_commit=2)
75948.7ms Vehicle 1 RECEIVED AppendEntries from 2 (n_entries=0, leader_commit=2)
76084.2ms Leader 2 SENDING AppendEntries to vehicle 1 (n_entries=0, leader_commit=2)
76084.2ms Leader 2 SENDING AppendEntries to vehicle 4 (n_entries=4, leader_commit=2)
76084.2ms Leader 2 SENDING AppendEntries to vehicle 5 (n_entries=4, leader_commit=2)
76084.2ms Leader 2 SENDING AppendEntries to vehicle 6 (n_entries=4, leader_commit=2)
76084.2ms Leader 2 SENDING AppendEntries to vehicle 7 (n_entries=0, leader_commit=2)
76086.1ms Vehicle 1 RECEIVED AppendEntries from 2 (n_entries=0, leader_commit=2)
76088.6ms Vehicle 7 RECEIVED AppendEntries from 2 (n_entries=0, leader_commit=2)
76224.2ms Leader 2 SENDING AppendEntries to vehicle 1 (n_entries=0, leader_commit=2)
76224.2ms Leader 2 SENDING AppendEntries to vehicle 4 (n_entries=4, leader_commit=2)
76224.2ms Leader 2 SENDING AppendEntries to vehicle 5 (n_entries=4, leader_commit=2)
76224.2ms Leader 2 SENDING AppendEntries to vehicle 6 (n_entries=4, leader_commit=2)
76224.2ms Leader 2 SENDING AppendEntries to vehicle 7 (n_entries=0, leader_commit=2)
76225.7ms Vehicle 7 RECEIVED AppendEntries from 2 (n_entries=0, leader_commit=2)
76226.1ms Vehicle 1 RECEIVED AppendEntries from 2 (n_entries=0, leader_commit=2)
76364.2ms Leader 2 SENDING AppendEntries to vehicle 1 (n_entries=0, leader_commit=2)
76364.2ms Leader 2 SENDING AppendEntries to vehicle 4 (n_entries=4, leader_commit=2)
76364.2ms Leader 2 SENDING AppendEntries to vehicle 5 (n_entries=4, leader_commit=2)
76364.2ms Leader 2 SENDING AppendEntries to vehicle 6 (n_entries=4, leader_commit=2)
76364.2ms Leader 2 SENDING AppendEntries to vehicle 7 (n_entries=0, leader_commit=2)
76365.9ms Vehicle 1 RECEIVED AppendEntries from 2 (n_entries=0, leader_commit=2)
76369.0ms Vehicle 7 RECEIVED AppendEntries from 2 (n_entries=0, leader_commit=2)
76504.2ms Leader 2 SENDING AppendEntries to vehicle 1 (n_entries=0, leader_commit=2)
76504.2ms Leader 2 SENDING AppendEntries to vehicle 4 (n_entries=4, leader_commit=2)
76504.2ms Leader 2 SENDING AppendEntries to vehicle 5 (n_entries=4, leader_commit=2)
76504.2ms Leader 2 SENDING AppendEntries to vehicle 6 (n_entries=4, leader_commit=2)
76504.2ms Leader 2 SENDING AppendEntries to vehicle 7 (n_entries=0, leader_commit=2)
76508.3ms Vehicle 1 RECEIVED AppendEntries from 2 (n_entries=0, leader_commit=2)
76509.0ms Vehicle 7 RECEIVED AppendEntries from 2 (n_entries=0, leader_commit=2)
76644.2ms Leader 2 SENDING AppendEntries to vehicle 1 (n_entries=0, leader_commit=2)
76644.2ms Leader 2 SENDING AppendEntries to vehicle 4 (n_entries=4, leader_commit=2)
76644.2ms Leader 2 SENDING AppendEntries to vehicle 5 (n_entries=4, leader_commit=2)
76644.2ms Leader 2 SENDING AppendEntries to vehicle 6 (n_entries=4, leader_commit=2)
76644.2ms Leader 2 SENDING AppendEntries to vehicle 7 (n_entries=0, leader_commit=2)
76646.6ms Vehicle 7 RECEIVED AppendEntries from 2 (n_entries=0, leader_commit=2)
76648.0ms Vehicle 1 RECEIVED AppendEntries from 2 (n_entries=0, leader_commit=2)
76784.2ms Leader 2 SENDING AppendEntries to vehicle 1 (n_entries=0, leader_commit=2)
76784.2ms Leader 2 SENDING AppendEntries to vehicle 4 (n_entries=4, leader_commit=2)
76784.2ms Leader 2 SENDING AppendEntries to vehicle 5 (n_entries=4, leader_commit=2)
76784.2ms Leader 2 SENDING AppendEntries to vehicle 6 (n_entries=4, leader_commit=2)
76784.2ms Leader 2 SENDING AppendEntries to vehicle 7 (n_entries=0, leader_commit=2)
76785.9ms Vehicle 7 RECEIVED AppendEntries from 2 (n_entries=0, leader_commit=2)
76788.5ms Vehicle 1 RECEIVED AppendEntries from 2 (n_entries=0, leader_commit=2)
76924.2ms Leader 2 SENDING AppendEntries to vehicle 1 (n_entries=0, leader_commit=2)
76924.2ms Leader 2 SENDING AppendEntries to vehicle 4 (n_entries=4, leader_commit=2)
76924.2ms Leader 2 SENDING AppendEntries to vehicle 5 (n_entries=4, leader_commit=2)
76924.2ms Leader 2 SENDING AppendEntries to vehicle 6 (n_entries=4, leader_commit=2)
76924.2ms Leader 2 SENDING AppendEntries to vehicle 7 (n_entries=0, leader_commit=2)
76928.6ms Vehicle 7 RECEIVED AppendEntries from 2 (n_entries=0, leader_commit=2)
76929.2ms Vehicle 1 RECEIVED AppendEntries from 2 (n_entries=0, leader_commit=2)
77064.2ms Leader 2 SENDING AppendEntries to vehicle 1 (n_entries=0, leader_commit=2)
77064.2ms Leader 2 SENDING AppendEntries to vehicle 4 (n_entries=4, leader_commit=2)
77064.2ms Leader 2 SENDING AppendEntries to vehicle 5 (n_entries=4, leader_commit=2)
77064.2ms Leader 2 SENDING AppendEntries to vehicle 6 (n_entries=4, leader_commit=2)
77064.2ms Leader 2 SENDING AppendEntries to vehicle 7 (n_entries=0, leader_commit=2)
77066.8ms Vehicle 1 RECEIVED AppendEntries from 2 (n_entries=0, leader_commit=2)
77068.5ms Vehicle 7 RECEIVED AppendEntries from 2 (n_entries=0, leader_commit=2)
77204.2ms Leader 2 SENDING AppendEntries to vehicle 1 (n_entries=0, leader_commit=2)
77204.2ms Leader 2 SENDING AppendEntries to vehicle 4 (n_entries=4, leader_commit=2)
77204.2ms Leader 2 SENDING AppendEntries to vehicle 5 (n_entries=4, leader_commit=2)
77204.2ms Leader 2 SENDING AppendEntries to vehicle 6 (n_entries=4, leader_commit=2)
77204.2ms Leader 2 SENDING AppendEntries to vehicle 7 (n_entries=0, leader_commit=2)
77206.2ms Vehicle 1 RECEIVED AppendEntries from 2 (n_entries=0, leader_commit=2)
77206.5ms Vehicle 7 RECEIVED AppendEntries from 2 (n_entries=0, leader_commit=2)
77344.2ms Leader 2 SENDING AppendEntries to vehicle 1 (n_entries=0, leader_commit=2)
77344.2ms Leader 2 SENDING AppendEntries to vehicle 4 (n_entries=4, leader_commit=2)
77344.2ms Leader 2 SENDING AppendEntries to vehicle 5 (n_entries=4, leader_commit=2)
77344.2ms Leader 2 SENDING AppendEntries to vehicle 6 (n_entries=4, leader_commit=2)
77344.2ms Leader 2 SENDING AppendEntries to vehicle 7 (n_entries=0, leader_commit=2)
77347.5ms Vehicle 1 RECEIVED AppendEntries from 2 (n_entries=0, leader_commit=2)
77348.3ms Vehicle 7 RECEIVED AppendEntries from 2 (n_entries=0, leader_commit=2)
77484.2ms Leader 2 SENDING AppendEntries to vehicle 1 (n_entries=0, leader_commit=2)
77484.2ms Leader 2 SENDING AppendEntries to vehicle 4 (n_entries=4, leader_commit=2)
77484.2ms Leader 2 SENDING AppendEntries to vehicle 5 (n_entries=4, leader_commit=2)
77484.2ms Leader 2 SENDING AppendEntries to vehicle 6 (n_entries=4, leader_commit=2)
77484.2ms Leader 2 SENDING AppendEntries to vehicle 7 (n_entries=0, leader_commit=2)
77486.2ms Vehicle 1 RECEIVED AppendEntries from 2 (n_entries=0, leader_commit=2)
77489.2ms Vehicle 7 RECEIVED AppendEntries from 2 (n_entries=0, leader_commit=2)
77624.2ms Leader 2 SENDING AppendEntries to vehicle 1 (n_entries=0, leader_commit=2)
77624.2ms Leader 2 SENDING AppendEntries to vehicle 4 (n_entries=4, leader_commit=2)
77624.2ms Leader 2 SENDING AppendEntries to vehicle 5 (n_entries=4, leader_commit=2)
77624.2ms Leader 2 SENDING AppendEntries to vehicle 6 (n_entries=4, leader_commit=2)
77624.2ms Leader 2 SENDING AppendEntries to vehicle 7 (n_entries=0, leader_commit=2)
77626.3ms Vehicle 7 RECEIVED AppendEntries from 2 (n_entries=0, leader_commit=2)
77628.8ms Vehicle 1 RECEIVED AppendEntries from 2 (n_entries=0, leader_commit=2)
77764.2ms Leader 2 SENDING AppendEntries to vehicle 1 (n_entries=0, leader_commit=2)
77764.2ms Leader 2 SENDING AppendEntries to vehicle 4 (n_entries=4, leader_commit=2)
77764.2ms Leader 2 SENDING AppendEntries to vehicle 5 (n_entries=4, leader_commit=2)
77764.2ms Leader 2 SENDING AppendEntries to vehicle 6 (n_entries=4, leader_commit=2)
77764.2ms Leader 2 SENDING AppendEntries to vehicle 7 (n_entries=0, leader_commit=2)
77767.1ms Vehicle 7 RECEIVED AppendEntries from 2 (n_entries=0, leader_commit=2)
77767.5ms Vehicle 1 RECEIVED AppendEntries from 2 (n_entries=0, leader_commit=2)
77904.2ms Leader 2 SENDING AppendEntries to vehicle 1 (n_entries=0, leader_commit=2)
77904.2ms Leader 2 SENDING AppendEntries to vehicle 4 (n_entries=4, leader_commit=2)
77904.2ms Leader 2 SENDING AppendEntries to vehicle 5 (n_entries=4, leader_commit=2)
77904.2ms Leader 2 SENDING AppendEntries to vehicle 6 (n_entries=4, leader_commit=2)
77904.2ms Leader 2 SENDING AppendEntries to vehicle 7 (n_entries=0, leader_commit=2)
77906.8ms Vehicle 1 RECEIVED AppendEntries from 2 (n_entries=0, leader_commit=2)
77908.7ms Vehicle 7 RECEIVED AppendEntries from 2 (n_entries=0, leader_commit=2)
78044.2ms Leader 2 SENDING AppendEntries to vehicle 1 (n_entries=0, leader_commit=2)
78044.2ms Leader 2 SENDING AppendEntries to vehicle 4 (n_entries=4, leader_commit=2)
78044.2ms Leader 2 SENDING AppendEntries to vehicle 5 (n_entries=4, leader_commit=2)
78044.2ms Leader 2 SENDING AppendEntries to vehicle 6 (n_entries=4, leader_commit=2)
78044.2ms Leader 2 SENDING AppendEntries to vehicle 7 (n_entries=0, leader_commit=2)
78046.3ms Vehicle 1 RECEIVED AppendEntries from 2 (n_entries=0, leader_commit=2)
78047.5ms Vehicle 7 RECEIVED AppendEntries from 2 (n_entries=0, leader_commit=2)
78184.2ms Leader 2 SENDING AppendEntries to vehicle 1 (n_entries=0, leader_commit=2)
78184.2ms Leader 2 SENDING AppendEntries to vehicle 4 (n_entries=4, leader_commit=2)
78184.2ms Leader 2 SENDING AppendEntries to vehicle 5 (n_entries=4, leader_commit=2)
78184.2ms Leader 2 SENDING AppendEntries to vehicle 6 (n_entries=4, leader_commit=2)
78184.2ms Leader 2 SENDING AppendEntries to vehicle 7 (n_entries=0, leader_commit=2)
78188.9ms Vehicle 7 RECEIVED AppendEntries from 2 (n_entries=0, leader_commit=2)
78189.5ms Vehicle 1 RECEIVED AppendEntries from 2 (n_entries=0, leader_commit=2)
78324.2ms Leader 2 SENDING AppendEntries to vehicle 1 (n_entries=0, leader_commit=2)
78324.2ms Leader 2 SENDING AppendEntries to vehicle 4 (n_entries=4, leader_commit=2)
78324.2ms Leader 2 SENDING AppendEntries to vehicle 5 (n_entries=4, leader_commit=2)
78324.2ms Leader 2 SENDING AppendEntries to vehicle 6 (n_entries=4, leader_commit=2)
78324.2ms Leader 2 SENDING AppendEntries to vehicle 7 (n_entries=0, leader_commit=2)
78328.3ms Vehicle 7 RECEIVED AppendEntries from 2 (n_entries=0, leader_commit=2)
78329.1ms Vehicle 1 RECEIVED AppendEntries from 2 (n_entries=0, leader_commit=2)
78464.2ms Leader 2 SENDING AppendEntries to vehicle 1 (n_entries=0, leader_commit=2)
78464.2ms Leader 2 SENDING AppendEntries to vehicle 4 (n_entries=4, leader_commit=2)
78464.2ms Leader 2 SENDING AppendEntries to vehicle 5 (n_entries=4, leader_commit=2)
78464.2ms Leader 2 SENDING AppendEntries to vehicle 6 (n_entries=4, leader_commit=2)
78464.2ms Leader 2 SENDING AppendEntries to vehicle 7 (n_entries=0, leader_commit=2)
78465.6ms Vehicle 1 RECEIVED AppendEntries from 2 (n_entries=0, leader_commit=2)
78467.9ms Vehicle 7 RECEIVED AppendEntries from 2 (n_entries=0, leader_commit=2)
78604.2ms Leader 2 SENDING AppendEntries to vehicle 1 (n_entries=0, leader_commit=2)
78604.2ms Leader 2 SENDING AppendEntries to vehicle 4 (n_entries=4, leader_commit=2)
78604.2ms Leader 2 SENDING AppendEntries to vehicle 5 (n_entries=4, leader_commit=2)
78604.2ms Leader 2 SENDING AppendEntries to vehicle 6 (n_entries=4, leader_commit=2)
78604.2ms Leader 2 SENDING AppendEntries to vehicle 7 (n_entries=0, leader_commit=2)
78607.8ms Vehicle 7 RECEIVED AppendEntries from 2 (n_entries=0, leader_commit=2)
78608.1ms Vehicle 1 RECEIVED AppendEntries from 2 (n_entries=0, leader_commit=2)
78744.2ms Leader 2 SENDING AppendEntries to vehicle 1 (n_entries=0, leader_commit=2)
78744.2ms Leader 2 SENDING AppendEntries to vehicle 4 (n_entries=4, leader_commit=2)
78744.2ms Leader 2 SENDING AppendEntries to vehicle 5 (n_entries=4, leader_commit=2)
78744.2ms Leader 2 SENDING AppendEntries to vehicle 6 (n_entries=4, leader_commit=2)
78744.2ms Leader 2 SENDING AppendEntries to vehicle 7 (n_entries=0, leader_commit=2)
78746.7ms Vehicle 7 RECEIVED AppendEntries from 2 (n_entries=0, leader_commit=2)
78747.6ms Vehicle 1 RECEIVED AppendEntries from 2 (n_entries=0, leader_commit=2)
78884.2ms Leader 2 SENDING AppendEntries to vehicle 1 (n_entries=0, leader_commit=2)
78884.2ms Leader 2 SENDING AppendEntries to vehicle 4 (n_entries=4, leader_commit=2)
78884.2ms Leader 2 SENDING AppendEntries to vehicle 5 (n_entries=4, leader_commit=2)
78884.2ms Leader 2 SENDING AppendEntries to vehicle 6 (n_entries=4, leader_commit=2)
78884.2ms Leader 2 SENDING AppendEntries to vehicle 7 (n_entries=0, leader_commit=2)
78886.5ms Vehicle 1 RECEIVED AppendEntries from 2 (n_entries=0, leader_commit=2)
78889.3ms Vehicle 7 RECEIVED AppendEntries from 2 (n_entries=0, leader_commit=2)
79024.2ms Leader 2 SENDING AppendEntries to vehicle 1 (n_entries=0, leader_commit=2)
79024.2ms Leader 2 SENDING AppendEntries to vehicle 4 (n_entries=4, leader_commit=2)
79024.2ms Leader 2 SENDING AppendEntries to vehicle 5 (n_entries=4, leader_commit=2)
79024.2ms Leader 2 SENDING AppendEntries to vehicle 6 (n_entries=4, leader_commit=2)
79024.2ms Leader 2 SENDING AppendEntries to vehicle 7 (n_entries=0, leader_commit=2)
79029.2ms Vehicle 7 RECEIVED AppendEntries from 2 (n_entries=0, leader_commit=2)
79029.5ms Vehicle 1 RECEIVED AppendEntries from 2 (n_entries=0, leader_commit=2)
79164.2ms Leader 2 SENDING AppendEntries to vehicle 1 (n_entries=0, leader_commit=2)
79164.2ms Leader 2 SENDING AppendEntries to vehicle 4 (n_entries=4, leader_commit=2)
79164.2ms Leader 2 SENDING AppendEntries to vehicle 5 (n_entries=4, leader_commit=2)
79164.2ms Leader 2 SENDING AppendEntries to vehicle 6 (n_entries=4, leader_commit=2)
79164.2ms Leader 2 SENDING AppendEntries to vehicle 7 (n_entries=0, leader_commit=2)
79165.4ms Vehicle 7 RECEIVED AppendEntries from 2 (n_entries=0, leader_commit=2)
79166.4ms Vehicle 1 RECEIVED AppendEntries from 2 (n_entries=0, leader_commit=2)
79304.2ms Leader 2 SENDING AppendEntries to vehicle 1 (n_entries=0, leader_commit=2)
79304.2ms Leader 2 SENDING AppendEntries to vehicle 4 (n_entries=4, leader_commit=2)
79304.2ms Leader 2 SENDING AppendEntries to vehicle 5 (n_entries=4, leader_commit=2)
79304.2ms Leader 2 SENDING AppendEntries to vehicle 6 (n_entries=4, leader_commit=2)
79304.2ms Leader 2 SENDING AppendEntries to vehicle 7 (n_entries=0, leader_commit=2)
79308.0ms Vehicle 7 RECEIVED AppendEntries from 2 (n_entries=0, leader_commit=2)
79309.0ms Vehicle 1 RECEIVED AppendEntries from 2 (n_entries=0, leader_commit=2)
79444.2ms Leader 2 SENDING AppendEntries to vehicle 1 (n_entries=0, leader_commit=2)
79444.2ms Leader 2 SENDING AppendEntries to vehicle 4 (n_entries=4, leader_commit=2)
79444.2ms Leader 2 SENDING AppendEntries to vehicle 5 (n_entries=4, leader_commit=2)
79444.2ms Leader 2 SENDING AppendEntries to vehicle 6 (n_entries=4, leader_commit=2)
79444.2ms Leader 2 SENDING AppendEntries to vehicle 7 (n_entries=0, leader_commit=2)
79446.7ms Vehicle 7 RECEIVED AppendEntries from 2 (n_entries=0, leader_commit=2)
79448.8ms Vehicle 1 RECEIVED AppendEntries from 2 (n_entries=0, leader_commit=2)
79584.2ms Leader 2 SENDING AppendEntries to vehicle 1 (n_entries=0, leader_commit=2)
79584.2ms Leader 2 SENDING AppendEntries to vehicle 4 (n_entries=4, leader_commit=2)
79584.2ms Leader 2 SENDING AppendEntries to vehicle 5 (n_entries=4, leader_commit=2)
79584.2ms Leader 2 SENDING AppendEntries to vehicle 6 (n_entries=4, leader_commit=2)
79584.2ms Leader 2 SENDING AppendEntries to vehicle 7 (n_entries=0, leader_commit=2)
79585.8ms Vehicle 1 RECEIVED AppendEntries from 2 (n_entries=0, leader_commit=2)
79589.2ms Vehicle 7 RECEIVED AppendEntries from 2 (n_entries=0, leader_commit=2)
79724.2ms Leader 2 SENDING AppendEntries to vehicle 1 (n_entries=0, leader_commit=2)
79724.2ms Leader 2 SENDING AppendEntries to vehicle 4 (n_entries=4, leader_commit=2)
79724.2ms Leader 2 SENDING AppendEntries to vehicle 5 (n_entries=4, leader_commit=2)
79724.2ms Leader 2 SENDING AppendEntries to vehicle 6 (n_entries=4, leader_commit=2)
79724.2ms Leader 2 SENDING AppendEntries to vehicle 7 (n_entries=0, leader_commit=2)
79727.0ms Vehicle 1 RECEIVED AppendEntries from 2 (n_entries=0, leader_commit=2)
79727.4ms Vehicle 7 RECEIVED AppendEntries from 2 (n_entries=0, leader_commit=2)
79864.2ms Leader 2 SENDING AppendEntries to vehicle 1 (n_entries=0, leader_commit=2)
79864.2ms Leader 2 SENDING AppendEntries to vehicle 4 (n_entries=4, leader_commit=2)
79864.2ms Leader 2 SENDING AppendEntries to vehicle 5 (n_entries=4, leader_commit=2)
79864.2ms Leader 2 SENDING AppendEntries to vehicle 6 (n_entries=4, leader_commit=2)
79864.2ms Leader 2 SENDING AppendEntries to vehicle 7 (n_entries=0, leader_commit=2)
79867.7ms Vehicle 1 RECEIVED AppendEntries from 2 (n_entries=0, leader_commit=2)
79868.1ms Vehicle 7 RECEIVED AppendEntries from 2 (n_entries=0, leader_commit=2)
80004.2ms Leader 2 SENDING AppendEntries to vehicle 1 (n_entries=0, leader_commit=2)
80004.2ms Leader 2 SENDING AppendEntries to vehicle 4 (n_entries=4, leader_commit=2)
80004.2ms Leader 2 SENDING AppendEntries to vehicle 5 (n_entries=4, leader_commit=2)
80004.2ms Leader 2 SENDING AppendEntries to vehicle 6 (n_entries=4, leader_commit=2)
80004.2ms Leader 2 SENDING AppendEntries to vehicle 7 (n_entries=0, leader_commit=2)
80005.8ms Vehicle 1 RECEIVED AppendEntries from 2 (n_entries=0, leader_commit=2)
80008.0ms Vehicle 7 RECEIVED AppendEntries from 2 (n_entries=0, leader_commit=2)
80144.2ms Leader 2 SENDING AppendEntries to vehicle 1 (n_entries=0, leader_commit=2)
80144.2ms Leader 2 SENDING AppendEntries to vehicle 4 (n_entries=4, leader_commit=2)
80144.2ms Leader 2 SENDING AppendEntries to vehicle 5 (n_entries=4, leader_commit=2)
80144.2ms Leader 2 SENDING AppendEntries to vehicle 6 (n_entries=4, leader_commit=2)
80144.2ms Leader 2 SENDING AppendEntries to vehicle 7 (n_entries=0, leader_commit=2)
80146.7ms Vehicle 1 RECEIVED AppendEntries from 2 (n_entries=0, leader_commit=2)
80148.6ms Vehicle 7 RECEIVED AppendEntries from 2 (n_entries=0, leader_commit=2)
80284.2ms Leader 2 SENDING AppendEntries to vehicle 1 (n_entries=0, leader_commit=2)
80284.2ms Leader 2 SENDING AppendEntries to vehicle 4 (n_entries=4, leader_commit=2)
80284.2ms Leader 2 SENDING AppendEntries to vehicle 5 (n_entries=4, leader_commit=2)
80284.2ms Leader 2 SENDING AppendEntries to vehicle 6 (n_entries=4, leader_commit=2)
80284.2ms Leader 2 SENDING AppendEntries to vehicle 7 (n_entries=0, leader_commit=2)
80285.6ms Vehicle 7 RECEIVED AppendEntries from 2 (n_entries=0, leader_commit=2)
80286.1ms Vehicle 1 RECEIVED AppendEntries from 2 (n_entries=0, leader_commit=2)
80424.2ms Leader 2 SENDING AppendEntries to vehicle 1 (n_entries=0, leader_commit=2)
80424.2ms Leader 2 SENDING AppendEntries to vehicle 4 (n_entries=4, leader_commit=2)
80424.2ms Leader 2 SENDING AppendEntries to vehicle 5 (n_entries=4, leader_commit=2)
80424.2ms Leader 2 SENDING AppendEntries to vehicle 6 (n_entries=4, leader_commit=2)
80424.2ms Leader 2 SENDING AppendEntries to vehicle 7 (n_entries=0, leader_commit=2)
80425.5ms Vehicle 7 RECEIVED AppendEntries from 2 (n_entries=0, leader_commit=2)
80426.6ms Vehicle 1 RECEIVED AppendEntries from 2 (n_entries=0, leader_commit=2)
80564.2ms Leader 2 SENDING AppendEntries to vehicle 1 (n_entries=0, leader_commit=2)
80564.2ms Leader 2 SENDING AppendEntries to vehicle 4 (n_entries=4, leader_commit=2)
80564.2ms Leader 2 SENDING AppendEntries to vehicle 5 (n_entries=4, leader_commit=2)
80564.2ms Leader 2 SENDING AppendEntries to vehicle 6 (n_entries=4, leader_commit=2)
80564.2ms Leader 2 SENDING AppendEntries to vehicle 7 (n_entries=0, leader_commit=2)
80567.6ms Vehicle 7 RECEIVED AppendEntries from 2 (n_entries=0, leader_commit=2)
80569.2ms Vehicle 1 RECEIVED AppendEntries from 2 (n_entries=0, leader_commit=2)
80704.2ms Leader 2 SENDING AppendEntries to vehicle 1 (n_entries=0, leader_commit=2)
80704.2ms Leader 2 SENDING AppendEntries to vehicle 4 (n_entries=4, leader_commit=2)
80704.2ms Leader 2 SENDING AppendEntries to vehicle 5 (n_entries=4, leader_commit=2)
80704.2ms Leader 2 SENDING AppendEntries to vehicle 6 (n_entries=4, leader_commit=2)
80704.2ms Leader 2 SENDING AppendEntries to vehicle 7 (n_entries=0, leader_commit=2)
80707.7ms Vehicle 1 RECEIVED AppendEntries from 2 (n_entries=0, leader_commit=2)
80709.2ms Vehicle 7 RECEIVED AppendEntries from 2 (n_entries=0, leader_commit=2)
80844.2ms Leader 2 SENDING AppendEntries to vehicle 1 (n_entries=0, leader_commit=2)
80844.2ms Leader 2 SENDING AppendEntries to vehicle 4 (n_entries=4, leader_commit=2)
80844.2ms Leader 2 SENDING AppendEntries to vehicle 5 (n_entries=4, leader_commit=2)
80844.2ms Leader 2 SENDING AppendEntries to vehicle 6 (n_entries=4, leader_commit=2)
80844.2ms Leader 2 SENDING AppendEntries to vehicle 7 (n_entries=0, leader_commit=2)
80846.0ms Vehicle 1 RECEIVED AppendEntries from 2 (n_entries=0, leader_commit=2)
80846.6ms Vehicle 7 RECEIVED AppendEntries from 2 (n_entries=0, leader_commit=2)
80984.2ms Leader 2 SENDING AppendEntries to vehicle 1 (n_entries=0, leader_commit=2)
80984.2ms Leader 2 SENDING AppendEntries to vehicle 4 (n_entries=4, leader_commit=2)
80984.2ms Leader 2 SENDING AppendEntries to vehicle 5 (n_entries=4, leader_commit=2)
80984.2ms Leader 2 SENDING AppendEntries to vehicle 6 (n_entries=4, leader_commit=2)
80984.2ms Leader 2 SENDING AppendEntries to vehicle 7 (n_entries=0, leader_commit=2)
80986.4ms Vehicle 1 RECEIVED AppendEntries from 2 (n_entries=0, leader_commit=2)
80987.9ms Vehicle 7 RECEIVED AppendEntries from 2 (n_entries=0, leader_commit=2)
81124.2ms Leader 2 SENDING AppendEntries to vehicle 1 (n_entries=0, leader_commit=2)
81124.2ms Leader 2 SENDING AppendEntries to vehicle 4 (n_entries=4, leader_commit=2)
81124.2ms Leader 2 SENDING AppendEntries to vehicle 5 (n_entries=4, leader_commit=2)
81124.2ms Leader 2 SENDING AppendEntries to vehicle 6 (n_entries=4, leader_commit=2)
81124.2ms Leader 2 SENDING AppendEntries to vehicle 7 (n_entries=0, leader_commit=2)
81127.9ms Vehicle 1 RECEIVED AppendEntries from 2 (n_entries=0, leader_commit=2)
81129.4ms Vehicle 7 RECEIVED AppendEntries from 2 (n_entries=0, leader_commit=2)
81264.2ms Leader 2 SENDING AppendEntries to vehicle 1 (n_entries=0, leader_commit=2)
81264.2ms Leader 2 SENDING AppendEntries to vehicle 4 (n_entries=4, leader_commit=2)
81264.2ms Leader 2 SENDING AppendEntries to vehicle 5 (n_entries=4, leader_commit=2)
81264.2ms Leader 2 SENDING AppendEntries to vehicle 6 (n_entries=4, leader_commit=2)
81264.2ms Leader 2 SENDING AppendEntries to vehicle 7 (n_entries=0, leader_commit=2)
81267.9ms Vehicle 1 RECEIVED AppendEntries from 2 (n_entries=0, leader_commit=2)
81268.3ms Vehicle 7 RECEIVED AppendEntries from 2 (n_entries=0, leader_commit=2)
81404.2ms Leader 2 SENDING AppendEntries to vehicle 1 (n_entries=0, leader_commit=2)
81404.2ms Leader 2 SENDING AppendEntries to vehicle 4 (n_entries=4, leader_commit=2)
81404.2ms Leader 2 SENDING AppendEntries to vehicle 5 (n_entries=4, leader_commit=2)
81404.2ms Leader 2 SENDING AppendEntries to vehicle 6 (n_entries=4, leader_commit=2)
81404.2ms Leader 2 SENDING AppendEntries to vehicle 7 (n_entries=0, leader_commit=2)
81406.0ms Vehicle 7 RECEIVED AppendEntries from 2 (n_entries=0, leader_commit=2)
81406.6ms Vehicle 1 RECEIVED AppendEntries from 2 (n_entries=0, leader_commit=2)
81544.2ms Leader 2 SENDING AppendEntries to vehicle 1 (n_entries=0, leader_commit=2)
81544.2ms Leader 2 SENDING AppendEntries to vehicle 4 (n_entries=4, leader_commit=2)
81544.2ms Leader 2 SENDING AppendEntries to vehicle 5 (n_entries=4, leader_commit=2)
81544.2ms Leader 2 SENDING AppendEntries to vehicle 6 (n_entries=4, leader_commit=2)
81544.2ms Leader 2 SENDING AppendEntries to vehicle 7 (n_entries=0, leader_commit=2)
81547.1ms Vehicle 1 RECEIVED AppendEntries from 2 (n_entries=0, leader_commit=2)
81548.3ms Vehicle 7 RECEIVED AppendEntries from 2 (n_entries=0, leader_commit=2)
81684.2ms Leader 2 SENDING AppendEntries to vehicle 1 (n_entries=0, leader_commit=2)
81684.2ms Leader 2 SENDING AppendEntries to vehicle 4 (n_entries=4, leader_commit=2)
81684.2ms Leader 2 SENDING AppendEntries to vehicle 5 (n_entries=4, leader_commit=2)
81684.2ms Leader 2 SENDING AppendEntries to vehicle 6 (n_entries=4, leader_commit=2)
81684.2ms Leader 2 SENDING AppendEntries to vehicle 7 (n_entries=0, leader_commit=2)
81686.6ms Vehicle 7 RECEIVED AppendEntries from 2 (n_entries=0, leader_commit=2)
81688.2ms Vehicle 1 RECEIVED AppendEntries from 2 (n_entries=0, leader_commit=2)
81824.2ms Leader 2 SENDING AppendEntries to vehicle 1 (n_entries=0, leader_commit=2)
81824.2ms Leader 2 SENDING AppendEntries to vehicle 4 (n_entries=4, leader_commit=2)
81824.2ms Leader 2 SENDING AppendEntries to vehicle 5 (n_entries=4, leader_commit=2)
81824.2ms Leader 2 SENDING AppendEntries to vehicle 6 (n_entries=4, leader_commit=2)
81824.2ms Leader 2 SENDING AppendEntries to vehicle 7 (n_entries=0, leader_commit=2)
81826.1ms Vehicle 7 RECEIVED AppendEntries from 2 (n_entries=0, leader_commit=2)
81964.2ms Leader 2 SENDING AppendEntries to vehicle 1 (n_entries=0, leader_commit=2)
81964.2ms Leader 2 SENDING AppendEntries to vehicle 4 (n_entries=4, leader_commit=2)
81964.2ms Leader 2 SENDING AppendEntries to vehicle 5 (n_entries=4, leader_commit=2)
81964.2ms Leader 2 SENDING AppendEntries to vehicle 6 (n_entries=4, leader_commit=2)
81964.2ms Leader 2 SENDING AppendEntries to vehicle 7 (n_entries=0, leader_commit=2)
81966.6ms Vehicle 1 RECEIVED AppendEntries from 2 (n_entries=0, leader_commit=2)
81967.3ms Vehicle 7 RECEIVED AppendEntries from 2 (n_entries=0, leader_commit=2)
82104.2ms Leader 2 SENDING AppendEntries to vehicle 1 (n_entries=0, leader_commit=2)
82104.2ms Leader 2 SENDING AppendEntries to vehicle 4 (n_entries=4, leader_commit=2)
82104.2ms Leader 2 SENDING AppendEntries to vehicle 5 (n_entries=4, leader_commit=2)
82104.2ms Leader 2 SENDING AppendEntries to vehicle 6 (n_entries=4, leader_commit=2)
82104.2ms Leader 2 SENDING AppendEntries to vehicle 7 (n_entries=0, leader_commit=2)
82105.4ms Vehicle 1 RECEIVED AppendEntries from 2 (n_entries=0, leader_commit=2)
82105.7ms Vehicle 7 RECEIVED AppendEntries from 2 (n_entries=0, leader_commit=2)
82244.2ms Leader 2 SENDING AppendEntries to vehicle 1 (n_entries=0, leader_commit=2)
82244.2ms Leader 2 SENDING AppendEntries to vehicle 4 (n_entries=4, leader_commit=2)
82244.2ms Leader 2 SENDING AppendEntries to vehicle 5 (n_entries=4, leader_commit=2)
82244.2ms Leader 2 SENDING AppendEntries to vehicle 6 (n_entries=4, leader_commit=2)
82244.2ms Leader 2 SENDING AppendEntries to vehicle 7 (n_entries=0, leader_commit=2)
82245.7ms Vehicle 1 RECEIVED AppendEntries from 2 (n_entries=0, leader_commit=2)
82248.2ms Vehicle 7 RECEIVED AppendEntries from 2 (n_entries=0, leader_commit=2)
82384.2ms Leader 2 SENDING AppendEntries to vehicle 1 (n_entries=0, leader_commit=2)
82384.2ms Leader 2 SENDING AppendEntries to vehicle 4 (n_entries=4, leader_commit=2)
82384.2ms Leader 2 SENDING AppendEntries to vehicle 5 (n_entries=4, leader_commit=2)
82384.2ms Leader 2 SENDING AppendEntries to vehicle 6 (n_entries=4, leader_commit=2)
82384.2ms Leader 2 SENDING AppendEntries to vehicle 7 (n_entries=0, leader_commit=2)
82385.7ms Vehicle 1 RECEIVED AppendEntries from 2 (n_entries=0, leader_commit=2)
82387.7ms Vehicle 7 RECEIVED AppendEntries from 2 (n_entries=0, leader_commit=2)
82524.2ms Leader 2 SENDING AppendEntries to vehicle 1 (n_entries=0, leader_commit=2)
82524.2ms Leader 2 SENDING AppendEntries to vehicle 4 (n_entries=4, leader_commit=2)
82524.2ms Leader 2 SENDING AppendEntries to vehicle 5 (n_entries=4, leader_commit=2)
82524.2ms Leader 2 SENDING AppendEntries to vehicle 6 (n_entries=4, leader_commit=2)
82524.2ms Leader 2 SENDING AppendEntries to vehicle 7 (n_entries=0, leader_commit=2)
82526.6ms Vehicle 1 RECEIVED AppendEntries from 2 (n_entries=0, leader_commit=2)
82528.1ms Vehicle 7 RECEIVED AppendEntries from 2 (n_entries=0, leader_commit=2)
82664.2ms Leader 2 SENDING AppendEntries to vehicle 1 (n_entries=0, leader_commit=2)
82664.2ms Leader 2 SENDING AppendEntries to vehicle 4 (n_entries=4, leader_commit=2)
82664.2ms Leader 2 SENDING AppendEntries to vehicle 5 (n_entries=4, leader_commit=2)
82664.2ms Leader 2 SENDING AppendEntries to vehicle 6 (n_entries=4, leader_commit=2)
82664.2ms Leader 2 SENDING AppendEntries to vehicle 7 (n_entries=0, leader_commit=2)
82667.2ms Vehicle 7 RECEIVED AppendEntries from 2 (n_entries=0, leader_commit=2)
82669.2ms Vehicle 1 RECEIVED AppendEntries from 2 (n_entries=0, leader_commit=2)
82804.2ms Leader 2 SENDING AppendEntries to vehicle 1 (n_entries=0, leader_commit=2)
82804.2ms Leader 2 SENDING AppendEntries to vehicle 4 (n_entries=4, leader_commit=2)
82804.2ms Leader 2 SENDING AppendEntries to vehicle 5 (n_entries=4, leader_commit=2)
82804.2ms Leader 2 SENDING AppendEntries to vehicle 6 (n_entries=4, leader_commit=2)
82804.2ms Leader 2 SENDING AppendEntries to vehicle 7 (n_entries=0, leader_commit=2)
82807.0ms Vehicle 7 RECEIVED AppendEntries from 2 (n_entries=0, leader_commit=2)
82808.2ms Vehicle 1 RECEIVED AppendEntries from 2 (n_entries=0, leader_commit=2)
82944.2ms Leader 2 SENDING AppendEntries to vehicle 1 (n_entries=0, leader_commit=2)
82944.2ms Leader 2 SENDING AppendEntries to vehicle 4 (n_entries=4, leader_commit=2)
82944.2ms Leader 2 SENDING AppendEntries to vehicle 5 (n_entries=4, leader_commit=2)
82944.2ms Leader 2 SENDING AppendEntries to vehicle 6 (n_entries=4, leader_commit=2)
82944.2ms Leader 2 SENDING AppendEntries to vehicle 7 (n_entries=0, leader_commit=2)
82946.2ms Vehicle 1 RECEIVED AppendEntries from 2 (n_entries=0, leader_commit=2)
82947.0ms Vehicle 7 RECEIVED AppendEntries from 2 (n_entries=0, leader_commit=2)
83084.2ms Leader 2 SENDING AppendEntries to vehicle 1 (n_entries=0, leader_commit=2)
83084.2ms Leader 2 SENDING AppendEntries to vehicle 4 (n_entries=4, leader_commit=2)
83084.2ms Leader 2 SENDING AppendEntries to vehicle 5 (n_entries=4, leader_commit=2)
83084.2ms Leader 2 SENDING AppendEntries to vehicle 6 (n_entries=4, leader_commit=2)
83084.2ms Leader 2 SENDING AppendEntries to vehicle 7 (n_entries=0, leader_commit=2)
83087.9ms Vehicle 1 RECEIVED AppendEntries from 2 (n_entries=0, leader_commit=2)
83088.2ms Vehicle 7 RECEIVED AppendEntries from 2 (n_entries=0, leader_commit=2)
83224.2ms Leader 2 SENDING AppendEntries to vehicle 1 (n_entries=0, leader_commit=2)
83224.2ms Leader 2 SENDING AppendEntries to vehicle 4 (n_entries=4, leader_commit=2)
83224.2ms Leader 2 SENDING AppendEntries to vehicle 5 (n_entries=4, leader_commit=2)
83224.2ms Leader 2 SENDING AppendEntries to vehicle 6 (n_entries=4, leader_commit=2)
83224.2ms Leader 2 SENDING AppendEntries to vehicle 7 (n_entries=0, leader_commit=2)
83225.5ms Vehicle 7 RECEIVED AppendEntries from 2 (n_entries=0, leader_commit=2)
83226.7ms Vehicle 1 RECEIVED AppendEntries from 2 (n_entries=0, leader_commit=2)
83364.2ms Leader 2 SENDING AppendEntries to vehicle 1 (n_entries=0, leader_commit=2)
83364.2ms Leader 2 SENDING AppendEntries to vehicle 4 (n_entries=4, leader_commit=2)
83364.2ms Leader 2 SENDING AppendEntries to vehicle 5 (n_entries=4, leader_commit=2)
83364.2ms Leader 2 SENDING AppendEntries to vehicle 6 (n_entries=4, leader_commit=2)
83364.2ms Leader 2 SENDING AppendEntries to vehicle 7 (n_entries=0, leader_commit=2)
83365.8ms Vehicle 7 RECEIVED AppendEntries from 2 (n_entries=0, leader_commit=2)
83366.1ms Vehicle 1 RECEIVED AppendEntries from 2 (n_entries=0, leader_commit=2)
83504.2ms Leader 2 SENDING AppendEntries to vehicle 1 (n_entries=0, leader_commit=2)
83504.2ms Leader 2 SENDING AppendEntries to vehicle 4 (n_entries=4, leader_commit=2)
83504.2ms Leader 2 SENDING AppendEntries to vehicle 5 (n_entries=4, leader_commit=2)
83504.2ms Leader 2 SENDING AppendEntries to vehicle 6 (n_entries=4, leader_commit=2)
83504.2ms Leader 2 SENDING AppendEntries to vehicle 7 (n_entries=0, leader_commit=2)
83508.2ms Vehicle 7 RECEIVED AppendEntries from 2 (n_entries=0, leader_commit=2)
83509.0ms Vehicle 1 RECEIVED AppendEntries from 2 (n_entries=0, leader_commit=2)
83644.2ms Leader 2 SENDING AppendEntries to vehicle 1 (n_entries=0, leader_commit=2)
83644.2ms Leader 2 SENDING AppendEntries to vehicle 4 (n_entries=4, leader_commit=2)
83644.2ms Leader 2 SENDING AppendEntries to vehicle 5 (n_entries=4, leader_commit=2)
83644.2ms Leader 2 SENDING AppendEntries to vehicle 6 (n_entries=4, leader_commit=2)
83644.2ms Leader 2 SENDING AppendEntries to vehicle 7 (n_entries=0, leader_commit=2)
83646.2ms Vehicle 1 RECEIVED AppendEntries from 2 (n_entries=0, leader_commit=2)
83648.4ms Vehicle 7 RECEIVED AppendEntries from 2 (n_entries=0, leader_commit=2)
83784.2ms Leader 2 SENDING AppendEntries to vehicle 1 (n_entries=0, leader_commit=2)
83784.2ms Leader 2 SENDING AppendEntries to vehicle 4 (n_entries=4, leader_commit=2)
83784.2ms Leader 2 SENDING AppendEntries to vehicle 5 (n_entries=4, leader_commit=2)
83784.2ms Leader 2 SENDING AppendEntries to vehicle 6 (n_entries=4, leader_commit=2)
83784.2ms Leader 2 SENDING AppendEntries to vehicle 7 (n_entries=0, leader_commit=2)
83788.8ms Vehicle 7 RECEIVED AppendEntries from 2 (n_entries=0, leader_commit=2)
83789.3ms Vehicle 1 RECEIVED AppendEntries from 2 (n_entries=0, leader_commit=2)
83924.2ms Leader 2 SENDING AppendEntries to vehicle 1 (n_entries=0, leader_commit=2)
83924.2ms Leader 2 SENDING AppendEntries to vehicle 4 (n_entries=4, leader_commit=2)
83924.2ms Leader 2 SENDING AppendEntries to vehicle 5 (n_entries=4, leader_commit=2)
83924.2ms Leader 2 SENDING AppendEntries to vehicle 6 (n_entries=4, leader_commit=2)
83924.2ms Leader 2 SENDING AppendEntries to vehicle 7 (n_entries=0, leader_commit=2)
83926.0ms Vehicle 1 RECEIVED AppendEntries from 2 (n_entries=0, leader_commit=2)
83926.8ms Vehicle 7 RECEIVED AppendEntries from 2 (n_entries=0, leader_commit=2)
84064.2ms Leader 2 SENDING AppendEntries to vehicle 1 (n_entries=0, leader_commit=2)
84064.2ms Leader 2 SENDING AppendEntries to vehicle 4 (n_entries=4, leader_commit=2)
84064.2ms Leader 2 SENDING AppendEntries to vehicle 5 (n_entries=4, leader_commit=2)
84064.2ms Leader 2 SENDING AppendEntries to vehicle 6 (n_entries=4, leader_commit=2)
84064.2ms Leader 2 SENDING AppendEntries to vehicle 7 (n_entries=0, leader_commit=2)
84066.6ms Vehicle 7 RECEIVED AppendEntries from 2 (n_entries=0, leader_commit=2)
84068.7ms Vehicle 1 RECEIVED AppendEntries from 2 (n_entries=0, leader_commit=2)
84204.2ms Leader 2 SENDING AppendEntries to vehicle 1 (n_entries=0, leader_commit=2)
84204.2ms Leader 2 SENDING AppendEntries to vehicle 4 (n_entries=4, leader_commit=2)
84204.2ms Leader 2 SENDING AppendEntries to vehicle 5 (n_entries=4, leader_commit=2)
84204.2ms Leader 2 SENDING AppendEntries to vehicle 6 (n_entries=4, leader_commit=2)
84204.2ms Leader 2 SENDING AppendEntries to vehicle 7 (n_entries=0, leader_commit=2)
84208.0ms Vehicle 7 RECEIVED AppendEntries from 2 (n_entries=0, leader_commit=2)
84209.1ms Vehicle 1 RECEIVED AppendEntries from 2 (n_entries=0, leader_commit=2)
84344.2ms Leader 2 SENDING AppendEntries to vehicle 1 (n_entries=0, leader_commit=2)
84344.2ms Leader 2 SENDING AppendEntries to vehicle 4 (n_entries=4, leader_commit=2)
84344.2ms Leader 2 SENDING AppendEntries to vehicle 5 (n_entries=4, leader_commit=2)
84344.2ms Leader 2 SENDING AppendEntries to vehicle 6 (n_entries=4, leader_commit=2)
84344.2ms Leader 2 SENDING AppendEntries to vehicle 7 (n_entries=0, leader_commit=2)
84347.0ms Vehicle 7 RECEIVED AppendEntries from 2 (n_entries=0, leader_commit=2)
84348.2ms Vehicle 1 RECEIVED AppendEntries from 2 (n_entries=0, leader_commit=2)
84484.2ms Leader 2 SENDING AppendEntries to vehicle 1 (n_entries=0, leader_commit=2)
84484.2ms Leader 2 SENDING AppendEntries to vehicle 4 (n_entries=4, leader_commit=2)
84484.2ms Leader 2 SENDING AppendEntries to vehicle 5 (n_entries=4, leader_commit=2)
84484.2ms Leader 2 SENDING AppendEntries to vehicle 6 (n_entries=4, leader_commit=2)
84484.2ms Leader 2 SENDING AppendEntries to vehicle 7 (n_entries=0, leader_commit=2)
84485.7ms Vehicle 1 RECEIVED AppendEntries from 2 (n_entries=0, leader_commit=2)
84488.6ms Vehicle 7 RECEIVED AppendEntries from 2 (n_entries=0, leader_commit=2)
84624.2ms Leader 2 SENDING AppendEntries to vehicle 1 (n_entries=0, leader_commit=2)
84624.2ms Leader 2 SENDING AppendEntries to vehicle 4 (n_entries=4, leader_commit=2)
84624.2ms Leader 2 SENDING AppendEntries to vehicle 5 (n_entries=4, leader_commit=2)
84624.2ms Leader 2 SENDING AppendEntries to vehicle 6 (n_entries=4, leader_commit=2)
84624.2ms Leader 2 SENDING AppendEntries to vehicle 7 (n_entries=0, leader_commit=2)
84627.9ms Vehicle 7 RECEIVED AppendEntries from 2 (n_entries=0, leader_commit=2)
84628.6ms Vehicle 1 RECEIVED AppendEntries from 2 (n_entries=0, leader_commit=2)
84764.2ms Leader 2 SENDING AppendEntries to vehicle 1 (n_entries=0, leader_commit=2)
84764.2ms Leader 2 SENDING AppendEntries to vehicle 4 (n_entries=4, leader_commit=2)
84764.2ms Leader 2 SENDING AppendEntries to vehicle 5 (n_entries=4, leader_commit=2)
84764.2ms Leader 2 SENDING AppendEntries to vehicle 6 (n_entries=4, leader_commit=2)
84764.2ms Leader 2 SENDING AppendEntries to vehicle 7 (n_entries=0, leader_commit=2)
84766.9ms Vehicle 7 RECEIVED AppendEntries from 2 (n_entries=0, leader_commit=2)
84769.0ms Vehicle 1 RECEIVED AppendEntries from 2 (n_entries=0, leader_commit=2)
84904.2ms Leader 2 SENDING AppendEntries to vehicle 1 (n_entries=0, leader_commit=2)
84904.2ms Leader 2 SENDING AppendEntries to vehicle 4 (n_entries=4, leader_commit=2)
84904.2ms Leader 2 SENDING AppendEntries to vehicle 5 (n_entries=4, leader_commit=2)
84904.2ms Leader 2 SENDING AppendEntries to vehicle 6 (n_entries=4, leader_commit=2)
84904.2ms Leader 2 SENDING AppendEntries to vehicle 7 (n_entries=0, leader_commit=2)
84907.0ms Vehicle 1 RECEIVED AppendEntries from 2 (n_entries=0, leader_commit=2)
84908.7ms Vehicle 7 RECEIVED AppendEntries from 2 (n_entries=0, leader_commit=2)
85044.2ms Leader 2 SENDING AppendEntries to vehicle 1 (n_entries=0, leader_commit=2)
85044.2ms Leader 2 SENDING AppendEntries to vehicle 4 (n_entries=4, leader_commit=2)
85044.2ms Leader 2 SENDING AppendEntries to vehicle 5 (n_entries=4, leader_commit=2)
85044.2ms Leader 2 SENDING AppendEntries to vehicle 6 (n_entries=4, leader_commit=2)
85044.2ms Leader 2 SENDING AppendEntries to vehicle 7 (n_entries=0, leader_commit=2)
85045.5ms Vehicle 1 RECEIVED AppendEntries from 2 (n_entries=0, leader_commit=2)
85046.5ms Vehicle 7 RECEIVED AppendEntries from 2 (n_entries=0, leader_commit=2)
85184.2ms Leader 2 SENDING AppendEntries to vehicle 1 (n_entries=0, leader_commit=2)
85184.2ms Leader 2 SENDING AppendEntries to vehicle 4 (n_entries=4, leader_commit=2)
85184.2ms Leader 2 SENDING AppendEntries to vehicle 5 (n_entries=4, leader_commit=2)
85184.2ms Leader 2 SENDING AppendEntries to vehicle 6 (n_entries=4, leader_commit=2)
85184.2ms Leader 2 SENDING AppendEntries to vehicle 7 (n_entries=0, leader_commit=2)
85188.9ms Vehicle 7 RECEIVED AppendEntries from 2 (n_entries=0, leader_commit=2)
85189.2ms Vehicle 1 RECEIVED AppendEntries from 2 (n_entries=0, leader_commit=2)
85324.2ms Leader 2 SENDING AppendEntries to vehicle 1 (n_entries=0, leader_commit=2)
85324.2ms Leader 2 SENDING AppendEntries to vehicle 4 (n_entries=4, leader_commit=2)
85324.2ms Leader 2 SENDING AppendEntries to vehicle 5 (n_entries=4, leader_commit=2)
85324.2ms Leader 2 SENDING AppendEntries to vehicle 6 (n_entries=4, leader_commit=2)
85324.2ms Leader 2 SENDING AppendEntries to vehicle 7 (n_entries=0, leader_commit=2)
85326.7ms Vehicle 1 RECEIVED AppendEntries from 2 (n_entries=0, leader_commit=2)
85328.0ms Vehicle 7 RECEIVED AppendEntries from 2 (n_entries=0, leader_commit=2)
85464.2ms Leader 2 SENDING AppendEntries to vehicle 1 (n_entries=0, leader_commit=2)
85464.2ms Leader 2 SENDING AppendEntries to vehicle 4 (n_entries=4, leader_commit=2)
85464.2ms Leader 2 SENDING AppendEntries to vehicle 5 (n_entries=4, leader_commit=2)
85464.2ms Leader 2 SENDING AppendEntries to vehicle 6 (n_entries=4, leader_commit=2)
85464.2ms Leader 2 SENDING AppendEntries to vehicle 7 (n_entries=0, leader_commit=2)
85466.0ms Vehicle 1 RECEIVED AppendEntries from 2 (n_entries=0, leader_commit=2)
85467.2ms Vehicle 7 RECEIVED AppendEntries from 2 (n_entries=0, leader_commit=2)
85604.2ms Leader 2 SENDING AppendEntries to vehicle 1 (n_entries=0, leader_commit=2)
85604.2ms Leader 2 SENDING AppendEntries to vehicle 4 (n_entries=4, leader_commit=2)
85604.2ms Leader 2 SENDING AppendEntries to vehicle 5 (n_entries=4, leader_commit=2)
85604.2ms Leader 2 SENDING AppendEntries to vehicle 6 (n_entries=4, leader_commit=2)
85604.2ms Leader 2 SENDING AppendEntries to vehicle 7 (n_entries=0, leader_commit=2)
85607.8ms Vehicle 7 RECEIVED AppendEntries from 2 (n_entries=0, leader_commit=2)
85609.4ms Vehicle 1 RECEIVED AppendEntries from 2 (n_entries=0, leader_commit=2)
85744.2ms Leader 2 SENDING AppendEntries to vehicle 1 (n_entries=0, leader_commit=2)
85744.2ms Leader 2 SENDING AppendEntries to vehicle 4 (n_entries=4, leader_commit=2)
85744.2ms Leader 2 SENDING AppendEntries to vehicle 5 (n_entries=4, leader_commit=2)
85744.2ms Leader 2 SENDING AppendEntries to vehicle 6 (n_entries=4, leader_commit=2)
85744.2ms Leader 2 SENDING AppendEntries to vehicle 7 (n_entries=0, leader_commit=2)
85746.5ms Vehicle 7 RECEIVED AppendEntries from 2 (n_entries=0, leader_commit=2)
85749.1ms Vehicle 1 RECEIVED AppendEntries from 2 (n_entries=0, leader_commit=2)
85884.2ms Leader 2 SENDING AppendEntries to vehicle 1 (n_entries=0, leader_commit=2)
85884.2ms Leader 2 SENDING AppendEntries to vehicle 4 (n_entries=4, leader_commit=2)
85884.2ms Leader 2 SENDING AppendEntries to vehicle 5 (n_entries=4, leader_commit=2)
85884.2ms Leader 2 SENDING AppendEntries to vehicle 6 (n_entries=4, leader_commit=2)
85884.2ms Leader 2 SENDING AppendEntries to vehicle 7 (n_entries=0, leader_commit=2)
85886.4ms Vehicle 7 RECEIVED AppendEntries from 2 (n_entries=0, leader_commit=2)
85887.5ms Vehicle 1 RECEIVED AppendEntries from 2 (n_entries=0, leader_commit=2)
86024.2ms Leader 2 SENDING AppendEntries to vehicle 1 (n_entries=0, leader_commit=2)
86024.2ms Leader 2 SENDING AppendEntries to vehicle 4 (n_entries=4, leader_commit=2)
86024.2ms Leader 2 SENDING AppendEntries to vehicle 5 (n_entries=4, leader_commit=2)
86024.2ms Leader 2 SENDING AppendEntries to vehicle 6 (n_entries=4, leader_commit=2)
86024.2ms Leader 2 SENDING AppendEntries to vehicle 7 (n_entries=0, leader_commit=2)
86026.1ms Vehicle 1 RECEIVED AppendEntries from 2 (n_entries=0, leader_commit=2)
86028.3ms Vehicle 7 RECEIVED AppendEntries from 2 (n_entries=0, leader_commit=2)
86164.2ms Leader 2 SENDING AppendEntries to vehicle 1 (n_entries=0, leader_commit=2)
86164.2ms Leader 2 SENDING AppendEntries to vehicle 4 (n_entries=4, leader_commit=2)
86164.2ms Leader 2 SENDING AppendEntries to vehicle 5 (n_entries=4, leader_commit=2)
86164.2ms Leader 2 SENDING AppendEntries to vehicle 6 (n_entries=4, leader_commit=2)
86164.2ms Leader 2 SENDING AppendEntries to vehicle 7 (n_entries=0, leader_commit=2)
86166.9ms Vehicle 1 RECEIVED AppendEntries from 2 (n_entries=0, leader_commit=2)
86169.0ms Vehicle 7 RECEIVED AppendEntries from 2 (n_entries=0, leader_commit=2)
86304.2ms Leader 2 SENDING AppendEntries to vehicle 1 (n_entries=0, leader_commit=2)
86304.2ms Leader 2 SENDING AppendEntries to vehicle 4 (n_entries=4, leader_commit=2)
86304.2ms Leader 2 SENDING AppendEntries to vehicle 5 (n_entries=4, leader_commit=2)
86304.2ms Leader 2 SENDING AppendEntries to vehicle 6 (n_entries=4, leader_commit=2)
86304.2ms Leader 2 SENDING AppendEntries to vehicle 7 (n_entries=0, leader_commit=2)
86305.9ms Vehicle 1 RECEIVED AppendEntries from 2 (n_entries=0, leader_commit=2)
86306.6ms Vehicle 7 RECEIVED AppendEntries from 2 (n_entries=0, leader_commit=2)
86444.2ms Leader 2 SENDING AppendEntries to vehicle 1 (n_entries=0, leader_commit=2)
86444.2ms Leader 2 SENDING AppendEntries to vehicle 4 (n_entries=4, leader_commit=2)
86444.2ms Leader 2 SENDING AppendEntries to vehicle 5 (n_entries=4, leader_commit=2)
86444.2ms Leader 2 SENDING AppendEntries to vehicle 6 (n_entries=4, leader_commit=2)
86444.2ms Leader 2 SENDING AppendEntries to vehicle 7 (n_entries=0, leader_commit=2)
86446.2ms Vehicle 1 RECEIVED AppendEntries from 2 (n_entries=0, leader_commit=2)
86447.9ms Vehicle 7 RECEIVED AppendEntries from 2 (n_entries=0, leader_commit=2)
86584.2ms Leader 2 SENDING AppendEntries to vehicle 1 (n_entries=0, leader_commit=2)
86584.2ms Leader 2 SENDING AppendEntries to vehicle 4 (n_entries=4, leader_commit=2)
86584.2ms Leader 2 SENDING AppendEntries to vehicle 5 (n_entries=4, leader_commit=2)
86584.2ms Leader 2 SENDING AppendEntries to vehicle 6 (n_entries=4, leader_commit=2)
86584.2ms Leader 2 SENDING AppendEntries to vehicle 7 (n_entries=0, leader_commit=2)
86586.9ms Vehicle 7 RECEIVED AppendEntries from 2 (n_entries=0, leader_commit=2)
86587.4ms Vehicle 1 RECEIVED AppendEntries from 2 (n_entries=0, leader_commit=2)
86724.2ms Leader 2 SENDING AppendEntries to vehicle 1 (n_entries=0, leader_commit=2)
86724.2ms Leader 2 SENDING AppendEntries to vehicle 4 (n_entries=4, leader_commit=2)
86724.2ms Leader 2 SENDING AppendEntries to vehicle 5 (n_entries=4, leader_commit=2)
86724.2ms Leader 2 SENDING AppendEntries to vehicle 6 (n_entries=4, leader_commit=2)
86724.2ms Leader 2 SENDING AppendEntries to vehicle 7 (n_entries=0, leader_commit=2)
86726.8ms Vehicle 1 RECEIVED AppendEntries from 2 (n_entries=0, leader_commit=2)
86729.1ms Vehicle 7 RECEIVED AppendEntries from 2 (n_entries=0, leader_commit=2)
86864.2ms Leader 2 SENDING AppendEntries to vehicle 1 (n_entries=0, leader_commit=2)
86864.2ms Leader 2 SENDING AppendEntries to vehicle 4 (n_entries=4, leader_commit=2)
86864.2ms Leader 2 SENDING AppendEntries to vehicle 5 (n_entries=4, leader_commit=2)
86864.2ms Leader 2 SENDING AppendEntries to vehicle 6 (n_entries=4, leader_commit=2)
86864.2ms Leader 2 SENDING AppendEntries to vehicle 7 (n_entries=0, leader_commit=2)
86867.5ms Vehicle 7 RECEIVED AppendEntries from 2 (n_entries=0, leader_commit=2)
86867.8ms Vehicle 1 RECEIVED AppendEntries from 2 (n_entries=0, leader_commit=2)
87004.2ms Leader 2 SENDING AppendEntries to vehicle 1 (n_entries=0, leader_commit=2)
87004.2ms Leader 2 SENDING AppendEntries to vehicle 4 (n_entries=4, leader_commit=2)
87004.2ms Leader 2 SENDING AppendEntries to vehicle 5 (n_entries=4, leader_commit=2)
87004.2ms Leader 2 SENDING AppendEntries to vehicle 6 (n_entries=4, leader_commit=2)
87004.2ms Leader 2 SENDING AppendEntries to vehicle 7 (n_entries=0, leader_commit=2)
87005.9ms Vehicle 1 RECEIVED AppendEntries from 2 (n_entries=0, leader_commit=2)
87006.9ms Vehicle 7 RECEIVED AppendEntries from 2 (n_entries=0, leader_commit=2)
87144.2ms Leader 2 SENDING AppendEntries to vehicle 1 (n_entries=0, leader_commit=2)
87144.2ms Leader 2 SENDING AppendEntries to vehicle 4 (n_entries=4, leader_commit=2)
87144.2ms Leader 2 SENDING AppendEntries to vehicle 5 (n_entries=4, leader_commit=2)
87144.2ms Leader 2 SENDING AppendEntries to vehicle 6 (n_entries=4, leader_commit=2)
87144.2ms Leader 2 SENDING AppendEntries to vehicle 7 (n_entries=0, leader_commit=2)
87147.7ms Vehicle 7 RECEIVED AppendEntries from 2 (n_entries=0, leader_commit=2)
87149.3ms Vehicle 1 RECEIVED AppendEntries from 2 (n_entries=0, leader_commit=2)
87284.2ms Leader 2 SENDING AppendEntries to vehicle 1 (n_entries=0, leader_commit=2)
87284.2ms Leader 2 SENDING AppendEntries to vehicle 4 (n_entries=4, leader_commit=2)
87284.2ms Leader 2 SENDING AppendEntries to vehicle 5 (n_entries=4, leader_commit=2)
87284.2ms Leader 2 SENDING AppendEntries to vehicle 6 (n_entries=4, leader_commit=2)
87284.2ms Leader 2 SENDING AppendEntries to vehicle 7 (n_entries=0, leader_commit=2)
87286.5ms Vehicle 7 RECEIVED AppendEntries from 2 (n_entries=0, leader_commit=2)
87288.8ms Vehicle 1 RECEIVED AppendEntries from 2 (n_entries=0, leader_commit=2)
87424.2ms Leader 2 SENDING AppendEntries to vehicle 1 (n_entries=0, leader_commit=2)
87424.2ms Leader 2 SENDING AppendEntries to vehicle 4 (n_entries=4, leader_commit=2)
87424.2ms Leader 2 SENDING AppendEntries to vehicle 5 (n_entries=4, leader_commit=2)
87424.2ms Leader 2 SENDING AppendEntries to vehicle 6 (n_entries=4, leader_commit=2)
87424.2ms Leader 2 SENDING AppendEntries to vehicle 7 (n_entries=0, leader_commit=2)
87426.0ms Vehicle 1 RECEIVED AppendEntries from 2 (n_entries=0, leader_commit=2)
87428.4ms Vehicle 7 RECEIVED AppendEntries from 2 (n_entries=0, leader_commit=2)
87564.2ms Leader 2 SENDING AppendEntries to vehicle 1 (n_entries=0, leader_commit=2)
87564.2ms Leader 2 SENDING AppendEntries to vehicle 4 (n_entries=4, leader_commit=2)
87564.2ms Leader 2 SENDING AppendEntries to vehicle 5 (n_entries=4, leader_commit=2)
87564.2ms Leader 2 SENDING AppendEntries to vehicle 6 (n_entries=4, leader_commit=2)
87564.2ms Leader 2 SENDING AppendEntries to vehicle 7 (n_entries=0, leader_commit=2)
87568.5ms Vehicle 7 RECEIVED AppendEntries from 2 (n_entries=0, leader_commit=2)
87569.3ms Vehicle 1 RECEIVED AppendEntries from 2 (n_entries=0, leader_commit=2)
87704.2ms Leader 2 SENDING AppendEntries to vehicle 1 (n_entries=0, leader_commit=2)
87704.2ms Leader 2 SENDING AppendEntries to vehicle 4 (n_entries=4, leader_commit=2)
87704.2ms Leader 2 SENDING AppendEntries to vehicle 5 (n_entries=4, leader_commit=2)
87704.2ms Leader 2 SENDING AppendEntries to vehicle 6 (n_entries=4, leader_commit=2)
87704.2ms Leader 2 SENDING AppendEntries to vehicle 7 (n_entries=0, leader_commit=2)
87707.4ms Vehicle 1 RECEIVED AppendEntries from 2 (n_entries=0, leader_commit=2)
87708.1ms Vehicle 7 RECEIVED AppendEntries from 2 (n_entries=0, leader_commit=2)
87844.2ms Leader 2 SENDING AppendEntries to vehicle 1 (n_entries=0, leader_commit=2)
87844.2ms Leader 2 SENDING AppendEntries to vehicle 4 (n_entries=4, leader_commit=2)
87844.2ms Leader 2 SENDING AppendEntries to vehicle 5 (n_entries=4, leader_commit=2)
87844.2ms Leader 2 SENDING AppendEntries to vehicle 6 (n_entries=4, leader_commit=2)
87844.2ms Leader 2 SENDING AppendEntries to vehicle 7 (n_entries=0, leader_commit=2)
87848.6ms Vehicle 7 RECEIVED AppendEntries from 2 (n_entries=0, leader_commit=2)
87849.1ms Vehicle 1 RECEIVED AppendEntries from 2 (n_entries=0, leader_commit=2)
87984.2ms Leader 2 SENDING AppendEntries to vehicle 1 (n_entries=0, leader_commit=2)
87984.2ms Leader 2 SENDING AppendEntries to vehicle 4 (n_entries=4, leader_commit=2)
87984.2ms Leader 2 SENDING AppendEntries to vehicle 5 (n_entries=4, leader_commit=2)
87984.2ms Leader 2 SENDING AppendEntries to vehicle 6 (n_entries=4, leader_commit=2)
87984.2ms Leader 2 SENDING AppendEntries to vehicle 7 (n_entries=0, leader_commit=2)
87987.3ms Vehicle 7 RECEIVED AppendEntries from 2 (n_entries=0, leader_commit=2)
87988.8ms Vehicle 1 RECEIVED AppendEntries from 2 (n_entries=0, leader_commit=2)
88124.2ms Leader 2 SENDING AppendEntries to vehicle 1 (n_entries=0, leader_commit=2)
88124.2ms Leader 2 SENDING AppendEntries to vehicle 4 (n_entries=4, leader_commit=2)
88124.2ms Leader 2 SENDING AppendEntries to vehicle 5 (n_entries=4, leader_commit=2)
88124.2ms Leader 2 SENDING AppendEntries to vehicle 6 (n_entries=4, leader_commit=2)
88124.2ms Leader 2 SENDING AppendEntries to vehicle 7 (n_entries=0, leader_commit=2)
88126.4ms Vehicle 7 RECEIVED AppendEntries from 2 (n_entries=0, leader_commit=2)
88127.2ms Vehicle 1 RECEIVED AppendEntries from 2 (n_entries=0, leader_commit=2)
88264.2ms Leader 2 SENDING AppendEntries to vehicle 1 (n_entries=0, leader_commit=2)
88264.2ms Leader 2 SENDING AppendEntries to vehicle 4 (n_entries=4, leader_commit=2)
88264.2ms Leader 2 SENDING AppendEntries to vehicle 5 (n_entries=4, leader_commit=2)
88264.2ms Leader 2 SENDING AppendEntries to vehicle 6 (n_entries=4, leader_commit=2)
88264.2ms Leader 2 SENDING AppendEntries to vehicle 7 (n_entries=0, leader_commit=2)
88268.9ms Vehicle 7 RECEIVED AppendEntries from 2 (n_entries=0, leader_commit=2)
88269.2ms Vehicle 1 RECEIVED AppendEntries from 2 (n_entries=0, leader_commit=2)
88404.2ms Leader 2 SENDING AppendEntries to vehicle 1 (n_entries=0, leader_commit=2)
88404.2ms Leader 2 SENDING AppendEntries to vehicle 4 (n_entries=4, leader_commit=2)
88404.2ms Leader 2 SENDING AppendEntries to vehicle 5 (n_entries=4, leader_commit=2)
88404.2ms Leader 2 SENDING AppendEntries to vehicle 6 (n_entries=4, leader_commit=2)
88404.2ms Leader 2 SENDING AppendEntries to vehicle 7 (n_entries=0, leader_commit=2)
88405.7ms Vehicle 1 RECEIVED AppendEntries from 2 (n_entries=0, leader_commit=2)
88408.1ms Vehicle 7 RECEIVED AppendEntries from 2 (n_entries=0, leader_commit=2)
88544.2ms Leader 2 SENDING AppendEntries to vehicle 1 (n_entries=0, leader_commit=2)
88544.2ms Leader 2 SENDING AppendEntries to vehicle 4 (n_entries=4, leader_commit=2)
88544.2ms Leader 2 SENDING AppendEntries to vehicle 5 (n_entries=4, leader_commit=2)
88544.2ms Leader 2 SENDING AppendEntries to vehicle 6 (n_entries=4, leader_commit=2)
88544.2ms Leader 2 SENDING AppendEntries to vehicle 7 (n_entries=0, leader_commit=2)
88547.2ms Vehicle 1 RECEIVED AppendEntries from 2 (n_entries=0, leader_commit=2)
88548.1ms Vehicle 7 RECEIVED AppendEntries from 2 (n_entries=0, leader_commit=2)
88684.2ms Leader 2 SENDING AppendEntries to vehicle 1 (n_entries=0, leader_commit=2)
88684.2ms Leader 2 SENDING AppendEntries to vehicle 4 (n_entries=4, leader_commit=2)
88684.2ms Leader 2 SENDING AppendEntries to vehicle 5 (n_entries=4, leader_commit=2)
88684.2ms Leader 2 SENDING AppendEntries to vehicle 6 (n_entries=4, leader_commit=2)
88684.2ms Leader 2 SENDING AppendEntries to vehicle 7 (n_entries=0, leader_commit=2)
88687.7ms Vehicle 1 RECEIVED AppendEntries from 2 (n_entries=0, leader_commit=2)
88688.9ms Vehicle 7 RECEIVED AppendEntries from 2 (n_entries=0, leader_commit=2)
88824.2ms Leader 2 SENDING AppendEntries to vehicle 1 (n_entries=0, leader_commit=2)
88824.2ms Leader 2 SENDING AppendEntries to vehicle 4 (n_entries=4, leader_commit=2)
88824.2ms Leader 2 SENDING AppendEntries to vehicle 5 (n_entries=4, leader_commit=2)
88824.2ms Leader 2 SENDING AppendEntries to vehicle 6 (n_entries=4, leader_commit=2)
88824.2ms Leader 2 SENDING AppendEntries to vehicle 7 (n_entries=0, leader_commit=2)
88827.0ms Vehicle 7 RECEIVED AppendEntries from 2 (n_entries=0, leader_commit=2)
88827.5ms Vehicle 1 RECEIVED AppendEntries from 2 (n_entries=0, leader_commit=2)
88964.2ms Leader 2 SENDING AppendEntries to vehicle 1 (n_entries=0, leader_commit=2)
88964.2ms Leader 2 SENDING AppendEntries to vehicle 4 (n_entries=4, leader_commit=2)
88964.2ms Leader 2 SENDING AppendEntries to vehicle 5 (n_entries=4, leader_commit=2)
88964.2ms Leader 2 SENDING AppendEntries to vehicle 6 (n_entries=4, leader_commit=2)
88964.2ms Leader 2 SENDING AppendEntries to vehicle 7 (n_entries=0, leader_commit=2)
88966.3ms Vehicle 1 RECEIVED AppendEntries from 2 (n_entries=0, leader_commit=2)
88968.2ms Vehicle 7 RECEIVED AppendEntries from 2 (n_entries=0, leader_commit=2)
89104.2ms Leader 2 SENDING AppendEntries to vehicle 1 (n_entries=0, leader_commit=2)
89104.2ms Leader 2 SENDING AppendEntries to vehicle 4 (n_entries=4, leader_commit=2)
89104.2ms Leader 2 SENDING AppendEntries to vehicle 5 (n_entries=4, leader_commit=2)
89104.2ms Leader 2 SENDING AppendEntries to vehicle 6 (n_entries=4, leader_commit=2)
89104.2ms Leader 2 SENDING AppendEntries to vehicle 7 (n_entries=0, leader_commit=2)
89106.1ms Vehicle 7 RECEIVED AppendEntries from 2 (n_entries=0, leader_commit=2)
89109.0ms Vehicle 1 RECEIVED AppendEntries from 2 (n_entries=0, leader_commit=2)
89244.2ms Leader 2 SENDING AppendEntries to vehicle 1 (n_entries=0, leader_commit=2)
89244.2ms Leader 2 SENDING AppendEntries to vehicle 4 (n_entries=4, leader_commit=2)
89244.2ms Leader 2 SENDING AppendEntries to vehicle 5 (n_entries=4, leader_commit=2)
89244.2ms Leader 2 SENDING AppendEntries to vehicle 6 (n_entries=4, leader_commit=2)
89244.2ms Leader 2 SENDING AppendEntries to vehicle 7 (n_entries=0, leader_commit=2)
89248.1ms Vehicle 1 RECEIVED AppendEntries from 2 (n_entries=0, leader_commit=2)
89249.4ms Vehicle 7 RECEIVED AppendEntries from 2 (n_entries=0, leader_commit=2)
89384.2ms Leader 2 SENDING AppendEntries to vehicle 1 (n_entries=0, leader_commit=2)
89384.2ms Leader 2 SENDING AppendEntries to vehicle 4 (n_entries=4, leader_commit=2)
89384.2ms Leader 2 SENDING AppendEntries to vehicle 5 (n_entries=4, leader_commit=2)
89384.2ms Leader 2 SENDING AppendEntries to vehicle 6 (n_entries=4, leader_commit=2)
89384.2ms Leader 2 SENDING AppendEntries to vehicle 7 (n_entries=0, leader_commit=2)
89386.1ms Vehicle 7 RECEIVED AppendEntries from 2 (n_entries=0, leader_commit=2)
89386.4ms Vehicle 1 RECEIVED AppendEntries from 2 (n_entries=0, leader_commit=2)
89524.2ms Leader 2 SENDING AppendEntries to vehicle 1 (n_entries=0, leader_commit=2)
89524.2ms Leader 2 SENDING AppendEntries to vehicle 4 (n_entries=4, leader_commit=2)
89524.2ms Leader 2 SENDING AppendEntries to vehicle 5 (n_entries=4, leader_commit=2)
89524.2ms Leader 2 SENDING AppendEntries to vehicle 6 (n_entries=4, leader_commit=2)
89524.2ms Leader 2 SENDING AppendEntries to vehicle 7 (n_entries=0, leader_commit=2)
89526.5ms Vehicle 1 RECEIVED AppendEntries from 2 (n_entries=0, leader_commit=2)
89526.8ms Vehicle 7 RECEIVED AppendEntries from 2 (n_entries=0, leader_commit=2)
89664.2ms Leader 2 SENDING AppendEntries to vehicle 1 (n_entries=0, leader_commit=2)
89664.2ms Leader 2 SENDING AppendEntries to vehicle 4 (n_entries=4, leader_commit=2)
89664.2ms Leader 2 SENDING AppendEntries to vehicle 5 (n_entries=4, leader_commit=2)
89664.2ms Leader 2 SENDING AppendEntries to vehicle 6 (n_entries=4, leader_commit=2)
89664.2ms Leader 2 SENDING AppendEntries to vehicle 7 (n_entries=0, leader_commit=2)
89667.0ms Vehicle 1 RECEIVED AppendEntries from 2 (n_entries=0, leader_commit=2)
89669.0ms Vehicle 7 RECEIVED AppendEntries from 2 (n_entries=0, leader_commit=2)
89804.2ms Leader 2 SENDING AppendEntries to vehicle 1 (n_entries=0, leader_commit=2)
89804.2ms Leader 2 SENDING AppendEntries to vehicle 4 (n_entries=4, leader_commit=2)
89804.2ms Leader 2 SENDING AppendEntries to vehicle 5 (n_entries=4, leader_commit=2)
89804.2ms Leader 2 SENDING AppendEntries to vehicle 6 (n_entries=4, leader_commit=2)
89804.2ms Leader 2 SENDING AppendEntries to vehicle 7 (n_entries=0, leader_commit=2)
89805.6ms Vehicle 7 RECEIVED AppendEntries from 2 (n_entries=0, leader_commit=2)
89807.6ms Vehicle 1 RECEIVED AppendEntries from 2 (n_entries=0, leader_commit=2)
89944.2ms Leader 2 SENDING AppendEntries to vehicle 1 (n_entries=0, leader_commit=2)
89944.2ms Leader 2 SENDING AppendEntries to vehicle 4 (n_entries=4, leader_commit=2)
89944.2ms Leader 2 SENDING AppendEntries to vehicle 5 (n_entries=4, leader_commit=2)
89944.2ms Leader 2 SENDING AppendEntries to vehicle 6 (n_entries=4, leader_commit=2)
89944.2ms Leader 2 SENDING AppendEntries to vehicle 7 (n_entries=0, leader_commit=2)
89946.9ms Vehicle 1 RECEIVED AppendEntries from 2 (n_entries=0, leader_commit=2)
89949.2ms Vehicle 7 RECEIVED AppendEntries from 2 (n_entries=0, leader_commit=2)
90084.2ms Leader 2 SENDING AppendEntries to vehicle 1 (n_entries=0, leader_commit=2)
90084.2ms Leader 2 SENDING AppendEntries to vehicle 4 (n_entries=4, leader_commit=2)
90084.2ms Leader 2 SENDING AppendEntries to vehicle 5 (n_entries=4, leader_commit=2)
90084.2ms Leader 2 SENDING AppendEntries to vehicle 6 (n_entries=4, leader_commit=2)
90084.2ms Leader 2 SENDING AppendEntries to vehicle 7 (n_entries=0, leader_commit=2)
90086.0ms Vehicle 1 RECEIVED AppendEntries from 2 (n_entries=0, leader_commit=2)
90086.4ms Vehicle 7 RECEIVED AppendEntries from 2 (n_entries=0, leader_commit=2)
90224.2ms Leader 2 SENDING AppendEntries to vehicle 1 (n_entries=0, leader_commit=2)
90224.2ms Leader 2 SENDING AppendEntries to vehicle 4 (n_entries=4, leader_commit=2)
90224.2ms Leader 2 SENDING AppendEntries to vehicle 5 (n_entries=4, leader_commit=2)
90224.2ms Leader 2 SENDING AppendEntries to vehicle 6 (n_entries=4, leader_commit=2)
90224.2ms Leader 2 SENDING AppendEntries to vehicle 7 (n_entries=0, leader_commit=2)
90227.8ms Vehicle 1 RECEIVED AppendEntries from 2 (n_entries=0, leader_commit=2)
90229.0ms Vehicle 7 RECEIVED AppendEntries from 2 (n_entries=0, leader_commit=2)
90364.2ms Leader 2 SENDING AppendEntries to vehicle 1 (n_entries=0, leader_commit=2)
90364.2ms Leader 2 SENDING AppendEntries to vehicle 4 (n_entries=4, leader_commit=2)
90364.2ms Leader 2 SENDING AppendEntries to vehicle 5 (n_entries=4, leader_commit=2)
90364.2ms Leader 2 SENDING AppendEntries to vehicle 6 (n_entries=4, leader_commit=2)
90364.2ms Leader 2 SENDING AppendEntries to vehicle 7 (n_entries=0, leader_commit=2)
90367.2ms Vehicle 1 RECEIVED AppendEntries from 2 (n_entries=0, leader_commit=2)
90367.5ms Vehicle 7 RECEIVED AppendEntries from 2 (n_entries=0, leader_commit=2)
90504.2ms Leader 2 SENDING AppendEntries to vehicle 1 (n_entries=0, leader_commit=2)
90504.2ms Leader 2 SENDING AppendEntries to vehicle 4 (n_entries=4, leader_commit=2)
90504.2ms Leader 2 SENDING AppendEntries to vehicle 5 (n_entries=4, leader_commit=2)
90504.2ms Leader 2 SENDING AppendEntries to vehicle 6 (n_entries=4, leader_commit=2)
90504.2ms Leader 2 SENDING AppendEntries to vehicle 7 (n_entries=0, leader_commit=2)
90507.3ms Vehicle 1 RECEIVED AppendEntries from 2 (n_entries=0, leader_commit=2)
90508.7ms Vehicle 7 RECEIVED AppendEntries from 2 (n_entries=0, leader_commit=2)
90644.2ms Leader 2 SENDING AppendEntries to vehicle 1 (n_entries=0, leader_commit=2)
90644.2ms Leader 2 SENDING AppendEntries to vehicle 4 (n_entries=4, leader_commit=2)
90644.2ms Leader 2 SENDING AppendEntries to vehicle 5 (n_entries=4, leader_commit=2)
90644.2ms Leader 2 SENDING AppendEntries to vehicle 6 (n_entries=4, leader_commit=2)
90644.2ms Leader 2 SENDING AppendEntries to vehicle 7 (n_entries=0, leader_commit=2)
90647.8ms Vehicle 1 RECEIVED AppendEntries from 2 (n_entries=0, leader_commit=2)
90648.2ms Vehicle 7 RECEIVED AppendEntries from 2 (n_entries=0, leader_commit=2)
90784.2ms Leader 2 SENDING AppendEntries to vehicle 1 (n_entries=0, leader_commit=2)
90784.2ms Leader 2 SENDING AppendEntries to vehicle 4 (n_entries=4, leader_commit=2)
90784.2ms Leader 2 SENDING AppendEntries to vehicle 5 (n_entries=4, leader_commit=2)
90784.2ms Leader 2 SENDING AppendEntries to vehicle 6 (n_entries=4, leader_commit=2)
90784.2ms Leader 2 SENDING AppendEntries to vehicle 7 (n_entries=0, leader_commit=2)
90786.0ms Vehicle 7 RECEIVED AppendEntries from 2 (n_entries=0, leader_commit=2)
90788.5ms Vehicle 1 RECEIVED AppendEntries from 2 (n_entries=0, leader_commit=2)
90924.2ms Leader 2 SENDING AppendEntries to vehicle 1 (n_entries=0, leader_commit=2)
90924.2ms Leader 2 SENDING AppendEntries to vehicle 4 (n_entries=4, leader_commit=2)
90924.2ms Leader 2 SENDING AppendEntries to vehicle 5 (n_entries=4, leader_commit=2)
90924.2ms Leader 2 SENDING AppendEntries to vehicle 6 (n_entries=4, leader_commit=2)
90924.2ms Leader 2 SENDING AppendEntries to vehicle 7 (n_entries=0, leader_commit=2)
90928.2ms Vehicle 7 RECEIVED AppendEntries from 2 (n_entries=0, leader_commit=2)
90928.5ms Vehicle 1 RECEIVED AppendEntries from 2 (n_entries=0, leader_commit=2)
91064.2ms Leader 2 SENDING AppendEntries to vehicle 1 (n_entries=0, leader_commit=2)
91064.2ms Leader 2 SENDING AppendEntries to vehicle 4 (n_entries=4, leader_commit=2)
91064.2ms Leader 2 SENDING AppendEntries to vehicle 5 (n_entries=4, leader_commit=2)
91064.2ms Leader 2 SENDING AppendEntries to vehicle 6 (n_entries=4, leader_commit=2)
91064.2ms Leader 2 SENDING AppendEntries to vehicle 7 (n_entries=0, leader_commit=2)
91066.4ms Vehicle 7 RECEIVED AppendEntries from 2 (n_entries=0, leader_commit=2)
91069.3ms Vehicle 1 RECEIVED AppendEntries from 2 (n_entries=0, leader_commit=2)
91204.2ms Leader 2 SENDING AppendEntries to vehicle 1 (n_entries=0, leader_commit=2)
91204.2ms Leader 2 SENDING AppendEntries to vehicle 4 (n_entries=4, leader_commit=2)
91204.2ms Leader 2 SENDING AppendEntries to vehicle 5 (n_entries=4, leader_commit=2)
91204.2ms Leader 2 SENDING AppendEntries to vehicle 6 (n_entries=4, leader_commit=2)
91204.2ms Leader 2 SENDING AppendEntries to vehicle 7 (n_entries=0, leader_commit=2)
91205.8ms Vehicle 7 RECEIVED AppendEntries from 2 (n_entries=0, leader_commit=2)
91206.2ms Vehicle 1 RECEIVED AppendEntries from 2 (n_entries=0, leader_commit=2)
91344.2ms Leader 2 SENDING AppendEntries to vehicle 1 (n_entries=0, leader_commit=2)
91344.2ms Leader 2 SENDING AppendEntries to vehicle 4 (n_entries=4, leader_commit=2)
91344.2ms Leader 2 SENDING AppendEntries to vehicle 5 (n_entries=4, leader_commit=2)
91344.2ms Leader 2 SENDING AppendEntries to vehicle 6 (n_entries=4, leader_commit=2)
91344.2ms Leader 2 SENDING AppendEntries to vehicle 7 (n_entries=0, leader_commit=2)
91348.0ms Vehicle 7 RECEIVED AppendEntries from 2 (n_entries=0, leader_commit=2)
91348.7ms Vehicle 1 RECEIVED AppendEntries from 2 (n_entries=0, leader_commit=2)
91484.2ms Leader 2 SENDING AppendEntries to vehicle 1 (n_entries=0, leader_commit=2)
91484.2ms Leader 2 SENDING AppendEntries to vehicle 4 (n_entries=4, leader_commit=2)
91484.2ms Leader 2 SENDING AppendEntries to vehicle 5 (n_entries=4, leader_commit=2)
91484.2ms Leader 2 SENDING AppendEntries to vehicle 6 (n_entries=4, leader_commit=2)
91484.2ms Leader 2 SENDING AppendEntries to vehicle 7 (n_entries=0, leader_commit=2)
91486.5ms Vehicle 1 RECEIVED AppendEntries from 2 (n_entries=0, leader_commit=2)
91487.7ms Vehicle 7 RECEIVED AppendEntries from 2 (n_entries=0, leader_commit=2)
91624.2ms Leader 2 SENDING AppendEntries to vehicle 1 (n_entries=0, leader_commit=2)
91624.2ms Leader 2 SENDING AppendEntries to vehicle 4 (n_entries=4, leader_commit=2)
91624.2ms Leader 2 SENDING AppendEntries to vehicle 5 (n_entries=4, leader_commit=2)
91624.2ms Leader 2 SENDING AppendEntries to vehicle 6 (n_entries=4, leader_commit=2)
91624.2ms Leader 2 SENDING AppendEntries to vehicle 7 (n_entries=0, leader_commit=2)
91626.3ms Vehicle 7 RECEIVED AppendEntries from 2 (n_entries=0, leader_commit=2)
91628.6ms Vehicle 1 RECEIVED AppendEntries from 2 (n_entries=0, leader_commit=2)
91764.2ms Leader 2 SENDING AppendEntries to vehicle 1 (n_entries=0, leader_commit=2)
91764.2ms Leader 2 SENDING AppendEntries to vehicle 4 (n_entries=4, leader_commit=2)
91764.2ms Leader 2 SENDING AppendEntries to vehicle 5 (n_entries=4, leader_commit=2)
91764.2ms Leader 2 SENDING AppendEntries to vehicle 6 (n_entries=4, leader_commit=2)
91764.2ms Leader 2 SENDING AppendEntries to vehicle 7 (n_entries=0, leader_commit=2)
91768.9ms Vehicle 7 RECEIVED AppendEntries from 2 (n_entries=0, leader_commit=2)
91769.2ms Vehicle 1 RECEIVED AppendEntries from 2 (n_entries=0, leader_commit=2)
91904.2ms Leader 2 SENDING AppendEntries to vehicle 1 (n_entries=0, leader_commit=2)
91904.2ms Leader 2 SENDING AppendEntries to vehicle 4 (n_entries=4, leader_commit=2)
91904.2ms Leader 2 SENDING AppendEntries to vehicle 5 (n_entries=4, leader_commit=2)
91904.2ms Leader 2 SENDING AppendEntries to vehicle 6 (n_entries=4, leader_commit=2)
91904.2ms Leader 2 SENDING AppendEntries to vehicle 7 (n_entries=0, leader_commit=2)
91907.4ms Vehicle 7 RECEIVED AppendEntries from 2 (n_entries=0, leader_commit=2)
91907.8ms Vehicle 1 RECEIVED AppendEntries from 2 (n_entries=0, leader_commit=2)
92044.2ms Leader 2 SENDING AppendEntries to vehicle 1 (n_entries=0, leader_commit=2)
92044.2ms Leader 2 SENDING AppendEntries to vehicle 4 (n_entries=4, leader_commit=2)
92044.2ms Leader 2 SENDING AppendEntries to vehicle 5 (n_entries=4, leader_commit=2)
92044.2ms Leader 2 SENDING AppendEntries to vehicle 6 (n_entries=4, leader_commit=2)
92044.2ms Leader 2 SENDING AppendEntries to vehicle 7 (n_entries=0, leader_commit=2)
92047.6ms Vehicle 1 RECEIVED AppendEntries from 2 (n_entries=0, leader_commit=2)
92049.2ms Vehicle 7 RECEIVED AppendEntries from 2 (n_entries=0, leader_commit=2)
92184.2ms Leader 2 SENDING AppendEntries to vehicle 1 (n_entries=0, leader_commit=2)
92184.2ms Leader 2 SENDING AppendEntries to vehicle 4 (n_entries=4, leader_commit=2)
92184.2ms Leader 2 SENDING AppendEntries to vehicle 5 (n_entries=4, leader_commit=2)
92184.2ms Leader 2 SENDING AppendEntries to vehicle 6 (n_entries=4, leader_commit=2)
92184.2ms Leader 2 SENDING AppendEntries to vehicle 7 (n_entries=0, leader_commit=2)
92186.8ms Vehicle 1 RECEIVED AppendEntries from 2 (n_entries=0, leader_commit=2)
92187.7ms Vehicle 7 RECEIVED AppendEntries from 2 (n_entries=0, leader_commit=2)
92324.2ms Leader 2 SENDING AppendEntries to vehicle 1 (n_entries=0, leader_commit=2)
92324.2ms Leader 2 SENDING AppendEntries to vehicle 4 (n_entries=4, leader_commit=2)
92324.2ms Leader 2 SENDING AppendEntries to vehicle 5 (n_entries=4, leader_commit=2)
92324.2ms Leader 2 SENDING AppendEntries to vehicle 6 (n_entries=4, leader_commit=2)
92324.2ms Leader 2 SENDING AppendEntries to vehicle 7 (n_entries=0, leader_commit=2)
92325.5ms Vehicle 1 RECEIVED AppendEntries from 2 (n_entries=0, leader_commit=2)
92326.9ms Vehicle 7 RECEIVED AppendEntries from 2 (n_entries=0, leader_commit=2)
92464.2ms Leader 2 SENDING AppendEntries to vehicle 1 (n_entries=0, leader_commit=2)
92464.2ms Leader 2 SENDING AppendEntries to vehicle 4 (n_entries=4, leader_commit=2)
92464.2ms Leader 2 SENDING AppendEntries to vehicle 5 (n_entries=4, leader_commit=2)
92464.2ms Leader 2 SENDING AppendEntries to vehicle 6 (n_entries=4, leader_commit=2)
92464.2ms Leader 2 SENDING AppendEntries to vehicle 7 (n_entries=0, leader_commit=2)
92466.9ms Vehicle 7 RECEIVED AppendEntries from 2 (n_entries=0, leader_commit=2)
92467.3ms Vehicle 1 RECEIVED AppendEntries from 2 (n_entries=0, leader_commit=2)
92604.2ms Leader 2 SENDING AppendEntries to vehicle 1 (n_entries=0, leader_commit=2)
92604.2ms Leader 2 SENDING AppendEntries to vehicle 4 (n_entries=4, leader_commit=2)
92604.2ms Leader 2 SENDING AppendEntries to vehicle 5 (n_entries=4, leader_commit=2)
92604.2ms Leader 2 SENDING AppendEntries to vehicle 6 (n_entries=4, leader_commit=2)
92604.2ms Leader 2 SENDING AppendEntries to vehicle 7 (n_entries=0, leader_commit=2)
92605.5ms Vehicle 7 RECEIVED AppendEntries from 2 (n_entries=0, leader_commit=2)
92608.4ms Vehicle 1 RECEIVED AppendEntries from 2 (n_entries=0, leader_commit=2)
92744.2ms Leader 2 SENDING AppendEntries to vehicle 1 (n_entries=0, leader_commit=2)
92744.2ms Leader 2 SENDING AppendEntries to vehicle 4 (n_entries=4, leader_commit=2)
92744.2ms Leader 2 SENDING AppendEntries to vehicle 5 (n_entries=4, leader_commit=2)
92744.2ms Leader 2 SENDING AppendEntries to vehicle 6 (n_entries=4, leader_commit=2)
92744.2ms Leader 2 SENDING AppendEntries to vehicle 7 (n_entries=0, leader_commit=2)
92746.6ms Vehicle 1 RECEIVED AppendEntries from 2 (n_entries=0, leader_commit=2)
92748.8ms Vehicle 7 RECEIVED AppendEntries from 2 (n_entries=0, leader_commit=2)
92884.2ms Leader 2 SENDING AppendEntries to vehicle 1 (n_entries=0, leader_commit=2)
92884.2ms Leader 2 SENDING AppendEntries to vehicle 4 (n_entries=4, leader_commit=2)
92884.2ms Leader 2 SENDING AppendEntries to vehicle 5 (n_entries=4, leader_commit=2)
92884.2ms Leader 2 SENDING AppendEntries to vehicle 6 (n_entries=4, leader_commit=2)
92884.2ms Leader 2 SENDING AppendEntries to vehicle 7 (n_entries=0, leader_commit=2)
92887.2ms Vehicle 1 RECEIVED AppendEntries from 2 (n_entries=0, leader_commit=2)
92887.5ms Vehicle 7 RECEIVED AppendEntries from 2 (n_entries=0, leader_commit=2)
93024.2ms Leader 2 SENDING AppendEntries to vehicle 1 (n_entries=0, leader_commit=2)
93024.2ms Leader 2 SENDING AppendEntries to vehicle 4 (n_entries=4, leader_commit=2)
93024.2ms Leader 2 SENDING AppendEntries to vehicle 5 (n_entries=4, leader_commit=2)
93024.2ms Leader 2 SENDING AppendEntries to vehicle 6 (n_entries=4, leader_commit=2)
93024.2ms Leader 2 SENDING AppendEntries to vehicle 7 (n_entries=0, leader_commit=2)
93026.4ms Vehicle 1 RECEIVED AppendEntries from 2 (n_entries=0, leader_commit=2)
93027.9ms Vehicle 7 RECEIVED AppendEntries from 2 (n_entries=0, leader_commit=2)
93164.2ms Leader 2 SENDING AppendEntries to vehicle 1 (n_entries=0, leader_commit=2)
93164.2ms Leader 2 SENDING AppendEntries to vehicle 4 (n_entries=4, leader_commit=2)
93164.2ms Leader 2 SENDING AppendEntries to vehicle 5 (n_entries=4, leader_commit=2)
93164.2ms Leader 2 SENDING AppendEntries to vehicle 6 (n_entries=4, leader_commit=2)
93164.2ms Leader 2 SENDING AppendEntries to vehicle 7 (n_entries=0, leader_commit=2)
93166.0ms Vehicle 1 RECEIVED AppendEntries from 2 (n_entries=0, leader_commit=2)
93168.8ms Vehicle 7 RECEIVED AppendEntries from 2 (n_entries=0, leader_commit=2)
93304.2ms Leader 2 SENDING AppendEntries to vehicle 1 (n_entries=0, leader_commit=2)
93304.2ms Leader 2 SENDING AppendEntries to vehicle 4 (n_entries=4, leader_commit=2)
93304.2ms Leader 2 SENDING AppendEntries to vehicle 5 (n_entries=4, leader_commit=2)
93304.2ms Leader 2 SENDING AppendEntries to vehicle 6 (n_entries=4, leader_commit=2)
93304.2ms Leader 2 SENDING AppendEntries to vehicle 7 (n_entries=0, leader_commit=2)
93305.7ms Vehicle 7 RECEIVED AppendEntries from 2 (n_entries=0, leader_commit=2)
93307.7ms Vehicle 1 RECEIVED AppendEntries from 2 (n_entries=0, leader_commit=2)
93444.2ms Leader 2 SENDING AppendEntries to vehicle 1 (n_entries=0, leader_commit=2)
93444.2ms Leader 2 SENDING AppendEntries to vehicle 4 (n_entries=4, leader_commit=2)
93444.2ms Leader 2 SENDING AppendEntries to vehicle 5 (n_entries=4, leader_commit=2)
93444.2ms Leader 2 SENDING AppendEntries to vehicle 6 (n_entries=4, leader_commit=2)
93444.2ms Leader 2 SENDING AppendEntries to vehicle 7 (n_entries=0, leader_commit=2)
93446.0ms Vehicle 1 RECEIVED AppendEntries from 2 (n_entries=0, leader_commit=2)
93449.0ms Vehicle 7 RECEIVED AppendEntries from 2 (n_entries=0, leader_commit=2)
93584.2ms Leader 2 SENDING AppendEntries to vehicle 1 (n_entries=0, leader_commit=2)
93584.2ms Leader 2 SENDING AppendEntries to vehicle 4 (n_entries=4, leader_commit=2)
93584.2ms Leader 2 SENDING AppendEntries to vehicle 5 (n_entries=4, leader_commit=2)
93584.2ms Leader 2 SENDING AppendEntries to vehicle 6 (n_entries=4, leader_commit=2)
93584.2ms Leader 2 SENDING AppendEntries to vehicle 7 (n_entries=0, leader_commit=2)
93586.2ms Vehicle 1 RECEIVED AppendEntries from 2 (n_entries=0, leader_commit=2)
93589.1ms Vehicle 7 RECEIVED AppendEntries from 2 (n_entries=0, leader_commit=2)
93724.2ms Leader 2 SENDING AppendEntries to vehicle 1 (n_entries=0, leader_commit=2)
93724.2ms Leader 2 SENDING AppendEntries to vehicle 4 (n_entries=4, leader_commit=2)
93724.2ms Leader 2 SENDING AppendEntries to vehicle 5 (n_entries=4, leader_commit=2)
93724.2ms Leader 2 SENDING AppendEntries to vehicle 6 (n_entries=4, leader_commit=2)
93724.2ms Leader 2 SENDING AppendEntries to vehicle 7 (n_entries=0, leader_commit=2)
93728.4ms Vehicle 1 RECEIVED AppendEntries from 2 (n_entries=0, leader_commit=2)
93729.0ms Vehicle 7 RECEIVED AppendEntries from 2 (n_entries=0, leader_commit=2)
93864.2ms Leader 2 SENDING AppendEntries to vehicle 1 (n_entries=0, leader_commit=2)
93864.2ms Leader 2 SENDING AppendEntries to vehicle 4 (n_entries=4, leader_commit=2)
93864.2ms Leader 2 SENDING AppendEntries to vehicle 5 (n_entries=4, leader_commit=2)
93864.2ms Leader 2 SENDING AppendEntries to vehicle 6 (n_entries=4, leader_commit=2)
93864.2ms Leader 2 SENDING AppendEntries to vehicle 7 (n_entries=0, leader_commit=2)
93865.7ms Vehicle 1 RECEIVED AppendEntries from 2 (n_entries=0, leader_commit=2)
93869.3ms Vehicle 7 RECEIVED AppendEntries from 2 (n_entries=0, leader_commit=2)
94004.2ms Leader 2 SENDING AppendEntries to vehicle 1 (n_entries=0, leader_commit=2)
94004.2ms Leader 2 SENDING AppendEntries to vehicle 4 (n_entries=4, leader_commit=2)
94004.2ms Leader 2 SENDING AppendEntries to vehicle 5 (n_entries=4, leader_commit=2)
94004.2ms Leader 2 SENDING AppendEntries to vehicle 6 (n_entries=4, leader_commit=2)
94004.2ms Leader 2 SENDING AppendEntries to vehicle 7 (n_entries=0, leader_commit=2)
94007.3ms Vehicle 1 RECEIVED AppendEntries from 2 (n_entries=0, leader_commit=2)
94008.8ms Vehicle 7 RECEIVED AppendEntries from 2 (n_entries=0, leader_commit=2)
94144.2ms Leader 2 SENDING AppendEntries to vehicle 1 (n_entries=0, leader_commit=2)
94144.2ms Leader 2 SENDING AppendEntries to vehicle 4 (n_entries=4, leader_commit=2)
94144.2ms Leader 2 SENDING AppendEntries to vehicle 5 (n_entries=4, leader_commit=2)
94144.2ms Leader 2 SENDING AppendEntries to vehicle 6 (n_entries=4, leader_commit=2)
94144.2ms Leader 2 SENDING AppendEntries to vehicle 7 (n_entries=0, leader_commit=2)
94148.6ms Vehicle 1 RECEIVED AppendEntries from 2 (n_entries=0, leader_commit=2)
94149.3ms Vehicle 7 RECEIVED AppendEntries from 2 (n_entries=0, leader_commit=2)
94284.2ms Leader 2 SENDING AppendEntries to vehicle 1 (n_entries=0, leader_commit=2)
94284.2ms Leader 2 SENDING AppendEntries to vehicle 4 (n_entries=4, leader_commit=2)
94284.2ms Leader 2 SENDING AppendEntries to vehicle 5 (n_entries=4, leader_commit=2)
94284.2ms Leader 2 SENDING AppendEntries to vehicle 6 (n_entries=4, leader_commit=2)
94284.2ms Leader 2 SENDING AppendEntries to vehicle 7 (n_entries=0, leader_commit=2)
94287.5ms Vehicle 7 RECEIVED AppendEntries from 2 (n_entries=0, leader_commit=2)
94287.9ms Vehicle 1 RECEIVED AppendEntries from 2 (n_entries=0, leader_commit=2)
94424.2ms Leader 2 SENDING AppendEntries to vehicle 1 (n_entries=0, leader_commit=2)
94424.2ms Leader 2 SENDING AppendEntries to vehicle 4 (n_entries=4, leader_commit=2)
94424.2ms Leader 2 SENDING AppendEntries to vehicle 5 (n_entries=4, leader_commit=2)
94424.2ms Leader 2 SENDING AppendEntries to vehicle 6 (n_entries=4, leader_commit=2)
94424.2ms Leader 2 SENDING AppendEntries to vehicle 7 (n_entries=0, leader_commit=2)
94425.6ms Vehicle 7 RECEIVED AppendEntries from 2 (n_entries=0, leader_commit=2)
94429.0ms Vehicle 1 RECEIVED AppendEntries from 2 (n_entries=0, leader_commit=2)
94564.2ms Leader 2 SENDING AppendEntries to vehicle 1 (n_entries=0, leader_commit=2)
94564.2ms Leader 2 SENDING AppendEntries to vehicle 4 (n_entries=4, leader_commit=2)
94564.2ms Leader 2 SENDING AppendEntries to vehicle 5 (n_entries=4, leader_commit=2)
94564.2ms Leader 2 SENDING AppendEntries to vehicle 6 (n_entries=4, leader_commit=2)
94564.2ms Leader 2 SENDING AppendEntries to vehicle 7 (n_entries=0, leader_commit=2)
94567.1ms Vehicle 1 RECEIVED AppendEntries from 2 (n_entries=0, leader_commit=2)
94567.7ms Vehicle 7 RECEIVED AppendEntries from 2 (n_entries=0, leader_commit=2)
94704.2ms Leader 2 SENDING AppendEntries to vehicle 1 (n_entries=0, leader_commit=2)
94704.2ms Leader 2 SENDING AppendEntries to vehicle 4 (n_entries=4, leader_commit=2)
94704.2ms Leader 2 SENDING AppendEntries to vehicle 5 (n_entries=4, leader_commit=2)
94704.2ms Leader 2 SENDING AppendEntries to vehicle 6 (n_entries=4, leader_commit=2)
94704.2ms Leader 2 SENDING AppendEntries to vehicle 7 (n_entries=0, leader_commit=2)
94706.1ms Vehicle 1 RECEIVED AppendEntries from 2 (n_entries=0, leader_commit=2)
94708.2ms Vehicle 7 RECEIVED AppendEntries from 2 (n_entries=0, leader_commit=2)
94844.2ms Leader 2 SENDING AppendEntries to vehicle 1 (n_entries=0, leader_commit=2)
94844.2ms Leader 2 SENDING AppendEntries to vehicle 4 (n_entries=4, leader_commit=2)
94844.2ms Leader 2 SENDING AppendEntries to vehicle 5 (n_entries=4, leader_commit=2)
94844.2ms Leader 2 SENDING AppendEntries to vehicle 6 (n_entries=4, leader_commit=2)
94844.2ms Leader 2 SENDING AppendEntries to vehicle 7 (n_entries=0, leader_commit=2)
94845.7ms Vehicle 1 RECEIVED AppendEntries from 2 (n_entries=0, leader_commit=2)
94848.6ms Vehicle 7 RECEIVED AppendEntries from 2 (n_entries=0, leader_commit=2)
94984.2ms Leader 2 SENDING AppendEntries to vehicle 1 (n_entries=0, leader_commit=2)
94984.2ms Leader 2 SENDING AppendEntries to vehicle 4 (n_entries=4, leader_commit=2)
94984.2ms Leader 2 SENDING AppendEntries to vehicle 5 (n_entries=4, leader_commit=2)
94984.2ms Leader 2 SENDING AppendEntries to vehicle 6 (n_entries=4, leader_commit=2)
94984.2ms Leader 2 SENDING AppendEntries to vehicle 7 (n_entries=0, leader_commit=2)
94986.0ms Vehicle 7 RECEIVED AppendEntries from 2 (n_entries=0, leader_commit=2)
94987.1ms Vehicle 1 RECEIVED AppendEntries from 2 (n_entries=0, leader_commit=2)
95124.2ms Leader 2 SENDING AppendEntries to vehicle 1 (n_entries=0, leader_commit=2)
95124.2ms Leader 2 SENDING AppendEntries to vehicle 4 (n_entries=4, leader_commit=2)
95124.2ms Leader 2 SENDING AppendEntries to vehicle 5 (n_entries=4, leader_commit=2)
95124.2ms Leader 2 SENDING AppendEntries to vehicle 6 (n_entries=4, leader_commit=2)
95124.2ms Leader 2 SENDING AppendEntries to vehicle 7 (n_entries=0, leader_commit=2)
95125.7ms Vehicle 7 RECEIVED AppendEntries from 2 (n_entries=0, leader_commit=2)
95129.4ms Vehicle 1 RECEIVED AppendEntries from 2 (n_entries=0, leader_commit=2)
95264.2ms Leader 2 SENDING AppendEntries to vehicle 1 (n_entries=0, leader_commit=2)
95264.2ms Leader 2 SENDING AppendEntries to vehicle 4 (n_entries=4, leader_commit=2)
95264.2ms Leader 2 SENDING AppendEntries to vehicle 5 (n_entries=4, leader_commit=2)
95264.2ms Leader 2 SENDING AppendEntries to vehicle 6 (n_entries=4, leader_commit=2)
95264.2ms Leader 2 SENDING AppendEntries to vehicle 7 (n_entries=0, leader_commit=2)
95267.4ms Vehicle 7 RECEIVED AppendEntries from 2 (n_entries=0, leader_commit=2)
95268.6ms Vehicle 1 RECEIVED AppendEntries from 2 (n_entries=0, leader_commit=2)
95404.2ms Leader 2 SENDING AppendEntries to vehicle 1 (n_entries=0, leader_commit=2)
95404.2ms Leader 2 SENDING AppendEntries to vehicle 4 (n_entries=4, leader_commit=2)
95404.2ms Leader 2 SENDING AppendEntries to vehicle 5 (n_entries=4, leader_commit=2)
95404.2ms Leader 2 SENDING AppendEntries to vehicle 6 (n_entries=4, leader_commit=2)
95404.2ms Leader 2 SENDING AppendEntries to vehicle 7 (n_entries=0, leader_commit=2)
95406.2ms Vehicle 7 RECEIVED AppendEntries from 2 (n_entries=0, leader_commit=2)
95409.3ms Vehicle 1 RECEIVED AppendEntries from 2 (n_entries=0, leader_commit=2)
95544.2ms Leader 2 SENDING AppendEntries to vehicle 1 (n_entries=0, leader_commit=2)
95544.2ms Leader 2 SENDING AppendEntries to vehicle 4 (n_entries=4, leader_commit=2)
95544.2ms Leader 2 SENDING AppendEntries to vehicle 5 (n_entries=4, leader_commit=2)
95544.2ms Leader 2 SENDING AppendEntries to vehicle 6 (n_entries=4, leader_commit=2)
95544.2ms Leader 2 SENDING AppendEntries to vehicle 7 (n_entries=0, leader_commit=2)
95546.6ms Vehicle 7 RECEIVED AppendEntries from 2 (n_entries=0, leader_commit=2)
95546.9ms Vehicle 1 RECEIVED AppendEntries from 2 (n_entries=0, leader_commit=2)
95684.2ms Leader 2 SENDING AppendEntries to vehicle 1 (n_entries=0, leader_commit=2)
95684.2ms Leader 2 SENDING AppendEntries to vehicle 4 (n_entries=4, leader_commit=2)
95684.2ms Leader 2 SENDING AppendEntries to vehicle 5 (n_entries=4, leader_commit=2)
95684.2ms Leader 2 SENDING AppendEntries to vehicle 6 (n_entries=4, leader_commit=2)
95684.2ms Leader 2 SENDING AppendEntries to vehicle 7 (n_entries=0, leader_commit=2)
95687.8ms Vehicle 7 RECEIVED AppendEntries from 2 (n_entries=0, leader_commit=2)
95688.6ms Vehicle 1 RECEIVED AppendEntries from 2 (n_entries=0, leader_commit=2)
95824.2ms Leader 2 SENDING AppendEntries to vehicle 1 (n_entries=0, leader_commit=2)
95824.2ms Leader 2 SENDING AppendEntries to vehicle 4 (n_entries=4, leader_commit=2)
95824.2ms Leader 2 SENDING AppendEntries to vehicle 5 (n_entries=4, leader_commit=2)
95824.2ms Leader 2 SENDING AppendEntries to vehicle 6 (n_entries=4, leader_commit=2)
95824.2ms Leader 2 SENDING AppendEntries to vehicle 7 (n_entries=0, leader_commit=2)
95826.5ms Vehicle 1 RECEIVED AppendEntries from 2 (n_entries=0, leader_commit=2)
95828.0ms Vehicle 7 RECEIVED AppendEntries from 2 (n_entries=0, leader_commit=2)
95964.2ms Leader 2 SENDING AppendEntries to vehicle 1 (n_entries=0, leader_commit=2)
95964.2ms Leader 2 SENDING AppendEntries to vehicle 4 (n_entries=4, leader_commit=2)
95964.2ms Leader 2 SENDING AppendEntries to vehicle 5 (n_entries=4, leader_commit=2)
95964.2ms Leader 2 SENDING AppendEntries to vehicle 6 (n_entries=4, leader_commit=2)
95964.2ms Leader 2 SENDING AppendEntries to vehicle 7 (n_entries=0, leader_commit=2)
95966.4ms Vehicle 1 RECEIVED AppendEntries from 2 (n_entries=0, leader_commit=2)
95966.9ms Vehicle 7 RECEIVED AppendEntries from 2 (n_entries=0, leader_commit=2)
96104.2ms Leader 2 SENDING AppendEntries to vehicle 1 (n_entries=0, leader_commit=2)
96104.2ms Leader 2 SENDING AppendEntries to vehicle 4 (n_entries=4, leader_commit=2)
96104.2ms Leader 2 SENDING AppendEntries to vehicle 5 (n_entries=4, leader_commit=2)
96104.2ms Leader 2 SENDING AppendEntries to vehicle 6 (n_entries=4, leader_commit=2)
96104.2ms Leader 2 SENDING AppendEntries to vehicle 7 (n_entries=0, leader_commit=2)
96106.6ms Vehicle 1 RECEIVED AppendEntries from 2 (n_entries=0, leader_commit=2)
96109.4ms Vehicle 7 RECEIVED AppendEntries from 2 (n_entries=0, leader_commit=2)
96244.2ms Leader 2 SENDING AppendEntries to vehicle 1 (n_entries=0, leader_commit=2)
96244.2ms Leader 2 SENDING AppendEntries to vehicle 4 (n_entries=4, leader_commit=2)
96244.2ms Leader 2 SENDING AppendEntries to vehicle 5 (n_entries=4, leader_commit=2)
96244.2ms Leader 2 SENDING AppendEntries to vehicle 6 (n_entries=4, leader_commit=2)
96244.2ms Leader 2 SENDING AppendEntries to vehicle 7 (n_entries=0, leader_commit=2)
96245.8ms Vehicle 7 RECEIVED AppendEntries from 2 (n_entries=0, leader_commit=2)
96248.8ms Vehicle 1 RECEIVED AppendEntries from 2 (n_entries=0, leader_commit=2)
96384.2ms Leader 2 SENDING AppendEntries to vehicle 1 (n_entries=0, leader_commit=2)
96384.2ms Leader 2 SENDING AppendEntries to vehicle 4 (n_entries=4, leader_commit=2)
96384.2ms Leader 2 SENDING AppendEntries to vehicle 5 (n_entries=4, leader_commit=2)
96384.2ms Leader 2 SENDING AppendEntries to vehicle 6 (n_entries=4, leader_commit=2)
96384.2ms Leader 2 SENDING AppendEntries to vehicle 7 (n_entries=0, leader_commit=2)
96385.4ms Vehicle 7 RECEIVED AppendEntries from 2 (n_entries=0, leader_commit=2)
96386.0ms Vehicle 1 RECEIVED AppendEntries from 2 (n_entries=0, leader_commit=2)
96524.2ms Leader 2 SENDING AppendEntries to vehicle 1 (n_entries=0, leader_commit=2)
96524.2ms Leader 2 SENDING AppendEntries to vehicle 4 (n_entries=4, leader_commit=2)
96524.2ms Leader 2 SENDING AppendEntries to vehicle 5 (n_entries=4, leader_commit=2)
96524.2ms Leader 2 SENDING AppendEntries to vehicle 6 (n_entries=4, leader_commit=2)
96524.2ms Leader 2 SENDING AppendEntries to vehicle 7 (n_entries=0, leader_commit=2)
96526.2ms Vehicle 7 RECEIVED AppendEntries from 2 (n_entries=0, leader_commit=2)
96527.7ms Vehicle 1 RECEIVED AppendEntries from 2 (n_entries=0, leader_commit=2)
96664.2ms Leader 2 SENDING AppendEntries to vehicle 1 (n_entries=0, leader_commit=2)
96664.2ms Leader 2 SENDING AppendEntries to vehicle 4 (n_entries=4, leader_commit=2)
96664.2ms Leader 2 SENDING AppendEntries to vehicle 5 (n_entries=4, leader_commit=2)
96664.2ms Leader 2 SENDING AppendEntries to vehicle 6 (n_entries=4, leader_commit=2)
96664.2ms Leader 2 SENDING AppendEntries to vehicle 7 (n_entries=0, leader_commit=2)
96667.2ms Vehicle 1 RECEIVED AppendEntries from 2 (n_entries=0, leader_commit=2)
96668.9ms Vehicle 7 RECEIVED AppendEntries from 2 (n_entries=0, leader_commit=2)
96804.2ms Leader 2 SENDING AppendEntries to vehicle 1 (n_entries=0, leader_commit=2)
96804.2ms Leader 2 SENDING AppendEntries to vehicle 4 (n_entries=4, leader_commit=2)
96804.2ms Leader 2 SENDING AppendEntries to vehicle 5 (n_entries=4, leader_commit=2)
96804.2ms Leader 2 SENDING AppendEntries to vehicle 6 (n_entries=4, leader_commit=2)
96804.2ms Leader 2 SENDING AppendEntries to vehicle 7 (n_entries=0, leader_commit=2)
96807.5ms Vehicle 7 RECEIVED AppendEntries from 2 (n_entries=0, leader_commit=2)
96807.9ms Vehicle 1 RECEIVED AppendEntries from 2 (n_entries=0, leader_commit=2)
96944.2ms Leader 2 SENDING AppendEntries to vehicle 1 (n_entries=0, leader_commit=2)
96944.2ms Leader 2 SENDING AppendEntries to vehicle 4 (n_entries=4, leader_commit=2)
96944.2ms Leader 2 SENDING AppendEntries to vehicle 5 (n_entries=4, leader_commit=2)
96944.2ms Leader 2 SENDING AppendEntries to vehicle 6 (n_entries=4, leader_commit=2)
96944.2ms Leader 2 SENDING AppendEntries to vehicle 7 (n_entries=0, leader_commit=2)
96948.0ms Vehicle 7 RECEIVED AppendEntries from 2 (n_entries=0, leader_commit=2)
96949.0ms Vehicle 1 RECEIVED AppendEntries from 2 (n_entries=0, leader_commit=2)
97084.2ms Leader 2 SENDING AppendEntries to vehicle 1 (n_entries=0, leader_commit=2)
97084.2ms Leader 2 SENDING AppendEntries to vehicle 4 (n_entries=4, leader_commit=2)
97084.2ms Leader 2 SENDING AppendEntries to vehicle 5 (n_entries=4, leader_commit=2)
97084.2ms Leader 2 SENDING AppendEntries to vehicle 6 (n_entries=4, leader_commit=2)
97084.2ms Leader 2 SENDING AppendEntries to vehicle 7 (n_entries=0, leader_commit=2)
97087.1ms Vehicle 1 RECEIVED AppendEntries from 2 (n_entries=0, leader_commit=2)
97087.4ms Vehicle 7 RECEIVED AppendEntries from 2 (n_entries=0, leader_commit=2)
97224.2ms Leader 2 SENDING AppendEntries to vehicle 1 (n_entries=0, leader_commit=2)
97224.2ms Leader 2 SENDING AppendEntries to vehicle 4 (n_entries=4, leader_commit=2)
97224.2ms Leader 2 SENDING AppendEntries to vehicle 5 (n_entries=4, leader_commit=2)
97224.2ms Leader 2 SENDING AppendEntries to vehicle 6 (n_entries=4, leader_commit=2)
97224.2ms Leader 2 SENDING AppendEntries to vehicle 7 (n_entries=0, leader_commit=2)
97225.7ms Vehicle 7 RECEIVED AppendEntries from 2 (n_entries=0, leader_commit=2)
97227.3ms Vehicle 1 RECEIVED AppendEntries from 2 (n_entries=0, leader_commit=2)
97364.2ms Leader 2 SENDING AppendEntries to vehicle 1 (n_entries=0, leader_commit=2)
97364.2ms Leader 2 SENDING AppendEntries to vehicle 4 (n_entries=4, leader_commit=2)
97364.2ms Leader 2 SENDING AppendEntries to vehicle 5 (n_entries=4, leader_commit=2)
97364.2ms Leader 2 SENDING AppendEntries to vehicle 6 (n_entries=4, leader_commit=2)
97364.2ms Leader 2 SENDING AppendEntries to vehicle 7 (n_entries=0, leader_commit=2)
97366.0ms Vehicle 1 RECEIVED AppendEntries from 2 (n_entries=0, leader_commit=2)
97366.9ms Vehicle 7 RECEIVED AppendEntries from 2 (n_entries=0, leader_commit=2)
97504.2ms Leader 2 SENDING AppendEntries to vehicle 1 (n_entries=0, leader_commit=2)
97504.2ms Leader 2 SENDING AppendEntries to vehicle 4 (n_entries=4, leader_commit=2)
97504.2ms Leader 2 SENDING AppendEntries to vehicle 5 (n_entries=4, leader_commit=2)
97504.2ms Leader 2 SENDING AppendEntries to vehicle 6 (n_entries=4, leader_commit=2)
97504.2ms Leader 2 SENDING AppendEntries to vehicle 7 (n_entries=0, leader_commit=2)
97506.3ms Vehicle 7 RECEIVED AppendEntries from 2 (n_entries=0, leader_commit=2)
97508.5ms Vehicle 1 RECEIVED AppendEntries from 2 (n_entries=0, leader_commit=2)
97644.2ms Leader 2 SENDING AppendEntries to vehicle 1 (n_entries=0, leader_commit=2)
97644.2ms Leader 2 SENDING AppendEntries to vehicle 4 (n_entries=4, leader_commit=2)
97644.2ms Leader 2 SENDING AppendEntries to vehicle 5 (n_entries=4, leader_commit=2)
97644.2ms Leader 2 SENDING AppendEntries to vehicle 6 (n_entries=4, leader_commit=2)
97644.2ms Leader 2 SENDING AppendEntries to vehicle 7 (n_entries=0, leader_commit=2)
97645.8ms Vehicle 1 RECEIVED AppendEntries from 2 (n_entries=0, leader_commit=2)
97646.2ms Vehicle 7 RECEIVED AppendEntries from 2 (n_entries=0, leader_commit=2)
97784.2ms Leader 2 SENDING AppendEntries to vehicle 1 (n_entries=0, leader_commit=2)
97784.2ms Leader 2 SENDING AppendEntries to vehicle 4 (n_entries=4, leader_commit=2)
97784.2ms Leader 2 SENDING AppendEntries to vehicle 5 (n_entries=4, leader_commit=2)
97784.2ms Leader 2 SENDING AppendEntries to vehicle 6 (n_entries=4, leader_commit=2)
97784.2ms Leader 2 SENDING AppendEntries to vehicle 7 (n_entries=0, leader_commit=2)
97785.7ms Vehicle 1 RECEIVED AppendEntries from 2 (n_entries=0, leader_commit=2)
97787.5ms Vehicle 7 RECEIVED AppendEntries from 2 (n_entries=0, leader_commit=2)
97924.2ms Leader 2 SENDING AppendEntries to vehicle 1 (n_entries=0, leader_commit=2)
97924.2ms Leader 2 SENDING AppendEntries to vehicle 4 (n_entries=4, leader_commit=2)
97924.2ms Leader 2 SENDING AppendEntries to vehicle 5 (n_entries=4, leader_commit=2)
97924.2ms Leader 2 SENDING AppendEntries to vehicle 6 (n_entries=4, leader_commit=2)
97924.2ms Leader 2 SENDING AppendEntries to vehicle 7 (n_entries=0, leader_commit=2)
97925.8ms Vehicle 1 RECEIVED AppendEntries from 2 (n_entries=0, leader_commit=2)
97928.3ms Vehicle 7 RECEIVED AppendEntries from 2 (n_entries=0, leader_commit=2)
98064.2ms Leader 2 SENDING AppendEntries to vehicle 1 (n_entries=0, leader_commit=2)
98064.2ms Leader 2 SENDING AppendEntries to vehicle 4 (n_entries=4, leader_commit=2)
98064.2ms Leader 2 SENDING AppendEntries to vehicle 5 (n_entries=4, leader_commit=2)
98064.2ms Leader 2 SENDING AppendEntries to vehicle 6 (n_entries=4, leader_commit=2)
98064.2ms Leader 2 SENDING AppendEntries to vehicle 7 (n_entries=0, leader_commit=2)
98065.6ms Vehicle 1 RECEIVED AppendEntries from 2 (n_entries=0, leader_commit=2)
98068.1ms Vehicle 7 RECEIVED AppendEntries from 2 (n_entries=0, leader_commit=2)
98204.2ms Leader 2 SENDING AppendEntries to vehicle 1 (n_entries=0, leader_commit=2)
98204.2ms Leader 2 SENDING AppendEntries to vehicle 4 (n_entries=4, leader_commit=2)
98204.2ms Leader 2 SENDING AppendEntries to vehicle 5 (n_entries=4, leader_commit=2)
98204.2ms Leader 2 SENDING AppendEntries to vehicle 6 (n_entries=4, leader_commit=2)
98204.2ms Leader 2 SENDING AppendEntries to vehicle 7 (n_entries=0, leader_commit=2)
98205.9ms Vehicle 7 RECEIVED AppendEntries from 2 (n_entries=0, leader_commit=2)
98207.9ms Vehicle 1 RECEIVED AppendEntries from 2 (n_entries=0, leader_commit=2)
98344.2ms Leader 2 SENDING AppendEntries to vehicle 1 (n_entries=0, leader_commit=2)
98344.2ms Leader 2 SENDING AppendEntries to vehicle 4 (n_entries=4, leader_commit=2)
98344.2ms Leader 2 SENDING AppendEntries to vehicle 5 (n_entries=4, leader_commit=2)
98344.2ms Leader 2 SENDING AppendEntries to vehicle 6 (n_entries=4, leader_commit=2)
98344.2ms Leader 2 SENDING AppendEntries to vehicle 7 (n_entries=0, leader_commit=2)
98346.2ms Vehicle 1 RECEIVED AppendEntries from 2 (n_entries=0, leader_commit=2)
98348.0ms Vehicle 7 RECEIVED AppendEntries from 2 (n_entries=0, leader_commit=2)
98484.2ms Leader 2 SENDING AppendEntries to vehicle 1 (n_entries=0, leader_commit=2)
98484.2ms Leader 2 SENDING AppendEntries to vehicle 4 (n_entries=4, leader_commit=2)
98484.2ms Leader 2 SENDING AppendEntries to vehicle 5 (n_entries=4, leader_commit=2)
98484.2ms Leader 2 SENDING AppendEntries to vehicle 6 (n_entries=4, leader_commit=2)
98484.2ms Leader 2 SENDING AppendEntries to vehicle 7 (n_entries=0, leader_commit=2)
98485.6ms Vehicle 1 RECEIVED AppendEntries from 2 (n_entries=0, leader_commit=2)
98488.2ms Vehicle 7 RECEIVED AppendEntries from 2 (n_entries=0, leader_commit=2)
98624.2ms Leader 2 SENDING AppendEntries to vehicle 1 (n_entries=0, leader_commit=2)
98624.2ms Leader 2 SENDING AppendEntries to vehicle 4 (n_entries=4, leader_commit=2)
98624.2ms Leader 2 SENDING AppendEntries to vehicle 5 (n_entries=4, leader_commit=2)
98624.2ms Leader 2 SENDING AppendEntries to vehicle 6 (n_entries=4, leader_commit=2)
98624.2ms Leader 2 SENDING AppendEntries to vehicle 7 (n_entries=0, leader_commit=2)
98626.4ms Vehicle 7 RECEIVED AppendEntries from 2 (n_entries=0, leader_commit=2)
98628.3ms Vehicle 1 RECEIVED AppendEntries from 2 (n_entries=0, leader_commit=2)
98764.2ms Leader 2 SENDING AppendEntries to vehicle 1 (n_entries=0, leader_commit=2)
98764.2ms Leader 2 SENDING AppendEntries to vehicle 4 (n_entries=4, leader_commit=2)
98764.2ms Leader 2 SENDING AppendEntries to vehicle 5 (n_entries=4, leader_commit=2)
98764.2ms Leader 2 SENDING AppendEntries to vehicle 6 (n_entries=4, leader_commit=2)
98764.2ms Leader 2 SENDING AppendEntries to vehicle 7 (n_entries=0, leader_commit=2)
98765.6ms Vehicle 1 RECEIVED AppendEntries from 2 (n_entries=0, leader_commit=2)
98766.7ms Vehicle 7 RECEIVED AppendEntries from 2 (n_entries=0, leader_commit=2)
98904.2ms Leader 2 SENDING AppendEntries to vehicle 1 (n_entries=0, leader_commit=2)
98904.2ms Leader 2 SENDING AppendEntries to vehicle 4 (n_entries=4, leader_commit=2)
98904.2ms Leader 2 SENDING AppendEntries to vehicle 5 (n_entries=4, leader_commit=2)
98904.2ms Leader 2 SENDING AppendEntries to vehicle 6 (n_entries=4, leader_commit=2)
98904.2ms Leader 2 SENDING AppendEntries to vehicle 7 (n_entries=0, leader_commit=2)
98906.8ms Vehicle 7 RECEIVED AppendEntries from 2 (n_entries=0, leader_commit=2)
98907.8ms Vehicle 1 RECEIVED AppendEntries from 2 (n_entries=0, leader_commit=2)
99044.2ms Leader 2 SENDING AppendEntries to vehicle 1 (n_entries=0, leader_commit=2)
99044.2ms Leader 2 SENDING AppendEntries to vehicle 4 (n_entries=4, leader_commit=2)
99044.2ms Leader 2 SENDING AppendEntries to vehicle 5 (n_entries=4, leader_commit=2)
99044.2ms Leader 2 SENDING AppendEntries to vehicle 6 (n_entries=4, leader_commit=2)
99044.2ms Leader 2 SENDING AppendEntries to vehicle 7 (n_entries=0, leader_commit=2)
99046.7ms Vehicle 1 RECEIVED AppendEntries from 2 (n_entries=0, leader_commit=2)
99048.3ms Vehicle 7 RECEIVED AppendEntries from 2 (n_entries=0, leader_commit=2)
99184.2ms Leader 2 SENDING AppendEntries to vehicle 1 (n_entries=0, leader_commit=2)
99184.2ms Leader 2 SENDING AppendEntries to vehicle 4 (n_entries=4, leader_commit=2)
99184.2ms Leader 2 SENDING AppendEntries to vehicle 5 (n_entries=4, leader_commit=2)
99184.2ms Leader 2 SENDING AppendEntries to vehicle 6 (n_entries=4, leader_commit=2)
99184.2ms Leader 2 SENDING AppendEntries to vehicle 7 (n_entries=0, leader_commit=2)
99186.0ms Vehicle 7 RECEIVED AppendEntries from 2 (n_entries=0, leader_commit=2)
99187.2ms Vehicle 1 RECEIVED AppendEntries from 2 (n_entries=0, leader_commit=2)
99324.2ms Leader 2 SENDING AppendEntries to vehicle 1 (n_entries=0, leader_commit=2)
99324.2ms Leader 2 SENDING AppendEntries to vehicle 4 (n_entries=4, leader_commit=2)
99324.2ms Leader 2 SENDING AppendEntries to vehicle 5 (n_entries=4, leader_commit=2)
99324.2ms Leader 2 SENDING AppendEntries to vehicle 6 (n_entries=4, leader_commit=2)
99324.2ms Leader 2 SENDING AppendEntries to vehicle 7 (n_entries=0, leader_commit=2)
99325.5ms Vehicle 7 RECEIVED AppendEntries from 2 (n_entries=0, leader_commit=2)
99325.8ms Vehicle 1 RECEIVED AppendEntries from 2 (n_entries=0, leader_commit=2)
99464.2ms Leader 2 SENDING AppendEntries to vehicle 1 (n_entries=0, leader_commit=2)
99464.2ms Leader 2 SENDING AppendEntries to vehicle 4 (n_entries=4, leader_commit=2)
99464.2ms Leader 2 SENDING AppendEntries to vehicle 5 (n_entries=4, leader_commit=2)
99464.2ms Leader 2 SENDING AppendEntries to vehicle 6 (n_entries=4, leader_commit=2)
99464.2ms Leader 2 SENDING AppendEntries to vehicle 7 (n_entries=0, leader_commit=2)
99467.3ms Vehicle 1 RECEIVED AppendEntries from 2 (n_entries=0, leader_commit=2)
99467.6ms Vehicle 7 RECEIVED AppendEntries from 2 (n_entries=0, leader_commit=2)
99604.2ms Leader 2 SENDING AppendEntries to vehicle 1 (n_entries=0, leader_commit=2)
99604.2ms Leader 2 SENDING AppendEntries to vehicle 4 (n_entries=4, leader_commit=2)
99604.2ms Leader 2 SENDING AppendEntries to vehicle 5 (n_entries=4, leader_commit=2)
99604.2ms Leader 2 SENDING AppendEntries to vehicle 6 (n_entries=4, leader_commit=2)
99604.2ms Leader 2 SENDING AppendEntries to vehicle 7 (n_entries=0, leader_commit=2)
99607.4ms Vehicle 7 RECEIVED AppendEntries from 2 (n_entries=0, leader_commit=2)
99608.2ms Vehicle 1 RECEIVED AppendEntries from 2 (n_entries=0, leader_commit=2)
99744.2ms Leader 2 SENDING AppendEntries to vehicle 1 (n_entries=0, leader_commit=2)
99744.2ms Leader 2 SENDING AppendEntries to vehicle 4 (n_entries=4, leader_commit=2)
99744.2ms Leader 2 SENDING AppendEntries to vehicle 5 (n_entries=4, leader_commit=2)
99744.2ms Leader 2 SENDING AppendEntries to vehicle 6 (n_entries=4, leader_commit=2)
99744.2ms Leader 2 SENDING AppendEntries to vehicle 7 (n_entries=0, leader_commit=2)
99748.3ms Vehicle 7 RECEIVED AppendEntries from 2 (n_entries=0, leader_commit=2)
99748.7ms Vehicle 1 RECEIVED AppendEntries from 2 (n_entries=0, leader_commit=2)
99884.2ms Leader 2 SENDING AppendEntries to vehicle 1 (n_entries=0, leader_commit=2)
99884.2ms Leader 2 SENDING AppendEntries to vehicle 4 (n_entries=4, leader_commit=2)
99884.2ms Leader 2 SENDING AppendEntries to vehicle 5 (n_entries=4, leader_commit=2)
99884.2ms Leader 2 SENDING AppendEntries to vehicle 6 (n_entries=4, leader_commit=2)
99884.2ms Leader 2 SENDING AppendEntries to vehicle 7 (n_entries=0, leader_commit=2)
99887.5ms Vehicle 7 RECEIVED AppendEntries from 2 (n_entries=0, leader_commit=2)
99888.7ms Vehicle 1 RECEIVED AppendEntries from 2 (n_entries=0, leader_commit=2)
100024.2ms Leader 2 SENDING AppendEntries to vehicle 1 (n_entries=0, leader_commit=2)
100024.2ms Leader 2 SENDING AppendEntries to vehicle 4 (n_entries=4, leader_commit=2)
100024.2ms Leader 2 SENDING AppendEntries to vehicle 5 (n_entries=4, leader_commit=2)
100024.2ms Leader 2 SENDING AppendEntries to vehicle 6 (n_entries=4, leader_commit=2)
100024.2ms Leader 2 SENDING AppendEntries to vehicle 7 (n_entries=0, leader_commit=2)
100027.1ms Vehicle 7 RECEIVED AppendEntries from 2 (n_entries=0, leader_commit=2)
100029.2ms Vehicle 1 RECEIVED AppendEntries from 2 (n_entries=0, leader_commit=2)
100164.2ms Leader 2 SENDING AppendEntries to vehicle 1 (n_entries=0, leader_commit=2)
100164.2ms Leader 2 SENDING AppendEntries to vehicle 4 (n_entries=4, leader_commit=2)
100164.2ms Leader 2 SENDING AppendEntries to vehicle 5 (n_entries=4, leader_commit=2)
100164.2ms Leader 2 SENDING AppendEntries to vehicle 6 (n_entries=4, leader_commit=2)
100164.2ms Leader 2 SENDING AppendEntries to vehicle 7 (n_entries=0, leader_commit=2)
100168.1ms Vehicle 1 RECEIVED AppendEntries from 2 (n_entries=0, leader_commit=2)
100168.5ms Vehicle 7 RECEIVED AppendEntries from 2 (n_entries=0, leader_commit=2)
100304.2ms Leader 2 SENDING AppendEntries to vehicle 1 (n_entries=0, leader_commit=2)
100304.2ms Leader 2 SENDING AppendEntries to vehicle 4 (n_entries=4, leader_commit=2)
100304.2ms Leader 2 SENDING AppendEntries to vehicle 5 (n_entries=4, leader_commit=2)
100304.2ms Leader 2 SENDING AppendEntries to vehicle 6 (n_entries=4, leader_commit=2)
100304.2ms Leader 2 SENDING AppendEntries to vehicle 7 (n_entries=0, leader_commit=2)
100306.9ms Vehicle 1 RECEIVED AppendEntries from 2 (n_entries=0, leader_commit=2)
100307.2ms Vehicle 7 RECEIVED AppendEntries from 2 (n_entries=0, leader_commit=2)
100444.2ms Leader 2 SENDING AppendEntries to vehicle 1 (n_entries=0, leader_commit=2)
100444.2ms Leader 2 SENDING AppendEntries to vehicle 4 (n_entries=4, leader_commit=2)
100444.2ms Leader 2 SENDING AppendEntries to vehicle 5 (n_entries=4, leader_commit=2)
100444.2ms Leader 2 SENDING AppendEntries to vehicle 6 (n_entries=4, leader_commit=2)
100444.2ms Leader 2 SENDING AppendEntries to vehicle 7 (n_entries=0, leader_commit=2)
100448.4ms Vehicle 1 RECEIVED AppendEntries from 2 (n_entries=0, leader_commit=2)
100448.7ms Vehicle 7 RECEIVED AppendEntries from 2 (n_entries=0, leader_commit=2)
100584.2ms Leader 2 SENDING AppendEntries to vehicle 1 (n_entries=0, leader_commit=2)
100584.2ms Leader 2 SENDING AppendEntries to vehicle 4 (n_entries=4, leader_commit=2)
100584.2ms Leader 2 SENDING AppendEntries to vehicle 5 (n_entries=4, leader_commit=2)
100584.2ms Leader 2 SENDING AppendEntries to vehicle 6 (n_entries=4, leader_commit=2)
100584.2ms Leader 2 SENDING AppendEntries to vehicle 7 (n_entries=0, leader_commit=2)
100585.5ms Vehicle 1 RECEIVED AppendEntries from 2 (n_entries=0, leader_commit=2)
100588.0ms Vehicle 7 RECEIVED AppendEntries from 2 (n_entries=0, leader_commit=2)
100724.2ms Leader 2 SENDING AppendEntries to vehicle 1 (n_entries=0, leader_commit=2)
100724.2ms Leader 2 SENDING AppendEntries to vehicle 4 (n_entries=4, leader_commit=2)
100724.2ms Leader 2 SENDING AppendEntries to vehicle 5 (n_entries=4, leader_commit=2)
100724.2ms Leader 2 SENDING AppendEntries to vehicle 6 (n_entries=4, leader_commit=2)
100724.2ms Leader 2 SENDING AppendEntries to vehicle 7 (n_entries=0, leader_commit=2)
100727.5ms Vehicle 7 RECEIVED AppendEntries from 2 (n_entries=0, leader_commit=2)
100727.8ms Vehicle 1 RECEIVED AppendEntries from 2 (n_entries=0, leader_commit=2)
100864.2ms Leader 2 SENDING AppendEntries to vehicle 1 (n_entries=0, leader_commit=2)
100864.2ms Leader 2 SENDING AppendEntries to vehicle 4 (n_entries=4, leader_commit=2)
100864.2ms Leader 2 SENDING AppendEntries to vehicle 5 (n_entries=4, leader_commit=2)
100864.2ms Leader 2 SENDING AppendEntries to vehicle 6 (n_entries=4, leader_commit=2)
100864.2ms Leader 2 SENDING AppendEntries to vehicle 7 (n_entries=0, leader_commit=2)
100866.7ms Vehicle 1 RECEIVED AppendEntries from 2 (n_entries=0, leader_commit=2)
100868.8ms Vehicle 7 RECEIVED AppendEntries from 2 (n_entries=0, leader_commit=2)
101004.2ms Leader 2 SENDING AppendEntries to vehicle 1 (n_entries=0, leader_commit=2)
101004.2ms Leader 2 SENDING AppendEntries to vehicle 4 (n_entries=4, leader_commit=2)
101004.2ms Leader 2 SENDING AppendEntries to vehicle 5 (n_entries=4, leader_commit=2)
101004.2ms Leader 2 SENDING AppendEntries to vehicle 6 (n_entries=4, leader_commit=2)
101004.2ms Leader 2 SENDING AppendEntries to vehicle 7 (n_entries=0, leader_commit=2)
101006.4ms Vehicle 1 RECEIVED AppendEntries from 2 (n_entries=0, leader_commit=2)
101009.3ms Vehicle 7 RECEIVED AppendEntries from 2 (n_entries=0, leader_commit=2)
101144.2ms Leader 2 SENDING AppendEntries to vehicle 1 (n_entries=0, leader_commit=2)
101144.2ms Leader 2 SENDING AppendEntries to vehicle 4 (n_entries=4, leader_commit=2)
101144.2ms Leader 2 SENDING AppendEntries to vehicle 5 (n_entries=4, leader_commit=2)
101144.2ms Leader 2 SENDING AppendEntries to vehicle 6 (n_entries=4, leader_commit=2)
101144.2ms Leader 2 SENDING AppendEntries to vehicle 7 (n_entries=0, leader_commit=2)
101145.8ms Vehicle 1 RECEIVED AppendEntries from 2 (n_entries=0, leader_commit=2)
101149.0ms Vehicle 7 RECEIVED AppendEntries from 2 (n_entries=0, leader_commit=2)
101284.2ms Leader 2 SENDING AppendEntries to vehicle 1 (n_entries=0, leader_commit=2)
101284.2ms Leader 2 SENDING AppendEntries to vehicle 4 (n_entries=4, leader_commit=2)
101284.2ms Leader 2 SENDING AppendEntries to vehicle 5 (n_entries=4, leader_commit=2)
101284.2ms Leader 2 SENDING AppendEntries to vehicle 6 (n_entries=4, leader_commit=2)
101284.2ms Leader 2 SENDING AppendEntries to vehicle 7 (n_entries=0, leader_commit=2)
101287.7ms Vehicle 7 RECEIVED AppendEntries from 2 (n_entries=0, leader_commit=2)
101288.2ms Vehicle 1 RECEIVED AppendEntries from 2 (n_entries=0, leader_commit=2)
101424.2ms Leader 2 SENDING AppendEntries to vehicle 1 (n_entries=0, leader_commit=2)
101424.2ms Leader 2 SENDING AppendEntries to vehicle 4 (n_entries=4, leader_commit=2)
101424.2ms Leader 2 SENDING AppendEntries to vehicle 5 (n_entries=4, leader_commit=2)
101424.2ms Leader 2 SENDING AppendEntries to vehicle 6 (n_entries=4, leader_commit=2)
101424.2ms Leader 2 SENDING AppendEntries to vehicle 7 (n_entries=0, leader_commit=2)
101428.3ms Vehicle 7 RECEIVED AppendEntries from 2 (n_entries=0, leader_commit=2)
101428.9ms Vehicle 1 RECEIVED AppendEntries from 2 (n_entries=0, leader_commit=2)
101564.2ms Leader 2 SENDING AppendEntries to vehicle 1 (n_entries=0, leader_commit=2)
101564.2ms Leader 2 SENDING AppendEntries to vehicle 4 (n_entries=4, leader_commit=2)
101564.2ms Leader 2 SENDING AppendEntries to vehicle 5 (n_entries=4, leader_commit=2)
101564.2ms Leader 2 SENDING AppendEntries to vehicle 6 (n_entries=4, leader_commit=2)
101564.2ms Leader 2 SENDING AppendEntries to vehicle 7 (n_entries=0, leader_commit=2)
101568.6ms Vehicle 1 RECEIVED AppendEntries from 2 (n_entries=0, leader_commit=2)
101569.3ms Vehicle 7 RECEIVED AppendEntries from 2 (n_entries=0, leader_commit=2)
101704.2ms Leader 2 SENDING AppendEntries to vehicle 1 (n_entries=0, leader_commit=2)
101704.2ms Leader 2 SENDING AppendEntries to vehicle 4 (n_entries=4, leader_commit=2)
101704.2ms Leader 2 SENDING AppendEntries to vehicle 5 (n_entries=4, leader_commit=2)
101704.2ms Leader 2 SENDING AppendEntries to vehicle 6 (n_entries=4, leader_commit=2)
101704.2ms Leader 2 SENDING AppendEntries to vehicle 7 (n_entries=0, leader_commit=2)
101707.8ms Vehicle 7 RECEIVED AppendEntries from 2 (n_entries=0, leader_commit=2)
101709.0ms Vehicle 1 RECEIVED AppendEntries from 2 (n_entries=0, leader_commit=2)
101844.2ms Vehicle 2 EXECUTING oneshot cb
101844.2ms Vehicle 2 BATCH SAFETY FALLBACK (lost VEHICLE_LEFT?) for batch 3
101844.2ms Vehicle 2 RESUMING movement
101844.2ms Leader 2 SENDING AppendEntries to vehicle 1 (n_entries=0, leader_commit=2)
101844.2ms Leader 2 SENDING AppendEntries to vehicle 4 (n_entries=4, leader_commit=2)
101844.2ms Leader 2 SENDING AppendEntries to vehicle 5 (n_entries=4, leader_commit=2)
101844.2ms Leader 2 SENDING AppendEntries to vehicle 6 (n_entries=4, leader_commit=2)
101844.2ms Leader 2 SENDING AppendEntries to vehicle 7 (n_entries=0, leader_commit=2)
101845.6ms Vehicle 7 RECEIVED AppendEntries from 2 (n_entries=0, leader_commit=2)
101848.9ms Vehicle 1 RECEIVED AppendEntries from 2 (n_entries=0, leader_commit=2)
101968.9ms Vehicle 7 EXECUTING oneshot cb
101968.9ms Vehicle 7 BATCH SAFETY FALLBACK (lost VEHICLE_LEFT?) for batch 3
101968.9ms Vehicle 7 RESUMING movement
101984.2ms Leader 2 SENDING AppendEntries to vehicle 1 (n_entries=0, leader_commit=2)
101984.2ms Leader 2 SENDING AppendEntries to vehicle 4 (n_entries=4, leader_commit=2)
101984.2ms Leader 2 SENDING AppendEntries to vehicle 5 (n_entries=4, leader_commit=2)
101984.2ms Leader 2 SENDING AppendEntries to vehicle 6 (n_entries=4, leader_commit=2)
101984.2ms Leader 2 SENDING AppendEntries to vehicle 7 (n_entries=0, leader_commit=2)
101986.0ms Vehicle 1 RECEIVED AppendEntries from 2 (n_entries=0, leader_commit=2)
101988.7ms Vehicle 7 RECEIVED AppendEntries from 2 (n_entries=0, leader_commit=2)
102124.2ms Leader 2 SENDING AppendEntries to vehicle 1 (n_entries=0, leader_commit=2)
102124.2ms Leader 2 SENDING AppendEntries to vehicle 4 (n_entries=4, leader_commit=2)
102124.2ms Leader 2 SENDING AppendEntries to vehicle 5 (n_entries=4, leader_commit=2)
102124.2ms Leader 2 SENDING AppendEntries to vehicle 6 (n_entries=4, leader_commit=2)
102124.2ms Leader 2 SENDING AppendEntries to vehicle 7 (n_entries=0, leader_commit=2)
102126.8ms Vehicle 1 RECEIVED AppendEntries from 2 (n_entries=0, leader_commit=2)
102129.1ms Vehicle 7 RECEIVED AppendEntries from 2 (n_entries=0, leader_commit=2)
102264.2ms Leader 2 SENDING AppendEntries to vehicle 1 (n_entries=0, leader_commit=2)
102264.2ms Leader 2 SENDING AppendEntries to vehicle 4 (n_entries=4, leader_commit=2)
102264.2ms Leader 2 SENDING AppendEntries to vehicle 5 (n_entries=4, leader_commit=2)
102264.2ms Leader 2 SENDING AppendEntries to vehicle 6 (n_entries=4, leader_commit=2)
102264.2ms Leader 2 SENDING AppendEntries to vehicle 7 (n_entries=0, leader_commit=2)
102266.1ms Vehicle 1 RECEIVED AppendEntries from 2 (n_entries=0, leader_commit=2)
102266.7ms Vehicle 7 RECEIVED AppendEntries from 2 (n_entries=0, leader_commit=2)
102404.2ms Leader 2 SENDING AppendEntries to vehicle 1 (n_entries=0, leader_commit=2)
102404.2ms Leader 2 SENDING AppendEntries to vehicle 4 (n_entries=4, leader_commit=2)
102404.2ms Leader 2 SENDING AppendEntries to vehicle 5 (n_entries=4, leader_commit=2)
102404.2ms Leader 2 SENDING AppendEntries to vehicle 6 (n_entries=4, leader_commit=2)
102404.2ms Leader 2 SENDING AppendEntries to vehicle 7 (n_entries=0, leader_commit=2)
102408.5ms Vehicle 7 RECEIVED AppendEntries from 2 (n_entries=0, leader_commit=2)
102408.8ms Vehicle 1 RECEIVED AppendEntries from 2 (n_entries=0, leader_commit=2)
102544.2ms Leader 2 SENDING AppendEntries to vehicle 1 (n_entries=0, leader_commit=2)
102544.2ms Leader 2 SENDING AppendEntries to vehicle 4 (n_entries=4, leader_commit=2)
102544.2ms Leader 2 SENDING AppendEntries to vehicle 5 (n_entries=4, leader_commit=2)
102544.2ms Leader 2 SENDING AppendEntries to vehicle 6 (n_entries=4, leader_commit=2)
102544.2ms Leader 2 SENDING AppendEntries to vehicle 7 (n_entries=0, leader_commit=2)
102547.3ms Vehicle 7 RECEIVED AppendEntries from 2 (n_entries=0, leader_commit=2)
102549.4ms Vehicle 1 RECEIVED AppendEntries from 2 (n_entries=0, leader_commit=2)
102684.2ms Leader 2 SENDING AppendEntries to vehicle 1 (n_entries=0, leader_commit=2)
102684.2ms Leader 2 SENDING AppendEntries to vehicle 4 (n_entries=4, leader_commit=2)
102684.2ms Leader 2 SENDING AppendEntries to vehicle 5 (n_entries=4, leader_commit=2)
102684.2ms Leader 2 SENDING AppendEntries to vehicle 6 (n_entries=4, leader_commit=2)
102684.2ms Leader 2 SENDING AppendEntries to vehicle 7 (n_entries=0, leader_commit=2)
102685.8ms Vehicle 7 RECEIVED AppendEntries from 2 (n_entries=0, leader_commit=2)
102688.5ms Vehicle 1 RECEIVED AppendEntries from 2 (n_entries=0, leader_commit=2)
102824.2ms Leader 2 SENDING AppendEntries to vehicle 1 (n_entries=0, leader_commit=2)
102824.2ms Leader 2 SENDING AppendEntries to vehicle 4 (n_entries=4, leader_commit=2)
102824.2ms Leader 2 SENDING AppendEntries to vehicle 5 (n_entries=4, leader_commit=2)
102824.2ms Leader 2 SENDING AppendEntries to vehicle 6 (n_entries=4, leader_commit=2)
102824.2ms Leader 2 SENDING AppendEntries to vehicle 7 (n_entries=0, leader_commit=2)
102825.6ms Vehicle 1 RECEIVED AppendEntries from 2 (n_entries=0, leader_commit=2)
102828.8ms Vehicle 7 RECEIVED AppendEntries from 2 (n_entries=0, leader_commit=2)
102964.2ms Leader 2 SENDING AppendEntries to vehicle 1 (n_entries=0, leader_commit=2)
102964.2ms Leader 2 SENDING AppendEntries to vehicle 4 (n_entries=4, leader_commit=2)
102964.2ms Leader 2 SENDING AppendEntries to vehicle 5 (n_entries=4, leader_commit=2)
102964.2ms Leader 2 SENDING AppendEntries to vehicle 6 (n_entries=4, leader_commit=2)
102964.2ms Leader 2 SENDING AppendEntries to vehicle 7 (n_entries=0, leader_commit=2)
102965.8ms Vehicle 1 RECEIVED AppendEntries from 2 (n_entries=0, leader_commit=2)
102968.6ms Vehicle 7 RECEIVED AppendEntries from 2 (n_entries=0, leader_commit=2)
103104.2ms Leader 2 SENDING AppendEntries to vehicle 1 (n_entries=0, leader_commit=2)
103104.2ms Leader 2 SENDING AppendEntries to vehicle 4 (n_entries=4, leader_commit=2)
103104.2ms Leader 2 SENDING AppendEntries to vehicle 5 (n_entries=4, leader_commit=2)
103104.2ms Leader 2 SENDING AppendEntries to vehicle 6 (n_entries=4, leader_commit=2)
103104.2ms Leader 2 SENDING AppendEntries to vehicle 7 (n_entries=0, leader_commit=2)
103106.8ms Vehicle 1 RECEIVED AppendEntries from 2 (n_entries=0, leader_commit=2)
103107.1ms Vehicle 7 RECEIVED AppendEntries from 2 (n_entries=0, leader_commit=2)
103244.2ms Leader 2 SENDING AppendEntries to vehicle 1 (n_entries=0, leader_commit=2)
103244.2ms Leader 2 SENDING AppendEntries to vehicle 4 (n_entries=4, leader_commit=2)
103244.2ms Leader 2 SENDING AppendEntries to vehicle 5 (n_entries=4, leader_commit=2)
103244.2ms Leader 2 SENDING AppendEntries to vehicle 6 (n_entries=4, leader_commit=2)
103244.2ms Leader 2 SENDING AppendEntries to vehicle 7 (n_entries=0, leader_commit=2)
103246.7ms Vehicle 1 RECEIVED AppendEntries from 2 (n_entries=0, leader_commit=2)
103249.0ms Vehicle 7 RECEIVED AppendEntries from 2 (n_entries=0, leader_commit=2)
103384.2ms Leader 2 SENDING AppendEntries to vehicle 1 (n_entries=0, leader_commit=2)
103384.2ms Leader 2 SENDING AppendEntries to vehicle 4 (n_entries=4, leader_commit=2)
103384.2ms Leader 2 SENDING AppendEntries to vehicle 5 (n_entries=4, leader_commit=2)
103384.2ms Leader 2 SENDING AppendEntries to vehicle 6 (n_entries=4, leader_commit=2)
103384.2ms Leader 2 SENDING AppendEntries to vehicle 7 (n_entries=0, leader_commit=2)
103386.5ms Vehicle 7 RECEIVED AppendEntries from 2 (n_entries=0, leader_commit=2)
103388.0ms Vehicle 1 RECEIVED AppendEntries from 2 (n_entries=0, leader_commit=2)
103524.2ms Leader 2 SENDING AppendEntries to vehicle 1 (n_entries=0, leader_commit=2)
103524.2ms Leader 2 SENDING AppendEntries to vehicle 4 (n_entries=4, leader_commit=2)
103524.2ms Leader 2 SENDING AppendEntries to vehicle 5 (n_entries=4, leader_commit=2)
103524.2ms Leader 2 SENDING AppendEntries to vehicle 6 (n_entries=4, leader_commit=2)
103524.2ms Leader 2 SENDING AppendEntries to vehicle 7 (n_entries=0, leader_commit=2)
103526.4ms Vehicle 1 RECEIVED AppendEntries from 2 (n_entries=0, leader_commit=2)
103526.6ms Vehicle 7 RECEIVED AppendEntries from 2 (n_entries=0, leader_commit=2)
103664.2ms Leader 2 SENDING AppendEntries to vehicle 1 (n_entries=0, leader_commit=2)
103664.2ms Leader 2 SENDING AppendEntries to vehicle 4 (n_entries=4, leader_commit=2)
103664.2ms Leader 2 SENDING AppendEntries to vehicle 5 (n_entries=4, leader_commit=2)
103664.2ms Leader 2 SENDING AppendEntries to vehicle 6 (n_entries=4, leader_commit=2)
103664.2ms Leader 2 SENDING AppendEntries to vehicle 7 (n_entries=0, leader_commit=2)
103666.6ms Vehicle 1 RECEIVED AppendEntries from 2 (n_entries=0, leader_commit=2)
103667.7ms Vehicle 7 RECEIVED AppendEntries from 2 (n_entries=0, leader_commit=2)
103804.2ms Leader 2 SENDING AppendEntries to vehicle 1 (n_entries=0, leader_commit=2)
103804.2ms Leader 2 SENDING AppendEntries to vehicle 4 (n_entries=4, leader_commit=2)
103804.2ms Leader 2 SENDING AppendEntries to vehicle 5 (n_entries=4, leader_commit=2)
103804.2ms Leader 2 SENDING AppendEntries to vehicle 6 (n_entries=4, leader_commit=2)
103804.2ms Leader 2 SENDING AppendEntries to vehicle 7 (n_entries=0, leader_commit=2)
103806.7ms Vehicle 1 RECEIVED AppendEntries from 2 (n_entries=0, leader_commit=2)
103808.9ms Vehicle 7 RECEIVED AppendEntries from 2 (n_entries=0, leader_commit=2)
103.9 Vehicle 2 hasPassed=true (on exit edge -37551802#8)
103900.0ms Vehicle 2 LEFT intersection
103900.0ms Vehicle 2 BROADCASTING vehicle-passed
103900.0ms Vehicle 2 sending vehicle-left (isLeader=1, myBatch=3)
103903.2ms Vehicle 7 RECEIVED vehicle-passed from vehicle 2
103903.2ms Vehicle 1 RECEIVED vehicle-passed from vehicle 2
104 Vehicle 7 hasPassed=true (on exit edge -36905242#11)
104000.0ms Vehicle 7 LEFT intersection
104000.0ms Vehicle 7 BROADCASTING vehicle-passed
104000.0ms Vehicle 7 sending vehicle-left (isLeader=0, myBatch=3)
104004.2ms Vehicle 1 RECEIVED vehicle-passed from vehicle 7
104005.1ms Vehicle 1 RECEIVED vehicle-left from vehicle 7
104888.9ms Vehicle 1 sendRequestVote called for node 1
104888.9ms Vehicle 1 sendRequestVote called for node 3
104888.9ms Vehicle 1 sendRequestVote called for node 4
104888.9ms Vehicle 1 sendRequestVote called for node 5
104888.9ms Vehicle 1 sendRequestVote called for node 6
104888.9ms Vehicle 1 sendRequestVote called for node 7
104888.9ms Vehicle 1 sendRequestVote called for node 8
104888.9ms Vehicle 1 RAFT STATE CHANGED from 1 to 2
104888.9ms Vehicle 1 I am a candidate now! Starting election...
106068.9ms Vehicle 1 sendRequestVote called for node 1
106068.9ms Vehicle 1 sendRequestVote called for node 3
106068.9ms Vehicle 1 sendRequestVote called for node 4
106068.9ms Vehicle 1 sendRequestVote called for node 5
106068.9ms Vehicle 1 sendRequestVote called for node 6
106068.9ms Vehicle 1 sendRequestVote called for node 7
106068.9ms Vehicle 1 sendRequestVote called for node 8
107048.9ms Vehicle 1 sendRequestVote called for node 1
107048.9ms Vehicle 1 sendRequestVote called for node 3
107048.9ms Vehicle 1 sendRequestVote called for node 4
107048.9ms Vehicle 1 sendRequestVote called for node 5
107048.9ms Vehicle 1 sendRequestVote called for node 6
107048.9ms Vehicle 1 sendRequestVote called for node 7
107048.9ms Vehicle 1 sendRequestVote called for node 8
108228.9ms Vehicle 1 sendRequestVote called for node 1
108228.9ms Vehicle 1 sendRequestVote called for node 3
108228.9ms Vehicle 1 sendRequestVote called for node 4
108228.9ms Vehicle 1 sendRequestVote called for node 5
108228.9ms Vehicle 1 sendRequestVote called for node 6
108228.9ms Vehicle 1 sendRequestVote called for node 7
108228.9ms Vehicle 1 sendRequestVote called for node 8
108868.9ms Vehicle 1 sendRequestVote called for node 1
108868.9ms Vehicle 1 sendRequestVote called for node 3
108868.9ms Vehicle 1 sendRequestVote called for node 4
108868.9ms Vehicle 1 sendRequestVote called for node 5
108868.9ms Vehicle 1 sendRequestVote called for node 6
108868.9ms Vehicle 1 sendRequestVote called for node 7
108868.9ms Vehicle 1 sendRequestVote called for node 8
109968.9ms Vehicle 1 sendRequestVote called for node 1
109968.9ms Vehicle 1 sendRequestVote called for node 3
109968.9ms Vehicle 1 sendRequestVote called for node 4
109968.9ms Vehicle 1 sendRequestVote called for node 5
109968.9ms Vehicle 1 sendRequestVote called for node 6
109968.9ms Vehicle 1 sendRequestVote called for node 7
109968.9ms Vehicle 1 sendRequestVote called for node 8
111108.9ms Vehicle 1 sendRequestVote called for node 1
111108.9ms Vehicle 1 sendRequestVote called for node 3
111108.9ms Vehicle 1 sendRequestVote called for node 4
111108.9ms Vehicle 1 sendRequestVote called for node 5
111108.9ms Vehicle 1 sendRequestVote called for node 6
111108.9ms Vehicle 1 sendRequestVote called for node 7
111108.9ms Vehicle 1 sendRequestVote called for node 8
112068.9ms Vehicle 1 sendRequestVote called for node 1
112068.9ms Vehicle 1 sendRequestVote called for node 3
112068.9ms Vehicle 1 sendRequestVote called for node 4
112068.9ms Vehicle 1 sendRequestVote called for node 5
112068.9ms Vehicle 1 sendRequestVote called for node 6
112068.9ms Vehicle 1 sendRequestVote called for node 7
112068.9ms Vehicle 1 sendRequestVote called for node 8
113048.9ms Vehicle 1 sendRequestVote called for node 1
113048.9ms Vehicle 1 sendRequestVote called for node 3
113048.9ms Vehicle 1 sendRequestVote called for node 4
113048.9ms Vehicle 1 sendRequestVote called for node 5
113048.9ms Vehicle 1 sendRequestVote called for node 6
113048.9ms Vehicle 1 sendRequestVote called for node 7
113048.9ms Vehicle 1 sendRequestVote called for node 8
114108.9ms Vehicle 1 sendRequestVote called for node 1
114108.9ms Vehicle 1 sendRequestVote called for node 3
114108.9ms Vehicle 1 sendRequestVote called for node 4
114108.9ms Vehicle 1 sendRequestVote called for node 5
114108.9ms Vehicle 1 sendRequestVote called for node 6
114108.9ms Vehicle 1 sendRequestVote called for node 7
114108.9ms Vehicle 1 sendRequestVote called for node 8
115308.9ms Vehicle 1 sendRequestVote called for node 1
115308.9ms Vehicle 1 sendRequestVote called for node 3
115308.9ms Vehicle 1 sendRequestVote called for node 4
115308.9ms Vehicle 1 sendRequestVote called for node 5
115308.9ms Vehicle 1 sendRequestVote called for node 6
115308.9ms Vehicle 1 sendRequestVote called for node 7
115308.9ms Vehicle 1 sendRequestVote called for node 8
116388.9ms Vehicle 1 sendRequestVote called for node 1
116388.9ms Vehicle 1 sendRequestVote called for node 3
116388.9ms Vehicle 1 sendRequestVote called for node 4
116388.9ms Vehicle 1 sendRequestVote called for node 5
116388.9ms Vehicle 1 sendRequestVote called for node 6
116388.9ms Vehicle 1 sendRequestVote called for node 7
116388.9ms Vehicle 1 sendRequestVote called for node 8
117408.9ms Vehicle 1 sendRequestVote called for node 1
117408.9ms Vehicle 1 sendRequestVote called for node 3
117408.9ms Vehicle 1 sendRequestVote called for node 4
117408.9ms Vehicle 1 sendRequestVote called for node 5
117408.9ms Vehicle 1 sendRequestVote called for node 6
117408.9ms Vehicle 1 sendRequestVote called for node 7
117408.9ms Vehicle 1 sendRequestVote called for node 8
118268.9ms Vehicle 1 sendRequestVote called for node 1
118268.9ms Vehicle 1 sendRequestVote called for node 3
118268.9ms Vehicle 1 sendRequestVote called for node 4
118268.9ms Vehicle 1 sendRequestVote called for node 5
118268.9ms Vehicle 1 sendRequestVote called for node 6
118268.9ms Vehicle 1 sendRequestVote called for node 7
118268.9ms Vehicle 1 sendRequestVote called for node 8
119388.9ms Vehicle 1 sendRequestVote called for node 1
119388.9ms Vehicle 1 sendRequestVote called for node 3
119388.9ms Vehicle 1 sendRequestVote called for node 4
119388.9ms Vehicle 1 sendRequestVote called for node 5
119388.9ms Vehicle 1 sendRequestVote called for node 6
119388.9ms Vehicle 1 sendRequestVote called for node 7
119388.9ms Vehicle 1 sendRequestVote called for node 8
120228.9ms Vehicle 1 sendRequestVote called for node 1
120228.9ms Vehicle 1 sendRequestVote called for node 3
120228.9ms Vehicle 1 sendRequestVote called for node 4
120228.9ms Vehicle 1 sendRequestVote called for node 5
120228.9ms Vehicle 1 sendRequestVote called for node 6
120228.9ms Vehicle 1 sendRequestVote called for node 7
120228.9ms Vehicle 1 sendRequestVote called for node 8
121068.9ms Vehicle 1 sendRequestVote called for node 1
121068.9ms Vehicle 1 sendRequestVote called for node 3
121068.9ms Vehicle 1 sendRequestVote called for node 4
121068.9ms Vehicle 1 sendRequestVote called for node 5
121068.9ms Vehicle 1 sendRequestVote called for node 6
121068.9ms Vehicle 1 sendRequestVote called for node 7
121068.9ms Vehicle 1 sendRequestVote called for node 8
121988.9ms Vehicle 1 sendRequestVote called for node 1
121988.9ms Vehicle 1 sendRequestVote called for node 3
121988.9ms Vehicle 1 sendRequestVote called for node 4
121988.9ms Vehicle 1 sendRequestVote called for node 5
121988.9ms Vehicle 1 sendRequestVote called for node 6
121988.9ms Vehicle 1 sendRequestVote called for node 7
121988.9ms Vehicle 1 sendRequestVote called for node 8
122668.9ms Vehicle 1 sendRequestVote called for node 1
122668.9ms Vehicle 1 sendRequestVote called for node 3
122668.9ms Vehicle 1 sendRequestVote called for node 4
122668.9ms Vehicle 1 sendRequestVote called for node 5
122668.9ms Vehicle 1 sendRequestVote called for node 6
122668.9ms Vehicle 1 sendRequestVote called for node 7
122668.9ms Vehicle 1 sendRequestVote called for node 8
123528.9ms Vehicle 1 sendRequestVote called for node 1
123528.9ms Vehicle 1 sendRequestVote called for node 3
123528.9ms Vehicle 1 sendRequestVote called for node 4
123528.9ms Vehicle 1 sendRequestVote called for node 5
123528.9ms Vehicle 1 sendRequestVote called for node 6
123528.9ms Vehicle 1 sendRequestVote called for node 7
123528.9ms Vehicle 1 sendRequestVote called for node 8
124748.9ms Vehicle 1 sendRequestVote called for node 1
124748.9ms Vehicle 1 sendRequestVote called for node 3
124748.9ms Vehicle 1 sendRequestVote called for node 4
124748.9ms Vehicle 1 sendRequestVote called for node 5
124748.9ms Vehicle 1 sendRequestVote called for node 6
124748.9ms Vehicle 1 sendRequestVote called for node 7
124748.9ms Vehicle 1 sendRequestVote called for node 8
125448.9ms Vehicle 1 sendRequestVote called for node 1
125448.9ms Vehicle 1 sendRequestVote called for node 3
125448.9ms Vehicle 1 sendRequestVote called for node 4
125448.9ms Vehicle 1 sendRequestVote called for node 5
125448.9ms Vehicle 1 sendRequestVote called for node 6
125448.9ms Vehicle 1 sendRequestVote called for node 7
125448.9ms Vehicle 1 sendRequestVote called for node 8
126488.9ms Vehicle 1 sendRequestVote called for node 1
126488.9ms Vehicle 1 sendRequestVote called for node 3
126488.9ms Vehicle 1 sendRequestVote called for node 4
126488.9ms Vehicle 1 sendRequestVote called for node 5
126488.9ms Vehicle 1 sendRequestVote called for node 6
126488.9ms Vehicle 1 sendRequestVote called for node 7
126488.9ms Vehicle 1 sendRequestVote called for node 8
127268.9ms Vehicle 1 sendRequestVote called for node 1
127268.9ms Vehicle 1 sendRequestVote called for node 3
127268.9ms Vehicle 1 sendRequestVote called for node 4
127268.9ms Vehicle 1 sendRequestVote called for node 5
127268.9ms Vehicle 1 sendRequestVote called for node 6
127268.9ms Vehicle 1 sendRequestVote called for node 7
127268.9ms Vehicle 1 sendRequestVote called for node 8
128388.9ms Vehicle 1 sendRequestVote called for node 1
128388.9ms Vehicle 1 sendRequestVote called for node 3
128388.9ms Vehicle 1 sendRequestVote called for node 4
128388.9ms Vehicle 1 sendRequestVote called for node 5
128388.9ms Vehicle 1 sendRequestVote called for node 6
128388.9ms Vehicle 1 sendRequestVote called for node 7
128388.9ms Vehicle 1 sendRequestVote called for node 8
129088.9ms Vehicle 1 sendRequestVote called for node 1
129088.9ms Vehicle 1 sendRequestVote called for node 3
129088.9ms Vehicle 1 sendRequestVote called for node 4
129088.9ms Vehicle 1 sendRequestVote called for node 5
129088.9ms Vehicle 1 sendRequestVote called for node 6
129088.9ms Vehicle 1 sendRequestVote called for node 7
129088.9ms Vehicle 1 sendRequestVote called for node 8
129808.9ms Vehicle 1 sendRequestVote called for node 1
129808.9ms Vehicle 1 sendRequestVote called for node 3
129808.9ms Vehicle 1 sendRequestVote called for node 4
129808.9ms Vehicle 1 sendRequestVote called for node 5
129808.9ms Vehicle 1 sendRequestVote called for node 6
129808.9ms Vehicle 1 sendRequestVote called for node 7
129808.9ms Vehicle 1 sendRequestVote called for node 8
130628.9ms Vehicle 1 sendRequestVote called for node 1
130628.9ms Vehicle 1 sendRequestVote called for node 3
130628.9ms Vehicle 1 sendRequestVote called for node 4
130628.9ms Vehicle 1 sendRequestVote called for node 5
130628.9ms Vehicle 1 sendRequestVote called for node 6
130628.9ms Vehicle 1 sendRequestVote called for node 7
130628.9ms Vehicle 1 sendRequestVote called for node 8
131328.9ms Vehicle 1 sendRequestVote called for node 1
131328.9ms Vehicle 1 sendRequestVote called for node 3
131328.9ms Vehicle 1 sendRequestVote called for node 4
131328.9ms Vehicle 1 sendRequestVote called for node 5
131328.9ms Vehicle 1 sendRequestVote called for node 6
131328.9ms Vehicle 1 sendRequestVote called for node 7
131328.9ms Vehicle 1 sendRequestVote called for node 8
131968.9ms Vehicle 1 EXECUTING oneshot cb
131968.9ms Vehicle 1 BATCH SAFETY FALLBACK (lost VEHICLE_LEFT?) for batch 4
131968.9ms Vehicle 1 RESUMING movement
131968.9ms Vehicle 1 sendRequestVote called for node 1
131968.9ms Vehicle 1 sendRequestVote called for node 3
131968.9ms Vehicle 1 sendRequestVote called for node 4
131968.9ms Vehicle 1 sendRequestVote called for node 5
131968.9ms Vehicle 1 sendRequestVote called for node 6
131968.9ms Vehicle 1 sendRequestVote called for node 7
131968.9ms Vehicle 1 sendRequestVote called for node 8
133148.9ms Vehicle 1 sendRequestVote called for node 1
133148.9ms Vehicle 1 sendRequestVote called for node 3
133148.9ms Vehicle 1 sendRequestVote called for node 4
133148.9ms Vehicle 1 sendRequestVote called for node 5
133148.9ms Vehicle 1 sendRequestVote called for node 6
133148.9ms Vehicle 1 sendRequestVote called for node 7
133148.9ms Vehicle 1 sendRequestVote called for node 8
134168.9ms Vehicle 1 sendRequestVote called for node 1
134168.9ms Vehicle 1 sendRequestVote called for node 3
134168.9ms Vehicle 1 sendRequestVote called for node 4
134168.9ms Vehicle 1 sendRequestVote called for node 5
134168.9ms Vehicle 1 sendRequestVote called for node 6
134168.9ms Vehicle 1 sendRequestVote called for node 7
134168.9ms Vehicle 1 sendRequestVote called for node 8
134848.9ms Vehicle 1 sendRequestVote called for node 1
134848.9ms Vehicle 1 sendRequestVote called for node 3
134848.9ms Vehicle 1 sendRequestVote called for node 4
134848.9ms Vehicle 1 sendRequestVote called for node 5
134848.9ms Vehicle 1 sendRequestVote called for node 6
134848.9ms Vehicle 1 sendRequestVote called for node 7
134848.9ms Vehicle 1 sendRequestVote called for node 8
135748.9ms Vehicle 1 sendRequestVote called for node 1
135748.9ms Vehicle 1 sendRequestVote called for node 3
135748.9ms Vehicle 1 sendRequestVote called for node 4
135748.9ms Vehicle 1 sendRequestVote called for node 5
135748.9ms Vehicle 1 sendRequestVote called for node 6
135748.9ms Vehicle 1 sendRequestVote called for node 7
135748.9ms Vehicle 1 sendRequestVote called for node 8
136808.9ms Vehicle 1 sendRequestVote called for node 1
136808.9ms Vehicle 1 sendRequestVote called for node 3
136808.9ms Vehicle 1 sendRequestVote called for node 4
136808.9ms Vehicle 1 sendRequestVote called for node 5
136808.9ms Vehicle 1 sendRequestVote called for node 6
136808.9ms Vehicle 1 sendRequestVote called for node 7
136808.9ms Vehicle 1 sendRequestVote called for node 8
137508.9ms Vehicle 1 sendRequestVote called for node 1
137508.9ms Vehicle 1 sendRequestVote called for node 3
137508.9ms Vehicle 1 sendRequestVote called for node 4
137508.9ms Vehicle 1 sendRequestVote called for node 5
137508.9ms Vehicle 1 sendRequestVote called for node 6
137508.9ms Vehicle 1 sendRequestVote called for node 7
137508.9ms Vehicle 1 sendRequestVote called for node 8
138368.9ms Vehicle 1 sendRequestVote called for node 1
138368.9ms Vehicle 1 sendRequestVote called for node 3
138368.9ms Vehicle 1 sendRequestVote called for node 4
138368.9ms Vehicle 1 sendRequestVote called for node 5
138368.9ms Vehicle 1 sendRequestVote called for node 6
138368.9ms Vehicle 1 sendRequestVote called for node 7
138368.9ms Vehicle 1 sendRequestVote called for node 8
139448.9ms Vehicle 1 sendRequestVote called for node 1
139448.9ms Vehicle 1 sendRequestVote called for node 3
139448.9ms Vehicle 1 sendRequestVote called for node 4
139448.9ms Vehicle 1 sendRequestVote called for node 5
139448.9ms Vehicle 1 sendRequestVote called for node 6
139448.9ms Vehicle 1 sendRequestVote called for node 7
139448.9ms Vehicle 1 sendRequestVote called for node 8
140588.9ms Vehicle 1 sendRequestVote called for node 1
140588.9ms Vehicle 1 sendRequestVote called for node 3
140588.9ms Vehicle 1 sendRequestVote called for node 4
140588.9ms Vehicle 1 sendRequestVote called for node 5
140588.9ms Vehicle 1 sendRequestVote called for node 6
140588.9ms Vehicle 1 sendRequestVote called for node 7
140588.9ms Vehicle 1 sendRequestVote called for node 8
141808.9ms Vehicle 1 sendRequestVote called for node 1
141808.9ms Vehicle 1 sendRequestVote called for node 3
141808.9ms Vehicle 1 sendRequestVote called for node 4
141808.9ms Vehicle 1 sendRequestVote called for node 5
141808.9ms Vehicle 1 sendRequestVote called for node 6
141808.9ms Vehicle 1 sendRequestVote called for node 7
141808.9ms Vehicle 1 sendRequestVote called for node 8
142688.9ms Vehicle 1 sendRequestVote called for node 1
142688.9ms Vehicle 1 sendRequestVote called for node 3
142688.9ms Vehicle 1 sendRequestVote called for node 4
142688.9ms Vehicle 1 sendRequestVote called for node 5
142688.9ms Vehicle 1 sendRequestVote called for node 6
142688.9ms Vehicle 1 sendRequestVote called for node 7
142688.9ms Vehicle 1 sendRequestVote called for node 8
143768.9ms Vehicle 1 sendRequestVote called for node 1
143768.9ms Vehicle 1 sendRequestVote called for node 3
143768.9ms Vehicle 1 sendRequestVote called for node 4
143768.9ms Vehicle 1 sendRequestVote called for node 5
143768.9ms Vehicle 1 sendRequestVote called for node 6
143768.9ms Vehicle 1 sendRequestVote called for node 7
143768.9ms Vehicle 1 sendRequestVote called for node 8
144928.9ms Vehicle 1 sendRequestVote called for node 1
144928.9ms Vehicle 1 sendRequestVote called for node 3
144928.9ms Vehicle 1 sendRequestVote called for node 4
144928.9ms Vehicle 1 sendRequestVote called for node 5
144928.9ms Vehicle 1 sendRequestVote called for node 6
144928.9ms Vehicle 1 sendRequestVote called for node 7
144928.9ms Vehicle 1 sendRequestVote called for node 8
145708.9ms Vehicle 1 sendRequestVote called for node 1
145708.9ms Vehicle 1 sendRequestVote called for node 3
145708.9ms Vehicle 1 sendRequestVote called for node 4
145708.9ms Vehicle 1 sendRequestVote called for node 5
145708.9ms Vehicle 1 sendRequestVote called for node 6
145708.9ms Vehicle 1 sendRequestVote called for node 7
145708.9ms Vehicle 1 sendRequestVote called for node 8
146508.9ms Vehicle 1 sendRequestVote called for node 1
146508.9ms Vehicle 1 sendRequestVote called for node 3
146508.9ms Vehicle 1 sendRequestVote called for node 4
146508.9ms Vehicle 1 sendRequestVote called for node 5
146508.9ms Vehicle 1 sendRequestVote called for node 6
146508.9ms Vehicle 1 sendRequestVote called for node 7
146508.9ms Vehicle 1 sendRequestVote called for node 8
147528.9ms Vehicle 1 sendRequestVote called for node 1
147528.9ms Vehicle 1 sendRequestVote called for node 3
147528.9ms Vehicle 1 sendRequestVote called for node 4
147528.9ms Vehicle 1 sendRequestVote called for node 5
147528.9ms Vehicle 1 sendRequestVote called for node 6
147528.9ms Vehicle 1 sendRequestVote called for node 7
147528.9ms Vehicle 1 sendRequestVote called for node 8
148628.9ms Vehicle 1 sendRequestVote called for node 1
148628.9ms Vehicle 1 sendRequestVote called for node 3
148628.9ms Vehicle 1 sendRequestVote called for node 4
148628.9ms Vehicle 1 sendRequestVote called for node 5
148628.9ms Vehicle 1 sendRequestVote called for node 6
148628.9ms Vehicle 1 sendRequestVote called for node 7
148628.9ms Vehicle 1 sendRequestVote called for node 8
149768.9ms Vehicle 1 sendRequestVote called for node 1
149768.9ms Vehicle 1 sendRequestVote called for node 3
149768.9ms Vehicle 1 sendRequestVote called for node 4
149768.9ms Vehicle 1 sendRequestVote called for node 5
149768.9ms Vehicle 1 sendRequestVote called for node 6
149768.9ms Vehicle 1 sendRequestVote called for node 7
149768.9ms Vehicle 1 sendRequestVote called for node 8
150448.9ms Vehicle 1 sendRequestVote called for node 1
150448.9ms Vehicle 1 sendRequestVote called for node 3
150448.9ms Vehicle 1 sendRequestVote called for node 4
150448.9ms Vehicle 1 sendRequestVote called for node 5
150448.9ms Vehicle 1 sendRequestVote called for node 6
150448.9ms Vehicle 1 sendRequestVote called for node 7
150448.9ms Vehicle 1 sendRequestVote called for node 8
151608.9ms Vehicle 1 sendRequestVote called for node 1
151608.9ms Vehicle 1 sendRequestVote called for node 3
151608.9ms Vehicle 1 sendRequestVote called for node 4
151608.9ms Vehicle 1 sendRequestVote called for node 5
151608.9ms Vehicle 1 sendRequestVote called for node 6
151608.9ms Vehicle 1 sendRequestVote called for node 7
151608.9ms Vehicle 1 sendRequestVote called for node 8
152348.9ms Vehicle 1 sendRequestVote called for node 1
152348.9ms Vehicle 1 sendRequestVote called for node 3
152348.9ms Vehicle 1 sendRequestVote called for node 4
152348.9ms Vehicle 1 sendRequestVote called for node 5
152348.9ms Vehicle 1 sendRequestVote called for node 6
152348.9ms Vehicle 1 sendRequestVote called for node 7
152348.9ms Vehicle 1 sendRequestVote called for node 8
153128.9ms Vehicle 1 sendRequestVote called for node 1
153128.9ms Vehicle 1 sendRequestVote called for node 3
153128.9ms Vehicle 1 sendRequestVote called for node 4
153128.9ms Vehicle 1 sendRequestVote called for node 5
153128.9ms Vehicle 1 sendRequestVote called for node 6
153128.9ms Vehicle 1 sendRequestVote called for node 7
153128.9ms Vehicle 1 sendRequestVote called for node 8
153848.9ms Vehicle 1 sendRequestVote called for node 1
153848.9ms Vehicle 1 sendRequestVote called for node 3
153848.9ms Vehicle 1 sendRequestVote called for node 4
153848.9ms Vehicle 1 sendRequestVote called for node 5
153848.9ms Vehicle 1 sendRequestVote called for node 6
153848.9ms Vehicle 1 sendRequestVote called for node 7
153848.9ms Vehicle 1 sendRequestVote called for node 8
155008.9ms Vehicle 1 sendRequestVote called for node 1
155008.9ms Vehicle 1 sendRequestVote called for node 3
155008.9ms Vehicle 1 sendRequestVote called for node 4
155008.9ms Vehicle 1 sendRequestVote called for node 5
155008.9ms Vehicle 1 sendRequestVote called for node 6
155008.9ms Vehicle 1 sendRequestVote called for node 7
155008.9ms Vehicle 1 sendRequestVote called for node 8
155928.9ms Vehicle 1 sendRequestVote called for node 1
155928.9ms Vehicle 1 sendRequestVote called for node 3
155928.9ms Vehicle 1 sendRequestVote called for node 4
155928.9ms Vehicle 1 sendRequestVote called for node 5
155928.9ms Vehicle 1 sendRequestVote called for node 6
155928.9ms Vehicle 1 sendRequestVote called for node 7
155928.9ms Vehicle 1 sendRequestVote called for node 8
157128.9ms Vehicle 1 sendRequestVote called for node 1
157128.9ms Vehicle 1 sendRequestVote called for node 3
157128.9ms Vehicle 1 sendRequestVote called for node 4
157128.9ms Vehicle 1 sendRequestVote called for node 5
157128.9ms Vehicle 1 sendRequestVote called for node 6
157128.9ms Vehicle 1 sendRequestVote called for node 7
157128.9ms Vehicle 1 sendRequestVote called for node 8
158368.9ms Vehicle 1 sendRequestVote called for node 1
158368.9ms Vehicle 1 sendRequestVote called for node 3
158368.9ms Vehicle 1 sendRequestVote called for node 4
158368.9ms Vehicle 1 sendRequestVote called for node 5
158368.9ms Vehicle 1 sendRequestVote called for node 6
158368.9ms Vehicle 1 sendRequestVote called for node 7
158368.9ms Vehicle 1 sendRequestVote called for node 8
159368.9ms Vehicle 1 sendRequestVote called for node 1
159368.9ms Vehicle 1 sendRequestVote called for node 3
159368.9ms Vehicle 1 sendRequestVote called for node 4
159368.9ms Vehicle 1 sendRequestVote called for node 5
159368.9ms Vehicle 1 sendRequestVote called for node 6
159368.9ms Vehicle 1 sendRequestVote called for node 7
159368.9ms Vehicle 1 sendRequestVote called for node 8
160248.9ms Vehicle 1 sendRequestVote called for node 1
160248.9ms Vehicle 1 sendRequestVote called for node 3
160248.9ms Vehicle 1 sendRequestVote called for node 4
160248.9ms Vehicle 1 sendRequestVote called for node 5
160248.9ms Vehicle 1 sendRequestVote called for node 6
160248.9ms Vehicle 1 sendRequestVote called for node 7
160248.9ms Vehicle 1 sendRequestVote called for node 8
161048.9ms Vehicle 1 sendRequestVote called for node 1
161048.9ms Vehicle 1 sendRequestVote called for node 3
161048.9ms Vehicle 1 sendRequestVote called for node 4
161048.9ms Vehicle 1 sendRequestVote called for node 5
161048.9ms Vehicle 1 sendRequestVote called for node 6
161048.9ms Vehicle 1 sendRequestVote called for node 7
161048.9ms Vehicle 1 sendRequestVote called for node 8
162168.9ms Vehicle 1 sendRequestVote called for node 1
162168.9ms Vehicle 1 sendRequestVote called for node 3
162168.9ms Vehicle 1 sendRequestVote called for node 4
162168.9ms Vehicle 1 sendRequestVote called for node 5
162168.9ms Vehicle 1 sendRequestVote called for node 6
162168.9ms Vehicle 1 sendRequestVote called for node 7
162168.9ms Vehicle 1 sendRequestVote called for node 8
162968.9ms Vehicle 1 sendRequestVote called for node 1
162968.9ms Vehicle 1 sendRequestVote called for node 3
162968.9ms Vehicle 1 sendRequestVote called for node 4
162968.9ms Vehicle 1 sendRequestVote called for node 5
162968.9ms Vehicle 1 sendRequestVote called for node 6
162968.9ms Vehicle 1 sendRequestVote called for node 7
162968.9ms Vehicle 1 sendRequestVote called for node 8
163648.9ms Vehicle 1 sendRequestVote called for node 1
163648.9ms Vehicle 1 sendRequestVote called for node 3
163648.9ms Vehicle 1 sendRequestVote called for node 4
163648.9ms Vehicle 1 sendRequestVote called for node 5
163648.9ms Vehicle 1 sendRequestVote called for node 6
163648.9ms Vehicle 1 sendRequestVote called for node 7
163648.9ms Vehicle 1 sendRequestVote called for node 8
164828.9ms Vehicle 1 sendRequestVote called for node 1
164828.9ms Vehicle 1 sendRequestVote called for node 3
164828.9ms Vehicle 1 sendRequestVote called for node 4
164828.9ms Vehicle 1 sendRequestVote called for node 5
164828.9ms Vehicle 1 sendRequestVote called for node 6
164828.9ms Vehicle 1 sendRequestVote called for node 7
164828.9ms Vehicle 1 sendRequestVote called for node 8
166028.9ms Vehicle 1 sendRequestVote called for node 1
166028.9ms Vehicle 1 sendRequestVote called for node 3
166028.9ms Vehicle 1 sendRequestVote called for node 4
166028.9ms Vehicle 1 sendRequestVote called for node 5
166028.9ms Vehicle 1 sendRequestVote called for node 6
166028.9ms Vehicle 1 sendRequestVote called for node 7
166028.9ms Vehicle 1 sendRequestVote called for node 8
167148.9ms Vehicle 1 sendRequestVote called for node 1
167148.9ms Vehicle 1 sendRequestVote called for node 3
167148.9ms Vehicle 1 sendRequestVote called for node 4
167148.9ms Vehicle 1 sendRequestVote called for node 5
167148.9ms Vehicle 1 sendRequestVote called for node 6
167148.9ms Vehicle 1 sendRequestVote called for node 7
167148.9ms Vehicle 1 sendRequestVote called for node 8
167888.9ms Vehicle 1 sendRequestVote called for node 1
167888.9ms Vehicle 1 sendRequestVote called for node 3
167888.9ms Vehicle 1 sendRequestVote called for node 4
167888.9ms Vehicle 1 sendRequestVote called for node 5
167888.9ms Vehicle 1 sendRequestVote called for node 6
167888.9ms Vehicle 1 sendRequestVote called for node 7
167888.9ms Vehicle 1 sendRequestVote called for node 8
168808.9ms Vehicle 1 sendRequestVote called for node 1
168808.9ms Vehicle 1 sendRequestVote called for node 3
168808.9ms Vehicle 1 sendRequestVote called for node 4
168808.9ms Vehicle 1 sendRequestVote called for node 5
168808.9ms Vehicle 1 sendRequestVote called for node 6
168808.9ms Vehicle 1 sendRequestVote called for node 7
168808.9ms Vehicle 1 sendRequestVote called for node 8
169748.9ms Vehicle 1 sendRequestVote called for node 1
169748.9ms Vehicle 1 sendRequestVote called for node 3
169748.9ms Vehicle 1 sendRequestVote called for node 4
169748.9ms Vehicle 1 sendRequestVote called for node 5
169748.9ms Vehicle 1 sendRequestVote called for node 6
169748.9ms Vehicle 1 sendRequestVote called for node 7
169748.9ms Vehicle 1 sendRequestVote called for node 8
170988.9ms Vehicle 1 sendRequestVote called for node 1
170988.9ms Vehicle 1 sendRequestVote called for node 3
170988.9ms Vehicle 1 sendRequestVote called for node 4
170988.9ms Vehicle 1 sendRequestVote called for node 5
170988.9ms Vehicle 1 sendRequestVote called for node 6
170988.9ms Vehicle 1 sendRequestVote called for node 7
170988.9ms Vehicle 1 sendRequestVote called for node 8
171988.9ms Vehicle 1 sendRequestVote called for node 1
171988.9ms Vehicle 1 sendRequestVote called for node 3
171988.9ms Vehicle 1 sendRequestVote called for node 4
171988.9ms Vehicle 1 sendRequestVote called for node 5
171988.9ms Vehicle 1 sendRequestVote called for node 6
171988.9ms Vehicle 1 sendRequestVote called for node 7
171988.9ms Vehicle 1 sendRequestVote called for node 8
172668.9ms Vehicle 1 sendRequestVote called for node 1
172668.9ms Vehicle 1 sendRequestVote called for node 3
172668.9ms Vehicle 1 sendRequestVote called for node 4
172668.9ms Vehicle 1 sendRequestVote called for node 5
172668.9ms Vehicle 1 sendRequestVote called for node 6
172668.9ms Vehicle 1 sendRequestVote called for node 7
172668.9ms Vehicle 1 sendRequestVote called for node 8
173868.9ms Vehicle 1 sendRequestVote called for node 1
173868.9ms Vehicle 1 sendRequestVote called for node 3
173868.9ms Vehicle 1 sendRequestVote called for node 4
173868.9ms Vehicle 1 sendRequestVote called for node 5
173868.9ms Vehicle 1 sendRequestVote called for node 6
173868.9ms Vehicle 1 sendRequestVote called for node 7
173868.9ms Vehicle 1 sendRequestVote called for node 8
174768.9ms Vehicle 1 sendRequestVote called for node 1
174768.9ms Vehicle 1 sendRequestVote called for node 3
174768.9ms Vehicle 1 sendRequestVote called for node 4
174768.9ms Vehicle 1 sendRequestVote called for node 5
174768.9ms Vehicle 1 sendRequestVote called for node 6
174768.9ms Vehicle 1 sendRequestVote called for node 7
174768.9ms Vehicle 1 sendRequestVote called for node 8
175728.9ms Vehicle 1 sendRequestVote called for node 1
175728.9ms Vehicle 1 sendRequestVote called for node 3
175728.9ms Vehicle 1 sendRequestVote called for node 4
175728.9ms Vehicle 1 sendRequestVote called for node 5
175728.9ms Vehicle 1 sendRequestVote called for node 6
175728.9ms Vehicle 1 sendRequestVote called for node 7
175728.9ms Vehicle 1 sendRequestVote called for node 8
176588.9ms Vehicle 1 sendRequestVote called for node 1
176588.9ms Vehicle 1 sendRequestVote called for node 3
176588.9ms Vehicle 1 sendRequestVote called for node 4
176588.9ms Vehicle 1 sendRequestVote called for node 5
176588.9ms Vehicle 1 sendRequestVote called for node 6
176588.9ms Vehicle 1 sendRequestVote called for node 7
176588.9ms Vehicle 1 sendRequestVote called for node 8
177248.9ms Vehicle 1 sendRequestVote called for node 1
177248.9ms Vehicle 1 sendRequestVote called for node 3
177248.9ms Vehicle 1 sendRequestVote called for node 4
177248.9ms Vehicle 1 sendRequestVote called for node 5
177248.9ms Vehicle 1 sendRequestVote called for node 6
177248.9ms Vehicle 1 sendRequestVote called for node 7
177248.9ms Vehicle 1 sendRequestVote called for node 8
178168.9ms Vehicle 1 sendRequestVote called for node 1
178168.9ms Vehicle 1 sendRequestVote called for node 3
178168.9ms Vehicle 1 sendRequestVote called for node 4
178168.9ms Vehicle 1 sendRequestVote called for node 5
178168.9ms Vehicle 1 sendRequestVote called for node 6
178168.9ms Vehicle 1 sendRequestVote called for node 7
178168.9ms Vehicle 1 sendRequestVote called for node 8
178908.9ms Vehicle 1 sendRequestVote called for node 1
178908.9ms Vehicle 1 sendRequestVote called for node 3
178908.9ms Vehicle 1 sendRequestVote called for node 4
178908.9ms Vehicle 1 sendRequestVote called for node 5
178908.9ms Vehicle 1 sendRequestVote called for node 6
178908.9ms Vehicle 1 sendRequestVote called for node 7
178908.9ms Vehicle 1 sendRequestVote called for node 8
179748.9ms Vehicle 1 sendRequestVote called for node 1
179748.9ms Vehicle 1 sendRequestVote called for node 3
179748.9ms Vehicle 1 sendRequestVote called for node 4
179748.9ms Vehicle 1 sendRequestVote called for node 5
179748.9ms Vehicle 1 sendRequestVote called for node 6
179748.9ms Vehicle 1 sendRequestVote called for node 7
179748.9ms Vehicle 1 sendRequestVote called for node 8
180688.9ms Vehicle 1 sendRequestVote called for node 1
180688.9ms Vehicle 1 sendRequestVote called for node 3
180688.9ms Vehicle 1 sendRequestVote called for node 4
180688.9ms Vehicle 1 sendRequestVote called for node 5
180688.9ms Vehicle 1 sendRequestVote called for node 6
180688.9ms Vehicle 1 sendRequestVote called for node 7
180688.9ms Vehicle 1 sendRequestVote called for node 8
181668.9ms Vehicle 1 sendRequestVote called for node 1
181668.9ms Vehicle 1 sendRequestVote called for node 3
181668.9ms Vehicle 1 sendRequestVote called for node 4
181668.9ms Vehicle 1 sendRequestVote called for node 5
181668.9ms Vehicle 1 sendRequestVote called for node 6
181668.9ms Vehicle 1 sendRequestVote called for node 7
181668.9ms Vehicle 1 sendRequestVote called for node 8
182648.9ms Vehicle 1 sendRequestVote called for node 1
182648.9ms Vehicle 1 sendRequestVote called for node 3
182648.9ms Vehicle 1 sendRequestVote called for node 4
182648.9ms Vehicle 1 sendRequestVote called for node 5
182648.9ms Vehicle 1 sendRequestVote called for node 6
182648.9ms Vehicle 1 sendRequestVote called for node 7
182648.9ms Vehicle 1 sendRequestVote called for node 8
183688.9ms Vehicle 1 sendRequestVote called for node 1
183688.9ms Vehicle 1 sendRequestVote called for node 3
183688.9ms Vehicle 1 sendRequestVote called for node 4
183688.9ms Vehicle 1 sendRequestVote called for node 5
183688.9ms Vehicle 1 sendRequestVote called for node 6
183688.9ms Vehicle 1 sendRequestVote called for node 7
183688.9ms Vehicle 1 sendRequestVote called for node 8
184708.9ms Vehicle 1 sendRequestVote called for node 1
184708.9ms Vehicle 1 sendRequestVote called for node 3
184708.9ms Vehicle 1 sendRequestVote called for node 4
184708.9ms Vehicle 1 sendRequestVote called for node 5
184708.9ms Vehicle 1 sendRequestVote called for node 6
184708.9ms Vehicle 1 sendRequestVote called for node 7
184708.9ms Vehicle 1 sendRequestVote called for node 8
185968.9ms Vehicle 1 sendRequestVote called for node 1
185968.9ms Vehicle 1 sendRequestVote called for node 3
185968.9ms Vehicle 1 sendRequestVote called for node 4
185968.9ms Vehicle 1 sendRequestVote called for node 5
185968.9ms Vehicle 1 sendRequestVote called for node 6
185968.9ms Vehicle 1 sendRequestVote called for node 7
185968.9ms Vehicle 1 sendRequestVote called for node 8
187068.9ms Vehicle 1 sendRequestVote called for node 1
187068.9ms Vehicle 1 sendRequestVote called for node 3
187068.9ms Vehicle 1 sendRequestVote called for node 4
187068.9ms Vehicle 1 sendRequestVote called for node 5
187068.9ms Vehicle 1 sendRequestVote called for node 6
187068.9ms Vehicle 1 sendRequestVote called for node 7
187068.9ms Vehicle 1 sendRequestVote called for node 8
188188.9ms Vehicle 1 sendRequestVote called for node 1
188188.9ms Vehicle 1 sendRequestVote called for node 3
188188.9ms Vehicle 1 sendRequestVote called for node 4
188188.9ms Vehicle 1 sendRequestVote called for node 5
188188.9ms Vehicle 1 sendRequestVote called for node 6
188188.9ms Vehicle 1 sendRequestVote called for node 7
188188.9ms Vehicle 1 sendRequestVote called for node 8
189308.9ms Vehicle 1 sendRequestVote called for node 1
189308.9ms Vehicle 1 sendRequestVote called for node 3
189308.9ms Vehicle 1 sendRequestVote called for node 4
189308.9ms Vehicle 1 sendRequestVote called for node 5
189308.9ms Vehicle 1 sendRequestVote called for node 6
189308.9ms Vehicle 1 sendRequestVote called for node 7
189308.9ms Vehicle 1 sendRequestVote called for node 8
190028.9ms Vehicle 1 sendRequestVote called for node 1
190028.9ms Vehicle 1 sendRequestVote called for node 3
190028.9ms Vehicle 1 sendRequestVote called for node 4
190028.9ms Vehicle 1 sendRequestVote called for node 5
190028.9ms Vehicle 1 sendRequestVote called for node 6
190028.9ms Vehicle 1 sendRequestVote called for node 7
190028.9ms Vehicle 1 sendRequestVote called for node 8
190688.9ms Vehicle 1 sendRequestVote called for node 1
190688.9ms Vehicle 1 sendRequestVote called for node 3
190688.9ms Vehicle 1 sendRequestVote called for node 4
190688.9ms Vehicle 1 sendRequestVote called for node 5
190688.9ms Vehicle 1 sendRequestVote called for node 6
190688.9ms Vehicle 1 sendRequestVote called for node 7
190688.9ms Vehicle 1 sendRequestVote called for node 8
191668.9ms Vehicle 1 sendRequestVote called for node 1
191668.9ms Vehicle 1 sendRequestVote called for node 3
191668.9ms Vehicle 1 sendRequestVote called for node 4
191668.9ms Vehicle 1 sendRequestVote called for node 5
191668.9ms Vehicle 1 sendRequestVote called for node 6
191668.9ms Vehicle 1 sendRequestVote called for node 7
191668.9ms Vehicle 1 sendRequestVote called for node 8
192688.9ms Vehicle 1 sendRequestVote called for node 1
192688.9ms Vehicle 1 sendRequestVote called for node 3
192688.9ms Vehicle 1 sendRequestVote called for node 4
192688.9ms Vehicle 1 sendRequestVote called for node 5
192688.9ms Vehicle 1 sendRequestVote called for node 6
192688.9ms Vehicle 1 sendRequestVote called for node 7
192688.9ms Vehicle 1 sendRequestVote called for node 8
193528.9ms Vehicle 1 sendRequestVote called for node 1
193528.9ms Vehicle 1 sendRequestVote called for node 3
193528.9ms Vehicle 1 sendRequestVote called for node 4
193528.9ms Vehicle 1 sendRequestVote called for node 5
193528.9ms Vehicle 1 sendRequestVote called for node 6
193528.9ms Vehicle 1 sendRequestVote called for node 7
193528.9ms Vehicle 1 sendRequestVote called for node 8
194548.9ms Vehicle 1 sendRequestVote called for node 1
194548.9ms Vehicle 1 sendRequestVote called for node 3
194548.9ms Vehicle 1 sendRequestVote called for node 4
194548.9ms Vehicle 1 sendRequestVote called for node 5
194548.9ms Vehicle 1 sendRequestVote called for node 6
194548.9ms Vehicle 1 sendRequestVote called for node 7
194548.9ms Vehicle 1 sendRequestVote called for node 8
195628.9ms Vehicle 1 sendRequestVote called for node 1
195628.9ms Vehicle 1 sendRequestVote called for node 3
195628.9ms Vehicle 1 sendRequestVote called for node 4
195628.9ms Vehicle 1 sendRequestVote called for node 5
195628.9ms Vehicle 1 sendRequestVote called for node 6
195628.9ms Vehicle 1 sendRequestVote called for node 7
195628.9ms Vehicle 1 sendRequestVote called for node 8
196448.9ms Vehicle 1 sendRequestVote called for node 1
196448.9ms Vehicle 1 sendRequestVote called for node 3
196448.9ms Vehicle 1 sendRequestVote called for node 4
196448.9ms Vehicle 1 sendRequestVote called for node 5
196448.9ms Vehicle 1 sendRequestVote called for node 6
196448.9ms Vehicle 1 sendRequestVote called for node 7
196448.9ms Vehicle 1 sendRequestVote called for node 8
197688.9ms Vehicle 1 sendRequestVote called for node 1
197688.9ms Vehicle 1 sendRequestVote called for node 3
197688.9ms Vehicle 1 sendRequestVote called for node 4
197688.9ms Vehicle 1 sendRequestVote called for node 5
197688.9ms Vehicle 1 sendRequestVote called for node 6
197688.9ms Vehicle 1 sendRequestVote called for node 7
197688.9ms Vehicle 1 sendRequestVote called for node 8
198428.9ms Vehicle 1 sendRequestVote called for node 1
198428.9ms Vehicle 1 sendRequestVote called for node 3
198428.9ms Vehicle 1 sendRequestVote called for node 4
198428.9ms Vehicle 1 sendRequestVote called for node 5
198428.9ms Vehicle 1 sendRequestVote called for node 6
198428.9ms Vehicle 1 sendRequestVote called for node 7
198428.9ms Vehicle 1 sendRequestVote called for node 8
199688.9ms Vehicle 1 sendRequestVote called for node 1
199688.9ms Vehicle 1 sendRequestVote called for node 3
199688.9ms Vehicle 1 sendRequestVote called for node 4
199688.9ms Vehicle 1 sendRequestVote called for node 5
199688.9ms Vehicle 1 sendRequestVote called for node 6
199688.9ms Vehicle 1 sendRequestVote called for node 7
199688.9ms Vehicle 1 sendRequestVote called for node 8
200408.9ms Vehicle 1 sendRequestVote called for node 1
200408.9ms Vehicle 1 sendRequestVote called for node 3
200408.9ms Vehicle 1 sendRequestVote called for node 4
200408.9ms Vehicle 1 sendRequestVote called for node 5
200408.9ms Vehicle 1 sendRequestVote called for node 6
200408.9ms Vehicle 1 sendRequestVote called for node 7
200408.9ms Vehicle 1 sendRequestVote called for node 8
201528.9ms Vehicle 1 sendRequestVote called for node 1
201528.9ms Vehicle 1 sendRequestVote called for node 3
201528.9ms Vehicle 1 sendRequestVote called for node 4
201528.9ms Vehicle 1 sendRequestVote called for node 5
201528.9ms Vehicle 1 sendRequestVote called for node 6
201528.9ms Vehicle 1 sendRequestVote called for node 7
201528.9ms Vehicle 1 sendRequestVote called for node 8
202348.9ms Vehicle 1 sendRequestVote called for node 1
202348.9ms Vehicle 1 sendRequestVote called for node 3
202348.9ms Vehicle 1 sendRequestVote called for node 4
202348.9ms Vehicle 1 sendRequestVote called for node 5
202348.9ms Vehicle 1 sendRequestVote called for node 6
202348.9ms Vehicle 1 sendRequestVote called for node 7
202348.9ms Vehicle 1 sendRequestVote called for node 8
203008.9ms Vehicle 1 sendRequestVote called for node 1
203008.9ms Vehicle 1 sendRequestVote called for node 3
203008.9ms Vehicle 1 sendRequestVote called for node 4
203008.9ms Vehicle 1 sendRequestVote called for node 5
203008.9ms Vehicle 1 sendRequestVote called for node 6
203008.9ms Vehicle 1 sendRequestVote called for node 7
203008.9ms Vehicle 1 sendRequestVote called for node 8
203888.9ms Vehicle 1 sendRequestVote called for node 1
203888.9ms Vehicle 1 sendRequestVote called for node 3
203888.9ms Vehicle 1 sendRequestVote called for node 4
203888.9ms Vehicle 1 sendRequestVote called for node 5
203888.9ms Vehicle 1 sendRequestVote called for node 6
203888.9ms Vehicle 1 sendRequestVote called for node 7
203888.9ms Vehicle 1 sendRequestVote called for node 8
205008.9ms Vehicle 1 sendRequestVote called for node 1
205008.9ms Vehicle 1 sendRequestVote called for node 3
205008.9ms Vehicle 1 sendRequestVote called for node 4
205008.9ms Vehicle 1 sendRequestVote called for node 5
205008.9ms Vehicle 1 sendRequestVote called for node 6
205008.9ms Vehicle 1 sendRequestVote called for node 7
205008.9ms Vehicle 1 sendRequestVote called for node 8
206008.9ms Vehicle 1 sendRequestVote called for node 1
206008.9ms Vehicle 1 sendRequestVote called for node 3
206008.9ms Vehicle 1 sendRequestVote called for node 4
206008.9ms Vehicle 1 sendRequestVote called for node 5
206008.9ms Vehicle 1 sendRequestVote called for node 6
206008.9ms Vehicle 1 sendRequestVote called for node 7
206008.9ms Vehicle 1 sendRequestVote called for node 8
206908.9ms Vehicle 1 sendRequestVote called for node 1
206908.9ms Vehicle 1 sendRequestVote called for node 3
206908.9ms Vehicle 1 sendRequestVote called for node 4
206908.9ms Vehicle 1 sendRequestVote called for node 5
206908.9ms Vehicle 1 sendRequestVote called for node 6
206908.9ms Vehicle 1 sendRequestVote called for node 7
206908.9ms Vehicle 1 sendRequestVote called for node 8
207828.9ms Vehicle 1 sendRequestVote called for node 1
207828.9ms Vehicle 1 sendRequestVote called for node 3
207828.9ms Vehicle 1 sendRequestVote called for node 4
207828.9ms Vehicle 1 sendRequestVote called for node 5
207828.9ms Vehicle 1 sendRequestVote called for node 6
207828.9ms Vehicle 1 sendRequestVote called for node 7
207828.9ms Vehicle 1 sendRequestVote called for node 8
208948.9ms Vehicle 1 sendRequestVote called for node 1
208948.9ms Vehicle 1 sendRequestVote called for node 3
208948.9ms Vehicle 1 sendRequestVote called for node 4
208948.9ms Vehicle 1 sendRequestVote called for node 5
208948.9ms Vehicle 1 sendRequestVote called for node 6
208948.9ms Vehicle 1 sendRequestVote called for node 7
208948.9ms Vehicle 1 sendRequestVote called for node 8
210168.9ms Vehicle 1 sendRequestVote called for node 1
210168.9ms Vehicle 1 sendRequestVote called for node 3
210168.9ms Vehicle 1 sendRequestVote called for node 4
210168.9ms Vehicle 1 sendRequestVote called for node 5
210168.9ms Vehicle 1 sendRequestVote called for node 6
210168.9ms Vehicle 1 sendRequestVote called for node 7
210168.9ms Vehicle 1 sendRequestVote called for node 8
211388.9ms Vehicle 1 sendRequestVote called for node 1
211388.9ms Vehicle 1 sendRequestVote called for node 3
211388.9ms Vehicle 1 sendRequestVote called for node 4
211388.9ms Vehicle 1 sendRequestVote called for node 5
211388.9ms Vehicle 1 sendRequestVote called for node 6
211388.9ms Vehicle 1 sendRequestVote called for node 7
211388.9ms Vehicle 1 sendRequestVote called for node 8
212228.9ms Vehicle 1 sendRequestVote called for node 1
212228.9ms Vehicle 1 sendRequestVote called for node 3
212228.9ms Vehicle 1 sendRequestVote called for node 4
212228.9ms Vehicle 1 sendRequestVote called for node 5
212228.9ms Vehicle 1 sendRequestVote called for node 6
212228.9ms Vehicle 1 sendRequestVote called for node 7
212228.9ms Vehicle 1 sendRequestVote called for node 8
213148.9ms Vehicle 1 sendRequestVote called for node 1
213148.9ms Vehicle 1 sendRequestVote called for node 3
213148.9ms Vehicle 1 sendRequestVote called for node 4
213148.9ms Vehicle 1 sendRequestVote called for node 5
213148.9ms Vehicle 1 sendRequestVote called for node 6
213148.9ms Vehicle 1 sendRequestVote called for node 7
213148.9ms Vehicle 1 sendRequestVote called for node 8
214148.9ms Vehicle 1 sendRequestVote called for node 1
214148.9ms Vehicle 1 sendRequestVote called for node 3
214148.9ms Vehicle 1 sendRequestVote called for node 4
214148.9ms Vehicle 1 sendRequestVote called for node 5
214148.9ms Vehicle 1 sendRequestVote called for node 6
214148.9ms Vehicle 1 sendRequestVote called for node 7
214148.9ms Vehicle 1 sendRequestVote called for node 8
215368.9ms Vehicle 1 sendRequestVote called for node 1
215368.9ms Vehicle 1 sendRequestVote called for node 3
215368.9ms Vehicle 1 sendRequestVote called for node 4
215368.9ms Vehicle 1 sendRequestVote called for node 5
215368.9ms Vehicle 1 sendRequestVote called for node 6
215368.9ms Vehicle 1 sendRequestVote called for node 7
215368.9ms Vehicle 1 sendRequestVote called for node 8
216408.9ms Vehicle 1 sendRequestVote called for node 1
216408.9ms Vehicle 1 sendRequestVote called for node 3
216408.9ms Vehicle 1 sendRequestVote called for node 4
216408.9ms Vehicle 1 sendRequestVote called for node 5
216408.9ms Vehicle 1 sendRequestVote called for node 6
216408.9ms Vehicle 1 sendRequestVote called for node 7
216408.9ms Vehicle 1 sendRequestVote called for node 8
217248.9ms Vehicle 1 sendRequestVote called for node 1
217248.9ms Vehicle 1 sendRequestVote called for node 3
217248.9ms Vehicle 1 sendRequestVote called for node 4
217248.9ms Vehicle 1 sendRequestVote called for node 5
217248.9ms Vehicle 1 sendRequestVote called for node 6
217248.9ms Vehicle 1 sendRequestVote called for node 7
217248.9ms Vehicle 1 sendRequestVote called for node 8
218468.9ms Vehicle 1 sendRequestVote called for node 1
218468.9ms Vehicle 1 sendRequestVote called for node 3
218468.9ms Vehicle 1 sendRequestVote called for node 4
218468.9ms Vehicle 1 sendRequestVote called for node 5
218468.9ms Vehicle 1 sendRequestVote called for node 6
218468.9ms Vehicle 1 sendRequestVote called for node 7
218468.9ms Vehicle 1 sendRequestVote called for node 8
219488.9ms Vehicle 1 sendRequestVote called for node 1
219488.9ms Vehicle 1 sendRequestVote called for node 3
219488.9ms Vehicle 1 sendRequestVote called for node 4
219488.9ms Vehicle 1 sendRequestVote called for node 5
219488.9ms Vehicle 1 sendRequestVote called for node 6
219488.9ms Vehicle 1 sendRequestVote called for node 7
219488.9ms Vehicle 1 sendRequestVote called for node 8
220548.9ms Vehicle 1 sendRequestVote called for node 1
220548.9ms Vehicle 1 sendRequestVote called for node 3
220548.9ms Vehicle 1 sendRequestVote called for node 4
220548.9ms Vehicle 1 sendRequestVote called for node 5
220548.9ms Vehicle 1 sendRequestVote called for node 6
220548.9ms Vehicle 1 sendRequestVote called for node 7
220548.9ms Vehicle 1 sendRequestVote called for node 8
221288.9ms Vehicle 1 sendRequestVote called for node 1
221288.9ms Vehicle 1 sendRequestVote called for node 3
221288.9ms Vehicle 1 sendRequestVote called for node 4
221288.9ms Vehicle 1 sendRequestVote called for node 5
221288.9ms Vehicle 1 sendRequestVote called for node 6
221288.9ms Vehicle 1 sendRequestVote called for node 7
221288.9ms Vehicle 1 sendRequestVote called for node 8
222168.9ms Vehicle 1 sendRequestVote called for node 1
222168.9ms Vehicle 1 sendRequestVote called for node 3
222168.9ms Vehicle 1 sendRequestVote called for node 4
222168.9ms Vehicle 1 sendRequestVote called for node 5
222168.9ms Vehicle 1 sendRequestVote called for node 6
222168.9ms Vehicle 1 sendRequestVote called for node 7
222168.9ms Vehicle 1 sendRequestVote called for node 8
223108.9ms Vehicle 1 sendRequestVote called for node 1
223108.9ms Vehicle 1 sendRequestVote called for node 3
223108.9ms Vehicle 1 sendRequestVote called for node 4
223108.9ms Vehicle 1 sendRequestVote called for node 5
223108.9ms Vehicle 1 sendRequestVote called for node 6
223108.9ms Vehicle 1 sendRequestVote called for node 7
223108.9ms Vehicle 1 sendRequestVote called for node 8
224048.9ms Vehicle 1 sendRequestVote called for node 1
224048.9ms Vehicle 1 sendRequestVote called for node 3
224048.9ms Vehicle 1 sendRequestVote called for node 4
224048.9ms Vehicle 1 sendRequestVote called for node 5
224048.9ms Vehicle 1 sendRequestVote called for node 6
224048.9ms Vehicle 1 sendRequestVote called for node 7
224048.9ms Vehicle 1 sendRequestVote called for node 8
225308.9ms Vehicle 1 sendRequestVote called for node 1
225308.9ms Vehicle 1 sendRequestVote called for node 3
225308.9ms Vehicle 1 sendRequestVote called for node 4
225308.9ms Vehicle 1 sendRequestVote called for node 5
225308.9ms Vehicle 1 sendRequestVote called for node 6
225308.9ms Vehicle 1 sendRequestVote called for node 7
225308.9ms Vehicle 1 sendRequestVote called for node 8
226068.9ms Vehicle 1 sendRequestVote called for node 1
226068.9ms Vehicle 1 sendRequestVote called for node 3
226068.9ms Vehicle 1 sendRequestVote called for node 4
226068.9ms Vehicle 1 sendRequestVote called for node 5
226068.9ms Vehicle 1 sendRequestVote called for node 6
226068.9ms Vehicle 1 sendRequestVote called for node 7
226068.9ms Vehicle 1 sendRequestVote called for node 8
227188.9ms Vehicle 1 sendRequestVote called for node 1
227188.9ms Vehicle 1 sendRequestVote called for node 3
227188.9ms Vehicle 1 sendRequestVote called for node 4
227188.9ms Vehicle 1 sendRequestVote called for node 5
227188.9ms Vehicle 1 sendRequestVote called for node 6
227188.9ms Vehicle 1 sendRequestVote called for node 7
227188.9ms Vehicle 1 sendRequestVote called for node 8
227928.9ms Vehicle 1 sendRequestVote called for node 1
227928.9ms Vehicle 1 sendRequestVote called for node 3
227928.9ms Vehicle 1 sendRequestVote called for node 4
227928.9ms Vehicle 1 sendRequestVote called for node 5
227928.9ms Vehicle 1 sendRequestVote called for node 6
227928.9ms Vehicle 1 sendRequestVote called for node 7
227928.9ms Vehicle 1 sendRequestVote called for node 8
228928.9ms Vehicle 1 sendRequestVote called for node 1
228928.9ms Vehicle 1 sendRequestVote called for node 3
228928.9ms Vehicle 1 sendRequestVote called for node 4
228928.9ms Vehicle 1 sendRequestVote called for node 5
228928.9ms Vehicle 1 sendRequestVote called for node 6
228928.9ms Vehicle 1 sendRequestVote called for node 7
228928.9ms Vehicle 1 sendRequestVote called for node 8
230048.9ms Vehicle 1 sendRequestVote called for node 1
230048.9ms Vehicle 1 sendRequestVote called for node 3
230048.9ms Vehicle 1 sendRequestVote called for node 4
230048.9ms Vehicle 1 sendRequestVote called for node 5
230048.9ms Vehicle 1 sendRequestVote called for node 6
230048.9ms Vehicle 1 sendRequestVote called for node 7
230048.9ms Vehicle 1 sendRequestVote called for node 8
230888.9ms Vehicle 1 sendRequestVote called for node 1
230888.9ms Vehicle 1 sendRequestVote called for node 3
230888.9ms Vehicle 1 sendRequestVote called for node 4
230888.9ms Vehicle 1 sendRequestVote called for node 5
230888.9ms Vehicle 1 sendRequestVote called for node 6
230888.9ms Vehicle 1 sendRequestVote called for node 7
230888.9ms Vehicle 1 sendRequestVote called for node 8
231748.9ms Vehicle 1 sendRequestVote called for node 1
231748.9ms Vehicle 1 sendRequestVote called for node 3
231748.9ms Vehicle 1 sendRequestVote called for node 4
231748.9ms Vehicle 1 sendRequestVote called for node 5
231748.9ms Vehicle 1 sendRequestVote called for node 6
231748.9ms Vehicle 1 sendRequestVote called for node 7
231748.9ms Vehicle 1 sendRequestVote called for node 8
232548.9ms Vehicle 1 sendRequestVote called for node 1
232548.9ms Vehicle 1 sendRequestVote called for node 3
232548.9ms Vehicle 1 sendRequestVote called for node 4
232548.9ms Vehicle 1 sendRequestVote called for node 5
232548.9ms Vehicle 1 sendRequestVote called for node 6
232548.9ms Vehicle 1 sendRequestVote called for node 7
232548.9ms Vehicle 1 sendRequestVote called for node 8
233388.9ms Vehicle 1 sendRequestVote called for node 1
233388.9ms Vehicle 1 sendRequestVote called for node 3
233388.9ms Vehicle 1 sendRequestVote called for node 4
233388.9ms Vehicle 1 sendRequestVote called for node 5
233388.9ms Vehicle 1 sendRequestVote called for node 6
233388.9ms Vehicle 1 sendRequestVote called for node 7
233388.9ms Vehicle 1 sendRequestVote called for node 8
234628.9ms Vehicle 1 sendRequestVote called for node 1
234628.9ms Vehicle 1 sendRequestVote called for node 3
234628.9ms Vehicle 1 sendRequestVote called for node 4
234628.9ms Vehicle 1 sendRequestVote called for node 5
234628.9ms Vehicle 1 sendRequestVote called for node 6
234628.9ms Vehicle 1 sendRequestVote called for node 7
234628.9ms Vehicle 1 sendRequestVote called for node 8
235288.9ms Vehicle 1 sendRequestVote called for node 1
235288.9ms Vehicle 1 sendRequestVote called for node 3
235288.9ms Vehicle 1 sendRequestVote called for node 4
235288.9ms Vehicle 1 sendRequestVote called for node 5
235288.9ms Vehicle 1 sendRequestVote called for node 6
235288.9ms Vehicle 1 sendRequestVote called for node 7
235288.9ms Vehicle 1 sendRequestVote called for node 8
236008.9ms Vehicle 1 sendRequestVote called for node 1
236008.9ms Vehicle 1 sendRequestVote called for node 3
236008.9ms Vehicle 1 sendRequestVote called for node 4
236008.9ms Vehicle 1 sendRequestVote called for node 5
236008.9ms Vehicle 1 sendRequestVote called for node 6
236008.9ms Vehicle 1 sendRequestVote called for node 7
236008.9ms Vehicle 1 sendRequestVote called for node 8
237008.9ms Vehicle 1 sendRequestVote called for node 1
237008.9ms Vehicle 1 sendRequestVote called for node 3
237008.9ms Vehicle 1 sendRequestVote called for node 4
237008.9ms Vehicle 1 sendRequestVote called for node 5
237008.9ms Vehicle 1 sendRequestVote called for node 6
237008.9ms Vehicle 1 sendRequestVote called for node 7
237008.9ms Vehicle 1 sendRequestVote called for node 8
237948.9ms Vehicle 1 sendRequestVote called for node 1
237948.9ms Vehicle 1 sendRequestVote called for node 3
237948.9ms Vehicle 1 sendRequestVote called for node 4
237948.9ms Vehicle 1 sendRequestVote called for node 5
237948.9ms Vehicle 1 sendRequestVote called for node 6
237948.9ms Vehicle 1 sendRequestVote called for node 7
237948.9ms Vehicle 1 sendRequestVote called for node 8
239148.9ms Vehicle 1 sendRequestVote called for node 1
239148.9ms Vehicle 1 sendRequestVote called for node 3
239148.9ms Vehicle 1 sendRequestVote called for node 4
239148.9ms Vehicle 1 sendRequestVote called for node 5
239148.9ms Vehicle 1 sendRequestVote called for node 6
239148.9ms Vehicle 1 sendRequestVote called for node 7
239148.9ms Vehicle 1 sendRequestVote called for node 8
240088.9ms Vehicle 1 sendRequestVote called for node 1
240088.9ms Vehicle 1 sendRequestVote called for node 3
240088.9ms Vehicle 1 sendRequestVote called for node 4
240088.9ms Vehicle 1 sendRequestVote called for node 5
240088.9ms Vehicle 1 sendRequestVote called for node 6
240088.9ms Vehicle 1 sendRequestVote called for node 7
240088.9ms Vehicle 1 sendRequestVote called for node 8
241128.9ms Vehicle 1 sendRequestVote called for node 1
241128.9ms Vehicle 1 sendRequestVote called for node 3
241128.9ms Vehicle 1 sendRequestVote called for node 4
241128.9ms Vehicle 1 sendRequestVote called for node 5
241128.9ms Vehicle 1 sendRequestVote called for node 6
241128.9ms Vehicle 1 sendRequestVote called for node 7
241128.9ms Vehicle 1 sendRequestVote called for node 8
242048.9ms Vehicle 1 sendRequestVote called for node 1
242048.9ms Vehicle 1 sendRequestVote called for node 3
242048.9ms Vehicle 1 sendRequestVote called for node 4
242048.9ms Vehicle 1 sendRequestVote called for node 5
242048.9ms Vehicle 1 sendRequestVote called for node 6
242048.9ms Vehicle 1 sendRequestVote called for node 7
242048.9ms Vehicle 1 sendRequestVote called for node 8
243288.9ms Vehicle 1 sendRequestVote called for node 1
243288.9ms Vehicle 1 sendRequestVote called for node 3
243288.9ms Vehicle 1 sendRequestVote called for node 4
243288.9ms Vehicle 1 sendRequestVote called for node 5
243288.9ms Vehicle 1 sendRequestVote called for node 6
243288.9ms Vehicle 1 sendRequestVote called for node 7
243288.9ms Vehicle 1 sendRequestVote called for node 8
244048.9ms Vehicle 1 sendRequestVote called for node 1
244048.9ms Vehicle 1 sendRequestVote called for node 3
244048.9ms Vehicle 1 sendRequestVote called for node 4
244048.9ms Vehicle 1 sendRequestVote called for node 5
244048.9ms Vehicle 1 sendRequestVote called for node 6
244048.9ms Vehicle 1 sendRequestVote called for node 7
244048.9ms Vehicle 1 sendRequestVote called for node 8
245048.9ms Vehicle 1 sendRequestVote called for node 1
245048.9ms Vehicle 1 sendRequestVote called for node 3
245048.9ms Vehicle 1 sendRequestVote called for node 4
245048.9ms Vehicle 1 sendRequestVote called for node 5
245048.9ms Vehicle 1 sendRequestVote called for node 6
245048.9ms Vehicle 1 sendRequestVote called for node 7
245048.9ms Vehicle 1 sendRequestVote called for node 8
246208.9ms Vehicle 1 sendRequestVote called for node 1
246208.9ms Vehicle 1 sendRequestVote called for node 3
246208.9ms Vehicle 1 sendRequestVote called for node 4
246208.9ms Vehicle 1 sendRequestVote called for node 5
246208.9ms Vehicle 1 sendRequestVote called for node 6
246208.9ms Vehicle 1 sendRequestVote called for node 7
246208.9ms Vehicle 1 sendRequestVote called for node 8
247288.9ms Vehicle 1 sendRequestVote called for node 1
247288.9ms Vehicle 1 sendRequestVote called for node 3
247288.9ms Vehicle 1 sendRequestVote called for node 4
247288.9ms Vehicle 1 sendRequestVote called for node 5
247288.9ms Vehicle 1 sendRequestVote called for node 6
247288.9ms Vehicle 1 sendRequestVote called for node 7
247288.9ms Vehicle 1 sendRequestVote called for node 8
248248.9ms Vehicle 1 sendRequestVote called for node 1
248248.9ms Vehicle 1 sendRequestVote called for node 3
248248.9ms Vehicle 1 sendRequestVote called for node 4
248248.9ms Vehicle 1 sendRequestVote called for node 5
248248.9ms Vehicle 1 sendRequestVote called for node 6
248248.9ms Vehicle 1 sendRequestVote called for node 7
248248.9ms Vehicle 1 sendRequestVote called for node 8
249168.9ms Vehicle 1 sendRequestVote called for node 1
249168.9ms Vehicle 1 sendRequestVote called for node 3
249168.9ms Vehicle 1 sendRequestVote called for node 4
249168.9ms Vehicle 1 sendRequestVote called for node 5
249168.9ms Vehicle 1 sendRequestVote called for node 6
249168.9ms Vehicle 1 sendRequestVote called for node 7
249168.9ms Vehicle 1 sendRequestVote called for node 8
250168.9ms Vehicle 1 sendRequestVote called for node 1
250168.9ms Vehicle 1 sendRequestVote called for node 3
250168.9ms Vehicle 1 sendRequestVote called for node 4
250168.9ms Vehicle 1 sendRequestVote called for node 5
250168.9ms Vehicle 1 sendRequestVote called for node 6
250168.9ms Vehicle 1 sendRequestVote called for node 7
250168.9ms Vehicle 1 sendRequestVote called for node 8
251228.9ms Vehicle 1 sendRequestVote called for node 1
251228.9ms Vehicle 1 sendRequestVote called for node 3
251228.9ms Vehicle 1 sendRequestVote called for node 4
251228.9ms Vehicle 1 sendRequestVote called for node 5
251228.9ms Vehicle 1 sendRequestVote called for node 6
251228.9ms Vehicle 1 sendRequestVote called for node 7
251228.9ms Vehicle 1 sendRequestVote called for node 8
252388.9ms Vehicle 1 sendRequestVote called for node 1
252388.9ms Vehicle 1 sendRequestVote called for node 3
252388.9ms Vehicle 1 sendRequestVote called for node 4
252388.9ms Vehicle 1 sendRequestVote called for node 5
252388.9ms Vehicle 1 sendRequestVote called for node 6
252388.9ms Vehicle 1 sendRequestVote called for node 7
252388.9ms Vehicle 1 sendRequestVote called for node 8
253068.9ms Vehicle 1 sendRequestVote called for node 1
253068.9ms Vehicle 1 sendRequestVote called for node 3
253068.9ms Vehicle 1 sendRequestVote called for node 4
253068.9ms Vehicle 1 sendRequestVote called for node 5
253068.9ms Vehicle 1 sendRequestVote called for node 6
253068.9ms Vehicle 1 sendRequestVote called for node 7
253068.9ms Vehicle 1 sendRequestVote called for node 8
253808.9ms Vehicle 1 sendRequestVote called for node 1
253808.9ms Vehicle 1 sendRequestVote called for node 3
253808.9ms Vehicle 1 sendRequestVote called for node 4
253808.9ms Vehicle 1 sendRequestVote called for node 5
253808.9ms Vehicle 1 sendRequestVote called for node 6
253808.9ms Vehicle 1 sendRequestVote called for node 7
253808.9ms Vehicle 1 sendRequestVote called for node 8
254448.9ms Vehicle 1 sendRequestVote called for node 1
254448.9ms Vehicle 1 sendRequestVote called for node 3
254448.9ms Vehicle 1 sendRequestVote called for node 4
254448.9ms Vehicle 1 sendRequestVote called for node 5
254448.9ms Vehicle 1 sendRequestVote called for node 6
254448.9ms Vehicle 1 sendRequestVote called for node 7
254448.9ms Vehicle 1 sendRequestVote called for node 8
255268.9ms Vehicle 1 sendRequestVote called for node 1
255268.9ms Vehicle 1 sendRequestVote called for node 3
255268.9ms Vehicle 1 sendRequestVote called for node 4
255268.9ms Vehicle 1 sendRequestVote called for node 5
255268.9ms Vehicle 1 sendRequestVote called for node 6
255268.9ms Vehicle 1 sendRequestVote called for node 7
255268.9ms Vehicle 1 sendRequestVote called for node 8
256008.9ms Vehicle 1 sendRequestVote called for node 1
256008.9ms Vehicle 1 sendRequestVote called for node 3
256008.9ms Vehicle 1 sendRequestVote called for node 4
256008.9ms Vehicle 1 sendRequestVote called for node 5
256008.9ms Vehicle 1 sendRequestVote called for node 6
256008.9ms Vehicle 1 sendRequestVote called for node 7
256008.9ms Vehicle 1 sendRequestVote called for node 8
256768.9ms Vehicle 1 sendRequestVote called for node 1
256768.9ms Vehicle 1 sendRequestVote called for node 3
256768.9ms Vehicle 1 sendRequestVote called for node 4
256768.9ms Vehicle 1 sendRequestVote called for node 5
256768.9ms Vehicle 1 sendRequestVote called for node 6
256768.9ms Vehicle 1 sendRequestVote called for node 7
256768.9ms Vehicle 1 sendRequestVote called for node 8
257468.9ms Vehicle 1 sendRequestVote called for node 1
257468.9ms Vehicle 1 sendRequestVote called for node 3
257468.9ms Vehicle 1 sendRequestVote called for node 4
257468.9ms Vehicle 1 sendRequestVote called for node 5
257468.9ms Vehicle 1 sendRequestVote called for node 6
257468.9ms Vehicle 1 sendRequestVote called for node 7
257468.9ms Vehicle 1 sendRequestVote called for node 8
258188.9ms Vehicle 1 sendRequestVote called for node 1
258188.9ms Vehicle 1 sendRequestVote called for node 3
258188.9ms Vehicle 1 sendRequestVote called for node 4
258188.9ms Vehicle 1 sendRequestVote called for node 5
258188.9ms Vehicle 1 sendRequestVote called for node 6
258188.9ms Vehicle 1 sendRequestVote called for node 7
258188.9ms Vehicle 1 sendRequestVote called for node 8
259128.9ms Vehicle 1 sendRequestVote called for node 1
259128.9ms Vehicle 1 sendRequestVote called for node 3
259128.9ms Vehicle 1 sendRequestVote called for node 4
259128.9ms Vehicle 1 sendRequestVote called for node 5
259128.9ms Vehicle 1 sendRequestVote called for node 6
259128.9ms Vehicle 1 sendRequestVote called for node 7
259128.9ms Vehicle 1 sendRequestVote called for node 8
260048.9ms Vehicle 1 sendRequestVote called for node 1
260048.9ms Vehicle 1 sendRequestVote called for node 3
260048.9ms Vehicle 1 sendRequestVote called for node 4
260048.9ms Vehicle 1 sendRequestVote called for node 5
260048.9ms Vehicle 1 sendRequestVote called for node 6
260048.9ms Vehicle 1 sendRequestVote called for node 7
260048.9ms Vehicle 1 sendRequestVote called for node 8
260928.9ms Vehicle 1 sendRequestVote called for node 1
260928.9ms Vehicle 1 sendRequestVote called for node 3
260928.9ms Vehicle 1 sendRequestVote called for node 4
260928.9ms Vehicle 1 sendRequestVote called for node 5
260928.9ms Vehicle 1 sendRequestVote called for node 6
260928.9ms Vehicle 1 sendRequestVote called for node 7
260928.9ms Vehicle 1 sendRequestVote called for node 8
261588.9ms Vehicle 1 sendRequestVote called for node 1
261588.9ms Vehicle 1 sendRequestVote called for node 3
261588.9ms Vehicle 1 sendRequestVote called for node 4
261588.9ms Vehicle 1 sendRequestVote called for node 5
261588.9ms Vehicle 1 sendRequestVote called for node 6
261588.9ms Vehicle 1 sendRequestVote called for node 7
261588.9ms Vehicle 1 sendRequestVote called for node 8
262468.9ms Vehicle 1 sendRequestVote called for node 1
262468.9ms Vehicle 1 sendRequestVote called for node 3
262468.9ms Vehicle 1 sendRequestVote called for node 4
262468.9ms Vehicle 1 sendRequestVote called for node 5
262468.9ms Vehicle 1 sendRequestVote called for node 6
262468.9ms Vehicle 1 sendRequestVote called for node 7
262468.9ms Vehicle 1 sendRequestVote called for node 8
263508.9ms Vehicle 1 sendRequestVote called for node 1
263508.9ms Vehicle 1 sendRequestVote called for node 3
263508.9ms Vehicle 1 sendRequestVote called for node 4
263508.9ms Vehicle 1 sendRequestVote called for node 5
263508.9ms Vehicle 1 sendRequestVote called for node 6
263508.9ms Vehicle 1 sendRequestVote called for node 7
263508.9ms Vehicle 1 sendRequestVote called for node 8
264248.9ms Vehicle 1 sendRequestVote called for node 1
264248.9ms Vehicle 1 sendRequestVote called for node 3
264248.9ms Vehicle 1 sendRequestVote called for node 4
264248.9ms Vehicle 1 sendRequestVote called for node 5
264248.9ms Vehicle 1 sendRequestVote called for node 6
264248.9ms Vehicle 1 sendRequestVote called for node 7
264248.9ms Vehicle 1 sendRequestVote called for node 8
265488.9ms Vehicle 1 sendRequestVote called for node 1
265488.9ms Vehicle 1 sendRequestVote called for node 3
265488.9ms Vehicle 1 sendRequestVote called for node 4
265488.9ms Vehicle 1 sendRequestVote called for node 5
265488.9ms Vehicle 1 sendRequestVote called for node 6
265488.9ms Vehicle 1 sendRequestVote called for node 7
265488.9ms Vehicle 1 sendRequestVote called for node 8
266348.9ms Vehicle 1 sendRequestVote called for node 1
266348.9ms Vehicle 1 sendRequestVote called for node 3
266348.9ms Vehicle 1 sendRequestVote called for node 4
266348.9ms Vehicle 1 sendRequestVote called for node 5
266348.9ms Vehicle 1 sendRequestVote called for node 6
266348.9ms Vehicle 1 sendRequestVote called for node 7
266348.9ms Vehicle 1 sendRequestVote called for node 8
267168.9ms Vehicle 1 sendRequestVote called for node 1
267168.9ms Vehicle 1 sendRequestVote called for node 3
267168.9ms Vehicle 1 sendRequestVote called for node 4
267168.9ms Vehicle 1 sendRequestVote called for node 5
267168.9ms Vehicle 1 sendRequestVote called for node 6
267168.9ms Vehicle 1 sendRequestVote called for node 7
267168.9ms Vehicle 1 sendRequestVote called for node 8
268228.9ms Vehicle 1 sendRequestVote called for node 1
268228.9ms Vehicle 1 sendRequestVote called for node 3
268228.9ms Vehicle 1 sendRequestVote called for node 4
268228.9ms Vehicle 1 sendRequestVote called for node 5
268228.9ms Vehicle 1 sendRequestVote called for node 6
268228.9ms Vehicle 1 sendRequestVote called for node 7
268228.9ms Vehicle 1 sendRequestVote called for node 8
269468.9ms Vehicle 1 sendRequestVote called for node 1
269468.9ms Vehicle 1 sendRequestVote called for node 3
269468.9ms Vehicle 1 sendRequestVote called for node 4
269468.9ms Vehicle 1 sendRequestVote called for node 5
269468.9ms Vehicle 1 sendRequestVote called for node 6
269468.9ms Vehicle 1 sendRequestVote called for node 7
269468.9ms Vehicle 1 sendRequestVote called for node 8
270568.9ms Vehicle 1 sendRequestVote called for node 1
270568.9ms Vehicle 1 sendRequestVote called for node 3
270568.9ms Vehicle 1 sendRequestVote called for node 4
270568.9ms Vehicle 1 sendRequestVote called for node 5
270568.9ms Vehicle 1 sendRequestVote called for node 6
270568.9ms Vehicle 1 sendRequestVote called for node 7
270568.9ms Vehicle 1 sendRequestVote called for node 8
271728.9ms Vehicle 1 sendRequestVote called for node 1
271728.9ms Vehicle 1 sendRequestVote called for node 3
271728.9ms Vehicle 1 sendRequestVote called for node 4
271728.9ms Vehicle 1 sendRequestVote called for node 5
271728.9ms Vehicle 1 sendRequestVote called for node 6
271728.9ms Vehicle 1 sendRequestVote called for node 7
271728.9ms Vehicle 1 sendRequestVote called for node 8
272608.9ms Vehicle 1 sendRequestVote called for node 1
272608.9ms Vehicle 1 sendRequestVote called for node 3
272608.9ms Vehicle 1 sendRequestVote called for node 4
272608.9ms Vehicle 1 sendRequestVote called for node 5
272608.9ms Vehicle 1 sendRequestVote called for node 6
272608.9ms Vehicle 1 sendRequestVote called for node 7
272608.9ms Vehicle 1 sendRequestVote called for node 8
273568.9ms Vehicle 1 sendRequestVote called for node 1
273568.9ms Vehicle 1 sendRequestVote called for node 3
273568.9ms Vehicle 1 sendRequestVote called for node 4
273568.9ms Vehicle 1 sendRequestVote called for node 5
273568.9ms Vehicle 1 sendRequestVote called for node 6
273568.9ms Vehicle 1 sendRequestVote called for node 7
273568.9ms Vehicle 1 sendRequestVote called for node 8
274628.9ms Vehicle 1 sendRequestVote called for node 1
274628.9ms Vehicle 1 sendRequestVote called for node 3
274628.9ms Vehicle 1 sendRequestVote called for node 4
274628.9ms Vehicle 1 sendRequestVote called for node 5
274628.9ms Vehicle 1 sendRequestVote called for node 6
274628.9ms Vehicle 1 sendRequestVote called for node 7
274628.9ms Vehicle 1 sendRequestVote called for node 8
275468.9ms Vehicle 1 sendRequestVote called for node 1
275468.9ms Vehicle 1 sendRequestVote called for node 3
275468.9ms Vehicle 1 sendRequestVote called for node 4
275468.9ms Vehicle 1 sendRequestVote called for node 5
275468.9ms Vehicle 1 sendRequestVote called for node 6
275468.9ms Vehicle 1 sendRequestVote called for node 7
275468.9ms Vehicle 1 sendRequestVote called for node 8
276128.9ms Vehicle 1 sendRequestVote called for node 1
276128.9ms Vehicle 1 sendRequestVote called for node 3
276128.9ms Vehicle 1 sendRequestVote called for node 4
276128.9ms Vehicle 1 sendRequestVote called for node 5
276128.9ms Vehicle 1 sendRequestVote called for node 6
276128.9ms Vehicle 1 sendRequestVote called for node 7
276128.9ms Vehicle 1 sendRequestVote called for node 8
276968.9ms Vehicle 1 sendRequestVote called for node 1
276968.9ms Vehicle 1 sendRequestVote called for node 3
276968.9ms Vehicle 1 sendRequestVote called for node 4
276968.9ms Vehicle 1 sendRequestVote called for node 5
276968.9ms Vehicle 1 sendRequestVote called for node 6
276968.9ms Vehicle 1 sendRequestVote called for node 7
276968.9ms Vehicle 1 sendRequestVote called for node 8
278168.9ms Vehicle 1 sendRequestVote called for node 1
278168.9ms Vehicle 1 sendRequestVote called for node 3
278168.9ms Vehicle 1 sendRequestVote called for node 4
278168.9ms Vehicle 1 sendRequestVote called for node 5
278168.9ms Vehicle 1 sendRequestVote called for node 6
278168.9ms Vehicle 1 sendRequestVote called for node 7
278168.9ms Vehicle 1 sendRequestVote called for node 8
279388.9ms Vehicle 1 sendRequestVote called for node 1
279388.9ms Vehicle 1 sendRequestVote called for node 3
279388.9ms Vehicle 1 sendRequestVote called for node 4
279388.9ms Vehicle 1 sendRequestVote called for node 5
279388.9ms Vehicle 1 sendRequestVote called for node 6
279388.9ms Vehicle 1 sendRequestVote called for node 7
279388.9ms Vehicle 1 sendRequestVote called for node 8
280248.9ms Vehicle 1 sendRequestVote called for node 1
280248.9ms Vehicle 1 sendRequestVote called for node 3
280248.9ms Vehicle 1 sendRequestVote called for node 4
280248.9ms Vehicle 1 sendRequestVote called for node 5
280248.9ms Vehicle 1 sendRequestVote called for node 6
280248.9ms Vehicle 1 sendRequestVote called for node 7
280248.9ms Vehicle 1 sendRequestVote called for node 8
281508.9ms Vehicle 1 sendRequestVote called for node 1
281508.9ms Vehicle 1 sendRequestVote called for node 3
281508.9ms Vehicle 1 sendRequestVote called for node 4
281508.9ms Vehicle 1 sendRequestVote called for node 5
281508.9ms Vehicle 1 sendRequestVote called for node 6
281508.9ms Vehicle 1 sendRequestVote called for node 7
281508.9ms Vehicle 1 sendRequestVote called for node 8
282328.9ms Vehicle 1 sendRequestVote called for node 1
282328.9ms Vehicle 1 sendRequestVote called for node 3
282328.9ms Vehicle 1 sendRequestVote called for node 4
282328.9ms Vehicle 1 sendRequestVote called for node 5
282328.9ms Vehicle 1 sendRequestVote called for node 6
282328.9ms Vehicle 1 sendRequestVote called for node 7
282328.9ms Vehicle 1 sendRequestVote called for node 8
283188.9ms Vehicle 1 sendRequestVote called for node 1
283188.9ms Vehicle 1 sendRequestVote called for node 3
283188.9ms Vehicle 1 sendRequestVote called for node 4
283188.9ms Vehicle 1 sendRequestVote called for node 5
283188.9ms Vehicle 1 sendRequestVote called for node 6
283188.9ms Vehicle 1 sendRequestVote called for node 7
283188.9ms Vehicle 1 sendRequestVote called for node 8
284128.9ms Vehicle 1 sendRequestVote called for node 1
284128.9ms Vehicle 1 sendRequestVote called for node 3
284128.9ms Vehicle 1 sendRequestVote called for node 4
284128.9ms Vehicle 1 sendRequestVote called for node 5
284128.9ms Vehicle 1 sendRequestVote called for node 6
284128.9ms Vehicle 1 sendRequestVote called for node 7
284128.9ms Vehicle 1 sendRequestVote called for node 8
285048.9ms Vehicle 1 sendRequestVote called for node 1
285048.9ms Vehicle 1 sendRequestVote called for node 3
285048.9ms Vehicle 1 sendRequestVote called for node 4
285048.9ms Vehicle 1 sendRequestVote called for node 5
285048.9ms Vehicle 1 sendRequestVote called for node 6
285048.9ms Vehicle 1 sendRequestVote called for node 7
285048.9ms Vehicle 1 sendRequestVote called for node 8
286168.9ms Vehicle 1 sendRequestVote called for node 1
286168.9ms Vehicle 1 sendRequestVote called for node 3
286168.9ms Vehicle 1 sendRequestVote called for node 4
286168.9ms Vehicle 1 sendRequestVote called for node 5
286168.9ms Vehicle 1 sendRequestVote called for node 6
286168.9ms Vehicle 1 sendRequestVote called for node 7
286168.9ms Vehicle 1 sendRequestVote called for node 8
287168.9ms Vehicle 1 sendRequestVote called for node 1
287168.9ms Vehicle 1 sendRequestVote called for node 3
287168.9ms Vehicle 1 sendRequestVote called for node 4
287168.9ms Vehicle 1 sendRequestVote called for node 5
287168.9ms Vehicle 1 sendRequestVote called for node 6
287168.9ms Vehicle 1 sendRequestVote called for node 7
287168.9ms Vehicle 1 sendRequestVote called for node 8
288308.9ms Vehicle 1 sendRequestVote called for node 1
288308.9ms Vehicle 1 sendRequestVote called for node 3
288308.9ms Vehicle 1 sendRequestVote called for node 4
288308.9ms Vehicle 1 sendRequestVote called for node 5
288308.9ms Vehicle 1 sendRequestVote called for node 6
288308.9ms Vehicle 1 sendRequestVote called for node 7
288308.9ms Vehicle 1 sendRequestVote called for node 8
289228.9ms Vehicle 1 sendRequestVote called for node 1
289228.9ms Vehicle 1 sendRequestVote called for node 3
289228.9ms Vehicle 1 sendRequestVote called for node 4
289228.9ms Vehicle 1 sendRequestVote called for node 5
289228.9ms Vehicle 1 sendRequestVote called for node 6
289228.9ms Vehicle 1 sendRequestVote called for node 7
289228.9ms Vehicle 1 sendRequestVote called for node 8
290028.9ms Vehicle 1 sendRequestVote called for node 1
290028.9ms Vehicle 1 sendRequestVote called for node 3
290028.9ms Vehicle 1 sendRequestVote called for node 4
290028.9ms Vehicle 1 sendRequestVote called for node 5
290028.9ms Vehicle 1 sendRequestVote called for node 6
290028.9ms Vehicle 1 sendRequestVote called for node 7
290028.9ms Vehicle 1 sendRequestVote called for node 8
290908.9ms Vehicle 1 sendRequestVote called for node 1
290908.9ms Vehicle 1 sendRequestVote called for node 3
290908.9ms Vehicle 1 sendRequestVote called for node 4
290908.9ms Vehicle 1 sendRequestVote called for node 5
290908.9ms Vehicle 1 sendRequestVote called for node 6
290908.9ms Vehicle 1 sendRequestVote called for node 7
290908.9ms Vehicle 1 sendRequestVote called for node 8
291868.9ms Vehicle 1 sendRequestVote called for node 1
291868.9ms Vehicle 1 sendRequestVote called for node 3
291868.9ms Vehicle 1 sendRequestVote called for node 4
291868.9ms Vehicle 1 sendRequestVote called for node 5
291868.9ms Vehicle 1 sendRequestVote called for node 6
291868.9ms Vehicle 1 sendRequestVote called for node 7
291868.9ms Vehicle 1 sendRequestVote called for node 8
293048.9ms Vehicle 1 sendRequestVote called for node 1
293048.9ms Vehicle 1 sendRequestVote called for node 3
293048.9ms Vehicle 1 sendRequestVote called for node 4
293048.9ms Vehicle 1 sendRequestVote called for node 5
293048.9ms Vehicle 1 sendRequestVote called for node 6
293048.9ms Vehicle 1 sendRequestVote called for node 7
293048.9ms Vehicle 1 sendRequestVote called for node 8
293828.9ms Vehicle 1 sendRequestVote called for node 1
293828.9ms Vehicle 1 sendRequestVote called for node 3
293828.9ms Vehicle 1 sendRequestVote called for node 4
293828.9ms Vehicle 1 sendRequestVote called for node 5
293828.9ms Vehicle 1 sendRequestVote called for node 6
293828.9ms Vehicle 1 sendRequestVote called for node 7
293828.9ms Vehicle 1 sendRequestVote called for node 8
295028.9ms Vehicle 1 sendRequestVote called for node 1
295028.9ms Vehicle 1 sendRequestVote called for node 3
295028.9ms Vehicle 1 sendRequestVote called for node 4
295028.9ms Vehicle 1 sendRequestVote called for node 5
295028.9ms Vehicle 1 sendRequestVote called for node 6
295028.9ms Vehicle 1 sendRequestVote called for node 7
295028.9ms Vehicle 1 sendRequestVote called for node 8
295688.9ms Vehicle 1 sendRequestVote called for node 1
295688.9ms Vehicle 1 sendRequestVote called for node 3
295688.9ms Vehicle 1 sendRequestVote called for node 4
295688.9ms Vehicle 1 sendRequestVote called for node 5
295688.9ms Vehicle 1 sendRequestVote called for node 6
295688.9ms Vehicle 1 sendRequestVote called for node 7
295688.9ms Vehicle 1 sendRequestVote called for node 8
296828.9ms Vehicle 1 sendRequestVote called for node 1
296828.9ms Vehicle 1 sendRequestVote called for node 3
296828.9ms Vehicle 1 sendRequestVote called for node 4
296828.9ms Vehicle 1 sendRequestVote called for node 5
296828.9ms Vehicle 1 sendRequestVote called for node 6
296828.9ms Vehicle 1 sendRequestVote called for node 7
296828.9ms Vehicle 1 sendRequestVote called for node 8
297708.9ms Vehicle 1 sendRequestVote called for node 1
297708.9ms Vehicle 1 sendRequestVote called for node 3
297708.9ms Vehicle 1 sendRequestVote called for node 4
297708.9ms Vehicle 1 sendRequestVote called for node 5
297708.9ms Vehicle 1 sendRequestVote called for node 6
297708.9ms Vehicle 1 sendRequestVote called for node 7
297708.9ms Vehicle 1 sendRequestVote called for node 8
298788.9ms Vehicle 1 sendRequestVote called for node 1
298788.9ms Vehicle 1 sendRequestVote called for node 3
298788.9ms Vehicle 1 sendRequestVote called for node 4
298788.9ms Vehicle 1 sendRequestVote called for node 5
298788.9ms Vehicle 1 sendRequestVote called for node 6
298788.9ms Vehicle 1 sendRequestVote called for node 7
298788.9ms Vehicle 1 sendRequestVote called for node 8
299908.9ms Vehicle 1 sendRequestVote called for node 1
299908.9ms Vehicle 1 sendRequestVote called for node 3
299908.9ms Vehicle 1 sendRequestVote called for node 4
299908.9ms Vehicle 1 sendRequestVote called for node 5
299908.9ms Vehicle 1 sendRequestVote called for node 6
299908.9ms Vehicle 1 sendRequestVote called for node 7
299908.9ms Vehicle 1 sendRequestVote called for node 8
** Event #406915   t=300   Elapsed: 3.62018s (0m 03s)  100% completed  (100% total)
     Speed:     ev/sec=116713   simsec/sec=152.295   ev/simsec=766.362
     Messages:  created: 325895   present: 21   in FES: 4

<!> Simulation time limit reached -- at t=300s, event #406915

Calling finish() at end of Run #0...

End.
